asset_id,department,asset_type,section_id,synthetic_km,condition_score,criticality_score,age_years,last_maintenance_date,next_due_date,failure_history_count,operational_status,synthetic_flag
AST00001,Engineering,Bridge_joint,SEC_KHA_LON,3.362,0.409,0.458,14,2025-01-12,2025-06-03,5,RESTRICTED,True
AST00002,TRD,OHE_mast,SEC_TAL_CHI,10.556,0.881,0.771,25,2025-10-03,2026-05-31,5,RESTRICTED,True
AST00003,Engineering,Rail,SEC_MUM_DAD,12.869,0.905,0.628,19,2025-10-02,2026-04-29,7,RESTRICTED,True
AST00004,TRD,Catenary,SEC_KHA_LON,4.271,0.74,0.503,18,2024-02-28,2024-07-03,3,SERVICEABLE,True
AST00005,TRD,Feeder,SEC_KAR_KHA,15.329,0.497,0.419,15,2025-01-24,2025-05-22,5,MONITOR,True
AST00006,TRD,OHE_mast,SEC_KAL_KAR,21.887,0.603,0.949,21,2025-05-19,2026-04-29,7,SERVICEABLE,True
AST00007,TRD,Catenary,SEC_KAL_KAR,17.875,0.925,0.64,35,2025-03-28,2026-01-31,3,SERVICEABLE,True
AST00008,S&T,Point_machine,SEC_DAD_THA,9.736,0.857,0.653,8,2025-07-19,2026-01-06,1,MONITOR,True
AST00009,TRD,Feeder,SEC_CHI_SHI,3.059,0.831,0.861,1,2025-08-27,2026-08-26,5,SERVICEABLE,True
AST00010,TRD,Feeder,SEC_THA_KAL,9.655,0.675,0.464,17,2024-07-28,2025-01-25,4,RESTRICTED,True
AST00011,S&T,Signal_controller,SEC_THA_KAL,7.975,0.938,0.759,11,2024-06-18,2025-06-14,7,SERVICEABLE,True
AST00012,Engineering,Turnout,SEC_KAR_KHA,3.785,0.405,0.692,16,2024-05-21,2024-09-28,1,RESTRICTED,True
AST00013,Engineering,Sleeper,SEC_TAL_CHI,18.564,0.908,0.654,11,2025-03-26,2026-03-21,3,RESTRICTED,True
AST00014,S&T,Signal_controller,SEC_KAR_KHA,6.24,0.639,0.549,24,2024-09-30,2025-09-19,1,MONITOR,True
AST00015,Engineering,Sleeper,SEC_SHI_PUN,5.026,0.497,0.943,5,2024-03-16,2024-07-14,5,SERVICEABLE,True
AST00016,S&T,Signal_controller,SEC_KAR_KHA,10.396,0.813,0.929,14,2024-06-18,2024-11-22,7,SERVICEABLE,True
AST00017,TRD,Feeder,SEC_KAL_KAR,2.351,0.613,0.918,28,2024-12-25,2025-10-27,0,RESTRICTED,True
AST00018,S&T,Axle_counter,SEC_MUM_DAD,7.875,0.473,0.722,22,2025-09-02,2026-04-07,2,MONITOR,True
AST00019,Engineering,Turnout,SEC_TAL_CHI,4.971,0.382,1.0,5,2024-09-25,2025-02-12,0,SERVICEABLE,True
AST00020,Engineering,Sleeper,SEC_LON_TAL,4.121,0.455,0.401,14,2024-11-07,2025-03-07,6,MONITOR,True
AST00021,TRD,Section_insulator,SEC_LON_TAL,5.868,0.54,0.981,32,2025-07-17,2026-01-20,8,SERVICEABLE,True
AST00022,S&T,Cable_route,SEC_MUM_DAD,1.068,0.451,0.976,31,2024-07-26,2025-07-22,1,SERVICEABLE,True
AST00023,Engineering,Rail,SEC_KAL_KAR,9.734,0.746,0.652,16,2024-05-09,2024-08-27,8,MONITOR,True
AST00024,TRD,Catenary,SEC_KHA_LON,2.902,0.643,0.957,26,2025-08-10,2026-04-10,1,SERVICEABLE,True
AST00025,TRD,OHE_mast,SEC_DAD_THA,6.955,0.947,0.929,33,2025-03-26,2025-08-30,3,MONITOR,True
AST00026,TRD,Catenary,SEC_TAL_CHI,16.358,0.355,0.89,20,2024-04-05,2025-03-31,4,RESTRICTED,True
AST00027,Engineering,Sleeper,SEC_KAR_KHA,1.876,0.524,0.763,7,2024-06-04,2024-11-20,5,SERVICEABLE,True
AST00028,S&T,Cable_route,SEC_CHI_SHI,5.85,0.881,0.426,4,2025-09-19,2026-07-22,5,SERVICEABLE,True
AST00029,S&T,Cable_route,SEC_THA_KAL,15.71,0.422,0.967,28,2024-05-27,2024-08-29,2,RESTRICTED,True
AST00030,Engineering,Turnout,SEC_SHI_PUN,12.46,0.547,0.939,28,2025-08-14,2025-12-03,0,MONITOR,True
AST00031,Engineering,Sleeper,SEC_DAD_THA,4.609,0.942,0.542,27,2024-03-27,2024-09-12,2,SERVICEABLE,True
AST00032,TRD,OHE_mast,SEC_THA_KAL,15.612,0.521,0.872,22,2024-10-27,2025-06-01,1,MONITOR,True
AST00033,Engineering,Bridge_joint,SEC_KAL_KAR,4.862,0.875,0.923,30,2024-12-29,2025-09-01,3,SERVICEABLE,True
AST00034,S&T,Signal_controller,SEC_LON_TAL,2.818,0.761,0.64,5,2025-03-12,2025-12-06,8,MONITOR,True
AST00035,Engineering,Rail,SEC_KAR_KHA,2.848,0.732,0.607,17,2025-11-13,2026-04-07,5,MONITOR,True
AST00036,S&T,Axle_counter,SEC_LON_TAL,7.548,0.804,0.401,13,2025-04-06,2025-07-27,8,RESTRICTED,True
AST00037,S&T,Signal_controller,SEC_KHA_LON,5.163,0.775,0.475,22,2024-03-24,2024-11-29,4,RESTRICTED,True
AST00038,TRD,Feeder,SEC_KHA_LON,4.824,0.473,0.799,19,2024-06-03,2024-11-05,6,RESTRICTED,True
AST00039,S&T,Signal_controller,SEC_SHI_PUN,12.831,0.544,0.526,26,2024-06-09,2024-09-07,5,MONITOR,True
AST00040,TRD,Feeder,SEC_KAL_KAR,12.297,0.532,0.798,11,2024-02-17,2024-06-29,5,SERVICEABLE,True
AST00041,Engineering,Turnout,SEC_KAL_KAR,19.345,0.507,0.685,10,2025-11-27,2026-03-20,1,MONITOR,True
AST00042,TRD,Catenary,SEC_LON_TAL,4.193,0.921,0.916,16,2025-07-24,2025-10-24,1,MONITOR,True
AST00043,Engineering,Sleeper,SEC_CHI_SHI,5.568,0.435,0.679,16,2025-08-20,2026-07-09,8,RESTRICTED,True
AST00044,S&T,Cable_route,SEC_TAL_CHI,12.047,0.924,0.846,33,2024-10-12,2025-08-26,7,MONITOR,True
AST00045,TRD,Catenary,SEC_KAR_KHA,11.886,0.526,0.446,34,2024-08-13,2025-03-13,4,SERVICEABLE,True
AST00046,TRD,Section_insulator,SEC_KHA_LON,10.584,0.498,0.816,6,2025-08-03,2026-01-17,3,SERVICEABLE,True
AST00047,TRD,Feeder,SEC_KHA_LON,6.47,0.883,0.634,27,2025-10-20,2026-05-03,0,RESTRICTED,True
AST00048,TRD,Feeder,SEC_MUM_DAD,18.304,0.694,0.841,20,2024-11-18,2025-09-18,3,MONITOR,True
AST00049,Engineering,Turnout,SEC_LON_TAL,4.121,0.813,0.904,25,2025-01-12,2025-11-05,2,RESTRICTED,True
AST00050,S&T,Axle_counter,SEC_LON_TAL,5.001,0.437,0.677,2,2025-09-28,2026-08-03,0,MONITOR,True
AST00051,TRD,Section_insulator,SEC_KAL_KAR,10.949,0.831,0.899,22,2024-11-29,2025-07-19,4,SERVICEABLE,True
AST00052,TRD,OHE_mast,SEC_CHI_SHI,0.713,0.85,0.791,23,2025-05-07,2025-09-09,0,SERVICEABLE,True
AST00053,Engineering,Rail,SEC_SHI_PUN,3.509,0.711,0.531,9,2024-08-25,2025-01-20,4,MONITOR,True
AST00054,Engineering,Rail,SEC_THA_KAL,20.417,0.944,0.745,7,2024-05-09,2024-08-20,6,MONITOR,True
AST00055,S&T,Signal_controller,SEC_DAD_THA,7.649,0.894,0.76,16,2025-09-09,2026-05-11,1,RESTRICTED,True
AST00056,Engineering,Turnout,SEC_CHI_SHI,5.142,0.764,0.408,24,2025-10-13,2026-09-27,6,MONITOR,True
AST00057,Engineering,Bridge_joint,SEC_KHA_LON,7.562,0.463,0.713,30,2025-07-19,2026-05-27,4,RESTRICTED,True
AST00058,S&T,Point_machine,SEC_TAL_CHI,8.594,0.882,0.452,18,2025-01-26,2025-08-29,7,SERVICEABLE,True
AST00059,TRD,Feeder,SEC_KHA_LON,0.437,0.486,0.879,21,2025-06-19,2026-05-24,5,MONITOR,True
AST00060,S&T,Cable_route,SEC_CHI_SHI,0.219,0.811,0.693,13,2025-09-26,2026-04-27,3,RESTRICTED,True
AST00061,TRD,Feeder,SEC_TAL_CHI,15.562,0.609,0.546,6,2025-02-24,2025-09-15,5,MONITOR,True
AST00062,S&T,Cable_route,SEC_LON_TAL,8.352,0.523,0.551,22,2024-12-27,2025-11-14,1,RESTRICTED,True
AST00063,Engineering,Turnout,SEC_DAD_THA,9.572,0.823,0.566,12,2025-06-09,2025-12-26,8,RESTRICTED,True
AST00064,TRD,OHE_mast,SEC_KAL_KAR,7.168,0.359,0.72,24,2025-06-22,2026-02-21,4,SERVICEABLE,True
AST00065,Engineering,Turnout,SEC_THA_KAL,13.534,0.717,0.682,32,2025-09-08,2025-12-13,7,MONITOR,True
AST00066,Engineering,Rail,SEC_KAR_KHA,14.583,0.606,0.444,31,2025-08-28,2025-12-29,0,SERVICEABLE,True
AST00067,Engineering,Turnout,SEC_DAD_THA,12.772,0.738,0.874,8,2024-05-30,2025-03-29,3,RESTRICTED,True
AST00068,TRD,Feeder,SEC_TAL_CHI,5.898,0.74,0.844,28,2025-02-13,2025-06-13,3,RESTRICTED,True
AST00069,Engineering,Turnout,SEC_DAD_THA,2.102,0.45,0.645,12,2024-06-05,2024-10-11,7,MONITOR,True
AST00070,Engineering,Sleeper,SEC_KAR_KHA,10.98,0.941,0.873,30,2025-10-11,2026-05-08,3,MONITOR,True
AST00071,Engineering,Sleeper,SEC_THA_KAL,19.231,0.456,0.585,10,2025-10-10,2026-02-07,4,MONITOR,True
AST00072,Engineering,Bridge_joint,SEC_KAR_KHA,10.869,0.63,0.759,18,2024-07-28,2025-07-05,6,RESTRICTED,True
AST00073,TRD,Section_insulator,SEC_MUM_DAD,1.864,0.719,0.858,2,2024-02-03,2024-09-17,2,MONITOR,True
AST00074,S&T,Point_machine,SEC_KAR_KHA,2.893,0.97,0.682,28,2024-03-12,2025-02-16,6,MONITOR,True
AST00075,TRD,OHE_mast,SEC_THA_KAL,7.046,0.871,0.73,32,2025-03-02,2025-12-22,7,SERVICEABLE,True
AST00076,TRD,Section_insulator,SEC_KHA_LON,1.461,0.771,0.726,26,2024-07-14,2024-10-12,6,SERVICEABLE,True
AST00077,Engineering,Turnout,SEC_SHI_PUN,17.022,0.521,0.479,29,2025-10-31,2026-05-13,4,MONITOR,True
AST00078,S&T,Point_machine,SEC_DAD_THA,0.468,0.703,0.731,16,2025-07-13,2026-03-19,1,SERVICEABLE,True
AST00079,Engineering,Bridge_joint,SEC_DAD_THA,8.358,0.676,0.564,10,2024-07-30,2025-03-26,7,MONITOR,True
AST00080,Engineering,Bridge_joint,SEC_CHI_SHI,1.802,0.828,0.482,13,2024-04-18,2025-04-03,1,MONITOR,True
AST00081,TRD,Section_insulator,SEC_CHI_SHI,3.245,0.886,0.748,1,2025-03-08,2025-11-05,7,SERVICEABLE,True
AST00082,TRD,Feeder,SEC_KHA_LON,4.003,0.947,0.922,35,2024-12-01,2025-10-20,3,RESTRICTED,True
AST00083,TRD,Catenary,SEC_LON_TAL,0.461,0.983,0.875,31,2024-11-27,2025-09-10,2,MONITOR,True
AST00084,Engineering,Sleeper,SEC_CHI_SHI,11.462,0.414,0.946,22,2025-09-11,2026-07-23,0,RESTRICTED,True
AST00085,Engineering,Bridge_joint,SEC_THA_KAL,1.676,0.766,0.911,17,2025-01-10,2025-10-30,8,MONITOR,True
AST00086,TRD,Feeder,SEC_CHI_SHI,0.523,0.988,0.848,5,2025-04-26,2025-12-19,6,SERVICEABLE,True
AST00087,S&T,Axle_counter,SEC_TAL_CHI,3.344,0.558,0.434,20,2025-11-23,2026-03-16,5,MONITOR,True
AST00088,TRD,Catenary,SEC_KAL_KAR,12.774,0.401,0.923,12,2025-07-01,2025-12-27,3,MONITOR,True
AST00089,S&T,Signal_controller,SEC_KAL_KAR,11.103,0.777,0.939,17,2024-09-08,2025-04-16,7,MONITOR,True
AST00090,S&T,Signal_controller,SEC_DAD_THA,5.732,0.759,0.655,23,2024-04-30,2024-12-29,4,MONITOR,True
AST00091,TRD,Catenary,SEC_LON_TAL,7.166,0.716,0.745,7,2025-04-24,2026-02-03,4,SERVICEABLE,True
AST00092,S&T,Point_machine,SEC_KAR_KHA,0.225,0.883,0.942,4,2024-04-11,2025-03-21,3,RESTRICTED,True
AST00093,TRD,Catenary,SEC_KAL_KAR,14.914,0.928,0.788,9,2024-03-19,2024-08-05,4,MONITOR,True
AST00094,Engineering,Turnout,SEC_THA_KAL,1.998,0.462,0.479,19,2025-01-22,2025-11-20,8,MONITOR,True
AST00095,S&T,Cable_route,SEC_THA_KAL,5.512,0.865,0.681,31,2025-02-23,2025-11-13,1,SERVICEABLE,True
AST00096,Engineering,Bridge_joint,SEC_CHI_SHI,4.405,0.693,0.673,26,2025-12-08,2026-07-21,4,RESTRICTED,True
AST00097,TRD,Section_insulator,SEC_DAD_THA,8.704,0.936,0.533,31,2025-11-27,2026-08-11,1,RESTRICTED,True
AST00098,TRD,Section_insulator,SEC_LON_TAL,1.066,0.987,0.47,3,2025-11-14,2026-07-17,3,RESTRICTED,True
AST00099,Engineering,Bridge_joint,SEC_TAL_CHI,7.335,0.917,0.793,35,2024-10-19,2025-04-06,7,RESTRICTED,True
AST00100,TRD,Section_insulator,SEC_MUM_DAD,13.429,0.958,0.913,14,2024-09-24,2025-08-07,1,RESTRICTED,True
AST00101,TRD,Section_insulator,SEC_MUM_DAD,7.788,0.409,0.527,13,2025-08-19,2026-07-07,0,SERVICEABLE,True
AST00102,TRD,Catenary,SEC_THA_KAL,16.674,0.725,0.888,14,2025-10-13,2026-04-27,3,MONITOR,True
AST00103,Engineering,Rail,SEC_KAR_KHA,13.311,0.861,0.466,10,2025-08-11,2026-03-17,0,SERVICEABLE,True
AST00104,Engineering,Turnout,SEC_KAL_KAR,14.15,0.384,0.845,2,2025-06-27,2026-02-07,8,SERVICEABLE,True
AST00105,S&T,Axle_counter,SEC_TAL_CHI,8.841,0.639,0.533,24,2024-07-15,2024-12-07,0,RESTRICTED,True
AST00106,S&T,Cable_route,SEC_TAL_CHI,12.645,0.892,0.656,2,2025-10-21,2026-09-21,1,MONITOR,True
AST00107,S&T,Point_machine,SEC_DAD_THA,11.566,0.392,0.565,21,2024-04-09,2024-09-21,8,RESTRICTED,True
AST00108,TRD,Feeder,SEC_SHI_PUN,11.969,0.413,0.821,30,2024-07-23,2025-05-29,8,RESTRICTED,True
AST00109,Engineering,Bridge_joint,SEC_TAL_CHI,17.418,0.605,0.838,27,2025-01-09,2025-11-27,5,MONITOR,True
AST00110,TRD,Section_insulator,SEC_KHA_LON,11.295,0.882,0.456,31,2025-10-15,2026-02-28,1,RESTRICTED,True
AST00111,S&T,Cable_route,SEC_THA_KAL,11.817,0.613,0.924,22,2024-02-05,2024-07-06,6,RESTRICTED,True
AST00112,Engineering,Turnout,SEC_SHI_PUN,7.089,0.486,0.794,7,2024-05-10,2025-04-24,3,SERVICEABLE,True
AST00113,TRD,Section_insulator,SEC_DAD_THA,9.823,0.74,0.795,15,2024-10-09,2025-01-20,4,SERVICEABLE,True
AST00114,Engineering,Turnout,SEC_KAR_KHA,14.282,0.907,0.74,23,2025-12-16,2026-06-16,6,SERVICEABLE,True
AST00115,Engineering,Rail,SEC_DAD_THA,9.613,0.64,0.494,14,2024-12-02,2025-10-02,4,RESTRICTED,True
AST00116,TRD,OHE_mast,SEC_MUM_DAD,3.104,0.524,0.797,4,2024-02-01,2024-06-11,7,RESTRICTED,True
AST00117,TRD,Feeder,SEC_KAR_KHA,3.418,0.625,0.57,33,2025-08-28,2026-05-21,7,RESTRICTED,True
AST00118,S&T,Cable_route,SEC_MUM_DAD,4.358,0.543,0.527,4,2025-12-15,2026-06-27,2,MONITOR,True
AST00119,TRD,Section_insulator,SEC_DAD_THA,0.199,0.593,0.822,28,2025-06-26,2025-11-29,8,RESTRICTED,True
AST00120,S&T,Cable_route,SEC_DAD_THA,5.163,0.644,0.447,3,2024-10-02,2025-01-09,5,RESTRICTED,True
AST00121,TRD,Feeder,SEC_LON_TAL,2.497,0.46,0.969,26,2025-12-01,2026-08-14,7,RESTRICTED,True
AST00122,TRD,OHE_mast,SEC_LON_TAL,7.092,0.685,0.637,16,2024-10-02,2025-07-24,4,RESTRICTED,True
AST00123,TRD,Catenary,SEC_KHA_LON,9.247,0.69,0.516,5,2024-07-18,2024-12-13,5,MONITOR,True
AST00124,S&T,Signal_controller,SEC_KAL_KAR,2.553,0.736,0.856,17,2025-06-03,2025-11-28,1,SERVICEABLE,True
AST00125,S&T,Point_machine,SEC_TAL_CHI,14.812,0.903,0.776,29,2024-05-23,2025-02-02,2,MONITOR,True
AST00126,Engineering,Bridge_joint,SEC_TAL_CHI,12.412,0.575,0.445,18,2024-04-26,2024-08-22,7,MONITOR,True
AST00127,Engineering,Rail,SEC_KHA_LON,9.864,0.744,0.704,5,2024-03-02,2024-07-16,7,RESTRICTED,True
AST00128,S&T,Axle_counter,SEC_TAL_CHI,17.826,0.671,0.975,13,2025-01-27,2025-12-26,7,SERVICEABLE,True
AST00129,TRD,OHE_mast,SEC_CHI_SHI,7.705,0.984,0.714,3,2025-04-13,2026-02-21,2,MONITOR,True
AST00130,TRD,Section_insulator,SEC_LON_TAL,3.485,0.855,0.788,22,2024-04-19,2024-08-13,1,MONITOR,True
AST00131,Engineering,Bridge_joint,SEC_KAR_KHA,3.978,0.723,0.485,10,2025-01-15,2025-05-26,5,MONITOR,True
AST00132,S&T,Point_machine,SEC_THA_KAL,12.632,0.762,0.597,6,2025-02-08,2025-11-17,2,RESTRICTED,True
AST00133,S&T,Axle_counter,SEC_LON_TAL,4.31,0.465,0.529,2,2024-12-16,2025-08-21,7,SERVICEABLE,True
AST00134,Engineering,Sleeper,SEC_THA_KAL,1.725,0.374,0.602,7,2024-07-21,2025-07-15,2,RESTRICTED,True
AST00135,TRD,Catenary,SEC_THA_KAL,3.909,0.613,0.806,11,2024-09-30,2025-01-20,3,MONITOR,True
AST00136,S&T,Cable_route,SEC_TAL_CHI,4.663,0.929,0.516,16,2025-02-09,2026-01-05,7,MONITOR,True
AST00137,TRD,Feeder,SEC_CHI_SHI,6.308,0.909,0.431,11,2025-06-01,2025-11-08,7,MONITOR,True
AST00138,S&T,Axle_counter,SEC_CHI_SHI,10.118,0.525,0.943,19,2025-09-28,2026-03-19,2,MONITOR,True
AST00139,Engineering,Sleeper,SEC_TAL_CHI,17.35,0.604,0.624,2,2024-10-24,2025-02-18,6,SERVICEABLE,True
AST00140,TRD,Catenary,SEC_MUM_DAD,6.254,0.856,0.483,7,2024-02-26,2024-11-13,4,MONITOR,True
AST00141,S&T,Signal_controller,SEC_TAL_CHI,8.848,0.514,0.901,1,2025-10-02,2026-01-09,8,RESTRICTED,True
AST00142,S&T,Point_machine,SEC_DAD_THA,9.996,0.381,0.652,16,2025-02-17,2025-07-19,7,SERVICEABLE,True
AST00143,Engineering,Bridge_joint,SEC_SHI_PUN,12.092,0.81,0.575,33,2024-05-13,2024-12-12,0,RESTRICTED,True
AST00144,TRD,Catenary,SEC_SHI_PUN,9.419,0.393,0.716,6,2024-07-04,2025-04-04,8,RESTRICTED,True
AST00145,S&T,Axle_counter,SEC_LON_TAL,7.331,0.978,0.552,3,2024-03-12,2024-12-25,0,MONITOR,True
AST00146,Engineering,Turnout,SEC_KAL_KAR,17.588,0.435,0.611,7,2024-05-06,2025-01-21,5,RESTRICTED,True
AST00147,Engineering,Bridge_joint,SEC_TAL_CHI,12.419,0.374,0.521,9,2025-10-19,2026-09-08,3,SERVICEABLE,True
AST00148,TRD,Section_insulator,SEC_CHI_SHI,4.787,0.373,0.788,35,2024-08-25,2025-04-01,4,MONITOR,True
AST00149,Engineering,Turnout,SEC_KAR_KHA,2.016,0.826,0.937,24,2024-10-01,2025-07-22,6,MONITOR,True
AST00150,Engineering,Bridge_joint,SEC_TAL_CHI,7.263,0.815,0.447,34,2025-03-24,2025-08-03,2,RESTRICTED,True
AST00151,TRD,Section_insulator,SEC_DAD_THA,1.121,0.736,0.656,19,2025-02-12,2025-12-27,7,MONITOR,True
AST00152,TRD,OHE_mast,SEC_KHA_LON,7.318,0.398,0.783,28,2025-03-16,2025-07-13,5,RESTRICTED,True
AST00153,S&T,Signal_controller,SEC_MUM_DAD,2.857,0.393,0.867,29,2025-11-17,2026-04-20,5,MONITOR,True
AST00154,TRD,OHE_mast,SEC_SHI_PUN,3.532,0.634,0.446,29,2024-12-08,2025-09-14,2,RESTRICTED,True
AST00155,TRD,Feeder,SEC_KHA_LON,7.726,0.821,0.699,16,2025-08-28,2025-12-09,6,RESTRICTED,True
AST00156,Engineering,Turnout,SEC_KAR_KHA,10.935,0.794,0.999,14,2024-04-05,2024-11-27,3,SERVICEABLE,True
AST00157,Engineering,Rail,SEC_TAL_CHI,3.467,0.777,0.826,29,2025-09-24,2026-06-04,8,RESTRICTED,True
AST00158,TRD,Section_insulator,SEC_THA_KAL,15.091,0.494,0.991,12,2024-12-17,2025-12-02,2,SERVICEABLE,True
AST00159,TRD,OHE_mast,SEC_KHA_LON,6.604,0.742,0.452,24,2024-08-31,2025-02-03,4,MONITOR,True
AST00160,S&T,Point_machine,SEC_CHI_SHI,4.935,0.43,0.59,27,2024-05-13,2024-09-17,1,MONITOR,True
AST00161,TRD,Section_insulator,SEC_THA_KAL,18.59,0.672,0.921,12,2025-08-12,2026-06-19,1,RESTRICTED,True
AST00162,Engineering,Turnout,SEC_THA_KAL,3.511,0.923,0.908,15,2025-01-02,2025-12-23,4,SERVICEABLE,True
AST00163,S&T,Cable_route,SEC_THA_KAL,13.263,0.76,0.755,35,2025-09-18,2026-08-31,2,SERVICEABLE,True
AST00164,S&T,Cable_route,SEC_SHI_PUN,1.022,0.957,0.863,2,2025-09-30,2026-01-21,4,RESTRICTED,True
AST00165,Engineering,Bridge_joint,SEC_SHI_PUN,14.394,0.761,0.581,32,2024-03-20,2024-11-13,3,RESTRICTED,True
AST00166,TRD,Section_insulator,SEC_TAL_CHI,1.523,0.616,0.679,4,2025-07-14,2026-05-25,5,RESTRICTED,True
AST00167,Engineering,Turnout,SEC_KHA_LON,8.72,0.837,0.709,23,2024-11-09,2025-04-14,1,MONITOR,True
AST00168,Engineering,Bridge_joint,SEC_DAD_THA,3.51,0.382,0.967,16,2025-07-31,2025-12-17,6,SERVICEABLE,True
AST00169,Engineering,Turnout,SEC_SHI_PUN,16.232,0.987,0.68,13,2025-07-12,2026-06-22,4,MONITOR,True
AST00170,Engineering,Rail,SEC_LON_TAL,4.285,0.381,0.569,16,2025-05-16,2026-02-10,7,MONITOR,True
AST00171,S&T,Axle_counter,SEC_DAD_THA,5.594,0.584,0.64,17,2024-12-13,2025-10-05,8,SERVICEABLE,True
AST00172,TRD,Section_insulator,SEC_DAD_THA,5.026,0.878,0.774,29,2024-06-07,2025-01-26,1,SERVICEABLE,True
AST00173,Engineering,Bridge_joint,SEC_KHA_LON,9.432,0.833,0.519,22,2024-05-30,2025-03-03,8,MONITOR,True
AST00174,S&T,Axle_counter,SEC_MUM_DAD,0.851,0.642,0.764,22,2024-08-24,2025-08-14,8,SERVICEABLE,True
AST00175,TRD,Section_insulator,SEC_THA_KAL,8.376,0.675,0.706,20,2024-04-24,2025-01-11,7,RESTRICTED,True
AST00176,S&T,Cable_route,SEC_TAL_CHI,16.007,0.977,0.75,24,2025-01-17,2025-06-12,0,RESTRICTED,True
AST00177,TRD,Section_insulator,SEC_SHI_PUN,13.022,0.459,0.777,4,2024-05-04,2025-04-04,6,SERVICEABLE,True
AST00178,S&T,Signal_controller,SEC_MUM_DAD,11.156,0.632,0.651,8,2025-06-10,2025-09-17,6,RESTRICTED,True
AST00179,Engineering,Bridge_joint,SEC_CHI_SHI,9.221,0.682,0.737,31,2025-10-20,2026-03-29,7,RESTRICTED,True
AST00180,TRD,Section_insulator,SEC_THA_KAL,9.781,0.783,0.921,35,2025-01-06,2025-10-04,4,RESTRICTED,True
AST00181,TRD,Catenary,SEC_KAL_KAR,6.757,0.844,0.823,20,2025-05-06,2026-01-03,7,MONITOR,True
AST00182,TRD,Section_insulator,SEC_CHI_SHI,11.09,0.717,0.726,18,2025-03-03,2025-08-02,6,MONITOR,True
AST00183,Engineering,Turnout,SEC_MUM_DAD,5.654,0.77,0.848,6,2025-01-02,2025-11-14,3,SERVICEABLE,True
AST00184,S&T,Cable_route,SEC_CHI_SHI,8.294,0.505,0.802,9,2025-09-02,2026-04-02,8,SERVICEABLE,True
AST00185,S&T,Signal_controller,SEC_MUM_DAD,2.035,0.786,0.482,22,2024-08-26,2025-01-14,8,SERVICEABLE,True
AST00186,TRD,Feeder,SEC_TAL_CHI,12.786,0.763,0.945,19,2025-01-28,2025-09-21,1,RESTRICTED,True
AST00187,S&T,Signal_controller,SEC_CHI_SHI,8.794,0.915,0.505,3,2025-06-26,2026-04-25,0,MONITOR,True
AST00188,TRD,Catenary,SEC_KAR_KHA,13.593,0.944,0.601,1,2025-02-20,2025-07-14,7,RESTRICTED,True
AST00189,S&T,Point_machine,SEC_THA_KAL,18.023,0.868,0.598,30,2025-03-18,2025-09-22,7,RESTRICTED,True
AST00190,TRD,Catenary,SEC_MUM_DAD,14.324,0.462,0.914,19,2024-05-20,2024-11-24,6,MONITOR,True
AST00191,S&T,Cable_route,SEC_DAD_THA,5.211,0.656,0.961,7,2025-06-16,2025-11-24,0,MONITOR,True
AST00192,TRD,Catenary,SEC_TAL_CHI,14.798,0.517,0.616,22,2025-02-16,2025-05-22,3,SERVICEABLE,True
AST00193,S&T,Axle_counter,SEC_TAL_CHI,6.083,0.792,0.783,26,2024-07-26,2025-04-01,4,MONITOR,True
AST00194,S&T,Signal_controller,SEC_KAL_KAR,22.943,0.829,0.763,31,2025-07-19,2026-06-06,6,RESTRICTED,True
AST00195,S&T,Point_machine,SEC_CHI_SHI,9.539,0.686,0.717,14,2025-04-13,2025-08-22,5,SERVICEABLE,True
AST00196,S&T,Axle_counter,SEC_MUM_DAD,16.104,0.446,0.597,33,2025-05-29,2026-05-28,8,MONITOR,True
AST00197,Engineering,Sleeper,SEC_SHI_PUN,11.035,0.64,0.708,33,2024-09-22,2025-01-18,7,RESTRICTED,True
AST00198,Engineering,Bridge_joint,SEC_KAR_KHA,11.231,0.827,0.747,26,2025-04-06,2025-07-06,0,MONITOR,True
AST00199,TRD,OHE_mast,SEC_CHI_SHI,11.801,0.534,0.508,5,2024-08-26,2024-12-10,2,RESTRICTED,True
AST00200,S&T,Point_machine,SEC_KHA_LON,11.756,0.59,0.81,25,2024-09-19,2025-06-29,8,SERVICEABLE,True
AST00201,S&T,Cable_route,SEC_DAD_THA,2.376,0.432,0.987,35,2024-11-15,2025-11-10,0,SERVICEABLE,True
AST00202,TRD,Feeder,SEC_CHI_SHI,5.092,0.645,0.493,25,2025-05-01,2025-12-03,3,RESTRICTED,True
AST00203,Engineering,Rail,SEC_LON_TAL,5.192,0.393,0.756,2,2025-04-20,2025-11-01,7,RESTRICTED,True
AST00204,S&T,Axle_counter,SEC_KAL_KAR,17.769,0.695,0.853,26,2024-09-29,2025-04-26,0,SERVICEABLE,True
AST00205,S&T,Cable_route,SEC_KAL_KAR,19.565,0.502,0.926,21,2024-05-10,2025-01-19,8,SERVICEABLE,True
AST00206,TRD,Section_insulator,SEC_KAR_KHA,1.038,0.706,0.428,12,2024-03-21,2025-01-23,5,RESTRICTED,True
AST00207,S&T,Point_machine,SEC_CHI_SHI,3.852,0.542,0.51,27,2024-10-30,2025-04-14,8,MONITOR,True
AST00208,Engineering,Sleeper,SEC_KAR_KHA,13.298,0.71,0.981,10,2024-09-04,2025-01-01,8,RESTRICTED,True
AST00209,Engineering,Bridge_joint,SEC_KAL_KAR,6.184,0.94,0.908,22,2024-02-29,2024-07-08,1,RESTRICTED,True
AST00210,S&T,Signal_controller,SEC_MUM_DAD,5.284,0.865,0.753,3,2025-10-09,2026-04-13,8,SERVICEABLE,True
AST00211,TRD,Catenary,SEC_KHA_LON,3.659,0.966,0.47,1,2025-05-20,2025-11-23,7,SERVICEABLE,True
AST00212,S&T,Signal_controller,SEC_LON_TAL,7.677,0.648,0.789,21,2025-03-08,2025-12-17,4,MONITOR,True
AST00213,TRD,Feeder,SEC_TAL_CHI,2.023,0.587,0.648,31,2025-01-29,2025-08-11,3,RESTRICTED,True
AST00214,Engineering,Rail,SEC_KAR_KHA,8.615,0.476,0.538,27,2025-02-23,2025-08-10,3,MONITOR,True
AST00215,S&T,Cable_route,SEC_KAR_KHA,11.848,0.645,0.84,32,2024-03-05,2025-02-09,5,SERVICEABLE,True
AST00216,Engineering,Bridge_joint,SEC_THA_KAL,19.41,0.685,0.903,35,2024-03-05,2024-07-03,1,RESTRICTED,True
AST00217,Engineering,Rail,SEC_LON_TAL,1.238,0.356,0.703,15,2025-10-14,2026-03-30,5,SERVICEABLE,True
AST00218,S&T,Point_machine,SEC_TAL_CHI,0.407,0.358,0.718,35,2024-06-06,2025-04-02,4,RESTRICTED,True
AST00219,TRD,OHE_mast,SEC_CHI_SHI,9.671,0.938,0.715,28,2025-06-22,2025-11-13,3,SERVICEABLE,True
AST00220,S&T,Cable_route,SEC_KHA_LON,3.238,0.964,0.675,26,2025-10-03,2026-07-11,3,RESTRICTED,True
AST00221,Engineering,Turnout,SEC_DAD_THA,8.435,0.593,0.732,3,2025-09-18,2026-07-12,0,RESTRICTED,True
AST00222,Engineering,Sleeper,SEC_DAD_THA,6.473,0.712,0.915,28,2024-03-02,2024-11-16,1,RESTRICTED,True
AST00223,Engineering,Sleeper,SEC_KAL_KAR,21.604,0.941,0.811,31,2025-03-20,2025-07-11,4,RESTRICTED,True
AST00224,S&T,Axle_counter,SEC_THA_KAL,19.66,0.726,0.851,21,2025-12-06,2026-06-20,6,SERVICEABLE,True
AST00225,TRD,Catenary,SEC_SHI_PUN,5.479,0.596,0.844,25,2024-06-17,2025-03-03,1,RESTRICTED,True
AST00226,S&T,Cable_route,SEC_MUM_DAD,1.986,0.737,0.768,15,2025-10-06,2026-06-27,6,MONITOR,True
AST00227,Engineering,Turnout,SEC_TAL_CHI,9.667,0.626,0.808,23,2024-06-04,2025-03-13,6,SERVICEABLE,True
AST00228,S&T,Cable_route,SEC_KAL_KAR,17.115,0.593,0.87,6,2025-03-23,2025-09-07,2,RESTRICTED,True
AST00229,TRD,Section_insulator,SEC_KHA_LON,1.351,0.58,0.562,1,2025-02-10,2025-12-24,2,SERVICEABLE,True
AST00230,Engineering,Bridge_joint,SEC_TAL_CHI,10.961,0.367,0.612,33,2024-10-31,2025-03-22,1,RESTRICTED,True
AST00231,S&T,Cable_route,SEC_LON_TAL,0.202,0.814,0.736,27,2024-11-20,2025-04-02,3,RESTRICTED,True
AST00232,S&T,Signal_controller,SEC_LON_TAL,1.503,0.666,0.438,18,2025-02-17,2025-10-02,6,MONITOR,True
AST00233,TRD,Section_insulator,SEC_TAL_CHI,15.362,0.811,0.697,24,2025-04-09,2025-11-11,3,MONITOR,True
AST00234,Engineering,Sleeper,SEC_KAR_KHA,0.204,0.865,0.598,26,2025-01-16,2025-10-27,5,MONITOR,True
AST00235,S&T,Signal_controller,SEC_KAR_KHA,5.035,0.464,0.639,13,2024-08-19,2025-04-26,5,MONITOR,True
AST00236,S&T,Point_machine,SEC_SHI_PUN,17.593,0.873,0.636,21,2024-12-02,2025-07-23,1,RESTRICTED,True
AST00237,Engineering,Sleeper,SEC_CHI_SHI,0.417,0.861,0.899,30,2025-05-22,2026-04-01,1,MONITOR,True
AST00238,S&T,Point_machine,SEC_THA_KAL,13.438,0.808,0.873,16,2025-04-08,2025-09-23,1,MONITOR,True
AST00239,S&T,Point_machine,SEC_SHI_PUN,9.066,0.856,0.616,33,2024-10-20,2025-02-05,8,RESTRICTED,True
AST00240,S&T,Axle_counter,SEC_DAD_THA,9.904,0.71,0.787,23,2025-07-05,2025-10-25,6,MONITOR,True
AST00241,TRD,OHE_mast,SEC_MUM_DAD,2.004,0.707,0.813,15,2024-07-18,2025-07-08,3,MONITOR,True
AST00242,TRD,Feeder,SEC_TAL_CHI,15.161,0.989,0.69,33,2025-07-21,2026-04-13,4,MONITOR,True
AST00243,Engineering,Rail,SEC_THA_KAL,7.436,0.684,0.609,22,2024-09-12,2025-03-26,1,MONITOR,True
AST00244,S&T,Point_machine,SEC_KHA_LON,0.889,0.893,0.789,3,2025-08-27,2025-12-06,2,RESTRICTED,True
AST00245,Engineering,Sleeper,SEC_CHI_SHI,1.985,0.861,0.778,28,2024-09-05,2025-04-01,2,RESTRICTED,True
AST00246,S&T,Point_machine,SEC_LON_TAL,0.342,0.599,0.823,13,2024-09-18,2025-07-24,3,MONITOR,True
AST00247,S&T,Axle_counter,SEC_SHI_PUN,2.376,0.559,0.675,35,2025-06-14,2026-03-18,4,RESTRICTED,True
AST00248,TRD,Section_insulator,SEC_SHI_PUN,8.794,0.573,0.907,26,2024-04-30,2024-09-25,2,RESTRICTED,True
AST00249,S&T,Cable_route,SEC_SHI_PUN,13.302,0.503,0.47,9,2025-02-05,2025-07-05,5,RESTRICTED,True
AST00250,Engineering,Bridge_joint,SEC_LON_TAL,5.038,0.661,0.722,25,2024-10-15,2025-04-18,2,RESTRICTED,True
AST00251,Engineering,Bridge_joint,SEC_KAR_KHA,2.259,0.904,0.971,21,2024-09-17,2025-01-12,7,SERVICEABLE,True
AST00252,Engineering,Bridge_joint,SEC_CHI_SHI,6.049,0.616,0.904,32,2024-10-30,2025-10-06,7,SERVICEABLE,True
AST00253,Engineering,Rail,SEC_KAL_KAR,7.069,0.535,0.868,18,2025-05-06,2026-05-06,7,RESTRICTED,True
AST00254,S&T,Axle_counter,SEC_SHI_PUN,2.655,0.836,0.665,35,2024-12-12,2025-04-02,3,MONITOR,True
AST00255,Engineering,Sleeper,SEC_KAR_KHA,13.563,0.573,0.89,3,2024-09-18,2025-04-30,7,SERVICEABLE,True
AST00256,Engineering,Sleeper,SEC_SHI_PUN,15.516,0.852,0.888,28,2025-07-06,2025-12-14,0,RESTRICTED,True
AST00257,TRD,Section_insulator,SEC_SHI_PUN,12.152,0.717,0.971,21,2025-02-26,2025-10-22,8,RESTRICTED,True
AST00258,Engineering,Sleeper,SEC_LON_TAL,7.707,0.799,0.48,18,2024-02-20,2024-07-23,2,RESTRICTED,True
AST00259,TRD,Catenary,SEC_LON_TAL,4.153,0.59,0.445,18,2024-03-20,2025-01-16,1,MONITOR,True
AST00260,S&T,Cable_route,SEC_KHA_LON,5.438,0.906,0.908,32,2025-01-21,2025-04-22,1,RESTRICTED,True
AST00261,TRD,Section_insulator,SEC_DAD_THA,10.245,0.878,0.697,26,2025-05-13,2026-03-18,5,MONITOR,True
AST00262,TRD,Catenary,SEC_SHI_PUN,19.169,0.414,0.87,22,2025-11-03,2026-02-24,7,SERVICEABLE,True
AST00263,Engineering,Sleeper,SEC_TAL_CHI,9.002,0.915,0.581,28,2025-05-29,2025-11-02,4,SERVICEABLE,True
AST00264,S&T,Cable_route,SEC_KAR_KHA,1.368,0.75,0.836,11,2025-10-30,2026-08-18,3,MONITOR,True
AST00265,S&T,Axle_counter,SEC_DAD_THA,0.114,0.73,0.712,31,2025-10-04,2026-03-10,7,SERVICEABLE,True
AST00266,Engineering,Turnout,SEC_DAD_THA,12.699,0.395,0.63,28,2025-08-09,2026-07-09,1,SERVICEABLE,True
AST00267,TRD,Section_insulator,SEC_KAR_KHA,2.21,0.394,0.738,9,2024-03-06,2024-08-16,2,MONITOR,True
AST00268,TRD,Catenary,SEC_THA_KAL,19.473,0.924,0.484,29,2025-05-14,2025-09-25,1,RESTRICTED,True
AST00269,S&T,Point_machine,SEC_KHA_LON,11.409,0.527,0.451,21,2025-08-01,2026-03-05,8,RESTRICTED,True
AST00270,S&T,Cable_route,SEC_MUM_DAD,16.473,0.738,0.513,20,2025-05-26,2026-05-16,6,MONITOR,True
AST00271,S&T,Axle_counter,SEC_KAL_KAR,11.908,0.758,0.443,8,2025-04-20,2026-03-31,0,MONITOR,True
AST00272,TRD,Catenary,SEC_LON_TAL,7.228,0.838,0.973,27,2024-12-13,2025-06-09,1,SERVICEABLE,True
AST00273,S&T,Axle_counter,SEC_MUM_DAD,5.163,0.674,0.777,3,2025-10-22,2026-08-11,8,MONITOR,True
AST00274,TRD,Feeder,SEC_DAD_THA,8.267,0.528,0.586,35,2024-04-01,2024-09-16,8,SERVICEABLE,True
AST00275,Engineering,Turnout,SEC_LON_TAL,4.956,0.817,0.908,5,2025-02-08,2025-12-18,0,SERVICEABLE,True
AST00276,Engineering,Bridge_joint,SEC_DAD_THA,5.88,0.426,0.825,4,2025-02-09,2025-08-07,0,SERVICEABLE,True
AST00277,TRD,Section_insulator,SEC_CHI_SHI,6.188,0.431,0.869,17,2025-07-05,2026-04-11,4,RESTRICTED,True
AST00278,Engineering,Rail,SEC_KHA_LON,9.575,0.518,0.985,18,2024-07-04,2024-11-03,1,MONITOR,True
AST00279,TRD,Section_insulator,SEC_MUM_DAD,9.747,0.513,0.462,11,2024-12-11,2025-05-30,1,SERVICEABLE,True
AST00280,S&T,Axle_counter,SEC_MUM_DAD,16.681,0.652,0.63,1,2025-04-16,2025-08-07,2,SERVICEABLE,True
AST00281,Engineering,Bridge_joint,SEC_KAL_KAR,7.778,0.879,0.743,27,2025-01-29,2025-09-14,1,RESTRICTED,True
AST00282,S&T,Axle_counter,SEC_THA_KAL,4.8,0.394,0.679,34,2025-11-05,2026-08-27,4,MONITOR,True
AST00283,TRD,OHE_mast,SEC_CHI_SHI,5.476,0.711,0.582,24,2025-05-31,2026-01-25,3,MONITOR,True
AST00284,TRD,Feeder,SEC_KAL_KAR,17.577,0.354,0.646,35,2025-04-15,2025-09-29,3,RESTRICTED,True
AST00285,TRD,OHE_mast,SEC_KHA_LON,0.117,0.481,0.99,25,2025-02-11,2025-07-04,6,MONITOR,True
AST00286,Engineering,Sleeper,SEC_KAR_KHA,1.532,0.799,0.623,15,2024-07-08,2025-05-05,1,RESTRICTED,True
AST00287,Engineering,Sleeper,SEC_LON_TAL,0.72,0.502,0.557,4,2024-10-03,2025-03-08,5,MONITOR,True
AST00288,S&T,Cable_route,SEC_KHA_LON,5.415,0.437,0.862,15,2025-10-07,2026-04-18,1,SERVICEABLE,True
AST00289,Engineering,Sleeper,SEC_TAL_CHI,9.188,0.579,0.862,27,2025-08-21,2026-08-20,7,MONITOR,True
AST00290,TRD,Section_insulator,SEC_DAD_THA,1.253,0.488,0.914,20,2024-04-14,2024-08-02,2,SERVICEABLE,True
AST00291,S&T,Signal_controller,SEC_KHA_LON,4.752,0.875,0.504,4,2025-02-19,2025-09-30,6,MONITOR,True
AST00292,S&T,Signal_controller,SEC_DAD_THA,5.991,0.389,0.869,9,2025-08-20,2025-11-24,3,SERVICEABLE,True
AST00293,Engineering,Bridge_joint,SEC_KHA_LON,8.157,0.937,0.445,6,2024-05-05,2024-12-13,1,SERVICEABLE,True
AST00294,S&T,Point_machine,SEC_THA_KAL,2.037,0.953,0.43,22,2025-08-19,2025-12-08,6,RESTRICTED,True
AST00295,TRD,Feeder,SEC_MUM_DAD,7.491,0.487,0.512,28,2025-06-29,2026-03-27,4,MONITOR,True
AST00296,Engineering,Rail,SEC_SHI_PUN,13.951,0.669,0.93,16,2024-02-29,2024-10-27,7,SERVICEABLE,True
AST00297,Engineering,Turnout,SEC_LON_TAL,1.236,0.509,0.996,13,2024-03-04,2025-02-26,8,SERVICEABLE,True
AST00298,TRD,Section_insulator,SEC_TAL_CHI,10.718,0.556,0.562,32,2025-01-04,2025-12-17,0,MONITOR,True
AST00299,S&T,Signal_controller,SEC_MUM_DAD,17.397,0.689,0.86,18,2025-10-24,2026-09-20,3,SERVICEABLE,True
AST00300,Engineering,Sleeper,SEC_KAL_KAR,6.459,0.577,0.904,4,2025-05-12,2026-02-24,2,SERVICEABLE,True
AST00301,Engineering,Turnout,SEC_KHA_LON,10.83,0.71,0.513,2,2024-12-27,2025-06-07,7,RESTRICTED,True
AST00302,TRD,Catenary,SEC_TAL_CHI,0.84,0.363,0.687,4,2025-04-28,2025-11-16,5,RESTRICTED,True
AST00303,Engineering,Sleeper,SEC_KHA_LON,8.517,0.445,0.823,21,2025-10-23,2026-02-01,2,SERVICEABLE,True
AST00304,S&T,Cable_route,SEC_DAD_THA,4.863,0.565,0.594,26,2024-05-01,2024-09-19,2,RESTRICTED,True
AST00305,TRD,Feeder,SEC_KHA_LON,2.145,0.592,0.84,23,2025-05-08,2025-11-03,4,SERVICEABLE,True
AST00306,Engineering,Rail,SEC_SHI_PUN,8.86,0.939,0.981,3,2025-06-19,2026-02-26,3,RESTRICTED,True
AST00307,S&T,Axle_counter,SEC_TAL_CHI,2.843,0.979,0.501,5,2025-04-23,2026-01-15,1,RESTRICTED,True
AST00308,S&T,Cable_route,SEC_TAL_CHI,0.322,0.574,0.872,14,2025-04-11,2025-08-13,0,SERVICEABLE,True
AST00309,TRD,Feeder,SEC_LON_TAL,8.124,0.575,0.625,27,2024-08-05,2025-05-15,7,RESTRICTED,True
AST00310,S&T,Signal_controller,SEC_THA_KAL,9.604,0.554,0.971,3,2025-02-24,2025-06-04,1,MONITOR,True
AST00311,Engineering,Bridge_joint,SEC_THA_KAL,15.516,0.801,0.659,6,2025-01-10,2025-12-13,2,RESTRICTED,True
AST00312,TRD,Catenary,SEC_MUM_DAD,2.055,0.796,0.833,14,2025-06-11,2026-04-06,8,MONITOR,True
AST00313,S&T,Cable_route,SEC_KAR_KHA,3.756,0.448,0.616,4,2024-11-15,2025-10-22,6,SERVICEABLE,True
AST00314,TRD,Feeder,SEC_KAL_KAR,2.414,0.975,0.684,14,2025-07-01,2026-02-25,1,MONITOR,True
AST00315,TRD,Feeder,SEC_TAL_CHI,17.55,0.468,0.931,17,2025-09-20,2026-07-05,5,SERVICEABLE,True
AST00316,TRD,OHE_mast,SEC_KAR_KHA,6.868,0.711,0.491,17,2025-05-05,2025-12-18,1,SERVICEABLE,True
AST00317,S&T,Cable_route,SEC_CHI_SHI,4.973,0.888,0.891,15,2024-06-04,2024-10-03,6,RESTRICTED,True
AST00318,S&T,Point_machine,SEC_SHI_PUN,19.823,0.603,0.912,31,2025-02-19,2025-06-29,0,RESTRICTED,True
AST00319,S&T,Signal_controller,SEC_DAD_THA,12.203,0.972,0.885,29,2025-06-28,2025-12-20,2,SERVICEABLE,True
AST00320,TRD,OHE_mast,SEC_LON_TAL,1.772,0.555,0.836,10,2024-04-22,2024-11-30,1,SERVICEABLE,True
AST00321,TRD,Feeder,SEC_CHI_SHI,3.939,0.937,0.407,18,2024-07-08,2025-05-28,8,MONITOR,True
AST00322,Engineering,Bridge_joint,SEC_THA_KAL,3.221,0.853,0.92,7,2025-09-05,2026-01-24,5,MONITOR,True
AST00323,TRD,Feeder,SEC_TAL_CHI,11.254,0.526,0.486,31,2025-11-14,2026-05-11,6,SERVICEABLE,True
AST00324,TRD,Section_insulator,SEC_KAL_KAR,1.276,0.363,0.89,31,2025-03-22,2025-12-27,4,MONITOR,True
AST00325,TRD,Feeder,SEC_DAD_THA,12.499,0.974,0.666,15,2025-08-07,2026-04-07,5,MONITOR,True
AST00326,S&T,Point_machine,SEC_SHI_PUN,14.541,0.935,0.644,13,2024-09-26,2025-04-12,7,RESTRICTED,True
AST00327,TRD,OHE_mast,SEC_CHI_SHI,9.416,0.608,0.868,5,2025-02-07,2026-01-22,8,RESTRICTED,True
AST00328,Engineering,Sleeper,SEC_KAL_KAR,20.982,0.371,0.43,13,2025-10-24,2026-05-29,5,RESTRICTED,True
AST00329,Engineering,Turnout,SEC_KHA_LON,9.768,0.786,0.545,33,2024-11-11,2025-04-13,7,RESTRICTED,True
AST00330,TRD,Catenary,SEC_TAL_CHI,11.544,0.886,0.555,23,2025-01-04,2025-06-26,1,MONITOR,True
AST00331,Engineering,Bridge_joint,SEC_MUM_DAD,3.246,0.784,0.561,14,2025-05-10,2025-12-01,6,RESTRICTED,True
AST00332,Engineering,Rail,SEC_TAL_CHI,17.875,0.493,0.765,12,2024-04-16,2024-07-19,4,RESTRICTED,True
AST00333,S&T,Cable_route,SEC_LON_TAL,7.515,0.49,0.581,23,2024-09-08,2025-04-15,8,RESTRICTED,True
AST00334,TRD,OHE_mast,SEC_MUM_DAD,9.977,0.541,0.465,24,2024-05-27,2025-01-16,1,MONITOR,True
AST00335,TRD,Section_insulator,SEC_KAR_KHA,4.119,0.681,0.544,20,2025-06-13,2025-11-26,0,RESTRICTED,True
AST00336,TRD,Section_insulator,SEC_THA_KAL,15.29,0.93,0.643,32,2025-02-23,2025-10-03,0,RESTRICTED,True
AST00337,S&T,Signal_controller,SEC_KHA_LON,8.63,0.93,0.803,15,2024-06-23,2025-05-22,8,MONITOR,True
AST00338,Engineering,Sleeper,SEC_KAR_KHA,1.602,0.956,0.94,9,2025-04-02,2025-10-02,1,SERVICEABLE,True
AST00339,TRD,Catenary,SEC_KAR_KHA,6.571,0.725,0.678,22,2024-12-07,2025-07-18,1,MONITOR,True
AST00340,Engineering,Rail,SEC_TAL_CHI,17.444,0.689,0.648,33,2025-08-22,2026-06-03,2,SERVICEABLE,True
AST00341,Engineering,Turnout,SEC_LON_TAL,8.274,0.902,0.508,30,2025-07-29,2026-04-06,1,MONITOR,True
AST00342,TRD,Catenary,SEC_KHA_LON,7.549,0.484,0.864,1,2024-09-16,2025-05-04,2,MONITOR,True
AST00343,Engineering,Sleeper,SEC_SHI_PUN,9.802,0.968,0.63,28,2024-11-04,2025-09-09,0,RESTRICTED,True
AST00344,Engineering,Turnout,SEC_MUM_DAD,17.325,0.783,0.776,34,2025-06-10,2025-09-17,3,SERVICEABLE,True
AST00345,S&T,Cable_route,SEC_KAR_KHA,2.084,0.457,0.894,25,2024-07-25,2025-03-28,4,MONITOR,True
AST00346,TRD,Section_insulator,SEC_LON_TAL,7.452,0.58,0.513,9,2025-01-06,2025-12-12,6,SERVICEABLE,True
AST00347,Engineering,Sleeper,SEC_THA_KAL,4.548,0.458,0.62,2,2024-04-28,2025-04-11,0,MONITOR,True
AST00348,S&T,Cable_route,SEC_CHI_SHI,7.434,0.768,0.412,4,2024-02-14,2024-07-08,1,MONITOR,True
AST00349,TRD,Feeder,SEC_DAD_THA,7.078,0.795,0.778,31,2025-07-19,2026-01-30,4,MONITOR,True
AST00350,S&T,Axle_counter,SEC_CHI_SHI,3.278,0.677,0.771,9,2024-10-20,2025-03-12,4,SERVICEABLE,True
AST00351,Engineering,Bridge_joint,SEC_KAL_KAR,14.631,0.579,0.646,17,2024-07-05,2025-01-14,2,SERVICEABLE,True
AST00352,S&T,Point_machine,SEC_KAL_KAR,16.521,0.352,0.803,31,2025-01-18,2025-08-16,1,RESTRICTED,True
AST00353,S&T,Point_machine,SEC_THA_KAL,20.095,0.929,0.787,33,2025-10-07,2026-02-25,7,MONITOR,True
AST00354,TRD,Feeder,SEC_MUM_DAD,2.027,0.581,0.806,12,2025-11-12,2026-07-08,6,RESTRICTED,True
AST00355,Engineering,Rail,SEC_MUM_DAD,0.287,0.56,0.937,9,2024-02-12,2024-08-07,4,RESTRICTED,True
AST00356,Engineering,Turnout,SEC_KHA_LON,2.247,0.524,0.631,26,2024-11-08,2025-09-27,7,MONITOR,True
AST00357,S&T,Signal_controller,SEC_DAD_THA,1.79,0.616,0.754,4,2025-07-12,2025-12-02,7,SERVICEABLE,True
AST00358,S&T,Point_machine,SEC_KHA_LON,7.277,0.422,0.647,9,2024-08-15,2025-07-20,0,SERVICEABLE,True
AST00359,TRD,Section_insulator,SEC_MUM_DAD,13.705,0.976,0.802,34,2024-05-11,2024-12-01,5,RESTRICTED,True
AST00360,S&T,Axle_counter,SEC_LON_TAL,5.579,0.775,0.785,16,2024-08-16,2025-05-10,2,RESTRICTED,True
AST00361,S&T,Axle_counter,SEC_MUM_DAD,12.524,0.895,0.922,11,2024-07-23,2025-06-18,1,MONITOR,True
AST00362,TRD,Catenary,SEC_KHA_LON,11.49,0.702,0.627,4,2024-07-21,2025-02-10,3,SERVICEABLE,True
AST00363,TRD,Feeder,SEC_SHI_PUN,10.124,0.426,0.698,32,2024-09-21,2025-05-30,0,SERVICEABLE,True
AST00364,TRD,Feeder,SEC_MUM_DAD,10.858,0.92,0.737,1,2025-09-20,2026-05-23,7,MONITOR,True
AST00365,TRD,OHE_mast,SEC_KAL_KAR,20.245,0.809,0.618,22,2024-05-28,2025-04-25,7,SERVICEABLE,True
AST00366,Engineering,Sleeper,SEC_MUM_DAD,6.692,0.589,0.464,19,2024-06-10,2025-06-02,2,MONITOR,True
AST00367,Engineering,Bridge_joint,SEC_DAD_THA,3.342,0.945,0.636,13,2025-06-13,2025-11-11,7,SERVICEABLE,True
AST00368,S&T,Cable_route,SEC_DAD_THA,9.754,0.844,0.67,3,2024-03-14,2024-08-14,8,SERVICEABLE,True
AST00369,TRD,OHE_mast,SEC_CHI_SHI,8.765,0.942,0.869,28,2024-05-02,2025-04-04,2,RESTRICTED,True
AST00370,S&T,Signal_controller,SEC_THA_KAL,2.281,0.618,0.765,21,2024-07-24,2025-05-06,3,MONITOR,True
AST00371,TRD,Section_insulator,SEC_KAR_KHA,7.069,0.736,0.932,9,2025-08-03,2026-05-31,8,MONITOR,True
AST00372,S&T,Cable_route,SEC_CHI_SHI,7.546,0.789,0.953,13,2025-05-22,2026-01-15,2,RESTRICTED,True
AST00373,S&T,Signal_controller,SEC_CHI_SHI,6.485,0.71,0.75,21,2025-08-26,2026-05-23,6,RESTRICTED,True
AST00374,S&T,Cable_route,SEC_LON_TAL,6.793,0.594,0.432,34,2025-09-04,2025-12-15,0,SERVICEABLE,True
AST00375,TRD,Catenary,SEC_KAR_KHA,10.617,0.481,0.725,10,2025-10-20,2026-06-18,5,MONITOR,True
AST00376,Engineering,Sleeper,SEC_CHI_SHI,4.677,0.943,0.633,33,2025-03-03,2025-06-25,5,RESTRICTED,True
AST00377,Engineering,Rail,SEC_KAR_KHA,3.226,0.833,0.728,29,2025-05-06,2026-02-08,3,RESTRICTED,True
AST00378,Engineering,Turnout,SEC_TAL_CHI,3.56,0.82,0.472,5,2025-06-14,2025-12-09,0,MONITOR,True
AST00379,TRD,Section_insulator,SEC_THA_KAL,3.489,0.648,0.962,17,2025-12-17,2026-09-02,0,SERVICEABLE,True
AST00380,TRD,OHE_mast,SEC_SHI_PUN,18.961,0.397,0.825,20,2024-08-07,2025-05-07,8,SERVICEABLE,True
AST00381,Engineering,Rail,SEC_CHI_SHI,1.976,0.409,0.533,35,2024-06-21,2025-04-13,3,RESTRICTED,True
AST00382,TRD,Section_insulator,SEC_KHA_LON,3.547,0.423,0.608,34,2024-08-23,2024-11-25,3,RESTRICTED,True
AST00383,S&T,Signal_controller,SEC_MUM_DAD,13.28,0.597,0.724,21,2024-11-27,2025-04-24,4,SERVICEABLE,True
AST00384,S&T,Cable_route,SEC_CHI_SHI,9.549,0.54,0.791,29,2024-08-11,2024-12-01,5,RESTRICTED,True
AST00385,Engineering,Rail,SEC_THA_KAL,20.563,0.751,0.526,35,2024-06-24,2024-09-25,3,RESTRICTED,True
AST00386,TRD,OHE_mast,SEC_KAL_KAR,12.931,0.828,0.492,28,2024-02-29,2024-07-04,7,RESTRICTED,True
AST00387,TRD,OHE_mast,SEC_DAD_THA,1.034,0.718,0.537,12,2025-04-09,2025-08-13,4,MONITOR,True
AST00388,TRD,Feeder,SEC_LON_TAL,3.685,0.692,0.785,2,2024-11-19,2025-04-18,1,RESTRICTED,True
AST00389,S&T,Axle_counter,SEC_DAD_THA,4.661,0.854,0.581,33,2025-09-05,2026-05-01,1,MONITOR,True
AST00390,TRD,Feeder,SEC_LON_TAL,6.907,0.691,0.482,2,2024-08-24,2025-02-10,6,RESTRICTED,True
AST00391,TRD,Catenary,SEC_KAR_KHA,10.523,0.429,0.403,24,2025-12-11,2026-05-22,6,RESTRICTED,True
AST00392,S&T,Axle_counter,SEC_KAR_KHA,3.333,0.93,0.911,23,2025-05-20,2026-03-17,2,SERVICEABLE,True
AST00393,Engineering,Sleeper,SEC_SHI_PUN,18.773,0.779,0.74,13,2025-08-27,2026-02-25,0,RESTRICTED,True
AST00394,TRD,OHE_mast,SEC_KAR_KHA,10.437,0.814,0.692,17,2025-09-13,2026-03-23,5,MONITOR,True
AST00395,Engineering,Sleeper,SEC_DAD_THA,3.735,0.661,0.597,5,2025-06-07,2026-02-14,4,RESTRICTED,True
AST00396,S&T,Signal_controller,SEC_SHI_PUN,12.781,0.353,0.548,21,2024-10-10,2025-04-04,3,RESTRICTED,True
AST00397,S&T,Point_machine,SEC_KAR_KHA,13.029,0.646,0.615,9,2025-01-17,2025-12-18,4,MONITOR,True
AST00398,S&T,Axle_counter,SEC_THA_KAL,13.695,0.92,0.518,6,2025-03-10,2025-08-18,1,RESTRICTED,True
AST00399,Engineering,Rail,SEC_CHI_SHI,7.534,0.93,0.731,26,2024-04-27,2024-11-11,8,RESTRICTED,True
AST00400,TRD,Catenary,SEC_KHA_LON,4.708,0.671,0.454,19,2025-08-07,2026-06-30,5,RESTRICTED,True
AST00401,Engineering,Sleeper,SEC_SHI_PUN,15.405,0.452,0.74,33,2025-08-01,2026-06-15,2,RESTRICTED,True
AST00402,S&T,Point_machine,SEC_KHA_LON,0.575,0.519,0.54,32,2025-04-29,2025-08-29,3,RESTRICTED,True
AST00403,TRD,Feeder,SEC_TAL_CHI,17.999,0.416,0.981,3,2025-11-12,2026-07-25,4,RESTRICTED,True
AST00404,TRD,Catenary,SEC_LON_TAL,5.512,0.681,0.626,24,2024-04-30,2024-09-06,3,RESTRICTED,True
AST00405,TRD,Section_insulator,SEC_KHA_LON,5.816,0.671,0.483,31,2024-04-13,2024-07-15,2,SERVICEABLE,True
AST00406,Engineering,Turnout,SEC_KAL_KAR,3.685,0.773,0.649,11,2024-12-17,2025-05-16,5,RESTRICTED,True
AST00407,Engineering,Bridge_joint,SEC_TAL_CHI,9.441,0.364,0.426,11,2024-02-29,2024-12-25,2,SERVICEABLE,True
AST00408,S&T,Axle_counter,SEC_SHI_PUN,3.385,0.681,0.643,11,2025-04-02,2025-10-01,0,RESTRICTED,True
AST00409,S&T,Cable_route,SEC_DAD_THA,2.862,0.49,0.646,31,2024-08-16,2025-02-09,2,RESTRICTED,True
AST00410,Engineering,Turnout,SEC_THA_KAL,15.351,0.497,0.631,22,2024-09-14,2025-01-17,1,SERVICEABLE,True
AST00411,Engineering,Bridge_joint,SEC_THA_KAL,12.852,0.912,0.719,12,2024-08-22,2024-12-09,1,SERVICEABLE,True
AST00412,TRD,Catenary,SEC_SHI_PUN,12.164,0.684,0.622,1,2024-02-27,2025-01-02,0,RESTRICTED,True
AST00413,S&T,Point_machine,SEC_KAL_KAR,22.491,0.727,0.845,31,2024-11-27,2025-08-23,1,MONITOR,True
AST00414,Engineering,Turnout,SEC_TAL_CHI,15.034,0.515,0.403,6,2025-03-07,2025-12-31,0,RESTRICTED,True
AST00415,S&T,Axle_counter,SEC_CHI_SHI,0.185,0.582,0.493,14,2025-02-02,2025-11-28,4,MONITOR,True
AST00416,S&T,Point_machine,SEC_SHI_PUN,8.279,0.614,0.87,18,2024-11-11,2025-05-24,7,SERVICEABLE,True
AST00417,TRD,Feeder,SEC_KAR_KHA,15.313,0.897,0.796,23,2024-11-10,2025-04-19,3,MONITOR,True
AST00418,S&T,Signal_controller,SEC_DAD_THA,2.834,0.453,0.979,26,2025-01-10,2025-05-06,0,SERVICEABLE,True
AST00419,Engineering,Bridge_joint,SEC_SHI_PUN,9.839,0.587,0.765,5,2025-03-28,2025-10-17,6,MONITOR,True
AST00420,S&T,Cable_route,SEC_SHI_PUN,1.385,0.631,0.521,12,2024-03-07,2025-02-13,8,MONITOR,True
AST00421,Engineering,Rail,SEC_SHI_PUN,11.521,0.781,0.616,15,2024-04-02,2024-09-25,0,SERVICEABLE,True
AST00422,Engineering,Turnout,SEC_LON_TAL,3.024,0.681,0.842,26,2024-11-02,2025-05-13,1,SERVICEABLE,True
AST00423,S&T,Cable_route,SEC_CHI_SHI,10.87,0.495,0.978,23,2025-01-01,2025-08-20,7,MONITOR,True
AST00424,S&T,Axle_counter,SEC_KAR_KHA,2.794,0.672,0.604,33,2025-09-04,2026-01-09,1,RESTRICTED,True
AST00425,TRD,Section_insulator,SEC_TAL_CHI,18.938,0.965,0.675,31,2025-04-17,2026-01-05,7,RESTRICTED,True
AST00426,Engineering,Bridge_joint,SEC_DAD_THA,3.387,0.783,0.538,25,2024-03-14,2024-10-02,5,MONITOR,True
AST00427,TRD,OHE_mast,SEC_KAR_KHA,3.921,0.399,0.959,6,2024-11-09,2025-08-01,7,MONITOR,True
AST00428,TRD,Catenary,SEC_SHI_PUN,6.119,0.5,0.545,13,2024-07-30,2025-02-07,4,SERVICEABLE,True
AST00429,Engineering,Sleeper,SEC_KAL_KAR,20.055,0.427,0.447,23,2025-07-16,2025-12-07,7,RESTRICTED,True
AST00430,Engineering,Rail,SEC_TAL_CHI,7.338,0.664,0.991,21,2024-08-05,2025-03-23,8,MONITOR,True
AST00431,TRD,Catenary,SEC_SHI_PUN,2.969,0.951,0.42,34,2024-10-15,2025-09-14,5,MONITOR,True
AST00432,S&T,Signal_controller,SEC_TAL_CHI,19.142,0.791,0.407,34,2024-09-07,2025-05-16,3,MONITOR,True
AST00433,S&T,Axle_counter,SEC_KHA_LON,4.345,0.502,0.683,17,2025-06-14,2026-01-24,5,MONITOR,True
AST00434,Engineering,Bridge_joint,SEC_LON_TAL,1.843,0.529,0.508,24,2024-12-14,2025-10-05,2,RESTRICTED,True
AST00435,S&T,Signal_controller,SEC_DAD_THA,9.29,0.898,0.518,16,2024-06-02,2025-04-09,2,MONITOR,True
AST00436,Engineering,Sleeper,SEC_LON_TAL,4.237,0.853,0.58,34,2024-06-24,2025-03-02,8,RESTRICTED,True
AST00437,Engineering,Bridge_joint,SEC_DAD_THA,8.904,0.655,0.778,4,2025-05-16,2025-12-22,7,RESTRICTED,True
AST00438,TRD,Section_insulator,SEC_KHA_LON,4.33,0.614,0.611,17,2025-01-04,2025-04-14,3,RESTRICTED,True
AST00439,S&T,Signal_controller,SEC_KAR_KHA,5.565,0.919,0.629,33,2024-08-10,2025-06-24,4,MONITOR,True
AST00440,S&T,Signal_controller,SEC_THA_KAL,13.591,0.893,0.443,22,2024-10-17,2025-08-10,2,MONITOR,True
AST00441,Engineering,Turnout,SEC_KHA_LON,7.766,0.524,0.667,18,2024-04-12,2025-01-29,5,RESTRICTED,True
AST00442,S&T,Point_machine,SEC_LON_TAL,1.485,0.774,0.964,2,2025-08-16,2026-03-14,1,SERVICEABLE,True
AST00443,Engineering,Bridge_joint,SEC_DAD_THA,1.318,0.367,0.638,31,2024-06-09,2024-10-04,1,SERVICEABLE,True
AST00444,TRD,Catenary,SEC_DAD_THA,8.449,0.508,0.571,25,2025-02-09,2025-09-04,2,SERVICEABLE,True
AST00445,S&T,Signal_controller,SEC_MUM_DAD,0.779,0.649,0.923,23,2025-01-23,2025-12-22,4,RESTRICTED,True
AST00446,TRD,Catenary,SEC_CHI_SHI,2.184,0.685,0.784,30,2024-03-16,2025-01-22,4,MONITOR,True
AST00447,TRD,Catenary,SEC_DAD_THA,5.734,0.45,0.406,24,2024-10-26,2025-06-06,8,SERVICEABLE,True
AST00448,TRD,Section_insulator,SEC_TAL_CHI,10.534,0.356,0.658,32,2024-08-21,2025-04-21,4,RESTRICTED,True
AST00449,Engineering,Rail,SEC_CHI_SHI,4.498,0.603,0.498,27,2024-05-27,2025-04-05,6,MONITOR,True
AST00450,Engineering,Turnout,SEC_DAD_THA,5.484,0.532,0.846,16,2024-07-11,2025-02-25,4,MONITOR,True
AST00451,Engineering,Rail,SEC_THA_KAL,2.977,0.745,0.563,8,2024-03-10,2025-01-27,7,SERVICEABLE,True
AST00452,TRD,OHE_mast,SEC_THA_KAL,1.145,0.972,0.569,35,2025-11-30,2026-06-03,2,RESTRICTED,True
AST00453,TRD,OHE_mast,SEC_KAL_KAR,2.252,0.569,0.587,1,2024-08-04,2025-02-21,7,MONITOR,True
AST00454,TRD,OHE_mast,SEC_KHA_LON,1.042,0.846,0.443,10,2025-10-26,2026-06-09,7,SERVICEABLE,True
AST00455,Engineering,Turnout,SEC_LON_TAL,6.958,0.844,0.666,8,2025-04-12,2026-01-24,0,SERVICEABLE,True
AST00456,TRD,OHE_mast,SEC_CHI_SHI,7.939,0.786,0.587,14,2024-08-25,2025-06-10,5,SERVICEABLE,True
AST00457,S&T,Axle_counter,SEC_CHI_SHI,6.231,0.477,0.933,17,2024-08-17,2025-04-16,3,SERVICEABLE,True
AST00458,Engineering,Bridge_joint,SEC_KHA_LON,0.277,0.603,0.546,18,2024-05-03,2024-10-01,0,RESTRICTED,True
AST00459,S&T,Point_machine,SEC_SHI_PUN,3.567,0.67,0.812,6,2025-04-12,2025-09-29,5,RESTRICTED,True
AST00460,Engineering,Rail,SEC_KHA_LON,7.667,0.662,0.59,35,2025-09-04,2026-02-05,8,RESTRICTED,True
AST00461,TRD,Feeder,SEC_KAL_KAR,0.609,0.51,0.424,25,2024-12-21,2025-05-28,7,RESTRICTED,True
AST00462,TRD,Feeder,SEC_KAL_KAR,13.622,0.819,0.565,35,2024-12-31,2025-09-12,8,SERVICEABLE,True
AST00463,Engineering,Sleeper,SEC_TAL_CHI,5.866,0.641,0.866,17,2024-06-16,2025-03-20,8,MONITOR,True
AST00464,S&T,Signal_controller,SEC_MUM_DAD,12.067,0.555,0.438,24,2024-03-27,2024-10-25,8,MONITOR,True
AST00465,Engineering,Bridge_joint,SEC_CHI_SHI,1.914,0.76,0.466,19,2025-01-26,2025-11-21,8,RESTRICTED,True
AST00466,Engineering,Rail,SEC_THA_KAL,3.862,0.661,0.459,3,2025-05-30,2025-10-21,6,RESTRICTED,True
AST00467,TRD,Section_insulator,SEC_MUM_DAD,7.174,0.77,0.957,5,2025-12-09,2026-06-23,1,MONITOR,True
AST00468,S&T,Axle_counter,SEC_KHA_LON,6.651,0.877,0.559,27,2024-12-10,2025-04-08,0,RESTRICTED,True
AST00469,Engineering,Turnout,SEC_DAD_THA,12.144,0.814,0.719,34,2025-09-14,2026-02-02,3,SERVICEABLE,True
AST00470,S&T,Signal_controller,SEC_SHI_PUN,14.089,0.828,0.86,12,2024-05-30,2025-03-28,5,RESTRICTED,True
AST00471,TRD,Feeder,SEC_DAD_THA,2.227,0.673,0.795,12,2024-06-07,2025-03-29,8,RESTRICTED,True
AST00472,TRD,Section_insulator,SEC_KHA_LON,6.558,0.839,0.658,21,2024-12-07,2025-10-04,5,RESTRICTED,True
AST00473,Engineering,Sleeper,SEC_LON_TAL,6.44,0.636,0.638,17,2024-12-19,2025-11-05,0,MONITOR,True
AST00474,S&T,Axle_counter,SEC_CHI_SHI,1.69,0.98,0.529,20,2025-12-16,2026-08-16,5,SERVICEABLE,True
AST00475,S&T,Cable_route,SEC_CHI_SHI,6.118,0.645,0.494,10,2025-09-17,2026-01-04,4,MONITOR,True
AST00476,S&T,Signal_controller,SEC_KAL_KAR,6.214,0.714,0.53,20,2025-09-19,2026-07-10,1,RESTRICTED,True
AST00477,TRD,Feeder,SEC_THA_KAL,10.383,0.374,0.885,7,2024-04-22,2024-12-21,6,SERVICEABLE,True
AST00478,Engineering,Turnout,SEC_KHA_LON,10.429,0.907,0.536,28,2024-10-22,2025-03-22,0,RESTRICTED,True
AST00479,S&T,Point_machine,SEC_MUM_DAD,5.985,0.559,0.819,3,2025-01-30,2025-07-15,2,SERVICEABLE,True
AST00480,S&T,Point_machine,SEC_TAL_CHI,14.78,0.626,0.872,33,2025-09-21,2026-04-12,2,SERVICEABLE,True
AST00481,TRD,OHE_mast,SEC_TAL_CHI,11.243,0.518,0.639,4,2024-06-09,2025-03-30,6,RESTRICTED,True
AST00482,Engineering,Sleeper,SEC_TAL_CHI,11.006,0.709,0.998,32,2024-11-13,2025-05-22,8,SERVICEABLE,True
AST00483,Engineering,Rail,SEC_KAR_KHA,12.055,0.422,0.648,21,2024-05-12,2024-09-24,5,MONITOR,True
AST00484,Engineering,Turnout,SEC_KHA_LON,7.072,0.982,0.77,2,2025-02-13,2025-08-08,7,RESTRICTED,True
AST00485,Engineering,Bridge_joint,SEC_MUM_DAD,17.947,0.45,0.837,15,2025-06-01,2026-03-09,1,SERVICEABLE,True
AST00486,S&T,Axle_counter,SEC_KAL_KAR,22.742,0.57,0.883,10,2025-03-03,2025-06-08,4,MONITOR,True
AST00487,TRD,OHE_mast,SEC_KHA_LON,2.554,0.7,0.85,35,2025-05-20,2025-11-30,8,MONITOR,True
AST00488,S&T,Signal_controller,SEC_MUM_DAD,7.372,0.459,0.57,34,2025-11-08,2026-06-16,4,SERVICEABLE,True
AST00489,TRD,OHE_mast,SEC_DAD_THA,5.055,0.903,0.411,18,2024-02-13,2024-11-13,6,SERVICEABLE,True
AST00490,TRD,OHE_mast,SEC_KHA_LON,5.79,0.477,0.98,35,2025-09-23,2026-03-27,8,RESTRICTED,True
AST00491,Engineering,Rail,SEC_KAL_KAR,22.105,0.602,0.494,20,2025-01-15,2025-12-21,5,RESTRICTED,True
AST00492,TRD,Section_insulator,SEC_KAR_KHA,3.735,0.751,0.927,33,2025-03-15,2025-07-14,0,RESTRICTED,True
AST00493,TRD,Catenary,SEC_THA_KAL,7.298,0.406,0.629,26,2024-02-19,2024-07-28,3,MONITOR,True
AST00494,Engineering,Sleeper,SEC_LON_TAL,8.136,0.482,0.483,22,2024-09-19,2025-02-23,8,RESTRICTED,True
AST00495,Engineering,Sleeper,SEC_KAR_KHA,10.697,0.987,0.985,34,2025-08-06,2026-06-12,2,RESTRICTED,True
AST00496,S&T,Signal_controller,SEC_KHA_LON,0.896,0.553,0.928,35,2025-08-23,2026-02-23,0,MONITOR,True
AST00497,TRD,Feeder,SEC_KAR_KHA,6.918,0.418,0.511,18,2025-07-20,2026-01-22,4,RESTRICTED,True
AST00498,S&T,Signal_controller,SEC_SHI_PUN,5.294,0.79,0.686,2,2024-12-20,2025-04-29,8,RESTRICTED,True
AST00499,TRD,Section_insulator,SEC_THA_KAL,18.046,0.455,0.536,32,2024-08-24,2025-01-31,6,SERVICEABLE,True
AST00500,TRD,Feeder,SEC_KAL_KAR,17.813,0.463,0.973,13,2025-05-27,2025-09-27,7,RESTRICTED,True
AST00501,TRD,Section_insulator,SEC_TAL_CHI,17.408,0.739,0.895,28,2024-11-03,2025-02-22,5,MONITOR,True
AST00502,S&T,Axle_counter,SEC_CHI_SHI,1.387,0.682,0.637,30,2025-11-09,2026-06-12,0,RESTRICTED,True
AST00503,TRD,OHE_mast,SEC_KAL_KAR,7.048,0.645,0.653,26,2025-02-14,2025-10-08,0,RESTRICTED,True
AST00504,S&T,Signal_controller,SEC_TAL_CHI,16.283,0.422,0.867,29,2025-09-21,2026-09-02,8,SERVICEABLE,True
AST00505,TRD,Feeder,SEC_KHA_LON,5.393,0.915,0.454,12,2024-09-14,2025-03-26,5,RESTRICTED,True
AST00506,S&T,Signal_controller,SEC_DAD_THA,1.263,0.405,0.824,29,2024-03-13,2024-12-13,8,RESTRICTED,True
AST00507,Engineering,Bridge_joint,SEC_CHI_SHI,4.58,0.454,0.487,11,2025-01-13,2025-06-28,0,MONITOR,True
AST00508,TRD,Section_insulator,SEC_TAL_CHI,5.731,0.965,0.402,12,2025-08-24,2026-01-28,4,SERVICEABLE,True
AST00509,TRD,Feeder,SEC_TAL_CHI,10.698,0.502,0.753,1,2024-04-09,2025-03-17,7,MONITOR,True
AST00510,TRD,Feeder,SEC_DAD_THA,7.766,0.747,0.735,1,2025-04-16,2025-12-04,3,SERVICEABLE,True
AST00511,Engineering,Sleeper,SEC_MUM_DAD,12.715,0.777,0.903,3,2025-07-27,2025-11-10,4,MONITOR,True
AST00512,Engineering,Rail,SEC_DAD_THA,5.416,0.741,0.815,12,2025-07-10,2026-03-02,8,SERVICEABLE,True
AST00513,TRD,Section_insulator,SEC_MUM_DAD,1.898,0.924,0.892,20,2025-01-26,2025-10-31,6,RESTRICTED,True
AST00514,Engineering,Turnout,SEC_TAL_CHI,2.724,0.615,0.526,18,2025-01-19,2026-01-13,3,RESTRICTED,True
AST00515,Engineering,Rail,SEC_SHI_PUN,16.424,0.813,0.763,34,2025-09-24,2026-08-27,4,MONITOR,True
AST00516,S&T,Cable_route,SEC_KAR_KHA,8.186,0.683,0.779,23,2025-08-12,2026-07-22,7,SERVICEABLE,True
AST00517,S&T,Signal_controller,SEC_KAR_KHA,15.171,0.648,0.878,1,2025-08-23,2025-12-03,3,RESTRICTED,True
AST00518,TRD,Feeder,SEC_MUM_DAD,6.546,0.792,0.553,14,2025-12-11,2026-06-22,1,MONITOR,True
AST00519,TRD,Section_insulator,SEC_MUM_DAD,2.298,0.814,0.77,22,2025-01-07,2025-10-26,0,SERVICEABLE,True
AST00520,Engineering,Turnout,SEC_KHA_LON,10.928,0.763,0.689,31,2024-08-24,2024-12-10,7,RESTRICTED,True
AST00521,TRD,Feeder,SEC_LON_TAL,7.782,0.712,0.807,4,2024-07-07,2025-03-07,8,RESTRICTED,True
AST00522,Engineering,Sleeper,SEC_SHI_PUN,15.434,0.529,0.419,23,2025-10-16,2026-03-31,6,RESTRICTED,True
AST00523,S&T,Signal_controller,SEC_SHI_PUN,13.649,0.903,0.851,12,2024-04-22,2024-09-18,5,RESTRICTED,True
AST00524,Engineering,Turnout,SEC_LON_TAL,0.819,0.881,0.582,16,2024-12-07,2025-10-24,8,MONITOR,True
AST00525,Engineering,Rail,SEC_KHA_LON,9.315,0.674,0.879,13,2025-09-19,2026-08-02,8,SERVICEABLE,True
AST00526,Engineering,Turnout,SEC_TAL_CHI,14.383,0.442,0.923,34,2025-02-08,2025-10-23,8,RESTRICTED,True
AST00527,Engineering,Sleeper,SEC_MUM_DAD,8.97,0.549,0.426,34,2025-08-26,2025-11-26,1,MONITOR,True
AST00528,TRD,OHE_mast,SEC_DAD_THA,6.737,0.759,0.526,20,2025-11-29,2026-08-05,3,SERVICEABLE,True
AST00529,TRD,Section_insulator,SEC_CHI_SHI,3.856,0.524,0.494,29,2024-02-04,2024-07-03,1,SERVICEABLE,True
AST00530,S&T,Axle_counter,SEC_KAL_KAR,13.045,0.954,0.882,21,2025-03-20,2025-08-29,3,SERVICEABLE,True
AST00531,Engineering,Turnout,SEC_SHI_PUN,20.059,0.433,0.682,35,2024-09-24,2025-01-17,0,SERVICEABLE,True
AST00532,TRD,OHE_mast,SEC_DAD_THA,5.537,0.744,0.587,12,2024-04-21,2025-03-05,3,RESTRICTED,True
AST00533,S&T,Axle_counter,SEC_TAL_CHI,11.172,0.642,0.811,6,2024-08-30,2025-01-16,7,MONITOR,True
AST00534,Engineering,Sleeper,SEC_THA_KAL,18.235,0.467,0.95,17,2024-12-15,2025-10-01,5,MONITOR,True
AST00535,TRD,Feeder,SEC_MUM_DAD,1.362,0.645,0.502,8,2024-12-28,2025-11-28,5,RESTRICTED,True
AST00536,S&T,Signal_controller,SEC_CHI_SHI,1.312,0.857,0.72,7,2025-01-23,2025-05-29,6,RESTRICTED,True
AST00537,TRD,Catenary,SEC_SHI_PUN,5.551,0.392,0.525,11,2024-08-16,2025-05-29,6,MONITOR,True
AST00538,S&T,Cable_route,SEC_CHI_SHI,8.27,0.823,0.827,12,2024-02-13,2024-06-21,7,SERVICEABLE,True
AST00539,S&T,Point_machine,SEC_KHA_LON,6.617,0.962,0.442,29,2025-06-25,2026-02-27,1,RESTRICTED,True
AST00540,S&T,Point_machine,SEC_KHA_LON,5.903,0.873,0.932,4,2025-09-21,2026-04-10,0,SERVICEABLE,True
AST00541,S&T,Signal_controller,SEC_TAL_CHI,10.459,0.475,0.809,25,2024-04-01,2025-02-13,5,MONITOR,True
AST00542,S&T,Cable_route,SEC_LON_TAL,6.043,0.741,0.706,23,2025-09-22,2025-12-25,2,MONITOR,True
AST00543,Engineering,Turnout,SEC_CHI_SHI,11.492,0.42,0.569,1,2024-05-28,2025-02-25,0,SERVICEABLE,True
AST00544,TRD,Feeder,SEC_KHA_LON,8.456,0.699,0.797,26,2024-11-27,2025-10-05,7,SERVICEABLE,True
AST00545,Engineering,Bridge_joint,SEC_KHA_LON,9.961,0.436,0.443,10,2025-03-02,2025-08-03,0,SERVICEABLE,True
AST00546,S&T,Point_machine,SEC_LON_TAL,8.173,0.761,0.65,9,2025-09-27,2026-03-06,7,RESTRICTED,True
AST00547,S&T,Point_machine,SEC_SHI_PUN,4.122,0.596,0.535,33,2024-10-14,2025-08-30,6,RESTRICTED,True
AST00548,Engineering,Bridge_joint,SEC_KAL_KAR,17.091,0.371,0.423,18,2024-10-28,2025-08-01,7,RESTRICTED,True
AST00549,TRD,OHE_mast,SEC_SHI_PUN,10.872,0.979,0.99,6,2025-07-30,2026-07-24,4,MONITOR,True
AST00550,S&T,Axle_counter,SEC_CHI_SHI,10.574,0.754,0.798,6,2025-04-15,2026-03-12,1,RESTRICTED,True
AST00551,S&T,Cable_route,SEC_SHI_PUN,1.281,0.65,0.708,22,2024-06-23,2024-09-26,7,RESTRICTED,True
AST00552,S&T,Cable_route,SEC_LON_TAL,3.022,0.373,0.954,19,2025-03-01,2025-08-23,4,RESTRICTED,True
AST00553,S&T,Cable_route,SEC_MUM_DAD,12.252,0.77,0.575,11,2024-05-15,2024-09-08,0,MONITOR,True
AST00554,TRD,OHE_mast,SEC_THA_KAL,10.748,0.744,0.565,18,2025-04-08,2025-09-12,4,SERVICEABLE,True
AST00555,S&T,Axle_counter,SEC_SHI_PUN,4.006,0.587,0.505,10,2024-02-17,2024-12-31,3,MONITOR,True
AST00556,Engineering,Rail,SEC_KHA_LON,11.653,0.886,0.852,10,2024-04-22,2024-10-07,6,MONITOR,True
AST00557,Engineering,Bridge_joint,SEC_THA_KAL,4.541,0.834,0.47,23,2025-10-28,2026-06-10,2,MONITOR,True
AST00558,TRD,Feeder,SEC_KAR_KHA,7.43,0.787,0.634,35,2025-04-27,2026-02-05,4,SERVICEABLE,True
AST00559,S&T,Point_machine,SEC_MUM_DAD,5.677,0.966,0.81,29,2024-11-26,2025-08-04,0,SERVICEABLE,True
AST00560,S&T,Cable_route,SEC_LON_TAL,5.155,0.521,0.459,18,2025-01-13,2025-08-29,6,MONITOR,True
AST00561,S&T,Signal_controller,SEC_SHI_PUN,17.336,0.55,0.406,34,2025-01-11,2025-07-12,0,SERVICEABLE,True
AST00562,Engineering,Bridge_joint,SEC_DAD_THA,6.797,0.814,0.551,29,2024-12-28,2025-07-18,0,SERVICEABLE,True
AST00563,S&T,Axle_counter,SEC_MUM_DAD,18.223,0.803,0.472,14,2024-04-18,2024-09-17,2,MONITOR,True
AST00564,S&T,Signal_controller,SEC_DAD_THA,8.97,0.773,0.445,17,2025-02-24,2026-01-19,7,MONITOR,True
AST00565,TRD,Section_insulator,SEC_KAR_KHA,2.593,0.595,0.6,5,2025-03-14,2025-07-13,0,MONITOR,True
AST00566,TRD,Catenary,SEC_TAL_CHI,1.453,0.464,0.695,13,2024-04-07,2025-01-23,2,RESTRICTED,True
AST00567,TRD,Catenary,SEC_SHI_PUN,14.491,0.372,0.442,29,2025-04-01,2025-08-21,4,MONITOR,True
AST00568,Engineering,Bridge_joint,SEC_THA_KAL,13.849,0.521,0.82,1,2025-11-14,2026-08-30,6,RESTRICTED,True
AST00569,Engineering,Bridge_joint,SEC_TAL_CHI,8.603,0.352,0.972,5,2024-06-17,2025-01-08,7,SERVICEABLE,True
AST00570,S&T,Cable_route,SEC_KHA_LON,8.105,0.584,0.912,26,2025-10-27,2026-03-12,5,SERVICEABLE,True
AST00571,TRD,Section_insulator,SEC_KAL_KAR,4.314,0.541,0.634,3,2024-11-24,2025-05-30,1,RESTRICTED,True
AST00572,S&T,Cable_route,SEC_TAL_CHI,1.755,0.373,0.415,29,2025-06-11,2025-11-19,3,MONITOR,True
AST00573,TRD,OHE_mast,SEC_CHI_SHI,7.673,0.969,0.41,32,2024-06-24,2025-05-10,5,SERVICEABLE,True
AST00574,TRD,OHE_mast,SEC_LON_TAL,1.079,0.445,0.748,34,2024-09-09,2025-09-08,1,SERVICEABLE,True
AST00575,S&T,Signal_controller,SEC_TAL_CHI,12.85,0.505,0.789,31,2024-03-29,2024-07-20,0,SERVICEABLE,True
AST00576,S&T,Axle_counter,SEC_KAR_KHA,12.731,0.885,0.438,7,2024-09-11,2025-03-07,1,SERVICEABLE,True
AST00577,TRD,Catenary,SEC_DAD_THA,10.357,0.558,0.986,28,2025-01-11,2025-11-02,8,SERVICEABLE,True
AST00578,TRD,Catenary,SEC_MUM_DAD,11.552,0.525,0.855,22,2025-10-19,2026-03-19,2,RESTRICTED,True
AST00579,TRD,Catenary,SEC_TAL_CHI,4.851,0.856,0.779,3,2025-08-08,2025-12-27,6,SERVICEABLE,True
AST00580,Engineering,Bridge_joint,SEC_DAD_THA,0.181,0.616,0.884,12,2025-09-22,2026-05-15,7,RESTRICTED,True
AST00581,Engineering,Sleeper,SEC_THA_KAL,13.575,0.503,0.505,34,2024-09-17,2025-07-14,0,RESTRICTED,True
AST00582,Engineering,Bridge_joint,SEC_SHI_PUN,21.358,0.353,0.541,20,2024-12-31,2025-10-31,1,RESTRICTED,True
AST00583,Engineering,Turnout,SEC_CHI_SHI,6.074,0.527,0.516,30,2024-03-21,2024-10-03,2,RESTRICTED,True
AST00584,TRD,Feeder,SEC_THA_KAL,3.465,0.532,0.661,3,2025-10-28,2026-07-31,5,RESTRICTED,True
AST00585,TRD,OHE_mast,SEC_DAD_THA,9.54,0.853,0.691,35,2025-06-25,2025-12-12,1,SERVICEABLE,True
AST00586,Engineering,Bridge_joint,SEC_SHI_PUN,13.069,0.497,0.466,27,2025-06-02,2026-02-13,3,SERVICEABLE,True
AST00587,Engineering,Bridge_joint,SEC_KAL_KAR,9.06,0.724,0.433,15,2025-10-08,2026-09-04,6,SERVICEABLE,True
AST00588,Engineering,Bridge_joint,SEC_THA_KAL,8.257,0.754,0.985,9,2024-09-10,2025-03-18,3,MONITOR,True
AST00589,Engineering,Rail,SEC_SHI_PUN,1.434,0.643,0.503,9,2025-08-31,2026-07-25,5,SERVICEABLE,True
AST00590,TRD,Catenary,SEC_SHI_PUN,20.358,0.898,0.694,15,2025-09-25,2026-07-22,3,RESTRICTED,True
AST00591,TRD,Feeder,SEC_KAR_KHA,0.323,0.559,0.748,28,2025-04-14,2025-11-16,2,RESTRICTED,True
AST00592,Engineering,Bridge_joint,SEC_MUM_DAD,0.874,0.622,0.637,31,2024-07-24,2024-11-08,1,MONITOR,True
AST00593,TRD,Catenary,SEC_DAD_THA,7.221,0.435,0.577,1,2024-11-01,2025-05-21,1,SERVICEABLE,True
AST00594,TRD,Section_insulator,SEC_THA_KAL,14.912,0.844,0.925,2,2024-09-13,2025-08-06,6,SERVICEABLE,True
AST00595,TRD,Feeder,SEC_MUM_DAD,16.714,0.69,0.578,5,2024-11-23,2025-08-10,4,RESTRICTED,True
AST00596,S&T,Signal_controller,SEC_DAD_THA,8.011,0.955,0.805,22,2025-10-27,2026-10-15,0,SERVICEABLE,True
AST00597,TRD,Section_insulator,SEC_TAL_CHI,12.173,0.765,0.823,24,2024-12-12,2025-06-09,8,RESTRICTED,True
AST00598,Engineering,Sleeper,SEC_KHA_LON,2.902,0.822,0.851,8,2024-02-27,2025-01-26,3,RESTRICTED,True
AST00599,Engineering,Turnout,SEC_KHA_LON,10.642,0.385,0.624,33,2024-10-15,2025-06-03,7,MONITOR,True
AST00600,S&T,Axle_counter,SEC_TAL_CHI,13.942,0.747,0.88,35,2025-02-26,2026-01-13,1,SERVICEABLE,True
AST00601,TRD,OHE_mast,SEC_DAD_THA,5.081,0.42,0.566,12,2025-03-02,2025-07-09,2,MONITOR,True
AST00602,Engineering,Sleeper,SEC_CHI_SHI,11.306,0.971,0.725,2,2025-02-25,2025-12-25,2,MONITOR,True
AST00603,TRD,Feeder,SEC_TAL_CHI,14.485,0.39,0.923,2,2025-02-27,2025-09-01,3,RESTRICTED,True
AST00604,S&T,Cable_route,SEC_LON_TAL,4.892,0.889,0.667,21,2024-08-12,2025-08-08,4,RESTRICTED,True
AST00605,Engineering,Turnout,SEC_THA_KAL,16.722,0.971,0.862,15,2024-08-14,2025-05-21,0,SERVICEABLE,True
AST00606,TRD,Section_insulator,SEC_TAL_CHI,18.746,0.467,0.505,11,2024-06-22,2025-02-13,2,SERVICEABLE,True
AST00607,Engineering,Rail,SEC_MUM_DAD,19.29,0.587,0.523,9,2024-09-27,2025-05-08,0,RESTRICTED,True
AST00608,TRD,Section_insulator,SEC_THA_KAL,7.954,0.543,0.952,35,2025-07-09,2026-07-07,6,MONITOR,True
AST00609,Engineering,Bridge_joint,SEC_KHA_LON,1.932,0.764,0.577,35,2024-07-21,2025-04-06,4,RESTRICTED,True
AST00610,S&T,Signal_controller,SEC_SHI_PUN,16.398,0.818,0.94,29,2025-01-10,2025-06-06,2,RESTRICTED,True
AST00611,S&T,Axle_counter,SEC_KAR_KHA,0.482,0.409,0.433,15,2024-09-22,2025-06-21,3,RESTRICTED,True
AST00612,S&T,Signal_controller,SEC_KAR_KHA,3.112,0.783,0.975,6,2024-06-19,2025-05-03,8,MONITOR,True
AST00613,Engineering,Bridge_joint,SEC_KHA_LON,7.181,0.604,0.83,33,2025-10-26,2026-07-27,6,MONITOR,True
AST00614,TRD,Section_insulator,SEC_MUM_DAD,5.597,0.91,0.453,23,2025-02-10,2025-12-25,7,RESTRICTED,True
AST00615,TRD,Feeder,SEC_KAR_KHA,2.621,0.885,0.759,28,2024-10-24,2025-04-03,2,SERVICEABLE,True
AST00616,TRD,Feeder,SEC_CHI_SHI,11.713,0.407,0.646,5,2024-04-27,2025-02-03,4,MONITOR,True
AST00617,Engineering,Bridge_joint,SEC_SHI_PUN,16.995,0.883,0.574,9,2025-06-01,2025-12-03,7,SERVICEABLE,True
AST00618,TRD,Section_insulator,SEC_TAL_CHI,11.006,0.856,0.492,30,2025-05-07,2025-08-18,4,RESTRICTED,True
AST00619,S&T,Point_machine,SEC_DAD_THA,8.436,0.665,0.813,19,2024-10-21,2025-04-20,3,SERVICEABLE,True
AST00620,Engineering,Turnout,SEC_TAL_CHI,19.489,0.722,0.739,5,2024-04-18,2025-01-18,4,RESTRICTED,True
AST00621,S&T,Point_machine,SEC_DAD_THA,4.858,0.722,0.488,2,2025-04-01,2025-09-21,7,RESTRICTED,True
AST00622,Engineering,Turnout,SEC_THA_KAL,1.214,0.381,0.575,24,2024-10-19,2025-07-18,1,RESTRICTED,True
AST00623,Engineering,Sleeper,SEC_DAD_THA,7.734,0.908,0.896,11,2024-06-14,2025-02-24,4,MONITOR,True
AST00624,S&T,Cable_route,SEC_DAD_THA,6.914,0.438,0.569,23,2025-07-28,2025-11-01,7,MONITOR,True
AST00625,TRD,Catenary,SEC_DAD_THA,2.878,0.859,0.735,33,2025-05-10,2025-11-12,8,RESTRICTED,True
AST00626,S&T,Axle_counter,SEC_LON_TAL,3.913,0.941,0.688,5,2025-08-25,2026-01-29,4,RESTRICTED,True
AST00627,TRD,Catenary,SEC_TAL_CHI,17.45,0.804,0.417,34,2025-01-06,2025-07-03,1,SERVICEABLE,True
AST00628,Engineering,Sleeper,SEC_KAL_KAR,7.435,0.622,0.858,14,2025-08-11,2025-12-19,1,SERVICEABLE,True
AST00629,Engineering,Bridge_joint,SEC_LON_TAL,0.452,0.73,0.681,7,2025-11-19,2026-11-06,4,SERVICEABLE,True
AST00630,Engineering,Turnout,SEC_MUM_DAD,14.67,0.726,0.52,8,2024-04-15,2024-10-27,5,SERVICEABLE,True
AST00631,Engineering,Sleeper,SEC_KAR_KHA,14.702,0.897,0.868,23,2024-12-27,2025-06-17,3,RESTRICTED,True
AST00632,S&T,Axle_counter,SEC_DAD_THA,10.55,0.808,0.979,1,2024-06-29,2025-01-16,2,RESTRICTED,True
AST00633,Engineering,Rail,SEC_KAL_KAR,22.063,0.631,0.975,31,2024-12-12,2025-06-14,2,MONITOR,True
AST00634,TRD,Feeder,SEC_KAL_KAR,12.37,0.429,0.466,27,2025-08-29,2026-05-06,2,MONITOR,True
AST00635,TRD,Section_insulator,SEC_CHI_SHI,8.6,0.424,0.57,6,2025-01-21,2025-12-29,4,RESTRICTED,True
AST00636,TRD,Catenary,SEC_CHI_SHI,4.894,0.923,0.881,28,2025-06-12,2025-10-15,5,SERVICEABLE,True
AST00637,Engineering,Bridge_joint,SEC_DAD_THA,5.154,0.426,0.637,34,2024-02-17,2024-06-29,1,RESTRICTED,True
AST00638,Engineering,Rail,SEC_KHA_LON,11.549,0.429,0.903,22,2025-05-31,2026-03-23,7,MONITOR,True
AST00639,S&T,Cable_route,SEC_LON_TAL,3.048,0.528,0.861,26,2024-08-13,2025-07-30,1,SERVICEABLE,True
AST00640,TRD,Feeder,SEC_TAL_CHI,4.601,0.822,0.898,9,2025-11-22,2026-04-11,7,RESTRICTED,True
AST00641,Engineering,Sleeper,SEC_LON_TAL,5.106,0.748,0.458,21,2025-07-19,2026-03-21,1,RESTRICTED,True
AST00642,S&T,Point_machine,SEC_TAL_CHI,4.038,0.517,0.606,32,2024-08-07,2025-07-21,8,RESTRICTED,True
AST00643,Engineering,Rail,SEC_LON_TAL,7.387,0.551,0.626,8,2024-11-25,2025-10-11,7,SERVICEABLE,True
AST00644,Engineering,Sleeper,SEC_CHI_SHI,7.861,0.626,0.587,20,2025-07-07,2026-06-13,6,MONITOR,True
AST00645,Engineering,Bridge_joint,SEC_CHI_SHI,8.167,0.674,0.635,31,2024-08-22,2025-02-08,7,RESTRICTED,True
AST00646,TRD,Section_insulator,SEC_KAR_KHA,5.032,0.432,0.62,2,2024-04-27,2024-08-18,0,RESTRICTED,True
AST00647,TRD,Feeder,SEC_DAD_THA,5.559,0.386,0.547,23,2024-10-27,2025-07-23,3,RESTRICTED,True
AST00648,TRD,OHE_mast,SEC_DAD_THA,11.179,0.363,0.596,8,2025-01-11,2025-07-06,7,RESTRICTED,True
AST00649,TRD,Feeder,SEC_KAR_KHA,0.414,0.981,0.627,31,2024-04-29,2024-08-08,6,MONITOR,True
AST00650,S&T,Axle_counter,SEC_TAL_CHI,2.051,0.672,0.859,14,2025-01-12,2025-12-22,5,SERVICEABLE,True
AST00651,S&T,Cable_route,SEC_KHA_LON,11.481,0.888,0.722,13,2024-08-01,2024-12-07,4,MONITOR,True
AST00652,Engineering,Turnout,SEC_SHI_PUN,9.093,0.809,0.747,15,2024-03-23,2024-08-07,5,MONITOR,True
AST00653,Engineering,Bridge_joint,SEC_LON_TAL,1.837,0.673,0.58,5,2024-02-24,2024-10-25,8,MONITOR,True
AST00654,Engineering,Bridge_joint,SEC_LON_TAL,2.18,0.914,0.777,33,2024-09-14,2025-03-15,8,SERVICEABLE,True
AST00655,S&T,Point_machine,SEC_KAL_KAR,15.867,0.868,0.912,30,2025-03-23,2026-03-20,6,RESTRICTED,True
AST00656,S&T,Axle_counter,SEC_CHI_SHI,2.462,0.446,0.811,30,2025-07-24,2026-02-22,4,MONITOR,True
AST00657,TRD,Section_insulator,SEC_DAD_THA,8.183,0.763,0.554,27,2025-03-24,2025-11-15,3,MONITOR,True
AST00658,Engineering,Rail,SEC_THA_KAL,4.142,0.661,0.995,16,2025-02-08,2026-01-01,6,RESTRICTED,True
AST00659,Engineering,Sleeper,SEC_THA_KAL,5.843,0.772,0.506,2,2025-04-02,2025-11-20,0,RESTRICTED,True
AST00660,TRD,OHE_mast,SEC_MUM_DAD,16.699,0.905,0.94,6,2025-02-04,2025-10-04,6,MONITOR,True
AST00661,S&T,Axle_counter,SEC_LON_TAL,7.909,0.715,0.7,9,2025-04-25,2025-09-19,1,RESTRICTED,True
AST00662,S&T,Cable_route,SEC_TAL_CHI,17.349,0.845,0.588,16,2024-04-17,2024-09-16,6,RESTRICTED,True
AST00663,S&T,Signal_controller,SEC_LON_TAL,1.905,0.971,0.664,7,2025-06-26,2026-01-11,4,RESTRICTED,True
AST00664,Engineering,Bridge_joint,SEC_CHI_SHI,4.51,0.654,0.548,8,2025-02-01,2025-12-04,4,SERVICEABLE,True
AST00665,TRD,Feeder,SEC_KHA_LON,9.743,0.889,0.797,2,2024-03-02,2024-06-17,0,RESTRICTED,True
AST00666,S&T,Signal_controller,SEC_KAR_KHA,8.606,0.928,0.811,20,2024-03-08,2024-12-08,8,SERVICEABLE,True
AST00667,TRD,Feeder,SEC_MUM_DAD,17.668,0.408,0.894,26,2025-04-05,2025-12-05,3,MONITOR,True
AST00668,Engineering,Sleeper,SEC_TAL_CHI,12.411,0.905,0.894,27,2025-11-18,2026-07-06,7,MONITOR,True
AST00669,S&T,Point_machine,SEC_KHA_LON,8.522,0.674,0.611,7,2025-07-11,2026-02-19,8,RESTRICTED,True
AST00670,TRD,Feeder,SEC_MUM_DAD,14.814,0.856,0.482,12,2024-03-17,2025-01-28,6,SERVICEABLE,True
AST00671,S&T,Cable_route,SEC_KHA_LON,6.86,0.68,0.982,8,2025-07-14,2026-02-16,2,RESTRICTED,True
AST00672,S&T,Point_machine,SEC_KHA_LON,5.4,0.79,0.896,9,2025-03-31,2025-09-25,4,SERVICEABLE,True
AST00673,Engineering,Bridge_joint,SEC_KHA_LON,2.235,0.363,0.414,25,2024-05-17,2024-12-07,8,RESTRICTED,True
AST00674,S&T,Signal_controller,SEC_DAD_THA,12.52,0.382,0.771,13,2025-03-29,2025-09-21,4,SERVICEABLE,True
AST00675,Engineering,Turnout,SEC_THA_KAL,20.049,0.629,0.952,8,2025-12-08,2026-12-02,7,RESTRICTED,True
AST00676,TRD,OHE_mast,SEC_KAL_KAR,17.126,0.828,0.629,13,2025-03-25,2025-11-17,6,SERVICEABLE,True
AST00677,S&T,Signal_controller,SEC_KAR_KHA,11.284,0.611,0.488,13,2024-10-20,2025-04-20,4,MONITOR,True
AST00678,Engineering,Bridge_joint,SEC_KAL_KAR,8.92,0.65,0.923,30,2025-09-26,2025-12-30,6,RESTRICTED,True
AST00679,Engineering,Bridge_joint,SEC_LON_TAL,6.195,0.706,0.431,17,2025-10-09,2026-02-24,3,MONITOR,True
AST00680,TRD,OHE_mast,SEC_MUM_DAD,4.998,0.78,0.479,25,2025-02-16,2025-12-05,8,SERVICEABLE,True
AST00681,S&T,Signal_controller,SEC_KAR_KHA,2.714,0.434,0.59,32,2025-01-09,2025-12-04,8,MONITOR,True
AST00682,Engineering,Turnout,SEC_DAD_THA,4.094,0.829,0.956,9,2024-07-29,2025-03-19,4,MONITOR,True
AST00683,S&T,Cable_route,SEC_CHI_SHI,3.784,0.839,0.491,11,2025-02-02,2026-01-09,7,SERVICEABLE,True
AST00684,Engineering,Sleeper,SEC_MUM_DAD,4.539,0.455,0.68,3,2024-08-28,2025-04-08,1,MONITOR,True
AST00685,Engineering,Bridge_joint,SEC_KHA_LON,11.709,0.422,0.832,32,2024-09-10,2025-08-18,2,SERVICEABLE,True
AST00686,TRD,OHE_mast,SEC_KAL_KAR,20.815,0.876,0.738,12,2025-07-03,2026-06-18,3,RESTRICTED,True
AST00687,Engineering,Sleeper,SEC_LON_TAL,7.721,0.918,0.416,16,2024-07-30,2024-12-15,1,MONITOR,True
AST00688,TRD,OHE_mast,SEC_KHA_LON,1.905,0.641,0.973,6,2024-09-07,2025-08-08,0,MONITOR,True
AST00689,Engineering,Bridge_joint,SEC_KHA_LON,11.223,0.863,0.57,9,2025-05-20,2025-09-11,0,RESTRICTED,True
AST00690,Engineering,Bridge_joint,SEC_DAD_THA,5.185,0.407,0.911,12,2025-04-21,2026-02-09,2,MONITOR,True
AST00691,TRD,Section_insulator,SEC_THA_KAL,2.64,0.928,0.762,32,2024-10-06,2025-06-11,5,RESTRICTED,True
AST00692,Engineering,Turnout,SEC_CHI_SHI,2.452,0.522,0.76,29,2024-11-20,2025-10-19,1,MONITOR,True
AST00693,TRD,Catenary,SEC_LON_TAL,5.322,0.569,0.678,6,2025-11-11,2026-10-29,3,RESTRICTED,True
AST00694,S&T,Signal_controller,SEC_TAL_CHI,10.382,0.65,0.448,34,2025-09-28,2026-05-24,7,MONITOR,True
AST00695,Engineering,Sleeper,SEC_KAR_KHA,13.051,0.714,0.731,34,2024-10-11,2025-06-09,0,RESTRICTED,True
AST00696,Engineering,Bridge_joint,SEC_LON_TAL,0.882,0.725,0.861,17,2024-12-24,2025-08-01,0,SERVICEABLE,True
AST00697,S&T,Point_machine,SEC_THA_KAL,16.657,0.616,0.823,26,2025-11-06,2026-03-18,5,RESTRICTED,True
AST00698,S&T,Point_machine,SEC_TAL_CHI,12.264,0.485,0.447,17,2025-01-07,2025-07-11,4,RESTRICTED,True
AST00699,Engineering,Bridge_joint,SEC_CHI_SHI,0.311,0.46,0.686,26,2025-08-25,2025-11-29,6,RESTRICTED,True
AST00700,S&T,Point_machine,SEC_KAR_KHA,9.619,0.865,0.453,24,2024-02-02,2024-11-20,2,SERVICEABLE,True
AST00701,Engineering,Rail,SEC_MUM_DAD,13.54,0.658,0.487,13,2025-11-25,2026-06-10,3,MONITOR,True
AST00702,S&T,Signal_controller,SEC_DAD_THA,3.937,0.62,0.47,30,2025-07-24,2026-06-21,2,RESTRICTED,True
AST00703,S&T,Point_machine,SEC_TAL_CHI,9.294,0.479,0.742,29,2024-05-02,2024-12-02,6,SERVICEABLE,True
AST00704,TRD,OHE_mast,SEC_DAD_THA,8.138,0.822,0.758,28,2024-10-23,2025-10-01,8,MONITOR,True
AST00705,Engineering,Bridge_joint,SEC_LON_TAL,4.125,0.688,0.653,32,2025-04-29,2025-08-28,5,RESTRICTED,True
AST00706,Engineering,Turnout,SEC_LON_TAL,7.462,0.637,0.662,8,2024-08-03,2025-04-27,2,MONITOR,True
AST00707,S&T,Signal_controller,SEC_TAL_CHI,6.805,0.726,0.811,15,2024-07-21,2025-02-08,7,SERVICEABLE,True
AST00708,TRD,Feeder,SEC_LON_TAL,6.998,0.748,0.569,24,2024-08-26,2025-02-14,1,RESTRICTED,True
AST00709,TRD,Catenary,SEC_THA_KAL,4.301,0.954,0.696,32,2025-09-10,2026-07-09,3,SERVICEABLE,True
AST00710,S&T,Axle_counter,SEC_MUM_DAD,7.028,0.462,0.916,17,2024-12-22,2025-06-11,8,SERVICEABLE,True
AST00711,Engineering,Turnout,SEC_LON_TAL,1.044,0.661,0.996,15,2025-08-21,2026-03-13,5,SERVICEABLE,True
AST00712,S&T,Cable_route,SEC_THA_KAL,18.073,0.802,0.956,33,2024-04-13,2024-09-03,7,MONITOR,True
AST00713,Engineering,Rail,SEC_SHI_PUN,13.738,0.675,0.5,7,2024-05-26,2024-09-14,1,SERVICEABLE,True
AST00714,TRD,Catenary,SEC_KAR_KHA,10.999,0.449,0.618,33,2024-07-30,2024-12-17,2,SERVICEABLE,True
AST00715,Engineering,Bridge_joint,SEC_LON_TAL,6.469,0.568,0.703,1,2025-04-15,2026-03-13,1,MONITOR,True
AST00716,TRD,Feeder,SEC_KHA_LON,7.49,0.62,0.537,16,2025-07-20,2026-07-16,6,MONITOR,True
AST00717,TRD,Feeder,SEC_CHI_SHI,9.453,0.443,0.406,24,2025-11-22,2026-10-04,8,SERVICEABLE,True
AST00718,Engineering,Turnout,SEC_KHA_LON,4.815,0.602,0.422,11,2024-10-04,2025-02-02,2,RESTRICTED,True
AST00719,Engineering,Turnout,SEC_LON_TAL,3.429,0.355,0.568,20,2025-02-04,2025-10-28,8,RESTRICTED,True
AST00720,Engineering,Bridge_joint,SEC_TAL_CHI,12.656,0.796,0.933,35,2024-03-23,2025-02-02,6,SERVICEABLE,True
AST00721,TRD,OHE_mast,SEC_MUM_DAD,10.478,0.985,0.57,25,2025-08-15,2026-08-06,1,RESTRICTED,True
AST00722,S&T,Cable_route,SEC_CHI_SHI,4.11,0.92,0.724,11,2025-11-29,2026-03-13,4,SERVICEABLE,True
AST00723,TRD,Feeder,SEC_CHI_SHI,1.4,0.751,0.613,4,2024-12-06,2025-07-16,0,RESTRICTED,True
AST00724,Engineering,Bridge_joint,SEC_KAR_KHA,8.91,0.979,0.883,1,2024-09-14,2025-06-04,8,RESTRICTED,True
AST00725,Engineering,Turnout,SEC_KAR_KHA,4.479,0.822,0.463,9,2024-12-01,2025-11-22,8,RESTRICTED,True
AST00726,Engineering,Turnout,SEC_TAL_CHI,2.011,0.409,0.655,28,2024-10-27,2025-03-07,2,MONITOR,True
AST00727,Engineering,Bridge_joint,SEC_DAD_THA,4.809,0.848,0.923,34,2024-11-05,2025-10-26,7,RESTRICTED,True
AST00728,TRD,Feeder,SEC_TAL_CHI,14.368,0.674,0.691,27,2025-07-09,2025-12-19,7,SERVICEABLE,True
AST00729,S&T,Axle_counter,SEC_KAL_KAR,10.967,0.94,0.471,3,2025-07-15,2026-04-20,6,SERVICEABLE,True
AST00730,Engineering,Turnout,SEC_SHI_PUN,6.578,0.588,0.995,34,2025-07-19,2025-12-16,4,MONITOR,True
AST00731,TRD,OHE_mast,SEC_THA_KAL,3.093,0.919,0.529,27,2025-11-03,2026-07-07,7,SERVICEABLE,True
AST00732,Engineering,Turnout,SEC_DAD_THA,11.198,0.712,0.94,27,2024-08-17,2025-04-22,6,MONITOR,True
AST00733,S&T,Signal_controller,SEC_THA_KAL,10.73,0.445,0.837,30,2024-09-18,2025-08-03,1,RESTRICTED,True
AST00734,S&T,Point_machine,SEC_LON_TAL,2.028,0.963,0.934,26,2025-01-09,2025-05-02,4,RESTRICTED,True
AST00735,Engineering,Sleeper,SEC_MUM_DAD,11.145,0.762,0.451,20,2024-05-27,2024-10-27,8,RESTRICTED,True
AST00736,Engineering,Sleeper,SEC_TAL_CHI,9.901,0.465,0.411,2,2025-08-21,2026-08-18,3,SERVICEABLE,True
AST00737,S&T,Point_machine,SEC_DAD_THA,10.388,0.665,0.96,21,2024-11-06,2025-02-27,5,MONITOR,True
AST00738,Engineering,Bridge_joint,SEC_MUM_DAD,16.7,0.408,0.988,21,2024-11-26,2025-07-05,8,SERVICEABLE,True
AST00739,TRD,Catenary,SEC_THA_KAL,5.482,0.959,0.807,6,2025-07-18,2026-03-22,0,RESTRICTED,True
AST00740,TRD,Catenary,SEC_MUM_DAD,13.874,0.555,0.648,20,2024-11-18,2025-04-07,5,MONITOR,True
AST00741,TRD,OHE_mast,SEC_MUM_DAD,4.011,0.832,0.631,16,2024-08-05,2025-07-21,1,MONITOR,True
AST00742,Engineering,Turnout,SEC_TAL_CHI,10.886,0.611,0.54,5,2024-08-14,2024-11-26,0,MONITOR,True
AST00743,S&T,Axle_counter,SEC_KAL_KAR,18.305,0.635,0.908,9,2025-02-14,2025-12-09,8,SERVICEABLE,True
AST00744,Engineering,Turnout,SEC_CHI_SHI,11.697,0.965,0.733,16,2024-06-20,2025-04-22,0,SERVICEABLE,True
AST00745,TRD,Section_insulator,SEC_THA_KAL,0.111,0.887,0.628,31,2025-03-18,2025-10-22,5,RESTRICTED,True
AST00746,Engineering,Turnout,SEC_MUM_DAD,3.217,0.542,0.637,35,2024-05-25,2024-09-27,1,SERVICEABLE,True
AST00747,S&T,Cable_route,SEC_LON_TAL,1.846,0.757,0.988,33,2025-01-31,2025-10-23,7,MONITOR,True
AST00748,Engineering,Turnout,SEC_KHA_LON,2.573,0.764,0.401,22,2025-12-06,2026-05-13,7,SERVICEABLE,True
AST00749,Engineering,Sleeper,SEC_LON_TAL,4.702,0.402,0.926,32,2024-11-15,2025-11-15,1,RESTRICTED,True
AST00750,Engineering,Bridge_joint,SEC_DAD_THA,4.601,0.598,0.903,25,2024-04-16,2025-01-14,0,SERVICEABLE,True
AST00751,TRD,Section_insulator,SEC_KAL_KAR,10.708,0.786,0.826,15,2025-12-02,2026-07-23,3,SERVICEABLE,True
AST00752,S&T,Cable_route,SEC_KAL_KAR,5.689,0.53,0.943,32,2024-12-16,2025-04-03,3,SERVICEABLE,True
AST00753,Engineering,Bridge_joint,SEC_DAD_THA,11.191,0.703,0.796,33,2024-08-04,2025-01-28,2,SERVICEABLE,True
AST00754,S&T,Signal_controller,SEC_DAD_THA,1.725,0.473,0.807,15,2024-07-05,2025-02-20,8,RESTRICTED,True
AST00755,TRD,Feeder,SEC_MUM_DAD,18.211,0.89,0.644,4,2025-01-26,2025-12-03,1,RESTRICTED,True
AST00756,S&T,Point_machine,SEC_TAL_CHI,7.149,0.528,0.652,3,2025-05-07,2025-08-29,7,MONITOR,True
AST00757,Engineering,Bridge_joint,SEC_KAL_KAR,8.086,0.963,0.95,2,2025-05-05,2026-03-07,3,SERVICEABLE,True
AST00758,TRD,Section_insulator,SEC_DAD_THA,8.081,0.626,0.414,7,2025-11-24,2026-10-25,5,MONITOR,True
AST00759,Engineering,Rail,SEC_TAL_CHI,4.748,0.683,0.542,22,2025-10-28,2026-07-15,1,RESTRICTED,True
AST00760,S&T,Point_machine,SEC_DAD_THA,8.073,0.937,0.626,8,2025-09-26,2026-01-25,1,SERVICEABLE,True
AST00761,Engineering,Bridge_joint,SEC_MUM_DAD,5.921,0.784,0.736,28,2025-10-16,2026-03-07,4,MONITOR,True
AST00762,TRD,OHE_mast,SEC_SHI_PUN,16.921,0.64,0.679,15,2024-04-18,2024-07-22,6,RESTRICTED,True
AST00763,S&T,Axle_counter,SEC_KHA_LON,7.742,0.56,0.515,2,2024-09-14,2025-09-03,1,SERVICEABLE,True
AST00764,S&T,Axle_counter,SEC_SHI_PUN,17.759,0.758,0.554,13,2024-05-15,2024-10-16,6,MONITOR,True
AST00765,S&T,Point_machine,SEC_THA_KAL,5.221,0.549,0.662,3,2025-10-22,2026-03-26,5,MONITOR,True
AST00766,S&T,Signal_controller,SEC_THA_KAL,9.988,0.971,0.711,22,2025-02-27,2025-12-02,2,SERVICEABLE,True
AST00767,Engineering,Rail,SEC_LON_TAL,2.947,0.853,0.605,13,2024-03-07,2024-09-16,7,RESTRICTED,True
AST00768,S&T,Point_machine,SEC_SHI_PUN,15.589,0.618,0.497,22,2024-04-01,2024-11-30,7,SERVICEABLE,True
AST00769,TRD,Catenary,SEC_MUM_DAD,12.435,0.503,0.841,15,2024-09-01,2025-03-19,5,RESTRICTED,True
AST00770,TRD,Catenary,SEC_LON_TAL,1.626,0.397,0.418,1,2024-12-16,2025-03-21,1,SERVICEABLE,True
AST00771,TRD,Feeder,SEC_KAL_KAR,15.164,0.477,0.57,24,2025-11-08,2026-02-21,3,MONITOR,True
AST00772,S&T,Signal_controller,SEC_KHA_LON,10.05,0.364,0.906,16,2025-06-23,2025-12-30,1,SERVICEABLE,True
AST00773,S&T,Signal_controller,SEC_LON_TAL,5.522,0.545,0.544,8,2025-01-10,2025-07-26,5,RESTRICTED,True
AST00774,Engineering,Bridge_joint,SEC_DAD_THA,1.611,0.691,0.817,9,2025-06-11,2025-12-16,5,RESTRICTED,True
AST00775,TRD,Catenary,SEC_MUM_DAD,14.835,0.855,0.597,13,2024-06-22,2025-02-17,0,RESTRICTED,True
AST00776,TRD,Catenary,SEC_CHI_SHI,11.498,0.852,0.875,32,2025-05-22,2025-09-30,1,SERVICEABLE,True
AST00777,S&T,Point_machine,SEC_CHI_SHI,4.505,0.556,0.624,34,2024-09-03,2025-03-03,7,RESTRICTED,True
AST00778,TRD,Feeder,SEC_KAR_KHA,9.044,0.923,0.671,3,2025-05-24,2025-12-12,3,MONITOR,True
AST00779,Engineering,Turnout,SEC_LON_TAL,7.459,0.702,0.481,11,2024-12-04,2025-07-12,1,MONITOR,True
AST00780,TRD,Section_insulator,SEC_KAL_KAR,14.033,0.623,0.681,30,2024-07-16,2025-04-04,6,MONITOR,True
AST00781,TRD,Section_insulator,SEC_KAR_KHA,5.985,0.52,0.446,12,2024-09-26,2025-04-23,1,MONITOR,True
AST00782,S&T,Axle_counter,SEC_KAR_KHA,14.36,0.581,0.728,7,2025-08-23,2025-12-27,5,SERVICEABLE,True
AST00783,S&T,Cable_route,SEC_KAR_KHA,4.759,0.989,0.851,18,2025-06-10,2025-11-17,8,MONITOR,True
AST00784,Engineering,Turnout,SEC_KAR_KHA,12.755,0.652,0.708,26,2024-11-02,2025-02-06,2,MONITOR,True
AST00785,Engineering,Sleeper,SEC_KAL_KAR,11.42,0.812,0.677,34,2024-04-30,2025-03-25,1,MONITOR,True
AST00786,Engineering,Bridge_joint,SEC_LON_TAL,1.835,0.59,0.747,29,2024-05-30,2024-09-12,2,MONITOR,True
AST00787,S&T,Axle_counter,SEC_TAL_CHI,15.903,0.618,0.811,23,2025-01-09,2025-08-02,6,RESTRICTED,True
AST00788,S&T,Cable_route,SEC_KHA_LON,6.991,0.975,0.997,3,2025-08-02,2026-01-17,6,MONITOR,True
AST00789,Engineering,Bridge_joint,SEC_DAD_THA,6.915,0.56,0.977,13,2024-08-23,2025-01-15,4,SERVICEABLE,True
AST00790,Engineering,Rail,SEC_CHI_SHI,2.191,0.477,0.947,32,2025-11-25,2026-05-29,6,MONITOR,True
AST00791,Engineering,Sleeper,SEC_KAR_KHA,10.251,0.586,0.407,5,2024-09-13,2025-01-10,5,MONITOR,True
AST00792,TRD,Catenary,SEC_DAD_THA,1.747,0.599,0.942,27,2024-08-20,2024-12-23,3,SERVICEABLE,True
AST00793,Engineering,Turnout,SEC_LON_TAL,6.872,0.726,0.701,31,2025-07-13,2026-03-18,7,MONITOR,True
AST00794,Engineering,Rail,SEC_THA_KAL,9.487,0.687,0.946,26,2024-04-12,2024-11-14,7,MONITOR,True
AST00795,TRD,OHE_mast,SEC_DAD_THA,3.771,0.6,0.894,30,2025-01-01,2025-08-31,2,MONITOR,True
AST00796,Engineering,Sleeper,SEC_SHI_PUN,16.503,0.797,0.457,30,2024-11-24,2025-05-26,0,SERVICEABLE,True
AST00797,Engineering,Turnout,SEC_CHI_SHI,3.536,0.613,0.857,5,2025-05-14,2026-04-21,1,MONITOR,True
AST00798,Engineering,Rail,SEC_CHI_SHI,9.122,0.455,0.524,21,2024-10-29,2025-09-14,0,MONITOR,True
AST00799,Engineering,Rail,SEC_TAL_CHI,7.533,0.374,0.55,26,2025-06-06,2026-03-26,2,MONITOR,True
AST00800,S&T,Point_machine,SEC_TAL_CHI,9.096,0.807,0.663,6,2024-06-09,2025-01-09,7,MONITOR,True
AST00801,Engineering,Sleeper,SEC_MUM_DAD,11.821,0.692,0.635,12,2025-02-24,2025-07-27,1,RESTRICTED,True
AST00802,Engineering,Turnout,SEC_THA_KAL,9.38,0.921,0.719,12,2025-05-15,2025-08-30,7,RESTRICTED,True
AST00803,Engineering,Rail,SEC_LON_TAL,5.816,0.381,0.626,29,2025-10-30,2026-01-30,3,SERVICEABLE,True
AST00804,TRD,Catenary,SEC_KAL_KAR,2.28,0.566,0.515,27,2025-11-24,2026-03-01,1,SERVICEABLE,True
AST00805,Engineering,Sleeper,SEC_THA_KAL,1.027,0.557,0.776,33,2025-09-03,2026-05-18,3,RESTRICTED,True
AST00806,TRD,Feeder,SEC_DAD_THA,3.063,0.461,0.641,7,2024-12-22,2025-09-03,5,SERVICEABLE,True
AST00807,TRD,Catenary,SEC_TAL_CHI,4.392,0.378,0.931,18,2024-02-26,2024-11-30,6,MONITOR,True
AST00808,S&T,Point_machine,SEC_DAD_THA,9.185,0.734,0.989,11,2025-04-09,2025-08-25,6,RESTRICTED,True
AST00809,S&T,Signal_controller,SEC_KHA_LON,2.158,0.393,0.411,21,2024-02-09,2025-01-10,7,MONITOR,True
AST00810,S&T,Signal_controller,SEC_CHI_SHI,7.015,0.744,0.938,1,2025-04-28,2025-08-06,4,SERVICEABLE,True
AST00811,S&T,Point_machine,SEC_KAL_KAR,14.888,0.669,0.521,4,2025-08-04,2026-05-12,6,SERVICEABLE,True
AST00812,S&T,Axle_counter,SEC_KAL_KAR,22.133,0.528,0.786,29,2025-01-20,2025-06-27,0,RESTRICTED,True
AST00813,TRD,Section_insulator,SEC_MUM_DAD,4.522,0.482,0.432,22,2025-01-06,2025-08-08,3,RESTRICTED,True
AST00814,S&T,Signal_controller,SEC_SHI_PUN,19.622,0.633,0.404,34,2025-01-27,2025-07-29,7,SERVICEABLE,True
AST00815,Engineering,Rail,SEC_THA_KAL,19.86,0.729,0.899,9,2025-09-20,2026-03-17,3,SERVICEABLE,True
AST00816,S&T,Axle_counter,SEC_LON_TAL,6.103,0.507,0.506,20,2025-07-07,2026-01-14,3,MONITOR,True
AST00817,TRD,Feeder,SEC_KAL_KAR,6.587,0.605,0.501,31,2025-10-02,2026-07-03,7,MONITOR,True
AST00818,S&T,Point_machine,SEC_THA_KAL,17.361,0.624,0.45,31,2025-12-02,2026-09-13,4,RESTRICTED,True
AST00819,S&T,Signal_controller,SEC_CHI_SHI,8.653,0.546,0.57,17,2024-11-28,2025-10-21,8,RESTRICTED,True
AST00820,TRD,OHE_mast,SEC_KHA_LON,1.704,0.936,0.403,31,2025-06-05,2025-11-21,8,RESTRICTED,True
AST00821,S&T,Cable_route,SEC_TAL_CHI,7.989,0.596,0.585,27,2024-11-13,2025-08-21,1,MONITOR,True
AST00822,Engineering,Rail,SEC_LON_TAL,7.818,0.963,0.863,11,2025-06-07,2026-04-16,5,RESTRICTED,True
AST00823,S&T,Point_machine,SEC_KHA_LON,8.276,0.505,0.421,25,2024-10-14,2025-05-18,5,RESTRICTED,True
AST00824,S&T,Axle_counter,SEC_THA_KAL,5.604,0.508,0.747,30,2025-07-25,2026-03-02,2,SERVICEABLE,True
AST00825,Engineering,Rail,SEC_LON_TAL,3.393,0.911,0.499,6,2024-07-10,2025-01-12,6,MONITOR,True
AST00826,S&T,Cable_route,SEC_CHI_SHI,11.49,0.82,0.851,25,2024-05-01,2025-01-03,1,SERVICEABLE,True
AST00827,S&T,Cable_route,SEC_THA_KAL,5.766,0.354,0.501,14,2024-11-10,2025-07-15,7,SERVICEABLE,True
AST00828,Engineering,Rail,SEC_LON_TAL,4.447,0.463,0.512,19,2024-10-07,2025-04-02,2,SERVICEABLE,True
AST00829,TRD,Catenary,SEC_CHI_SHI,11.264,0.469,0.435,29,2024-05-21,2024-12-05,2,SERVICEABLE,True
AST00830,TRD,Feeder,SEC_TAL_CHI,12.323,0.401,0.451,7,2024-03-11,2024-09-02,1,MONITOR,True
AST00831,Engineering,Turnout,SEC_MUM_DAD,11.409,0.356,0.56,31,2024-08-13,2025-01-01,0,RESTRICTED,True
AST00832,S&T,Axle_counter,SEC_DAD_THA,2.791,0.982,0.857,1,2024-12-03,2025-11-24,7,MONITOR,True
AST00833,TRD,Feeder,SEC_KHA_LON,4.453,0.952,0.799,22,2025-02-03,2025-09-03,6,RESTRICTED,True
AST00834,Engineering,Turnout,SEC_KHA_LON,9.566,0.814,0.933,1,2024-09-11,2025-07-03,2,SERVICEABLE,True
AST00835,S&T,Axle_counter,SEC_CHI_SHI,3.389,0.746,0.795,16,2024-12-10,2025-10-27,7,RESTRICTED,True
AST00836,TRD,Catenary,SEC_MUM_DAD,19.143,0.909,0.982,21,2025-12-05,2026-09-05,5,RESTRICTED,True
AST00837,TRD,Catenary,SEC_SHI_PUN,10.939,0.951,0.965,6,2024-12-31,2025-11-05,7,RESTRICTED,True
AST00838,S&T,Axle_counter,SEC_LON_TAL,2.533,0.911,0.871,13,2025-07-29,2026-07-20,8,SERVICEABLE,True
AST00839,Engineering,Bridge_joint,SEC_DAD_THA,3.942,0.961,0.689,30,2025-07-03,2026-05-17,8,SERVICEABLE,True
AST00840,Engineering,Sleeper,SEC_THA_KAL,15.963,0.986,0.418,6,2025-09-05,2026-07-14,5,MONITOR,True
AST00841,TRD,Catenary,SEC_KAR_KHA,10.349,0.941,0.78,8,2024-02-10,2024-07-18,7,SERVICEABLE,True
AST00842,S&T,Cable_route,SEC_KAL_KAR,22.332,0.591,0.83,5,2024-03-03,2024-11-23,6,RESTRICTED,True
AST00843,S&T,Point_machine,SEC_KAL_KAR,5.434,0.421,0.604,8,2025-02-28,2025-07-12,3,RESTRICTED,True
AST00844,Engineering,Turnout,SEC_THA_KAL,18.071,0.549,0.754,25,2024-05-11,2024-08-09,3,MONITOR,True
AST00845,TRD,Section_insulator,SEC_KHA_LON,9.463,0.418,0.406,9,2024-07-08,2025-01-27,7,MONITOR,True
AST00846,Engineering,Turnout,SEC_KAL_KAR,12.026,0.443,0.799,30,2025-07-25,2026-03-17,0,RESTRICTED,True
AST00847,TRD,Section_insulator,SEC_CHI_SHI,11.756,0.754,0.529,8,2025-03-17,2026-02-14,4,RESTRICTED,True
AST00848,TRD,OHE_mast,SEC_KHA_LON,1.893,0.941,0.866,14,2025-05-06,2025-08-30,7,RESTRICTED,True
AST00849,TRD,Section_insulator,SEC_THA_KAL,20.972,0.784,0.994,26,2025-01-11,2025-11-13,6,MONITOR,True
AST00850,Engineering,Turnout,SEC_KAR_KHA,10.817,0.412,0.594,13,2024-06-09,2025-03-27,0,RESTRICTED,True
AST00851,TRD,Feeder,SEC_THA_KAL,12.255,0.924,0.526,29,2024-08-15,2025-04-11,3,RESTRICTED,True
AST00852,S&T,Axle_counter,SEC_KHA_LON,8.623,0.958,0.656,7,2025-07-24,2026-05-02,2,SERVICEABLE,True
AST00853,Engineering,Turnout,SEC_TAL_CHI,3.603,0.766,0.756,4,2025-08-24,2026-08-12,2,RESTRICTED,True
AST00854,S&T,Point_machine,SEC_KAL_KAR,0.911,0.544,0.758,16,2024-11-11,2025-10-17,2,RESTRICTED,True
AST00855,S&T,Point_machine,SEC_DAD_THA,10.016,0.585,0.472,25,2025-03-16,2026-01-27,1,SERVICEABLE,True
AST00856,TRD,Catenary,SEC_MUM_DAD,11.432,0.858,0.509,31,2025-03-17,2025-08-02,7,RESTRICTED,True
AST00857,S&T,Point_machine,SEC_KAR_KHA,8.894,0.807,0.917,7,2025-01-23,2025-05-25,8,SERVICEABLE,True
AST00858,TRD,OHE_mast,SEC_LON_TAL,4.704,0.391,0.902,35,2024-06-28,2025-06-03,8,RESTRICTED,True
AST00859,S&T,Axle_counter,SEC_KAL_KAR,23.141,0.353,0.668,8,2025-06-20,2025-12-19,5,SERVICEABLE,True
AST00860,Engineering,Sleeper,SEC_SHI_PUN,4.713,0.895,0.421,11,2025-09-24,2026-05-03,1,RESTRICTED,True
AST00861,TRD,Section_insulator,SEC_CHI_SHI,2.12,0.38,0.967,1,2025-04-12,2025-12-11,4,RESTRICTED,True
AST00862,S&T,Point_machine,SEC_THA_KAL,12.253,0.738,0.706,21,2024-07-05,2025-04-01,1,RESTRICTED,True
AST00863,Engineering,Sleeper,SEC_MUM_DAD,3.732,0.735,0.53,20,2025-05-16,2025-10-21,5,MONITOR,True
AST00864,Engineering,Bridge_joint,SEC_DAD_THA,7.111,0.606,0.45,17,2024-11-27,2025-05-19,4,RESTRICTED,True
AST00865,TRD,Catenary,SEC_CHI_SHI,2.498,0.807,0.738,18,2024-03-14,2024-09-18,8,RESTRICTED,True
AST00866,Engineering,Bridge_joint,SEC_THA_KAL,6.763,0.967,0.548,28,2024-11-29,2025-03-12,4,SERVICEABLE,True
AST00867,S&T,Axle_counter,SEC_CHI_SHI,4.888,0.582,0.6,22,2024-03-07,2024-07-20,4,SERVICEABLE,True
AST00868,Engineering,Turnout,SEC_MUM_DAD,1.991,0.851,0.474,15,2024-11-30,2025-04-22,8,RESTRICTED,True
AST00869,TRD,Feeder,SEC_DAD_THA,6.844,0.739,0.938,19,2024-06-06,2025-01-20,2,MONITOR,True
AST00870,TRD,Catenary,SEC_KHA_LON,9.563,0.655,0.477,35,2024-06-06,2025-03-29,0,RESTRICTED,True
AST00871,S&T,Signal_controller,SEC_THA_KAL,3.105,0.803,0.549,18,2025-10-29,2026-08-04,6,RESTRICTED,True
AST00872,TRD,Catenary,SEC_TAL_CHI,19.332,0.527,0.657,30,2024-07-26,2025-03-19,3,MONITOR,True
AST00873,S&T,Axle_counter,SEC_KAR_KHA,6.356,0.399,0.544,21,2025-09-21,2026-01-29,1,SERVICEABLE,True
AST00874,S&T,Axle_counter,SEC_DAD_THA,9.578,0.783,0.959,32,2025-12-12,2026-10-15,2,MONITOR,True
AST00875,TRD,OHE_mast,SEC_LON_TAL,0.215,0.8,0.85,13,2025-12-15,2026-10-18,3,RESTRICTED,True
AST00876,S&T,Axle_counter,SEC_SHI_PUN,10.136,0.928,0.505,11,2024-02-01,2025-01-24,5,SERVICEABLE,True
AST00877,S&T,Cable_route,SEC_MUM_DAD,8.263,0.971,0.603,25,2025-07-01,2026-04-08,3,RESTRICTED,True
AST00878,Engineering,Turnout,SEC_KAR_KHA,7.535,0.822,0.741,17,2025-05-18,2025-08-17,3,MONITOR,True
AST00879,S&T,Axle_counter,SEC_TAL_CHI,17.504,0.354,0.676,32,2025-10-25,2026-07-24,4,MONITOR,True
AST00880,Engineering,Rail,SEC_KHA_LON,10.551,0.356,0.658,12,2024-11-06,2025-08-04,3,SERVICEABLE,True
AST00881,S&T,Signal_controller,SEC_LON_TAL,1.125,0.842,0.55,32,2025-12-15,2026-06-02,7,MONITOR,True
AST00882,TRD,Section_insulator,SEC_KHA_LON,5.129,0.42,0.663,12,2024-06-21,2025-02-03,7,SERVICEABLE,True
AST00883,Engineering,Turnout,SEC_LON_TAL,0.148,0.532,0.48,13,2025-08-31,2026-03-06,6,RESTRICTED,True
AST00884,TRD,OHE_mast,SEC_THA_KAL,14.13,0.426,0.693,31,2024-02-10,2024-09-23,7,RESTRICTED,True
AST00885,S&T,Signal_controller,SEC_KHA_LON,8.918,0.434,0.975,26,2024-07-27,2025-05-12,0,SERVICEABLE,True
AST00886,Engineering,Turnout,SEC_CHI_SHI,0.261,0.625,0.758,16,2025-10-30,2026-07-22,0,MONITOR,True
AST00887,TRD,Section_insulator,SEC_KAR_KHA,7.578,0.817,0.512,28,2025-04-13,2025-09-28,4,SERVICEABLE,True
AST00888,TRD,Catenary,SEC_LON_TAL,1.743,0.471,0.913,7,2024-07-26,2025-01-24,2,SERVICEABLE,True
AST00889,Engineering,Sleeper,SEC_LON_TAL,0.418,0.361,0.52,13,2025-07-26,2026-05-30,0,MONITOR,True
AST00890,TRD,Section_insulator,SEC_KAL_KAR,5.392,0.676,0.786,28,2024-08-19,2024-12-18,4,SERVICEABLE,True
AST00891,TRD,Section_insulator,SEC_KAR_KHA,14.613,0.923,0.509,27,2025-04-14,2025-12-23,0,SERVICEABLE,True
AST00892,S&T,Cable_route,SEC_KAL_KAR,6.908,0.626,0.551,18,2024-04-10,2024-08-29,7,MONITOR,True
AST00893,TRD,Section_insulator,SEC_DAD_THA,1.335,0.562,0.845,1,2024-06-05,2024-11-08,5,RESTRICTED,True
AST00894,S&T,Cable_route,SEC_KAL_KAR,15.615,0.406,0.464,14,2024-05-03,2025-02-13,1,SERVICEABLE,True
AST00895,S&T,Signal_controller,SEC_KAL_KAR,16.913,0.543,0.685,7,2025-10-07,2026-06-29,3,RESTRICTED,True
AST00896,S&T,Signal_controller,SEC_MUM_DAD,2.568,0.921,0.856,27,2024-06-07,2025-01-12,8,MONITOR,True
AST00897,TRD,Feeder,SEC_DAD_THA,11.713,0.685,0.971,5,2024-08-15,2025-06-15,0,SERVICEABLE,True
AST00898,S&T,Cable_route,SEC_THA_KAL,6.2,0.667,0.719,4,2025-06-11,2026-03-31,8,SERVICEABLE,True
AST00899,Engineering,Bridge_joint,SEC_CHI_SHI,4.621,0.482,0.402,25,2024-11-07,2025-06-24,3,RESTRICTED,True
AST00900,S&T,Axle_counter,SEC_CHI_SHI,5.461,0.896,0.578,34,2025-04-01,2025-12-02,4,RESTRICTED,True
AST00901,Engineering,Sleeper,SEC_KAL_KAR,1.188,0.759,0.965,16,2025-02-27,2025-06-17,4,SERVICEABLE,True
AST00902,TRD,OHE_mast,SEC_KAL_KAR,23.71,0.351,0.608,14,2024-06-23,2024-11-19,5,MONITOR,True
AST00903,Engineering,Turnout,SEC_THA_KAL,8.7,0.751,0.406,19,2025-01-24,2025-05-23,5,SERVICEABLE,True
AST00904,S&T,Cable_route,SEC_THA_KAL,5.491,0.812,0.813,2,2024-06-20,2024-11-11,4,RESTRICTED,True
AST00905,S&T,Signal_controller,SEC_TAL_CHI,4.402,0.45,0.539,18,2025-05-28,2026-03-16,6,MONITOR,True
AST00906,Engineering,Bridge_joint,SEC_DAD_THA,6.424,0.471,0.694,30,2025-06-16,2025-12-13,2,RESTRICTED,True
AST00907,TRD,OHE_mast,SEC_KAR_KHA,2.607,0.394,0.443,12,2024-11-14,2025-05-19,3,MONITOR,True
AST00908,S&T,Point_machine,SEC_DAD_THA,9.335,0.592,0.412,9,2025-12-10,2026-04-30,0,RESTRICTED,True
AST00909,Engineering,Sleeper,SEC_KAL_KAR,18.475,0.857,0.406,18,2025-07-29,2025-11-02,1,RESTRICTED,True
AST00910,S&T,Cable_route,SEC_DAD_THA,2.68,0.872,0.584,31,2024-05-25,2025-04-07,7,SERVICEABLE,True
AST00911,Engineering,Rail,SEC_CHI_SHI,8.245,0.878,0.462,35,2025-08-18,2025-11-26,4,SERVICEABLE,True
AST00912,S&T,Point_machine,SEC_THA_KAL,0.125,0.623,0.488,15,2025-11-28,2026-06-22,4,SERVICEABLE,True
AST00913,S&T,Point_machine,SEC_DAD_THA,6.371,0.962,0.569,8,2025-05-07,2025-09-26,1,RESTRICTED,True
AST00914,TRD,OHE_mast,SEC_KHA_LON,10.94,0.464,0.718,6,2025-11-08,2026-04-24,2,RESTRICTED,True
AST00915,TRD,Catenary,SEC_KAR_KHA,9.715,0.523,0.7,19,2024-12-31,2025-05-23,5,MONITOR,True
AST00916,S&T,Axle_counter,SEC_MUM_DAD,16.74,0.555,0.634,10,2024-02-20,2024-08-03,7,SERVICEABLE,True
AST00917,Engineering,Bridge_joint,SEC_KAR_KHA,2.326,0.841,0.612,21,2025-08-14,2026-02-13,7,MONITOR,True
AST00918,TRD,Feeder,SEC_SHI_PUN,17.851,0.595,0.73,22,2025-08-03,2026-03-06,8,RESTRICTED,True
AST00919,TRD,Catenary,SEC_LON_TAL,0.792,0.8,0.541,27,2024-07-01,2025-01-19,0,SERVICEABLE,True
AST00920,Engineering,Turnout,SEC_CHI_SHI,5.678,0.933,0.617,9,2025-09-01,2025-12-30,2,MONITOR,True
AST00921,TRD,Catenary,SEC_CHI_SHI,11.538,0.88,0.434,27,2025-04-18,2025-11-01,2,SERVICEABLE,True
AST00922,S&T,Signal_controller,SEC_LON_TAL,6.17,0.799,0.798,28,2024-12-07,2025-04-03,1,MONITOR,True
AST00923,S&T,Signal_controller,SEC_MUM_DAD,2.936,0.399,0.742,10,2025-10-03,2026-05-06,6,SERVICEABLE,True
AST00924,Engineering,Bridge_joint,SEC_THA_KAL,15.855,0.812,0.666,20,2024-08-28,2025-06-24,0,MONITOR,True
AST00925,Engineering,Sleeper,SEC_MUM_DAD,17.115,0.672,0.407,3,2024-04-13,2024-10-08,6,RESTRICTED,True
AST00926,TRD,Section_insulator,SEC_SHI_PUN,11.327,0.524,0.455,15,2024-10-15,2025-04-03,6,SERVICEABLE,True
AST00927,S&T,Signal_controller,SEC_LON_TAL,5.226,0.876,0.986,15,2024-11-16,2025-05-19,1,RESTRICTED,True
AST00928,TRD,Feeder,SEC_KHA_LON,7.763,0.385,0.623,26,2024-11-28,2025-05-21,6,SERVICEABLE,True
AST00929,TRD,OHE_mast,SEC_DAD_THA,1.092,0.531,0.725,22,2025-11-24,2026-06-24,1,SERVICEABLE,True
AST00930,S&T,Axle_counter,SEC_KAR_KHA,2.989,0.504,0.451,13,2024-03-09,2024-06-23,0,RESTRICTED,True
AST00931,TRD,OHE_mast,SEC_MUM_DAD,6.175,0.831,0.975,20,2025-12-14,2026-09-12,8,SERVICEABLE,True
AST00932,TRD,Feeder,SEC_KHA_LON,11.533,0.924,0.702,7,2025-01-17,2025-11-11,8,SERVICEABLE,True
AST00933,Engineering,Bridge_joint,SEC_TAL_CHI,11.534,0.447,0.678,3,2025-02-28,2025-08-19,1,RESTRICTED,True
AST00934,Engineering,Sleeper,SEC_THA_KAL,16.291,0.985,0.765,11,2024-07-27,2025-07-16,8,MONITOR,True
AST00935,TRD,Catenary,SEC_KHA_LON,3.514,0.503,0.998,28,2025-11-12,2026-08-27,1,SERVICEABLE,True
AST00936,S&T,Point_machine,SEC_DAD_THA,10.36,0.669,0.673,10,2025-02-09,2025-06-23,2,MONITOR,True
AST00937,Engineering,Rail,SEC_KAR_KHA,8.973,0.465,0.863,23,2025-09-22,2026-01-26,4,MONITOR,True
AST00938,TRD,Feeder,SEC_THA_KAL,19.893,0.9,0.641,32,2025-11-12,2026-08-15,2,MONITOR,True
AST00939,TRD,Section_insulator,SEC_KHA_LON,1.08,0.518,0.925,27,2024-07-22,2025-06-07,0,RESTRICTED,True
AST00940,S&T,Axle_counter,SEC_KAL_KAR,16.796,0.536,0.495,1,2025-07-17,2025-12-07,6,SERVICEABLE,True
AST00941,Engineering,Bridge_joint,SEC_TAL_CHI,13.148,0.761,0.94,23,2024-09-01,2025-07-27,7,SERVICEABLE,True
AST00942,Engineering,Sleeper,SEC_DAD_THA,11.798,0.607,0.439,26,2024-10-05,2025-04-15,5,RESTRICTED,True
AST00943,TRD,Catenary,SEC_TAL_CHI,2.329,0.957,0.487,30,2025-11-13,2026-05-01,3,MONITOR,True
AST00944,S&T,Axle_counter,SEC_SHI_PUN,17.419,0.976,0.528,4,2024-12-17,2025-10-23,3,SERVICEABLE,True
AST00945,S&T,Point_machine,SEC_KAR_KHA,3.979,0.394,0.643,12,2025-09-28,2026-03-09,4,RESTRICTED,True
AST00946,TRD,Feeder,SEC_CHI_SHI,2.62,0.409,0.941,17,2025-06-17,2025-10-12,5,MONITOR,True
AST00947,Engineering,Sleeper,SEC_KHA_LON,11.158,0.791,0.496,31,2024-08-23,2025-08-22,6,MONITOR,True
AST00948,S&T,Point_machine,SEC_MUM_DAD,10.931,0.557,0.992,13,2025-10-04,2026-03-17,5,SERVICEABLE,True
AST00949,Engineering,Bridge_joint,SEC_THA_KAL,10.618,0.518,0.833,21,2025-08-28,2026-06-22,7,SERVICEABLE,True
AST00950,S&T,Point_machine,SEC_SHI_PUN,2.28,0.796,0.865,14,2025-06-13,2026-04-14,6,SERVICEABLE,True
AST00951,TRD,Catenary,SEC_KAL_KAR,23.286,0.36,0.938,1,2024-12-08,2025-09-10,8,SERVICEABLE,True
AST00952,S&T,Point_machine,SEC_TAL_CHI,8.174,0.685,0.859,23,2024-12-27,2025-10-31,1,SERVICEABLE,True
AST00953,TRD,Feeder,SEC_KHA_LON,2.177,0.594,0.907,11,2024-06-15,2025-04-24,6,RESTRICTED,True
AST00954,TRD,OHE_mast,SEC_DAD_THA,10.376,0.744,0.647,7,2025-09-22,2025-12-29,7,RESTRICTED,True
AST00955,S&T,Axle_counter,SEC_TAL_CHI,9.916,0.895,0.527,3,2024-02-08,2024-10-03,7,RESTRICTED,True
AST00956,TRD,OHE_mast,SEC_KAL_KAR,20.532,0.614,0.892,8,2024-12-28,2025-11-20,6,SERVICEABLE,True
AST00957,TRD,Catenary,SEC_CHI_SHI,3.438,0.781,0.402,17,2025-02-11,2025-12-10,6,SERVICEABLE,True
AST00958,Engineering,Rail,SEC_THA_KAL,16.748,0.564,0.975,34,2024-04-17,2024-12-25,6,SERVICEABLE,True
AST00959,S&T,Point_machine,SEC_KAL_KAR,14.804,0.432,0.782,26,2025-10-31,2026-09-05,2,MONITOR,True
AST00960,TRD,Catenary,SEC_LON_TAL,2.012,0.754,0.871,9,2024-07-24,2024-12-21,4,RESTRICTED,True
AST00961,Engineering,Turnout,SEC_KAL_KAR,2.325,0.752,0.756,2,2024-10-01,2025-01-04,0,RESTRICTED,True
AST00962,S&T,Axle_counter,SEC_SHI_PUN,8.654,0.469,0.792,9,2024-09-14,2025-06-14,3,MONITOR,True
AST00963,Engineering,Sleeper,SEC_LON_TAL,6.479,0.948,0.776,4,2025-03-16,2025-07-26,1,SERVICEABLE,True
AST00964,TRD,OHE_mast,SEC_DAD_THA,1.908,0.4,0.907,17,2025-06-21,2025-11-05,3,MONITOR,True
AST00965,Engineering,Bridge_joint,SEC_MUM_DAD,8.089,0.485,0.652,32,2024-03-22,2024-07-29,5,RESTRICTED,True
AST00966,TRD,Catenary,SEC_THA_KAL,6.392,0.425,0.606,12,2024-02-16,2024-06-01,5,MONITOR,True
AST00967,S&T,Axle_counter,SEC_THA_KAL,11.088,0.738,0.722,17,2025-08-20,2026-02-24,8,RESTRICTED,True
AST00968,Engineering,Sleeper,SEC_KHA_LON,1.448,0.439,0.45,14,2025-11-22,2026-08-06,2,MONITOR,True
AST00969,TRD,Feeder,SEC_KAL_KAR,22.844,0.649,0.885,23,2024-06-06,2025-02-01,6,RESTRICTED,True
AST00970,TRD,Catenary,SEC_KAR_KHA,2.762,0.724,0.86,18,2024-11-15,2025-04-06,4,SERVICEABLE,True
AST00971,Engineering,Bridge_joint,SEC_LON_TAL,7.41,0.872,0.774,28,2024-04-21,2024-12-06,6,MONITOR,True
AST00972,Engineering,Turnout,SEC_KHA_LON,10.641,0.919,0.975,5,2024-09-18,2025-03-12,4,RESTRICTED,True
AST00973,TRD,Section_insulator,SEC_SHI_PUN,18.593,0.369,0.508,34,2024-12-27,2025-10-16,5,MONITOR,True
AST00974,Engineering,Turnout,SEC_KAL_KAR,1.833,0.849,0.473,24,2024-12-07,2025-05-20,5,RESTRICTED,True
AST00975,Engineering,Turnout,SEC_KAL_KAR,11.204,0.597,0.761,21,2025-04-28,2025-08-29,8,SERVICEABLE,True
AST00976,Engineering,Turnout,SEC_SHI_PUN,21.268,0.787,0.661,5,2024-05-14,2025-03-15,5,SERVICEABLE,True
AST00977,Engineering,Rail,SEC_TAL_CHI,9.824,0.429,0.503,18,2024-10-17,2025-03-17,5,RESTRICTED,True
AST00978,TRD,Catenary,SEC_SHI_PUN,0.576,0.933,0.571,2,2024-03-03,2024-06-03,6,SERVICEABLE,True
AST00979,S&T,Axle_counter,SEC_KHA_LON,7.67,0.881,0.649,5,2024-08-28,2025-01-13,4,MONITOR,True
AST00980,TRD,Section_insulator,SEC_LON_TAL,0.76,0.602,0.818,21,2024-08-04,2024-11-26,7,MONITOR,True
AST00981,S&T,Axle_counter,SEC_KHA_LON,11.109,0.381,0.406,7,2025-11-23,2026-06-15,1,MONITOR,True
AST00982,S&T,Point_machine,SEC_KAL_KAR,4.161,0.983,0.96,13,2024-12-10,2025-12-10,0,MONITOR,True
AST00983,Engineering,Rail,SEC_MUM_DAD,18.389,0.79,0.875,5,2025-03-27,2025-12-10,6,MONITOR,True
AST00984,S&T,Signal_controller,SEC_THA_KAL,12.388,0.902,0.852,8,2025-08-15,2026-04-25,6,RESTRICTED,True
AST00985,TRD,OHE_mast,SEC_CHI_SHI,6.31,0.975,0.593,31,2024-02-14,2025-01-19,7,SERVICEABLE,True
AST00986,Engineering,Turnout,SEC_KAR_KHA,11.048,0.772,0.841,23,2024-05-30,2024-12-30,3,RESTRICTED,True
AST00987,Engineering,Rail,SEC_TAL_CHI,1.275,0.65,0.631,1,2024-02-05,2024-08-23,7,SERVICEABLE,True
AST00988,TRD,Catenary,SEC_SHI_PUN,17.137,0.803,0.793,33,2025-02-05,2025-10-12,8,SERVICEABLE,True
AST00989,Engineering,Sleeper,SEC_KHA_LON,4.627,0.48,0.64,29,2024-03-27,2025-03-14,1,MONITOR,True
AST00990,TRD,Catenary,SEC_KAR_KHA,14.744,0.911,0.847,7,2025-07-25,2026-06-16,3,SERVICEABLE,True
AST00991,TRD,Catenary,SEC_KAR_KHA,0.54,0.52,0.956,34,2024-09-15,2025-06-12,1,MONITOR,True
AST00992,TRD,Catenary,SEC_THA_KAL,8.459,0.384,0.564,28,2024-07-20,2025-04-06,1,SERVICEABLE,True
AST00993,S&T,Point_machine,SEC_LON_TAL,1.706,0.73,0.718,13,2024-11-05,2025-05-04,7,RESTRICTED,True
AST00994,TRD,OHE_mast,SEC_MUM_DAD,12.581,0.384,0.421,8,2025-05-12,2025-10-07,4,SERVICEABLE,True
AST00995,Engineering,Rail,SEC_KAR_KHA,3.585,0.415,0.84,26,2024-11-16,2025-09-03,4,MONITOR,True
AST00996,Engineering,Sleeper,SEC_KAL_KAR,8.395,0.82,0.457,19,2024-04-21,2024-12-14,8,RESTRICTED,True
AST00997,S&T,Point_machine,SEC_KAR_KHA,13.221,0.786,0.5,16,2025-07-01,2026-03-09,5,MONITOR,True
AST00998,Engineering,Rail,SEC_TAL_CHI,8.444,0.914,0.502,2,2025-06-24,2026-02-04,0,RESTRICTED,True
AST00999,TRD,Feeder,SEC_SHI_PUN,0.123,0.379,0.41,16,2024-08-26,2025-01-19,4,SERVICEABLE,True
AST01000,S&T,Signal_controller,SEC_THA_KAL,16.427,0.64,0.841,7,2025-02-14,2025-11-02,8,MONITOR,True
AST01001,S&T,Point_machine,SEC_KAR_KHA,5.706,0.805,0.935,1,2024-12-26,2025-08-27,7,SERVICEABLE,True
AST01002,TRD,OHE_mast,SEC_THA_KAL,20.71,0.579,0.419,15,2024-02-16,2024-07-27,6,MONITOR,True
AST01003,Engineering,Rail,SEC_KAL_KAR,22.067,0.968,0.926,25,2024-03-08,2024-07-31,8,MONITOR,True
AST01004,S&T,Signal_controller,SEC_KAR_KHA,14.11,0.727,0.967,23,2025-01-17,2025-11-03,4,MONITOR,True
AST01005,Engineering,Rail,SEC_SHI_PUN,11.734,0.627,0.673,22,2024-04-04,2024-09-03,5,MONITOR,True
AST01006,Engineering,Rail,SEC_TAL_CHI,18.181,0.685,0.574,10,2024-09-01,2025-02-14,8,RESTRICTED,True
AST01007,Engineering,Turnout,SEC_TAL_CHI,5.721,0.376,0.57,19,2025-12-07,2026-10-25,1,SERVICEABLE,True
AST01008,TRD,Section_insulator,SEC_MUM_DAD,8.41,0.438,0.927,1,2025-11-01,2026-06-07,8,RESTRICTED,True
AST01009,S&T,Signal_controller,SEC_DAD_THA,9.193,0.725,0.448,10,2025-06-04,2026-04-11,3,SERVICEABLE,True
AST01010,TRD,Section_insulator,SEC_KAL_KAR,19.467,0.969,0.459,25,2024-10-16,2025-08-06,4,MONITOR,True
AST01011,S&T,Cable_route,SEC_THA_KAL,11.976,0.787,0.52,21,2024-05-09,2024-10-17,2,MONITOR,True
AST01012,S&T,Signal_controller,SEC_KAR_KHA,4.794,0.699,0.626,20,2024-05-21,2025-04-12,6,SERVICEABLE,True
AST01013,Engineering,Bridge_joint,SEC_KHA_LON,6.015,0.624,0.652,23,2024-08-30,2025-05-28,6,MONITOR,True
AST01014,Engineering,Rail,SEC_LON_TAL,0.832,0.853,0.748,9,2024-04-02,2024-12-02,5,SERVICEABLE,True
AST01015,S&T,Cable_route,SEC_MUM_DAD,14.686,0.779,0.678,26,2025-08-16,2026-06-08,8,MONITOR,True
AST01016,Engineering,Rail,SEC_MUM_DAD,5.317,0.876,0.739,7,2025-01-15,2025-06-03,5,SERVICEABLE,True
AST01017,Engineering,Rail,SEC_KAL_KAR,12.418,0.923,0.784,32,2025-08-05,2026-02-25,2,MONITOR,True
AST01018,S&T,Cable_route,SEC_MUM_DAD,15.656,0.35,0.762,13,2025-08-27,2025-12-29,1,RESTRICTED,True
AST01019,Engineering,Sleeper,SEC_KAL_KAR,2.572,0.6,0.956,2,2024-07-23,2025-06-05,4,MONITOR,True
AST01020,TRD,Catenary,SEC_KAL_KAR,20.183,0.9,0.77,35,2025-03-31,2026-02-08,6,SERVICEABLE,True
AST01021,S&T,Axle_counter,SEC_THA_KAL,3.084,0.825,0.728,16,2025-07-01,2026-06-17,7,MONITOR,True
AST01022,TRD,Section_insulator,SEC_DAD_THA,12.328,0.6,0.819,32,2024-12-11,2025-07-29,1,MONITOR,True
AST01023,TRD,Feeder,SEC_THA_KAL,0.689,0.357,0.582,30,2025-08-21,2026-06-06,7,SERVICEABLE,True
AST01024,TRD,Catenary,SEC_TAL_CHI,17.307,0.978,0.615,30,2025-03-14,2025-06-16,8,SERVICEABLE,True
AST01025,TRD,Feeder,SEC_CHI_SHI,0.839,0.644,0.915,10,2024-12-27,2025-09-16,2,MONITOR,True
AST01026,S&T,Cable_route,SEC_LON_TAL,0.665,0.738,0.508,31,2024-12-02,2025-10-29,8,RESTRICTED,True
AST01027,S&T,Cable_route,SEC_THA_KAL,14.795,0.393,0.418,23,2024-05-03,2025-02-23,2,SERVICEABLE,True
AST01028,Engineering,Rail,SEC_TAL_CHI,18.318,0.978,0.885,31,2025-01-25,2025-08-21,3,SERVICEABLE,True
AST01029,Engineering,Bridge_joint,SEC_LON_TAL,7.737,0.423,0.908,4,2024-04-05,2024-11-09,1,MONITOR,True
AST01030,TRD,OHE_mast,SEC_THA_KAL,6.864,0.983,0.744,29,2024-12-01,2025-05-08,3,SERVICEABLE,True
AST01031,TRD,Feeder,SEC_TAL_CHI,13.338,0.628,0.717,15,2025-05-30,2025-11-18,3,SERVICEABLE,True
AST01032,S&T,Axle_counter,SEC_DAD_THA,2.695,0.846,0.741,9,2025-12-17,2026-09-17,1,MONITOR,True
AST01033,Engineering,Bridge_joint,SEC_KAL_KAR,19.961,0.578,0.94,31,2024-07-28,2025-04-24,2,SERVICEABLE,True
AST01034,TRD,Feeder,SEC_LON_TAL,7.337,0.541,0.471,6,2025-08-14,2026-08-03,3,SERVICEABLE,True
AST01035,S&T,Cable_route,SEC_MUM_DAD,4.426,0.8,0.441,19,2025-04-09,2026-01-23,2,MONITOR,True
AST01036,Engineering,Sleeper,SEC_CHI_SHI,11.067,0.746,0.728,33,2025-02-06,2025-11-27,1,RESTRICTED,True
AST01037,TRD,Section_insulator,SEC_MUM_DAD,0.723,0.564,0.859,27,2025-03-30,2025-10-08,2,SERVICEABLE,True
AST01038,S&T,Cable_route,SEC_MUM_DAD,4.65,0.571,0.442,5,2024-05-24,2024-09-09,6,RESTRICTED,True
AST01039,S&T,Axle_counter,SEC_CHI_SHI,5.735,0.417,0.698,9,2025-03-20,2025-07-09,3,RESTRICTED,True
AST01040,TRD,Feeder,SEC_TAL_CHI,6.017,0.367,0.869,15,2025-12-01,2026-03-29,3,RESTRICTED,True
AST01041,S&T,Point_machine,SEC_MUM_DAD,10.769,0.795,0.658,4,2024-11-21,2025-08-31,6,RESTRICTED,True
AST01042,Engineering,Rail,SEC_TAL_CHI,2.401,0.57,0.951,24,2024-12-27,2025-07-04,3,SERVICEABLE,True
AST01043,Engineering,Rail,SEC_KAL_KAR,9.956,0.984,0.409,35,2024-05-20,2024-09-10,3,SERVICEABLE,True
AST01044,Engineering,Rail,SEC_THA_KAL,9.336,0.574,0.793,19,2025-11-08,2026-07-16,3,MONITOR,True
AST01045,Engineering,Bridge_joint,SEC_TAL_CHI,12.923,0.951,0.524,5,2025-10-05,2026-05-11,5,SERVICEABLE,True
AST01046,TRD,Section_insulator,SEC_KHA_LON,9.26,0.687,0.561,19,2024-02-22,2024-09-24,8,RESTRICTED,True
AST01047,Engineering,Rail,SEC_KHA_LON,10.671,0.48,0.482,32,2025-03-11,2025-07-19,8,SERVICEABLE,True
AST01048,TRD,Catenary,SEC_DAD_THA,4.848,0.797,0.79,10,2025-11-16,2026-06-14,7,SERVICEABLE,True
AST01049,Engineering,Bridge_joint,SEC_MUM_DAD,5.319,0.388,0.913,25,2025-02-18,2025-07-01,6,MONITOR,True
AST01050,Engineering,Bridge_joint,SEC_LON_TAL,3.776,0.468,0.659,15,2025-05-26,2026-03-06,0,RESTRICTED,True
AST01051,TRD,OHE_mast,SEC_CHI_SHI,9.08,0.941,0.944,2,2024-04-08,2024-12-26,3,SERVICEABLE,True
AST01052,TRD,Feeder,SEC_LON_TAL,6.58,0.96,0.959,4,2025-09-02,2026-06-17,4,RESTRICTED,True
AST01053,TRD,Feeder,SEC_SHI_PUN,16.189,0.965,0.68,34,2025-03-31,2025-09-20,3,SERVICEABLE,True
AST01054,Engineering,Turnout,SEC_KAR_KHA,1.416,0.566,0.637,16,2024-06-15,2025-02-11,4,MONITOR,True
AST01055,TRD,Section_insulator,SEC_SHI_PUN,0.376,0.885,0.909,20,2024-05-19,2025-01-28,7,MONITOR,True
AST01056,Engineering,Bridge_joint,SEC_MUM_DAD,9.107,0.612,0.748,23,2024-08-18,2025-03-07,1,MONITOR,True
AST01057,S&T,Cable_route,SEC_DAD_THA,5.716,0.906,0.476,17,2025-03-15,2025-10-23,2,SERVICEABLE,True
AST01058,S&T,Axle_counter,SEC_KAL_KAR,2.831,0.901,0.748,3,2025-06-17,2026-06-01,0,RESTRICTED,True
AST01059,S&T,Signal_controller,SEC_MUM_DAD,18.477,0.784,0.914,17,2025-04-03,2025-07-10,5,RESTRICTED,True
AST01060,S&T,Axle_counter,SEC_SHI_PUN,5.35,0.634,0.707,7,2025-10-04,2026-09-18,3,SERVICEABLE,True
AST01061,TRD,Section_insulator,SEC_LON_TAL,0.691,0.366,0.764,28,2025-03-08,2025-08-18,5,MONITOR,True
AST01062,TRD,Section_insulator,SEC_TAL_CHI,18.478,0.453,0.427,19,2024-03-26,2024-07-09,2,RESTRICTED,True
AST01063,Engineering,Rail,SEC_SHI_PUN,4.831,0.851,0.828,21,2024-07-17,2025-07-02,3,MONITOR,True
AST01064,S&T,Axle_counter,SEC_THA_KAL,8.126,0.712,0.999,6,2025-10-04,2026-04-26,8,RESTRICTED,True
AST01065,TRD,OHE_mast,SEC_CHI_SHI,9.495,0.683,0.59,31,2024-02-16,2025-02-08,3,RESTRICTED,True
AST01066,TRD,Catenary,SEC_KHA_LON,2.954,0.551,0.983,24,2025-04-30,2026-03-19,3,MONITOR,True
AST01067,S&T,Point_machine,SEC_KHA_LON,1.036,0.768,0.763,33,2025-10-05,2026-07-07,7,MONITOR,True
AST01068,Engineering,Sleeper,SEC_CHI_SHI,2.983,0.738,0.878,27,2024-02-01,2024-07-10,5,MONITOR,True
AST01069,Engineering,Rail,SEC_LON_TAL,3.586,0.755,0.864,10,2024-05-12,2025-04-20,2,MONITOR,True
AST01070,Engineering,Sleeper,SEC_DAD_THA,5.437,0.906,0.9,31,2025-09-10,2026-02-11,0,RESTRICTED,True
AST01071,Engineering,Rail,SEC_THA_KAL,10.944,0.577,0.641,34,2024-11-20,2025-09-22,8,SERVICEABLE,True
AST01072,S&T,Cable_route,SEC_DAD_THA,4.394,0.986,0.427,22,2024-04-26,2024-09-18,5,MONITOR,True
AST01073,TRD,Feeder,SEC_LON_TAL,2.495,0.813,0.754,31,2025-08-07,2026-02-06,8,SERVICEABLE,True
AST01074,Engineering,Rail,SEC_SHI_PUN,13.366,0.631,0.705,30,2024-11-29,2025-08-10,4,SERVICEABLE,True
AST01075,Engineering,Turnout,SEC_TAL_CHI,6.752,0.89,0.656,34,2024-07-03,2025-06-18,5,MONITOR,True
AST01076,TRD,Catenary,SEC_THA_KAL,0.983,0.528,0.928,14,2024-10-08,2025-09-28,5,SERVICEABLE,True
AST01077,TRD,Section_insulator,SEC_THA_KAL,2.597,0.493,0.502,18,2024-08-11,2025-06-21,4,RESTRICTED,True
AST01078,Engineering,Sleeper,SEC_KAR_KHA,2.27,0.833,0.416,14,2024-06-05,2025-05-21,0,RESTRICTED,True
AST01079,S&T,Signal_controller,SEC_MUM_DAD,9.53,0.53,0.969,2,2024-12-09,2025-06-21,6,RESTRICTED,True
AST01080,TRD,Catenary,SEC_TAL_CHI,5.851,0.919,0.696,8,2025-08-22,2026-07-05,1,SERVICEABLE,True
AST01081,TRD,OHE_mast,SEC_KHA_LON,9.535,0.45,0.601,15,2025-10-07,2026-06-21,7,RESTRICTED,True
AST01082,S&T,Axle_counter,SEC_KHA_LON,10.575,0.947,0.877,3,2024-10-05,2025-02-23,5,SERVICEABLE,True
AST01083,S&T,Axle_counter,SEC_MUM_DAD,4.849,0.52,0.491,25,2025-05-11,2025-11-17,2,RESTRICTED,True
AST01084,TRD,Section_insulator,SEC_THA_KAL,4.282,0.352,0.44,6,2024-07-12,2025-01-27,8,RESTRICTED,True
AST01085,Engineering,Sleeper,SEC_MUM_DAD,8.175,0.754,0.541,17,2024-04-03,2025-01-12,5,MONITOR,True
AST01086,S&T,Signal_controller,SEC_KAR_KHA,13.038,0.664,0.778,19,2024-02-07,2025-01-10,5,RESTRICTED,True
AST01087,TRD,Section_insulator,SEC_DAD_THA,2.891,0.558,0.797,19,2024-10-19,2025-09-02,1,SERVICEABLE,True
AST01088,TRD,Section_insulator,SEC_DAD_THA,4.532,0.888,0.918,26,2025-08-13,2026-07-16,6,RESTRICTED,True
AST01089,Engineering,Rail,SEC_KAR_KHA,4.223,0.71,0.594,14,2024-10-30,2025-02-28,5,MONITOR,True
AST01090,TRD,Feeder,SEC_LON_TAL,3.401,0.816,0.604,4,2025-03-23,2026-02-24,0,MONITOR,True
AST01091,TRD,Feeder,SEC_KAL_KAR,13.76,0.849,0.466,11,2024-06-22,2025-01-03,5,SERVICEABLE,True
AST01092,S&T,Axle_counter,SEC_MUM_DAD,15.595,0.841,0.732,6,2025-01-15,2025-10-12,0,RESTRICTED,True
AST01093,Engineering,Turnout,SEC_CHI_SHI,2.436,0.9,0.538,11,2024-06-22,2025-04-10,2,MONITOR,True
AST01094,TRD,Feeder,SEC_KAL_KAR,13.293,0.891,0.853,16,2025-12-09,2026-03-27,8,SERVICEABLE,True
AST01095,S&T,Point_machine,SEC_TAL_CHI,0.925,0.497,0.863,19,2025-02-17,2025-05-30,3,SERVICEABLE,True
AST01096,TRD,OHE_mast,SEC_LON_TAL,5.526,0.399,0.703,9,2025-03-21,2025-08-01,6,SERVICEABLE,True
AST01097,Engineering,Sleeper,SEC_DAD_THA,9.482,0.852,0.655,26,2025-06-07,2026-02-11,0,MONITOR,True
AST01098,TRD,Feeder,SEC_KAL_KAR,2.478,0.625,0.533,31,2024-12-02,2025-07-29,6,RESTRICTED,True
AST01099,TRD,Feeder,SEC_KAR_KHA,14.069,0.595,0.996,35,2024-07-22,2025-02-22,6,MONITOR,True
AST01100,S&T,Axle_counter,SEC_TAL_CHI,4.469,0.636,0.686,2,2024-11-11,2025-06-07,1,RESTRICTED,True
AST01101,TRD,Section_insulator,SEC_THA_KAL,17.152,0.483,0.965,6,2025-09-16,2026-03-11,3,SERVICEABLE,True
AST01102,Engineering,Bridge_joint,SEC_SHI_PUN,18.848,0.388,0.696,34,2024-05-21,2024-12-16,6,MONITOR,True
AST01103,S&T,Cable_route,SEC_THA_KAL,0.869,0.792,0.853,27,2025-12-17,2026-08-01,7,RESTRICTED,True
AST01104,TRD,Section_insulator,SEC_KAL_KAR,7.779,0.94,0.655,31,2024-07-14,2024-11-22,1,MONITOR,True
AST01105,Engineering,Rail,SEC_THA_KAL,11.05,0.63,0.983,8,2025-07-05,2026-01-12,0,MONITOR,True
AST01106,TRD,Catenary,SEC_CHI_SHI,5.834,0.54,0.661,27,2024-11-09,2025-02-11,4,RESTRICTED,True
AST01107,S&T,Cable_route,SEC_CHI_SHI,3.894,0.441,0.714,24,2024-05-24,2024-11-14,3,RESTRICTED,True
AST01108,S&T,Cable_route,SEC_CHI_SHI,7.215,0.949,0.956,31,2024-09-05,2025-03-21,2,SERVICEABLE,True
AST01109,S&T,Point_machine,SEC_MUM_DAD,6.235,0.393,0.986,12,2025-07-22,2026-06-17,4,RESTRICTED,True
AST01110,Engineering,Sleeper,SEC_DAD_THA,6.956,0.75,0.757,22,2025-09-17,2026-01-16,1,MONITOR,True
AST01111,S&T,Signal_controller,SEC_KHA_LON,7.482,0.875,0.921,13,2025-03-16,2025-11-06,4,MONITOR,True
AST01112,S&T,Point_machine,SEC_KAR_KHA,8.736,0.416,0.53,13,2025-10-04,2026-03-21,2,MONITOR,True
AST01113,S&T,Axle_counter,SEC_THA_KAL,16.882,0.969,0.842,25,2025-01-18,2025-09-06,7,SERVICEABLE,True
AST01114,Engineering,Rail,SEC_KAL_KAR,23.7,0.442,0.685,6,2024-04-02,2024-09-14,0,MONITOR,True
AST01115,Engineering,Rail,SEC_THA_KAL,10.877,0.559,0.7,29,2024-10-13,2025-09-09,1,SERVICEABLE,True
AST01116,S&T,Point_machine,SEC_LON_TAL,6.508,0.887,0.59,31,2024-12-24,2025-08-30,1,RESTRICTED,True
AST01117,Engineering,Sleeper,SEC_KAR_KHA,11.048,0.664,0.873,28,2024-05-28,2025-04-09,1,RESTRICTED,True
AST01118,TRD,Section_insulator,SEC_THA_KAL,0.633,0.816,0.528,24,2024-09-01,2025-05-26,8,SERVICEABLE,True
AST01119,TRD,Section_insulator,SEC_THA_KAL,19.753,0.581,0.517,1,2025-06-05,2026-04-17,4,MONITOR,True
AST01120,Engineering,Turnout,SEC_KAR_KHA,7.838,0.371,0.565,1,2024-04-10,2024-11-25,7,MONITOR,True
AST01121,Engineering,Turnout,SEC_KAR_KHA,9.723,0.664,0.684,2,2024-08-27,2025-07-15,8,SERVICEABLE,True
AST01122,Engineering,Turnout,SEC_MUM_DAD,11.935,0.403,0.9,10,2025-06-24,2025-11-28,1,SERVICEABLE,True
AST01123,TRD,OHE_mast,SEC_KHA_LON,1.244,0.769,0.842,35,2025-03-13,2025-09-18,5,RESTRICTED,True
AST01124,TRD,Catenary,SEC_SHI_PUN,16.254,0.952,0.642,24,2024-07-12,2024-10-17,0,SERVICEABLE,True
AST01125,Engineering,Sleeper,SEC_KAR_KHA,1.392,0.739,0.813,29,2025-11-07,2026-06-26,6,SERVICEABLE,True
AST01126,S&T,Axle_counter,SEC_KAR_KHA,4.313,0.648,0.902,23,2025-08-24,2026-05-15,1,RESTRICTED,True
AST01127,TRD,OHE_mast,SEC_DAD_THA,11.805,0.553,0.776,12,2025-09-25,2026-03-29,0,SERVICEABLE,True
AST01128,Engineering,Sleeper,SEC_KHA_LON,5.504,0.828,0.843,16,2025-02-10,2025-08-16,4,SERVICEABLE,True
AST01129,TRD,Section_insulator,SEC_THA_KAL,5.975,0.885,0.564,21,2024-10-25,2025-05-18,3,SERVICEABLE,True
AST01130,TRD,Section_insulator,SEC_TAL_CHI,5.259,0.573,0.785,32,2024-12-24,2025-09-26,7,RESTRICTED,True
AST01131,S&T,Signal_controller,SEC_MUM_DAD,18.438,0.714,0.996,25,2025-07-16,2026-07-16,6,MONITOR,True
AST01132,S&T,Cable_route,SEC_KAL_KAR,8.264,0.408,0.864,33,2024-06-06,2025-01-19,4,SERVICEABLE,True
AST01133,TRD,Section_insulator,SEC_MUM_DAD,17.902,0.654,0.68,34,2024-02-17,2024-08-20,5,MONITOR,True
AST01134,S&T,Point_machine,SEC_SHI_PUN,20.262,0.906,0.405,21,2025-09-06,2026-06-06,6,MONITOR,True
AST01135,TRD,Section_insulator,SEC_DAD_THA,2.486,0.649,0.512,23,2025-02-12,2025-08-04,0,MONITOR,True
AST01136,S&T,Point_machine,SEC_SHI_PUN,12.984,0.884,0.552,28,2024-11-09,2025-10-07,5,RESTRICTED,True
AST01137,TRD,Feeder,SEC_LON_TAL,2.585,0.619,0.864,15,2024-07-21,2024-12-13,6,RESTRICTED,True
AST01138,Engineering,Sleeper,SEC_CHI_SHI,2.058,0.477,0.983,20,2024-04-20,2025-04-13,2,SERVICEABLE,True
AST01139,S&T,Cable_route,SEC_MUM_DAD,18.837,0.644,0.499,20,2025-07-31,2026-04-24,0,RESTRICTED,True
AST01140,Engineering,Sleeper,SEC_THA_KAL,6.445,0.899,0.662,6,2025-06-16,2026-01-12,3,SERVICEABLE,True
AST01141,S&T,Cable_route,SEC_MUM_DAD,9.318,0.702,0.636,23,2025-09-11,2026-08-08,3,MONITOR,True
AST01142,S&T,Point_machine,SEC_TAL_CHI,13.871,0.554,0.961,7,2024-11-21,2025-04-25,6,MONITOR,True
AST01143,TRD,Feeder,SEC_SHI_PUN,8.91,0.779,0.982,5,2025-01-01,2025-12-07,0,SERVICEABLE,True
AST01144,S&T,Signal_controller,SEC_KAL_KAR,8.908,0.741,0.851,22,2024-07-27,2024-10-25,1,RESTRICTED,True
AST01145,Engineering,Sleeper,SEC_TAL_CHI,3.765,0.409,0.63,14,2025-02-16,2025-12-25,2,MONITOR,True
AST01146,Engineering,Turnout,SEC_KAR_KHA,6.053,0.963,0.653,31,2025-11-17,2026-06-28,2,MONITOR,True
AST01147,S&T,Axle_counter,SEC_TAL_CHI,15.821,0.864,0.407,23,2025-09-10,2026-07-04,5,SERVICEABLE,True
AST01148,S&T,Point_machine,SEC_TAL_CHI,0.326,0.544,0.555,26,2024-10-16,2025-02-10,1,RESTRICTED,True
AST01149,TRD,Section_insulator,SEC_TAL_CHI,13.984,0.853,0.988,35,2024-12-14,2025-05-10,8,MONITOR,True
AST01150,S&T,Axle_counter,SEC_THA_KAL,0.247,0.87,0.837,17,2025-06-03,2026-05-22,7,MONITOR,True
AST01151,Engineering,Bridge_joint,SEC_KAR_KHA,0.713,0.382,0.76,32,2024-09-07,2025-06-11,5,MONITOR,True
AST01152,TRD,Section_insulator,SEC_KAR_KHA,11.902,0.464,0.614,2,2024-06-15,2025-01-27,0,MONITOR,True
AST01153,TRD,Section_insulator,SEC_MUM_DAD,11.604,0.823,0.549,23,2025-11-15,2026-11-12,1,RESTRICTED,True
AST01154,Engineering,Sleeper,SEC_THA_KAL,13.429,0.972,0.813,28,2025-03-16,2025-12-07,3,RESTRICTED,True
AST01155,S&T,Point_machine,SEC_MUM_DAD,1.578,0.74,0.834,24,2025-11-13,2026-04-27,1,MONITOR,True
AST01156,S&T,Axle_counter,SEC_KHA_LON,10.988,0.364,0.97,20,2024-10-16,2025-08-07,4,RESTRICTED,True
AST01157,S&T,Axle_counter,SEC_LON_TAL,8.092,0.987,0.769,13,2024-05-17,2024-12-26,8,SERVICEABLE,True
AST01158,S&T,Axle_counter,SEC_KHA_LON,6.831,0.828,0.867,14,2024-10-01,2025-05-19,4,RESTRICTED,True
AST01159,S&T,Axle_counter,SEC_SHI_PUN,9.018,0.353,0.524,12,2025-03-06,2025-10-21,6,RESTRICTED,True
AST01160,Engineering,Turnout,SEC_KAR_KHA,7.217,0.494,0.825,21,2025-09-14,2026-04-05,3,SERVICEABLE,True
AST01161,S&T,Cable_route,SEC_SHI_PUN,18.599,0.697,0.685,27,2024-03-12,2024-11-25,8,SERVICEABLE,True
AST01162,TRD,Section_insulator,SEC_KHA_LON,4.166,0.897,0.699,29,2025-07-20,2026-06-11,8,RESTRICTED,True
AST01163,Engineering,Bridge_joint,SEC_KAR_KHA,6.301,0.709,0.607,6,2024-03-16,2025-02-18,3,RESTRICTED,True
AST01164,S&T,Cable_route,SEC_KAR_KHA,4.591,0.369,0.775,21,2024-09-16,2025-08-11,2,RESTRICTED,True
AST01165,TRD,Feeder,SEC_LON_TAL,8.345,0.983,0.625,2,2025-03-07,2026-02-11,8,SERVICEABLE,True
AST01166,TRD,OHE_mast,SEC_DAD_THA,5.146,0.464,0.495,14,2025-08-31,2026-04-26,6,RESTRICTED,True
AST01167,TRD,Section_insulator,SEC_KAL_KAR,10.078,0.753,0.799,18,2025-01-29,2025-10-31,5,RESTRICTED,True
AST01168,S&T,Point_machine,SEC_KAL_KAR,20.597,0.879,0.67,32,2024-09-03,2025-04-27,2,MONITOR,True
AST01169,TRD,OHE_mast,SEC_CHI_SHI,9.868,0.787,0.459,30,2024-02-20,2024-08-16,6,MONITOR,True
AST01170,TRD,Catenary,SEC_MUM_DAD,12.05,0.989,0.76,9,2024-04-07,2025-03-20,6,SERVICEABLE,True
AST01171,TRD,Catenary,SEC_THA_KAL,12.09,0.365,0.761,31,2025-09-20,2026-06-26,6,RESTRICTED,True
AST01172,S&T,Signal_controller,SEC_THA_KAL,9.741,0.95,0.953,16,2025-06-26,2026-05-23,5,SERVICEABLE,True
AST01173,TRD,OHE_mast,SEC_MUM_DAD,4.097,0.788,0.666,30,2024-09-08,2025-04-11,3,SERVICEABLE,True
AST01174,TRD,OHE_mast,SEC_SHI_PUN,18.843,0.812,0.442,11,2025-04-16,2026-03-08,0,RESTRICTED,True
AST01175,S&T,Point_machine,SEC_CHI_SHI,11.817,0.963,0.93,25,2025-10-11,2026-08-10,8,SERVICEABLE,True
AST01176,S&T,Axle_counter,SEC_TAL_CHI,9.476,0.88,0.835,4,2025-02-26,2025-12-16,0,MONITOR,True
AST01177,TRD,Feeder,SEC_LON_TAL,6.62,0.835,0.748,7,2025-07-26,2026-03-07,1,RESTRICTED,True
AST01178,Engineering,Turnout,SEC_LON_TAL,5.536,0.484,0.458,10,2025-04-18,2026-03-21,1,MONITOR,True
AST01179,S&T,Point_machine,SEC_KAL_KAR,18.162,0.562,0.67,22,2025-02-23,2026-01-06,4,RESTRICTED,True
AST01180,TRD,OHE_mast,SEC_THA_KAL,3.217,0.913,0.738,19,2025-11-26,2026-06-17,4,MONITOR,True
AST01181,S&T,Signal_controller,SEC_SHI_PUN,14.28,0.449,0.883,31,2024-09-28,2025-05-26,2,SERVICEABLE,True
AST01182,S&T,Cable_route,SEC_LON_TAL,2.23,0.723,0.489,15,2025-11-24,2026-06-10,0,MONITOR,True
AST01183,TRD,Feeder,SEC_TAL_CHI,12.16,0.726,0.701,11,2025-01-04,2025-06-22,8,MONITOR,True
AST01184,TRD,Feeder,SEC_THA_KAL,18.439,0.924,0.409,31,2025-06-26,2026-05-29,1,MONITOR,True
AST01185,Engineering,Turnout,SEC_KAL_KAR,5.452,0.766,0.614,18,2024-04-08,2024-09-06,7,RESTRICTED,True
AST01186,S&T,Axle_counter,SEC_CHI_SHI,10.671,0.605,0.459,13,2024-12-15,2025-03-31,5,RESTRICTED,True
AST01187,Engineering,Turnout,SEC_CHI_SHI,11.419,0.636,0.714,35,2025-10-02,2026-01-28,3,MONITOR,True
AST01188,S&T,Signal_controller,SEC_KAL_KAR,5.548,0.977,0.559,30,2025-06-24,2025-10-12,4,SERVICEABLE,True
AST01189,S&T,Signal_controller,SEC_DAD_THA,11.653,0.389,0.537,9,2024-07-05,2025-03-07,7,MONITOR,True
AST01190,Engineering,Rail,SEC_KHA_LON,9.375,0.425,0.45,5,2025-06-04,2026-05-04,3,SERVICEABLE,True
AST01191,S&T,Signal_controller,SEC_SHI_PUN,10.999,0.901,0.467,1,2024-05-06,2025-03-12,7,RESTRICTED,True
AST01192,Engineering,Bridge_joint,SEC_MUM_DAD,4.961,0.665,0.506,27,2024-04-16,2024-11-30,8,MONITOR,True
AST01193,S&T,Cable_route,SEC_KAR_KHA,4.166,0.526,0.737,35,2025-04-12,2026-01-01,4,RESTRICTED,True
AST01194,TRD,OHE_mast,SEC_THA_KAL,10.368,0.667,0.507,21,2024-07-19,2025-06-14,6,RESTRICTED,True
AST01195,TRD,OHE_mast,SEC_TAL_CHI,6.777,0.848,0.858,35,2025-06-18,2025-12-24,3,MONITOR,True
AST01196,S&T,Cable_route,SEC_KHA_LON,9.098,0.944,0.526,31,2025-09-08,2026-05-09,2,MONITOR,True
AST01197,Engineering,Sleeper,SEC_LON_TAL,6.607,0.558,0.71,11,2024-04-07,2024-09-24,7,RESTRICTED,True
AST01198,S&T,Point_machine,SEC_KAR_KHA,3.62,0.587,0.584,17,2024-08-26,2025-04-28,5,RESTRICTED,True
AST01199,TRD,Feeder,SEC_KAR_KHA,6.645,0.838,0.642,26,2024-10-21,2025-01-21,6,MONITOR,True
AST01200,S&T,Signal_controller,SEC_TAL_CHI,15.057,0.774,0.554,2,2025-05-29,2025-12-11,5,SERVICEABLE,True
AST01201,TRD,Feeder,SEC_LON_TAL,2.797,0.632,0.564,13,2025-05-16,2026-04-28,1,SERVICEABLE,True
AST01202,Engineering,Turnout,SEC_TAL_CHI,18.459,0.79,0.945,31,2025-11-05,2026-08-21,7,SERVICEABLE,True
AST01203,TRD,Feeder,SEC_MUM_DAD,2.059,0.586,0.954,22,2025-03-15,2026-03-15,1,MONITOR,True
AST01204,Engineering,Rail,SEC_KHA_LON,11.572,0.727,0.744,27,2025-07-20,2026-01-03,8,SERVICEABLE,True
AST01205,TRD,Catenary,SEC_KHA_LON,6.824,0.873,0.814,17,2024-05-31,2025-05-27,2,SERVICEABLE,True
AST01206,S&T,Cable_route,SEC_KHA_LON,10.726,0.556,0.537,29,2025-05-17,2025-11-17,5,MONITOR,True
AST01207,Engineering,Turnout,SEC_KAR_KHA,9.39,0.761,0.656,2,2025-08-01,2025-12-30,7,SERVICEABLE,True
AST01208,S&T,Axle_counter,SEC_CHI_SHI,4.496,0.909,0.596,28,2025-11-20,2026-11-03,8,MONITOR,True
AST01209,TRD,Section_insulator,SEC_DAD_THA,9.464,0.69,0.879,6,2024-05-30,2024-10-24,1,RESTRICTED,True
AST01210,TRD,Catenary,SEC_DAD_THA,9.881,0.639,0.928,28,2025-03-14,2026-02-05,2,RESTRICTED,True
AST01211,TRD,OHE_mast,SEC_THA_KAL,13.744,0.85,0.844,22,2024-09-14,2025-09-09,6,SERVICEABLE,True
AST01212,TRD,Section_insulator,SEC_MUM_DAD,12.143,0.494,0.656,25,2025-12-03,2026-03-07,4,SERVICEABLE,True
AST01213,S&T,Cable_route,SEC_CHI_SHI,5.488,0.922,0.829,13,2024-05-13,2025-02-08,2,SERVICEABLE,True
AST01214,Engineering,Sleeper,SEC_KAR_KHA,2.895,0.849,0.724,2,2024-06-24,2024-10-12,1,MONITOR,True
AST01215,TRD,Catenary,SEC_KAL_KAR,4.913,0.499,0.952,11,2024-10-14,2025-05-30,5,SERVICEABLE,True
AST01216,Engineering,Bridge_joint,SEC_DAD_THA,10.736,0.905,0.913,25,2025-11-26,2026-10-09,3,MONITOR,True
AST01217,Engineering,Bridge_joint,SEC_TAL_CHI,7.884,0.409,0.505,14,2024-11-28,2025-04-30,8,SERVICEABLE,True
AST01218,Engineering,Sleeper,SEC_DAD_THA,12.094,0.472,0.991,23,2025-02-01,2025-11-30,8,MONITOR,True
AST01219,TRD,Section_insulator,SEC_CHI_SHI,1.418,0.593,0.652,30,2025-12-06,2026-03-09,1,MONITOR,True
AST01220,TRD,Section_insulator,SEC_DAD_THA,5.635,0.766,0.886,20,2025-05-02,2025-09-12,7,SERVICEABLE,True
AST01221,TRD,Section_insulator,SEC_MUM_DAD,2.818,0.432,0.493,16,2025-06-24,2025-09-26,7,SERVICEABLE,True
AST01222,Engineering,Sleeper,SEC_KAR_KHA,5.821,0.46,0.962,27,2025-07-14,2026-05-14,2,RESTRICTED,True
AST01223,S&T,Signal_controller,SEC_KHA_LON,10.42,0.668,0.584,8,2025-07-09,2025-10-22,5,MONITOR,True
AST01224,S&T,Cable_route,SEC_MUM_DAD,15.225,0.372,0.923,22,2025-11-23,2026-10-19,6,SERVICEABLE,True
AST01225,S&T,Point_machine,SEC_SHI_PUN,16.263,0.36,0.938,11,2025-07-14,2025-12-02,1,MONITOR,True
AST01226,Engineering,Rail,SEC_TAL_CHI,9.156,0.436,0.762,27,2024-06-21,2025-05-02,0,MONITOR,True
AST01227,TRD,Feeder,SEC_KAR_KHA,2.073,0.656,0.849,35,2024-12-13,2025-05-01,3,SERVICEABLE,True
AST01228,Engineering,Sleeper,SEC_THA_KAL,4.85,0.531,0.769,6,2025-09-16,2026-07-09,3,SERVICEABLE,True
AST01229,TRD,Catenary,SEC_KAR_KHA,5.158,0.681,0.993,30,2024-02-07,2025-01-28,4,SERVICEABLE,True
AST01230,TRD,Feeder,SEC_KHA_LON,7.863,0.858,0.988,3,2024-11-23,2025-03-17,0,SERVICEABLE,True
AST01231,S&T,Axle_counter,SEC_KAL_KAR,3.963,0.66,0.606,21,2025-12-11,2026-11-12,6,MONITOR,True
AST01232,Engineering,Bridge_joint,SEC_SHI_PUN,5.979,0.769,0.709,29,2025-08-24,2026-04-14,5,MONITOR,True
AST01233,Engineering,Turnout,SEC_KHA_LON,9.574,0.774,0.801,32,2024-06-08,2025-04-27,5,RESTRICTED,True
AST01234,TRD,OHE_mast,SEC_KHA_LON,5.107,0.411,0.985,2,2024-06-14,2024-11-15,1,SERVICEABLE,True
AST01235,S&T,Cable_route,SEC_THA_KAL,18.492,0.704,0.964,20,2024-09-15,2025-07-25,8,SERVICEABLE,True
AST01236,TRD,Catenary,SEC_THA_KAL,17.791,0.819,0.612,15,2025-12-05,2026-06-14,2,RESTRICTED,True
AST01237,S&T,Axle_counter,SEC_CHI_SHI,4.368,0.59,0.46,15,2024-06-27,2024-12-19,2,RESTRICTED,True
AST01238,S&T,Signal_controller,SEC_THA_KAL,11.49,0.381,0.981,28,2025-05-29,2026-01-16,6,MONITOR,True
AST01239,TRD,Feeder,SEC_TAL_CHI,9.226,0.398,0.825,9,2025-02-18,2025-05-19,4,SERVICEABLE,True
AST01240,S&T,Axle_counter,SEC_MUM_DAD,14.682,0.876,0.859,9,2025-07-28,2026-06-29,3,MONITOR,True
AST01241,Engineering,Bridge_joint,SEC_LON_TAL,4.997,0.495,0.969,16,2024-12-29,2025-05-04,2,MONITOR,True
AST01242,Engineering,Sleeper,SEC_KAL_KAR,10.679,0.758,0.712,18,2025-01-21,2025-04-26,8,SERVICEABLE,True
AST01243,S&T,Point_machine,SEC_KAL_KAR,15.858,0.448,0.928,20,2025-08-17,2026-07-05,5,MONITOR,True
AST01244,Engineering,Bridge_joint,SEC_KAR_KHA,1.837,0.911,0.815,30,2024-10-12,2025-04-06,7,MONITOR,True
AST01245,Engineering,Rail,SEC_DAD_THA,12.819,0.885,0.978,24,2025-04-19,2026-03-28,6,SERVICEABLE,True
AST01246,S&T,Axle_counter,SEC_KAR_KHA,13.063,0.56,0.8,18,2025-04-09,2026-03-25,4,MONITOR,True
AST01247,Engineering,Rail,SEC_DAD_THA,9.192,0.492,0.66,32,2025-04-18,2026-03-27,4,SERVICEABLE,True
AST01248,S&T,Point_machine,SEC_CHI_SHI,7.24,0.907,0.801,25,2024-04-10,2025-03-31,0,RESTRICTED,True
AST01249,Engineering,Rail,SEC_SHI_PUN,2.223,0.872,0.831,16,2024-12-18,2025-10-19,0,MONITOR,True
AST01250,S&T,Point_machine,SEC_TAL_CHI,11.28,0.87,0.777,34,2025-11-14,2026-09-04,6,RESTRICTED,True
AST01251,Engineering,Sleeper,SEC_SHI_PUN,4.143,0.939,0.881,22,2025-09-12,2026-05-09,7,MONITOR,True
AST01252,TRD,Section_insulator,SEC_KHA_LON,11.53,0.852,0.595,16,2025-03-14,2026-01-26,4,SERVICEABLE,True
AST01253,Engineering,Turnout,SEC_LON_TAL,6.337,0.564,0.77,12,2024-07-29,2024-12-11,3,MONITOR,True
AST01254,TRD,OHE_mast,SEC_DAD_THA,8.253,0.759,0.854,21,2024-03-26,2025-03-05,3,MONITOR,True
AST01255,S&T,Point_machine,SEC_KHA_LON,4.056,0.964,0.594,29,2024-12-17,2025-06-06,1,SERVICEABLE,True
AST01256,S&T,Cable_route,SEC_CHI_SHI,8.342,0.464,0.771,19,2024-05-28,2025-05-28,1,SERVICEABLE,True
AST01257,Engineering,Rail,SEC_SHI_PUN,20.562,0.808,0.72,26,2025-03-28,2025-09-08,6,SERVICEABLE,True
AST01258,TRD,OHE_mast,SEC_KAR_KHA,9.541,0.633,0.424,6,2025-01-25,2025-08-18,8,SERVICEABLE,True
AST01259,S&T,Cable_route,SEC_MUM_DAD,9.649,0.632,0.887,15,2025-04-15,2025-11-06,2,SERVICEABLE,True
AST01260,TRD,Catenary,SEC_MUM_DAD,16.659,0.706,0.999,31,2024-09-29,2025-07-28,3,MONITOR,True
AST01261,Engineering,Bridge_joint,SEC_SHI_PUN,19.978,0.864,0.558,25,2025-03-30,2025-12-31,5,MONITOR,True
AST01262,Engineering,Turnout,SEC_CHI_SHI,4.303,0.859,0.747,9,2025-01-27,2025-08-31,1,RESTRICTED,True
AST01263,S&T,Point_machine,SEC_CHI_SHI,3.79,0.648,0.745,15,2024-12-31,2025-07-23,0,MONITOR,True
AST01264,S&T,Point_machine,SEC_TAL_CHI,11.626,0.708,0.735,5,2025-06-30,2025-10-09,0,MONITOR,True
AST01265,TRD,Catenary,SEC_DAD_THA,8.796,0.956,0.837,5,2025-03-15,2025-10-20,7,MONITOR,True
AST01266,S&T,Signal_controller,SEC_LON_TAL,1.882,0.796,0.583,29,2025-02-08,2026-02-08,3,RESTRICTED,True
AST01267,S&T,Point_machine,SEC_THA_KAL,16.238,0.806,0.615,21,2025-12-16,2026-04-12,1,SERVICEABLE,True
AST01268,S&T,Axle_counter,SEC_CHI_SHI,4.969,0.977,0.864,11,2025-06-06,2026-01-09,2,SERVICEABLE,True
AST01269,Engineering,Bridge_joint,SEC_DAD_THA,4.33,0.865,0.629,7,2024-11-04,2025-08-19,7,SERVICEABLE,True
AST01270,TRD,Catenary,SEC_DAD_THA,4.068,0.67,0.511,12,2024-10-08,2025-05-15,6,SERVICEABLE,True
AST01271,Engineering,Turnout,SEC_DAD_THA,4.431,0.363,0.764,7,2024-07-04,2025-02-10,8,SERVICEABLE,True
AST01272,S&T,Cable_route,SEC_DAD_THA,2.249,0.559,0.584,34,2025-12-10,2026-03-12,5,SERVICEABLE,True
AST01273,Engineering,Sleeper,SEC_SHI_PUN,11.245,0.412,0.81,35,2025-05-13,2026-02-03,2,RESTRICTED,True
AST01274,TRD,Catenary,SEC_TAL_CHI,13.874,0.871,0.667,12,2024-07-21,2025-01-03,0,RESTRICTED,True
AST01275,Engineering,Turnout,SEC_KAR_KHA,1.759,0.457,0.46,12,2024-04-27,2025-04-17,3,RESTRICTED,True
AST01276,Engineering,Turnout,SEC_TAL_CHI,18.208,0.778,0.439,25,2024-09-20,2025-02-16,3,MONITOR,True
AST01277,Engineering,Sleeper,SEC_TAL_CHI,3.773,0.388,0.989,26,2025-11-10,2026-08-10,7,RESTRICTED,True
AST01278,S&T,Axle_counter,SEC_CHI_SHI,1.171,0.684,0.854,21,2024-07-01,2025-06-28,3,MONITOR,True
AST01279,TRD,Catenary,SEC_TAL_CHI,14.989,0.609,0.626,19,2024-03-21,2025-01-23,7,SERVICEABLE,True
AST01280,TRD,OHE_mast,SEC_KHA_LON,6.689,0.985,0.862,25,2025-02-12,2026-01-22,0,RESTRICTED,True
AST01281,Engineering,Sleeper,SEC_DAD_THA,4.016,0.823,0.721,35,2025-06-28,2026-03-05,0,MONITOR,True
AST01282,TRD,Catenary,SEC_KHA_LON,11.42,0.685,0.507,4,2024-10-04,2025-09-19,5,RESTRICTED,True
AST01283,S&T,Axle_counter,SEC_KAL_KAR,2.454,0.397,0.522,12,2025-05-10,2026-01-18,3,RESTRICTED,True
AST01284,S&T,Axle_counter,SEC_MUM_DAD,17.905,0.353,0.544,14,2025-08-25,2026-04-20,5,SERVICEABLE,True
AST01285,TRD,Catenary,SEC_KHA_LON,10.872,0.441,0.548,26,2025-11-07,2026-04-25,4,MONITOR,True
AST01286,S&T,Cable_route,SEC_KAL_KAR,22.535,0.616,0.648,18,2024-10-29,2025-02-01,4,SERVICEABLE,True
AST01287,TRD,Section_insulator,SEC_SHI_PUN,0.333,0.432,0.814,26,2025-11-10,2026-09-25,1,RESTRICTED,True
AST01288,Engineering,Rail,SEC_THA_KAL,19.101,0.694,0.5,32,2025-10-15,2026-04-16,4,RESTRICTED,True
AST01289,S&T,Point_machine,SEC_KAR_KHA,8.353,0.419,0.472,19,2024-05-18,2024-12-27,3,SERVICEABLE,True
AST01290,S&T,Point_machine,SEC_KAL_KAR,3.133,0.42,0.537,3,2024-08-29,2025-07-30,6,SERVICEABLE,True
AST01291,Engineering,Rail,SEC_KAL_KAR,10.502,0.633,0.861,24,2024-09-30,2025-03-12,8,SERVICEABLE,True
AST01292,Engineering,Turnout,SEC_MUM_DAD,11.084,0.94,0.61,10,2025-01-07,2025-08-13,3,RESTRICTED,True
AST01293,Engineering,Bridge_joint,SEC_LON_TAL,1.368,0.494,0.776,19,2024-07-23,2024-11-22,5,RESTRICTED,True
AST01294,S&T,Point_machine,SEC_MUM_DAD,16.926,0.534,0.497,5,2025-04-15,2026-04-10,8,MONITOR,True
AST01295,Engineering,Rail,SEC_DAD_THA,5.327,0.813,0.593,35,2025-12-05,2026-05-30,0,SERVICEABLE,True
AST01296,Engineering,Sleeper,SEC_MUM_DAD,7.461,0.898,0.857,4,2024-11-21,2025-04-21,0,RESTRICTED,True
AST01297,S&T,Axle_counter,SEC_MUM_DAD,12.63,0.531,0.77,31,2024-05-16,2025-02-27,7,RESTRICTED,True
AST01298,Engineering,Bridge_joint,SEC_SHI_PUN,5.693,0.641,0.928,30,2024-08-19,2025-02-03,3,SERVICEABLE,True
AST01299,TRD,Catenary,SEC_LON_TAL,8.373,0.626,0.58,11,2024-12-11,2025-03-21,0,MONITOR,True
AST01300,TRD,Catenary,SEC_LON_TAL,1.135,0.62,0.651,23,2025-05-23,2026-03-16,7,MONITOR,True
AST01301,TRD,Feeder,SEC_KHA_LON,4.066,0.482,0.53,26,2025-08-08,2026-08-04,3,RESTRICTED,True
AST01302,Engineering,Turnout,SEC_TAL_CHI,10.79,0.487,0.485,27,2024-12-04,2025-08-08,1,RESTRICTED,True
AST01303,S&T,Point_machine,SEC_KAR_KHA,14.023,0.489,0.731,27,2025-10-31,2026-05-11,2,RESTRICTED,True
AST01304,TRD,Feeder,SEC_THA_KAL,19.964,0.713,0.503,2,2025-05-25,2026-03-08,2,RESTRICTED,True
AST01305,TRD,Catenary,SEC_THA_KAL,8.762,0.838,0.692,30,2025-04-15,2025-09-18,8,RESTRICTED,True
AST01306,S&T,Axle_counter,SEC_DAD_THA,10.134,0.939,0.922,6,2025-12-01,2026-03-05,5,SERVICEABLE,True
AST01307,TRD,Section_insulator,SEC_KAL_KAR,17.842,0.582,0.946,14,2025-02-11,2025-06-14,7,MONITOR,True
AST01308,TRD,Catenary,SEC_KAR_KHA,4.767,0.616,0.719,11,2025-07-20,2026-01-09,6,SERVICEABLE,True
AST01309,S&T,Point_machine,SEC_KAR_KHA,10.719,0.932,0.458,16,2025-08-28,2026-02-09,0,SERVICEABLE,True
AST01310,TRD,Feeder,SEC_LON_TAL,4.049,0.946,0.751,2,2024-05-01,2025-01-31,2,MONITOR,True
AST01311,Engineering,Bridge_joint,SEC_SHI_PUN,7.791,0.394,0.481,22,2025-09-26,2026-07-02,4,RESTRICTED,True
AST01312,TRD,Catenary,SEC_DAD_THA,12.759,0.537,0.876,13,2024-03-13,2024-11-22,1,MONITOR,True
AST01313,S&T,Point_machine,SEC_MUM_DAD,12.108,0.895,0.515,27,2025-07-02,2026-04-04,4,RESTRICTED,True
AST01314,Engineering,Bridge_joint,SEC_KHA_LON,10.734,0.798,0.558,4,2024-02-27,2024-09-26,6,MONITOR,True
AST01315,Engineering,Turnout,SEC_TAL_CHI,12.959,0.434,0.987,22,2024-06-06,2024-09-20,0,RESTRICTED,True
AST01316,S&T,Axle_counter,SEC_KAR_KHA,5.959,0.373,0.803,31,2024-11-28,2025-09-12,6,MONITOR,True
AST01317,TRD,Feeder,SEC_LON_TAL,5.956,0.704,0.693,9,2025-01-02,2025-08-13,4,SERVICEABLE,True
AST01318,TRD,OHE_mast,SEC_KHA_LON,10.214,0.866,0.464,8,2025-11-29,2026-05-03,1,SERVICEABLE,True
AST01319,TRD,OHE_mast,SEC_THA_KAL,12.144,0.356,0.408,16,2025-09-24,2026-01-30,5,RESTRICTED,True
AST01320,Engineering,Sleeper,SEC_SHI_PUN,14.106,0.853,0.463,30,2024-03-16,2024-11-30,1,SERVICEABLE,True
AST01321,S&T,Signal_controller,SEC_KAL_KAR,22.004,0.81,0.455,6,2025-06-15,2025-10-29,6,RESTRICTED,True
AST01322,Engineering,Sleeper,SEC_MUM_DAD,13.945,0.473,0.891,25,2025-01-28,2026-01-24,7,RESTRICTED,True
AST01323,S&T,Signal_controller,SEC_TAL_CHI,5.717,0.675,0.448,4,2024-09-25,2025-03-28,3,MONITOR,True
AST01324,Engineering,Sleeper,SEC_DAD_THA,9.062,0.893,0.854,5,2025-06-13,2025-12-15,3,SERVICEABLE,True
AST01325,TRD,Section_insulator,SEC_SHI_PUN,9.323,0.511,0.607,19,2025-05-13,2026-03-17,3,RESTRICTED,True
AST01326,Engineering,Turnout,SEC_KAR_KHA,11.709,0.666,0.942,5,2025-10-20,2026-02-19,0,RESTRICTED,True
AST01327,TRD,OHE_mast,SEC_TAL_CHI,0.334,0.797,0.763,6,2025-01-30,2025-11-01,1,RESTRICTED,True
AST01328,TRD,Section_insulator,SEC_TAL_CHI,7.083,0.542,0.693,31,2024-12-08,2025-11-18,8,RESTRICTED,True
AST01329,Engineering,Sleeper,SEC_SHI_PUN,3.915,0.913,0.595,23,2024-10-29,2025-09-22,6,MONITOR,True
AST01330,TRD,Feeder,SEC_THA_KAL,3.092,0.909,0.873,25,2024-10-19,2025-01-29,6,RESTRICTED,True
AST01331,Engineering,Bridge_joint,SEC_KHA_LON,0.264,0.489,0.41,12,2025-07-21,2026-01-21,7,SERVICEABLE,True
AST01332,TRD,Section_insulator,SEC_KAL_KAR,0.617,0.881,0.912,26,2025-07-13,2026-03-15,4,SERVICEABLE,True
AST01333,Engineering,Bridge_joint,SEC_SHI_PUN,16.29,0.662,0.799,28,2024-10-03,2025-03-23,5,SERVICEABLE,True
AST01334,Engineering,Turnout,SEC_TAL_CHI,11.952,0.954,0.882,10,2025-04-26,2026-04-16,6,MONITOR,True
AST01335,Engineering,Turnout,SEC_THA_KAL,7.231,0.741,0.759,20,2024-03-29,2025-02-01,8,MONITOR,True
AST01336,TRD,Section_insulator,SEC_THA_KAL,7.883,0.636,0.65,31,2025-10-19,2026-01-26,3,MONITOR,True
AST01337,S&T,Signal_controller,SEC_KHA_LON,7.542,0.719,0.599,31,2025-03-10,2025-11-29,3,SERVICEABLE,True
AST01338,TRD,Catenary,SEC_SHI_PUN,13.732,0.92,0.588,16,2024-08-09,2025-07-05,1,MONITOR,True
AST01339,Engineering,Turnout,SEC_DAD_THA,6.848,0.393,0.634,30,2024-04-14,2024-11-26,3,MONITOR,True
AST01340,S&T,Signal_controller,SEC_KHA_LON,10.053,0.493,0.402,4,2024-08-24,2025-03-28,5,RESTRICTED,True
AST01341,TRD,Catenary,SEC_KAR_KHA,14.823,0.478,0.886,32,2025-02-04,2026-02-03,3,RESTRICTED,True
AST01342,S&T,Axle_counter,SEC_KAR_KHA,11.387,0.531,0.874,13,2024-07-04,2025-06-17,6,RESTRICTED,True
AST01343,Engineering,Turnout,SEC_KAR_KHA,3.243,0.767,0.857,19,2025-11-27,2026-03-11,1,MONITOR,True
AST01344,TRD,Catenary,SEC_TAL_CHI,12.305,0.835,0.465,11,2024-04-23,2025-03-06,4,MONITOR,True
AST01345,TRD,Catenary,SEC_SHI_PUN,10.241,0.557,0.41,11,2024-05-01,2024-10-03,0,MONITOR,True
AST01346,S&T,Point_machine,SEC_KHA_LON,1.764,0.752,0.788,25,2024-06-07,2024-09-18,6,SERVICEABLE,True
AST01347,TRD,OHE_mast,SEC_KAR_KHA,5.087,0.813,0.828,3,2024-07-17,2024-11-12,7,SERVICEABLE,True
AST01348,Engineering,Sleeper,SEC_THA_KAL,2.253,0.833,0.983,11,2025-04-26,2025-09-10,5,SERVICEABLE,True
AST01349,TRD,Section_insulator,SEC_DAD_THA,6.379,0.616,0.874,35,2025-10-20,2026-10-13,2,RESTRICTED,True
AST01350,Engineering,Sleeper,SEC_TAL_CHI,3.202,0.386,0.81,17,2025-05-04,2025-12-02,0,SERVICEABLE,True
AST01351,S&T,Signal_controller,SEC_TAL_CHI,0.927,0.961,0.483,15,2025-04-28,2025-10-13,5,MONITOR,True
AST01352,TRD,Feeder,SEC_MUM_DAD,9.953,0.779,0.818,19,2024-08-05,2024-11-15,8,SERVICEABLE,True
AST01353,Engineering,Sleeper,SEC_SHI_PUN,0.905,0.355,0.821,15,2024-05-05,2025-04-11,5,RESTRICTED,True
AST01354,Engineering,Bridge_joint,SEC_KAL_KAR,3.733,0.52,0.625,1,2024-03-20,2024-11-09,6,SERVICEABLE,True
AST01355,Engineering,Turnout,SEC_KHA_LON,2.398,0.766,0.671,17,2024-11-15,2025-04-15,7,RESTRICTED,True
AST01356,S&T,Point_machine,SEC_KAL_KAR,4.51,0.825,0.925,3,2024-11-21,2025-04-14,3,RESTRICTED,True
AST01357,S&T,Cable_route,SEC_KAL_KAR,21.256,0.385,0.776,20,2024-12-18,2025-11-10,4,SERVICEABLE,True
AST01358,S&T,Axle_counter,SEC_KAR_KHA,0.29,0.67,0.832,12,2025-01-15,2025-07-29,5,MONITOR,True
AST01359,TRD,Catenary,SEC_TAL_CHI,9.463,0.4,0.464,19,2024-02-08,2024-09-12,0,SERVICEABLE,True
AST01360,S&T,Axle_counter,SEC_MUM_DAD,18.382,0.594,0.741,1,2025-02-15,2025-12-29,2,SERVICEABLE,True
AST01361,Engineering,Turnout,SEC_KAL_KAR,15.508,0.529,0.792,28,2024-12-06,2025-04-13,4,SERVICEABLE,True
AST01362,Engineering,Turnout,SEC_THA_KAL,5.633,0.913,0.959,14,2025-08-21,2025-12-04,2,SERVICEABLE,True
AST01363,Engineering,Rail,SEC_KAL_KAR,10.962,0.8,0.688,18,2025-03-21,2025-06-30,2,SERVICEABLE,True
AST01364,Engineering,Bridge_joint,SEC_LON_TAL,0.348,0.614,0.984,32,2024-10-06,2025-08-30,0,RESTRICTED,True
AST01365,Engineering,Turnout,SEC_KAR_KHA,11.163,0.78,0.978,13,2025-03-24,2025-07-04,3,SERVICEABLE,True
AST01366,S&T,Point_machine,SEC_MUM_DAD,19.33,0.708,0.822,3,2024-05-25,2025-04-02,3,RESTRICTED,True
AST01367,S&T,Axle_counter,SEC_KAR_KHA,5.702,0.699,0.624,24,2024-09-11,2025-08-08,5,RESTRICTED,True
AST01368,S&T,Signal_controller,SEC_KHA_LON,8.731,0.721,0.623,23,2024-11-01,2025-04-29,5,MONITOR,True
AST01369,Engineering,Bridge_joint,SEC_CHI_SHI,4.9,0.916,0.6,28,2025-09-25,2026-05-02,5,RESTRICTED,True
AST01370,TRD,Feeder,SEC_CHI_SHI,10.243,0.674,0.916,11,2025-11-09,2026-08-01,2,RESTRICTED,True
AST01371,TRD,Catenary,SEC_SHI_PUN,3.221,0.877,0.928,14,2024-11-12,2025-03-23,8,RESTRICTED,True
AST01372,Engineering,Rail,SEC_SHI_PUN,0.19,0.663,0.595,11,2025-05-04,2026-01-20,5,RESTRICTED,True
AST01373,TRD,Feeder,SEC_KAL_KAR,13.868,0.76,0.672,27,2025-09-05,2026-03-29,3,RESTRICTED,True
AST01374,Engineering,Rail,SEC_TAL_CHI,2.915,0.834,0.582,5,2025-02-12,2025-09-13,3,RESTRICTED,True
AST01375,S&T,Axle_counter,SEC_KAL_KAR,0.661,0.483,0.897,2,2025-02-23,2025-07-24,1,SERVICEABLE,True
AST01376,TRD,Feeder,SEC_DAD_THA,5.479,0.357,0.759,23,2024-02-14,2024-12-06,5,MONITOR,True
AST01377,TRD,Catenary,SEC_KAR_KHA,6.695,0.785,0.986,31,2024-03-12,2024-07-01,7,MONITOR,True
AST01378,TRD,OHE_mast,SEC_KAR_KHA,10.883,0.621,0.752,25,2024-06-19,2024-11-06,5,RESTRICTED,True
AST01379,TRD,OHE_mast,SEC_LON_TAL,0.42,0.511,0.455,32,2025-09-25,2026-08-24,3,RESTRICTED,True
AST01380,S&T,Axle_counter,SEC_TAL_CHI,7.507,0.372,0.586,22,2025-04-19,2026-03-15,7,SERVICEABLE,True
AST01381,S&T,Point_machine,SEC_DAD_THA,0.231,0.949,0.667,9,2024-04-24,2024-08-06,8,SERVICEABLE,True
AST01382,TRD,Section_insulator,SEC_SHI_PUN,8.784,0.512,0.471,35,2024-02-22,2024-06-15,8,MONITOR,True
AST01383,Engineering,Bridge_joint,SEC_KAR_KHA,13.236,0.623,0.812,3,2025-02-28,2025-11-14,1,SERVICEABLE,True
AST01384,TRD,Feeder,SEC_KAL_KAR,0.236,0.543,0.534,12,2024-12-02,2025-03-24,7,SERVICEABLE,True
AST01385,S&T,Point_machine,SEC_DAD_THA,1.395,0.63,0.62,9,2025-08-09,2025-11-19,6,SERVICEABLE,True
AST01386,S&T,Cable_route,SEC_CHI_SHI,1.351,0.629,0.821,31,2025-11-18,2026-07-08,1,SERVICEABLE,True
AST01387,Engineering,Turnout,SEC_KHA_LON,5.672,0.427,0.497,33,2025-04-17,2025-09-24,2,RESTRICTED,True
AST01388,Engineering,Bridge_joint,SEC_CHI_SHI,4.494,0.971,0.794,17,2024-08-20,2024-12-22,6,SERVICEABLE,True
AST01389,S&T,Axle_counter,SEC_KAL_KAR,4.93,0.357,0.436,20,2025-08-08,2026-05-25,0,SERVICEABLE,True
AST01390,S&T,Cable_route,SEC_SHI_PUN,11.968,0.939,0.916,20,2025-08-04,2026-04-14,3,SERVICEABLE,True
AST01391,S&T,Point_machine,SEC_TAL_CHI,9.435,0.704,0.776,7,2025-06-29,2026-04-13,1,SERVICEABLE,True
AST01392,S&T,Signal_controller,SEC_CHI_SHI,1.811,0.984,0.444,5,2024-08-20,2025-08-07,2,SERVICEABLE,True
AST01393,S&T,Point_machine,SEC_KHA_LON,11.108,0.832,0.426,17,2024-11-01,2025-03-01,5,MONITOR,True
AST01394,Engineering,Sleeper,SEC_KHA_LON,4.688,0.744,0.874,15,2025-08-14,2026-07-15,6,RESTRICTED,True
AST01395,S&T,Signal_controller,SEC_KAL_KAR,14.392,0.627,0.419,19,2024-07-31,2024-12-06,1,RESTRICTED,True
AST01396,Engineering,Sleeper,SEC_MUM_DAD,7.235,0.766,0.992,26,2025-03-10,2026-01-31,5,MONITOR,True
AST01397,S&T,Cable_route,SEC_KAR_KHA,13.264,0.597,0.923,31,2024-07-17,2025-06-21,8,RESTRICTED,True
AST01398,S&T,Signal_controller,SEC_TAL_CHI,6.673,0.681,0.779,32,2025-01-06,2026-01-03,4,RESTRICTED,True
AST01399,TRD,Section_insulator,SEC_KAR_KHA,9.248,0.931,0.74,15,2025-02-05,2025-10-18,5,MONITOR,True
AST01400,Engineering,Turnout,SEC_CHI_SHI,8.058,0.779,0.513,18,2025-03-27,2026-01-28,2,RESTRICTED,True
AST01401,TRD,Catenary,SEC_KHA_LON,8.466,0.722,0.504,21,2025-05-27,2026-04-18,4,RESTRICTED,True
AST01402,Engineering,Sleeper,SEC_SHI_PUN,17.771,0.59,0.635,22,2025-06-18,2026-05-28,4,RESTRICTED,True
AST01403,TRD,Section_insulator,SEC_THA_KAL,5.465,0.969,0.888,5,2025-04-08,2025-09-08,6,SERVICEABLE,True
AST01404,Engineering,Sleeper,SEC_KAR_KHA,14.379,0.677,0.652,30,2024-06-07,2025-01-24,4,SERVICEABLE,True
AST01405,TRD,Feeder,SEC_SHI_PUN,2.518,0.426,0.509,28,2024-11-21,2025-07-29,5,SERVICEABLE,True
AST01406,Engineering,Rail,SEC_KAR_KHA,1.754,0.852,0.955,35,2025-03-23,2025-08-25,6,SERVICEABLE,True
AST01407,Engineering,Rail,SEC_MUM_DAD,2.252,0.504,0.532,18,2025-03-06,2026-01-10,4,RESTRICTED,True
AST01408,TRD,Catenary,SEC_THA_KAL,0.583,0.866,0.895,21,2025-05-11,2025-11-04,3,RESTRICTED,True
AST01409,S&T,Axle_counter,SEC_THA_KAL,2.02,0.411,0.907,18,2024-08-12,2025-01-12,3,SERVICEABLE,True
AST01410,TRD,Catenary,SEC_THA_KAL,19.425,0.503,0.585,18,2025-09-04,2025-12-04,6,MONITOR,True
AST01411,Engineering,Sleeper,SEC_DAD_THA,10.903,0.446,0.933,27,2024-09-24,2025-08-06,6,SERVICEABLE,True
AST01412,S&T,Cable_route,SEC_KAL_KAR,21.14,0.569,0.412,32,2024-10-01,2025-09-24,8,RESTRICTED,True
AST01413,TRD,Feeder,SEC_SHI_PUN,4.696,0.458,0.642,10,2025-10-04,2026-07-14,3,MONITOR,True
AST01414,TRD,Feeder,SEC_KAR_KHA,3.929,0.734,0.682,19,2025-04-30,2026-02-08,0,RESTRICTED,True
AST01415,S&T,Signal_controller,SEC_DAD_THA,5.866,0.58,0.412,2,2024-11-19,2025-08-12,6,RESTRICTED,True
AST01416,TRD,Feeder,SEC_DAD_THA,5.676,0.585,0.998,23,2025-05-02,2025-12-15,7,SERVICEABLE,True
AST01417,Engineering,Sleeper,SEC_SHI_PUN,14.529,0.977,0.619,34,2025-06-05,2025-09-21,3,SERVICEABLE,True
AST01418,S&T,Signal_controller,SEC_DAD_THA,7.947,0.686,0.553,4,2025-04-10,2025-08-18,2,MONITOR,True
AST01419,Engineering,Bridge_joint,SEC_KAR_KHA,13.505,0.549,0.712,12,2025-05-02,2026-02-25,3,SERVICEABLE,True
AST01420,S&T,Axle_counter,SEC_SHI_PUN,14.744,0.953,0.937,12,2025-03-02,2026-01-26,3,SERVICEABLE,True
AST01421,Engineering,Rail,SEC_DAD_THA,9.954,0.429,0.678,18,2025-06-22,2026-06-20,5,RESTRICTED,True
AST01422,Engineering,Sleeper,SEC_CHI_SHI,11.071,0.897,0.86,16,2025-12-14,2026-08-27,8,SERVICEABLE,True
AST01423,S&T,Axle_counter,SEC_LON_TAL,1.217,0.892,0.545,4,2024-08-29,2025-02-14,5,RESTRICTED,True
AST01424,TRD,Feeder,SEC_KAL_KAR,10.955,0.76,0.853,8,2025-04-12,2025-10-01,1,MONITOR,True
AST01425,Engineering,Rail,SEC_KAR_KHA,7.191,0.919,0.68,32,2024-11-13,2025-09-05,8,MONITOR,True
AST01426,S&T,Point_machine,SEC_KAR_KHA,8.156,0.899,0.476,27,2025-07-05,2026-06-17,0,SERVICEABLE,True
AST01427,Engineering,Turnout,SEC_KAR_KHA,1.878,0.542,0.414,27,2024-11-26,2025-09-04,7,SERVICEABLE,True
AST01428,Engineering,Sleeper,SEC_LON_TAL,6.518,0.765,0.581,10,2024-09-18,2025-02-26,3,SERVICEABLE,True
AST01429,Engineering,Sleeper,SEC_TAL_CHI,5.032,0.588,0.523,26,2024-09-01,2025-07-26,2,MONITOR,True
AST01430,Engineering,Sleeper,SEC_THA_KAL,18.992,0.384,0.679,7,2025-02-23,2025-12-01,6,RESTRICTED,True
AST01431,TRD,OHE_mast,SEC_SHI_PUN,6.676,0.376,0.989,33,2024-06-06,2025-05-06,7,SERVICEABLE,True
AST01432,TRD,Section_insulator,SEC_KAL_KAR,7.505,0.985,0.488,33,2025-07-06,2025-10-09,8,MONITOR,True
AST01433,Engineering,Rail,SEC_CHI_SHI,2.674,0.637,0.6,34,2024-12-07,2025-03-19,7,MONITOR,True
AST01434,S&T,Cable_route,SEC_KAR_KHA,5.763,0.915,0.855,34,2024-05-02,2024-10-02,6,RESTRICTED,True
AST01435,Engineering,Rail,SEC_THA_KAL,19.748,0.818,0.781,25,2025-01-18,2025-11-29,2,SERVICEABLE,True
AST01436,Engineering,Rail,SEC_SHI_PUN,8.688,0.378,0.407,26,2025-05-11,2025-08-30,2,SERVICEABLE,True
AST01437,TRD,Catenary,SEC_LON_TAL,6.72,0.984,0.526,10,2024-10-11,2025-05-19,1,SERVICEABLE,True
AST01438,Engineering,Turnout,SEC_TAL_CHI,15.447,0.942,0.696,15,2024-08-30,2025-02-20,1,RESTRICTED,True
AST01439,TRD,Section_insulator,SEC_SHI_PUN,16.384,0.719,0.729,24,2024-08-29,2025-04-08,5,RESTRICTED,True
AST01440,S&T,Cable_route,SEC_CHI_SHI,1.931,0.495,0.413,34,2025-03-12,2025-10-13,7,MONITOR,True
AST01441,TRD,Section_insulator,SEC_TAL_CHI,19.069,0.863,0.555,26,2025-10-31,2026-07-01,2,RESTRICTED,True
AST01442,Engineering,Sleeper,SEC_KAL_KAR,11.179,0.582,0.846,10,2025-09-13,2026-08-27,6,RESTRICTED,True
AST01443,TRD,Section_insulator,SEC_DAD_THA,3.192,0.846,0.956,31,2024-02-13,2024-06-15,0,MONITOR,True
AST01444,TRD,Feeder,SEC_THA_KAL,8.824,0.426,0.541,2,2025-01-15,2025-10-21,7,MONITOR,True
AST01445,S&T,Signal_controller,SEC_LON_TAL,3.661,0.741,0.499,16,2025-03-04,2025-10-04,2,RESTRICTED,True
AST01446,TRD,Feeder,SEC_DAD_THA,1.383,0.696,0.696,6,2025-12-14,2026-05-29,1,RESTRICTED,True
AST01447,S&T,Signal_controller,SEC_MUM_DAD,0.14,0.537,0.906,12,2025-11-19,2026-04-26,5,RESTRICTED,True
AST01448,S&T,Axle_counter,SEC_MUM_DAD,3.29,0.375,0.75,20,2025-01-18,2025-06-08,0,RESTRICTED,True
AST01449,Engineering,Sleeper,SEC_THA_KAL,18.992,0.73,0.769,32,2025-09-03,2026-04-17,8,SERVICEABLE,True
AST01450,S&T,Cable_route,SEC_THA_KAL,1.468,0.412,0.764,17,2025-07-14,2026-07-02,4,SERVICEABLE,True
AST01451,TRD,Section_insulator,SEC_THA_KAL,14.735,0.546,0.792,29,2024-12-20,2025-12-05,6,MONITOR,True
AST01452,Engineering,Turnout,SEC_KHA_LON,2.572,0.374,0.435,30,2025-07-23,2026-01-08,1,SERVICEABLE,True
AST01453,Engineering,Bridge_joint,SEC_THA_KAL,3.245,0.79,0.748,5,2025-03-08,2025-11-23,7,MONITOR,True
AST01454,TRD,OHE_mast,SEC_CHI_SHI,8.685,0.77,0.619,20,2025-05-22,2026-04-19,6,SERVICEABLE,True
AST01455,TRD,OHE_mast,SEC_MUM_DAD,0.706,0.87,0.678,17,2024-11-19,2025-05-23,6,RESTRICTED,True
AST01456,TRD,Feeder,SEC_THA_KAL,17.28,0.963,0.851,28,2024-02-17,2024-10-25,2,SERVICEABLE,True
AST01457,Engineering,Turnout,SEC_LON_TAL,0.872,0.916,0.544,22,2025-07-24,2025-11-12,7,MONITOR,True
AST01458,Engineering,Sleeper,SEC_LON_TAL,0.418,0.805,0.88,1,2024-03-16,2024-12-15,5,MONITOR,True
AST01459,Engineering,Rail,SEC_TAL_CHI,15.146,0.445,0.808,33,2025-05-30,2025-12-14,8,MONITOR,True
AST01460,S&T,Point_machine,SEC_CHI_SHI,11.795,0.641,0.831,13,2024-10-03,2025-01-21,8,MONITOR,True
AST01461,S&T,Point_machine,SEC_MUM_DAD,5.593,0.654,0.927,2,2024-10-31,2025-03-02,7,RESTRICTED,True
AST01462,S&T,Signal_controller,SEC_KHA_LON,9.901,0.542,0.791,15,2024-09-18,2025-05-01,0,SERVICEABLE,True
AST01463,S&T,Cable_route,SEC_LON_TAL,2.297,0.492,0.893,34,2025-05-02,2025-08-20,3,MONITOR,True
AST01464,Engineering,Bridge_joint,SEC_MUM_DAD,18.611,0.36,0.921,18,2024-06-22,2025-04-21,4,RESTRICTED,True
AST01465,S&T,Axle_counter,SEC_TAL_CHI,19.383,0.849,0.913,14,2024-06-24,2025-02-16,6,RESTRICTED,True
AST01466,S&T,Cable_route,SEC_THA_KAL,11.579,0.401,0.788,13,2025-12-08,2026-10-13,7,SERVICEABLE,True
AST01467,Engineering,Sleeper,SEC_KAR_KHA,2.701,0.616,0.944,19,2024-02-04,2024-09-12,3,RESTRICTED,True
AST01468,Engineering,Turnout,SEC_DAD_THA,9.855,0.399,0.493,19,2025-02-09,2025-06-14,1,SERVICEABLE,True
AST01469,Engineering,Rail,SEC_KAR_KHA,14.954,0.428,0.86,8,2024-09-16,2025-06-05,8,MONITOR,True
AST01470,S&T,Axle_counter,SEC_TAL_CHI,13.126,0.855,0.612,18,2025-09-28,2026-06-27,6,SERVICEABLE,True
AST01471,S&T,Cable_route,SEC_MUM_DAD,17.69,0.443,0.496,6,2025-10-19,2026-04-10,8,SERVICEABLE,True
AST01472,TRD,Section_insulator,SEC_MUM_DAD,6.669,0.867,0.866,25,2024-10-06,2025-02-26,6,SERVICEABLE,True
AST01473,Engineering,Sleeper,SEC_SHI_PUN,14.361,0.707,0.675,5,2025-05-04,2026-04-12,5,RESTRICTED,True
AST01474,TRD,Catenary,SEC_MUM_DAD,0.802,0.361,0.799,13,2025-12-19,2026-09-16,5,RESTRICTED,True
AST01475,TRD,Feeder,SEC_MUM_DAD,18.823,0.89,0.757,30,2025-09-26,2026-03-03,8,SERVICEABLE,True
AST01476,S&T,Signal_controller,SEC_TAL_CHI,9.74,0.853,0.783,22,2025-08-22,2025-12-06,3,MONITOR,True
AST01477,S&T,Point_machine,SEC_KAR_KHA,0.699,0.775,0.999,7,2025-10-27,2026-06-27,4,MONITOR,True
AST01478,Engineering,Turnout,SEC_KHA_LON,10.076,0.398,0.585,5,2024-06-27,2025-03-30,4,MONITOR,True
AST01479,Engineering,Rail,SEC_KAR_KHA,5.144,0.736,0.911,6,2025-08-04,2026-07-28,5,SERVICEABLE,True
AST01480,Engineering,Turnout,SEC_KHA_LON,3.837,0.723,0.447,8,2025-06-18,2026-01-02,0,MONITOR,True
AST01481,TRD,OHE_mast,SEC_CHI_SHI,11.107,0.414,0.642,35,2025-02-21,2025-10-21,0,MONITOR,True
AST01482,TRD,OHE_mast,SEC_KHA_LON,3.259,0.41,0.967,4,2025-08-04,2025-12-07,0,SERVICEABLE,True
AST01483,TRD,OHE_mast,SEC_TAL_CHI,15.885,0.519,0.755,26,2024-06-16,2024-11-07,8,SERVICEABLE,True
AST01484,Engineering,Turnout,SEC_THA_KAL,3.999,0.651,0.837,7,2024-03-17,2024-06-23,2,SERVICEABLE,True
AST01485,S&T,Signal_controller,SEC_LON_TAL,0.144,0.665,0.543,34,2025-03-18,2025-09-20,6,SERVICEABLE,True
AST01486,S&T,Point_machine,SEC_KAL_KAR,19.785,0.609,0.754,19,2025-01-04,2025-06-12,4,MONITOR,True
AST01487,Engineering,Rail,SEC_LON_TAL,2.211,0.61,0.515,32,2025-12-21,2026-05-18,4,RESTRICTED,True
AST01488,Engineering,Sleeper,SEC_SHI_PUN,2.784,0.498,0.55,16,2025-08-09,2025-11-27,0,RESTRICTED,True
AST01489,Engineering,Bridge_joint,SEC_THA_KAL,20.428,0.767,0.83,18,2025-08-29,2025-11-28,0,MONITOR,True
AST01490,Engineering,Turnout,SEC_KAL_KAR,10.767,0.906,0.595,10,2024-02-28,2024-07-30,6,MONITOR,True
AST01491,S&T,Cable_route,SEC_TAL_CHI,13.031,0.576,0.922,10,2025-05-25,2026-03-10,3,MONITOR,True
AST01492,TRD,Section_insulator,SEC_LON_TAL,0.505,0.452,0.869,1,2024-10-05,2025-08-28,0,RESTRICTED,True
AST01493,TRD,Section_insulator,SEC_KAL_KAR,9.964,0.529,0.656,19,2025-07-31,2026-03-23,0,MONITOR,True
AST01494,S&T,Axle_counter,SEC_SHI_PUN,10.266,0.638,0.813,20,2024-03-03,2024-09-23,4,MONITOR,True
AST01495,TRD,Section_insulator,SEC_THA_KAL,10.216,0.85,0.787,29,2025-08-08,2025-11-14,6,SERVICEABLE,True
AST01496,S&T,Signal_controller,SEC_DAD_THA,3.513,0.792,0.563,24,2024-07-06,2025-02-11,8,MONITOR,True
AST01497,S&T,Point_machine,SEC_MUM_DAD,1.316,0.511,0.547,7,2025-04-19,2025-12-09,8,RESTRICTED,True
AST01498,S&T,Signal_controller,SEC_TAL_CHI,19.16,0.56,0.814,1,2025-07-23,2025-10-31,8,MONITOR,True
AST01499,S&T,Cable_route,SEC_MUM_DAD,9.388,0.811,0.655,12,2025-09-02,2026-05-06,4,RESTRICTED,True
AST01500,Engineering,Bridge_joint,SEC_SHI_PUN,12.744,0.652,0.518,23,2025-09-15,2026-06-26,3,MONITOR,True
AST01501,Engineering,Turnout,SEC_KHA_LON,5.634,0.666,0.658,16,2024-06-25,2025-03-12,8,SERVICEABLE,True
AST01502,S&T,Axle_counter,SEC_DAD_THA,7.306,0.905,0.523,9,2025-04-30,2026-02-24,6,RESTRICTED,True
AST01503,S&T,Axle_counter,SEC_DAD_THA,8.782,0.822,0.531,29,2025-08-06,2026-02-25,1,SERVICEABLE,True
AST01504,TRD,OHE_mast,SEC_SHI_PUN,9.252,0.922,0.456,18,2024-03-04,2025-01-18,3,RESTRICTED,True
AST01505,Engineering,Rail,SEC_KAR_KHA,12.275,0.378,0.813,35,2024-03-18,2024-10-17,8,SERVICEABLE,True
AST01506,S&T,Axle_counter,SEC_TAL_CHI,16.033,0.414,0.702,14,2024-10-27,2025-07-13,3,RESTRICTED,True
AST01507,TRD,OHE_mast,SEC_LON_TAL,5.866,0.367,0.459,23,2024-09-15,2025-03-08,0,RESTRICTED,True
AST01508,TRD,Catenary,SEC_THA_KAL,17.418,0.475,0.525,15,2025-11-06,2026-05-06,2,MONITOR,True
AST01509,TRD,OHE_mast,SEC_TAL_CHI,4.5,0.814,0.834,9,2025-11-20,2026-04-19,5,RESTRICTED,True
AST01510,TRD,Feeder,SEC_THA_KAL,14.588,0.355,0.625,11,2024-08-24,2025-06-03,8,SERVICEABLE,True
AST01511,S&T,Point_machine,SEC_DAD_THA,1.182,0.448,0.465,11,2025-05-20,2025-09-24,3,RESTRICTED,True
AST01512,Engineering,Turnout,SEC_CHI_SHI,8.501,0.917,0.494,34,2024-04-26,2025-01-09,8,RESTRICTED,True
AST01513,S&T,Signal_controller,SEC_TAL_CHI,8.385,0.517,0.528,29,2025-03-12,2025-11-18,0,SERVICEABLE,True
AST01514,TRD,Section_insulator,SEC_LON_TAL,6.497,0.86,0.476,30,2025-09-20,2026-02-16,0,SERVICEABLE,True
AST01515,S&T,Axle_counter,SEC_CHI_SHI,5.742,0.465,0.925,9,2025-10-29,2026-10-19,2,SERVICEABLE,True
AST01516,Engineering,Rail,SEC_KAL_KAR,12.961,0.694,0.556,6,2025-01-09,2026-01-02,5,RESTRICTED,True
AST01517,Engineering,Sleeper,SEC_MUM_DAD,8.359,0.797,0.454,14,2025-08-01,2026-02-19,2,RESTRICTED,True
AST01518,TRD,OHE_mast,SEC_LON_TAL,6.069,0.645,0.809,35,2025-10-01,2026-06-12,5,SERVICEABLE,True
AST01519,Engineering,Rail,SEC_MUM_DAD,15.071,0.556,0.855,2,2025-11-21,2026-04-02,1,SERVICEABLE,True
AST01520,S&T,Signal_controller,SEC_TAL_CHI,18.685,0.764,0.434,7,2024-09-29,2025-09-29,0,RESTRICTED,True
AST01521,Engineering,Turnout,SEC_KHA_LON,4.55,0.832,0.556,8,2024-07-24,2025-03-19,1,RESTRICTED,True
AST01522,Engineering,Bridge_joint,SEC_KAR_KHA,7.659,0.878,0.573,5,2025-07-21,2026-01-16,0,MONITOR,True
AST01523,TRD,Feeder,SEC_MUM_DAD,9.893,0.733,0.402,30,2025-11-26,2026-03-18,4,SERVICEABLE,True
AST01524,TRD,Section_insulator,SEC_KHA_LON,1.141,0.446,0.627,34,2025-03-16,2026-03-12,1,SERVICEABLE,True
AST01525,TRD,Catenary,SEC_KAR_KHA,7.975,0.584,0.893,21,2024-12-09,2025-04-03,6,RESTRICTED,True
AST01526,Engineering,Rail,SEC_TAL_CHI,1.134,0.735,0.769,14,2025-04-20,2026-02-14,7,RESTRICTED,True
AST01527,TRD,OHE_mast,SEC_SHI_PUN,17.518,0.391,0.561,34,2025-06-16,2025-11-17,0,SERVICEABLE,True
AST01528,TRD,Section_insulator,SEC_CHI_SHI,1.563,0.75,0.555,34,2025-12-17,2026-07-28,2,RESTRICTED,True
AST01529,TRD,Feeder,SEC_KAL_KAR,12.404,0.765,0.64,25,2025-06-13,2026-06-08,3,SERVICEABLE,True
AST01530,S&T,Axle_counter,SEC_THA_KAL,14.771,0.716,0.802,19,2025-07-01,2026-06-23,4,MONITOR,True
AST01531,TRD,Catenary,SEC_MUM_DAD,4.787,0.812,0.907,27,2025-08-11,2026-05-16,6,SERVICEABLE,True
AST01532,Engineering,Turnout,SEC_KAR_KHA,1.365,0.955,0.779,3,2024-11-18,2025-07-15,2,MONITOR,True
AST01533,TRD,Section_insulator,SEC_MUM_DAD,3.703,0.698,0.512,15,2024-12-10,2025-08-31,3,RESTRICTED,True
AST01534,Engineering,Rail,SEC_TAL_CHI,7.457,0.678,0.976,27,2025-03-11,2025-11-04,8,RESTRICTED,True
AST01535,Engineering,Sleeper,SEC_DAD_THA,4.797,0.881,0.565,33,2024-07-09,2025-01-06,2,MONITOR,True
AST01536,S&T,Axle_counter,SEC_KHA_LON,0.541,0.481,0.53,4,2025-02-27,2025-09-27,5,SERVICEABLE,True
AST01537,S&T,Cable_route,SEC_SHI_PUN,7.148,0.866,0.884,8,2024-11-13,2025-06-04,1,SERVICEABLE,True
AST01538,S&T,Point_machine,SEC_CHI_SHI,5.59,0.738,0.519,8,2024-06-13,2024-10-05,1,RESTRICTED,True
AST01539,S&T,Signal_controller,SEC_TAL_CHI,4.327,0.99,0.424,26,2024-03-03,2024-11-13,6,SERVICEABLE,True
AST01540,S&T,Axle_counter,SEC_DAD_THA,11.806,0.985,0.457,33,2024-08-01,2025-04-15,8,MONITOR,True
AST01541,S&T,Axle_counter,SEC_MUM_DAD,17.701,0.725,0.601,14,2025-11-25,2026-03-10,6,SERVICEABLE,True
AST01542,S&T,Signal_controller,SEC_SHI_PUN,11.819,0.564,0.782,1,2025-04-16,2026-01-24,7,MONITOR,True
AST01543,S&T,Cable_route,SEC_SHI_PUN,2.778,0.601,0.766,27,2025-12-19,2026-07-06,5,SERVICEABLE,True
AST01544,Engineering,Rail,SEC_KAR_KHA,9.391,0.42,0.575,8,2024-07-02,2025-02-23,3,MONITOR,True
AST01545,S&T,Point_machine,SEC_KHA_LON,9.939,0.459,0.834,9,2024-10-31,2025-05-08,3,RESTRICTED,True
AST01546,S&T,Signal_controller,SEC_DAD_THA,3.162,0.618,0.455,18,2025-01-13,2025-10-02,0,RESTRICTED,True
AST01547,S&T,Cable_route,SEC_THA_KAL,11.044,0.754,0.867,27,2025-11-09,2026-08-13,5,SERVICEABLE,True
AST01548,TRD,Feeder,SEC_LON_TAL,3.705,0.425,0.477,3,2024-07-09,2024-11-25,0,SERVICEABLE,True
AST01549,Engineering,Rail,SEC_CHI_SHI,10.516,0.916,0.453,24,2024-11-18,2025-09-07,0,MONITOR,True
AST01550,Engineering,Bridge_joint,SEC_DAD_THA,4.185,0.841,0.552,14,2025-09-11,2026-03-09,5,MONITOR,True
AST01551,Engineering,Bridge_joint,SEC_CHI_SHI,6.577,0.661,0.908,28,2024-05-16,2024-10-08,6,RESTRICTED,True
AST01552,S&T,Signal_controller,SEC_SHI_PUN,4.817,0.83,0.424,34,2025-03-27,2025-11-20,3,MONITOR,True
AST01553,S&T,Axle_counter,SEC_CHI_SHI,11.695,0.502,0.918,13,2025-01-06,2025-09-05,8,RESTRICTED,True
AST01554,S&T,Signal_controller,SEC_LON_TAL,0.482,0.743,0.474,15,2024-03-02,2024-12-08,1,RESTRICTED,True
AST01555,TRD,Feeder,SEC_MUM_DAD,11.796,0.986,0.749,4,2024-07-21,2025-04-25,1,MONITOR,True
AST01556,TRD,Catenary,SEC_MUM_DAD,13.9,0.608,0.759,29,2025-04-05,2025-09-26,6,RESTRICTED,True
AST01557,S&T,Point_machine,SEC_KAR_KHA,12.878,0.539,0.721,30,2025-09-22,2026-09-14,5,RESTRICTED,True
AST01558,TRD,Catenary,SEC_THA_KAL,7.057,0.844,0.932,7,2025-02-24,2025-06-04,3,SERVICEABLE,True
AST01559,Engineering,Rail,SEC_THA_KAL,17.773,0.847,0.658,15,2025-02-24,2025-08-05,8,SERVICEABLE,True
AST01560,TRD,OHE_mast,SEC_CHI_SHI,5.667,0.643,0.651,26,2024-03-07,2024-08-04,0,RESTRICTED,True
AST01561,TRD,Catenary,SEC_KAL_KAR,7.485,0.558,0.798,15,2024-07-08,2025-01-26,5,RESTRICTED,True
AST01562,Engineering,Sleeper,SEC_CHI_SHI,9.01,0.964,0.932,19,2025-12-19,2026-09-11,1,SERVICEABLE,True
AST01563,S&T,Point_machine,SEC_KHA_LON,0.451,0.698,0.488,10,2024-11-02,2025-08-02,4,SERVICEABLE,True
AST01564,S&T,Point_machine,SEC_SHI_PUN,8.562,0.941,0.53,27,2024-03-17,2024-07-22,8,MONITOR,True
AST01565,TRD,OHE_mast,SEC_THA_KAL,16.242,0.978,0.85,34,2025-02-04,2025-10-24,4,SERVICEABLE,True
AST01566,TRD,Feeder,SEC_CHI_SHI,1.853,0.751,0.424,20,2024-07-19,2025-03-05,0,SERVICEABLE,True
AST01567,TRD,Catenary,SEC_MUM_DAD,0.226,0.931,0.634,33,2024-10-04,2025-07-21,0,SERVICEABLE,True
AST01568,TRD,Catenary,SEC_DAD_THA,1.135,0.877,0.894,13,2024-04-05,2024-12-22,0,SERVICEABLE,True
AST01569,Engineering,Bridge_joint,SEC_CHI_SHI,0.759,0.753,0.444,18,2025-10-01,2026-05-29,5,SERVICEABLE,True
AST01570,TRD,Feeder,SEC_THA_KAL,18.273,0.761,0.776,34,2025-06-05,2026-04-17,0,RESTRICTED,True
AST01571,TRD,Catenary,SEC_KAR_KHA,4.257,0.733,0.634,32,2024-09-27,2025-08-09,0,RESTRICTED,True
AST01572,TRD,Catenary,SEC_LON_TAL,6.417,0.732,0.607,27,2024-02-04,2024-07-09,8,SERVICEABLE,True
AST01573,S&T,Point_machine,SEC_TAL_CHI,18.095,0.842,0.558,4,2025-07-11,2025-11-12,6,RESTRICTED,True
AST01574,S&T,Cable_route,SEC_DAD_THA,12.471,0.499,0.962,13,2025-05-29,2026-04-16,5,MONITOR,True
AST01575,S&T,Signal_controller,SEC_KAL_KAR,8.326,0.699,0.447,26,2025-09-02,2026-07-28,0,SERVICEABLE,True
AST01576,Engineering,Rail,SEC_DAD_THA,7.787,0.49,0.653,1,2024-11-29,2025-04-25,8,RESTRICTED,True
AST01577,TRD,Catenary,SEC_TAL_CHI,9.767,0.472,0.668,23,2024-12-02,2025-05-03,8,MONITOR,True
AST01578,TRD,Section_insulator,SEC_SHI_PUN,1.2,0.381,0.918,11,2024-05-09,2025-01-19,4,RESTRICTED,True
AST01579,Engineering,Rail,SEC_LON_TAL,2.38,0.481,0.55,4,2025-04-24,2026-03-11,1,MONITOR,True
AST01580,TRD,OHE_mast,SEC_THA_KAL,19.16,0.459,0.512,32,2024-02-08,2025-01-25,0,SERVICEABLE,True
AST01581,S&T,Axle_counter,SEC_TAL_CHI,17.538,0.752,0.557,35,2025-06-19,2025-11-08,6,SERVICEABLE,True
AST01582,S&T,Cable_route,SEC_TAL_CHI,15.396,0.905,0.539,29,2025-04-27,2026-03-01,8,SERVICEABLE,True
AST01583,Engineering,Sleeper,SEC_CHI_SHI,8.122,0.567,0.743,21,2024-10-30,2025-02-11,7,RESTRICTED,True
AST01584,Engineering,Bridge_joint,SEC_SHI_PUN,12.283,0.64,0.82,28,2024-11-05,2025-04-04,6,MONITOR,True
AST01585,Engineering,Bridge_joint,SEC_CHI_SHI,9.279,0.839,0.626,10,2025-12-07,2026-09-09,2,SERVICEABLE,True
AST01586,S&T,Signal_controller,SEC_THA_KAL,4.816,0.405,0.636,23,2025-01-21,2025-07-11,5,SERVICEABLE,True
AST01587,TRD,Feeder,SEC_DAD_THA,8.856,0.819,0.714,26,2024-05-18,2024-10-31,2,SERVICEABLE,True
AST01588,S&T,Signal_controller,SEC_KHA_LON,6.767,0.707,0.721,30,2024-04-23,2024-08-11,4,SERVICEABLE,True
AST01589,TRD,Section_insulator,SEC_CHI_SHI,10.317,0.895,0.879,11,2025-08-15,2025-12-02,3,RESTRICTED,True
AST01590,S&T,Point_machine,SEC_SHI_PUN,16.134,0.765,0.579,17,2024-07-21,2025-03-17,5,RESTRICTED,True
AST01591,S&T,Axle_counter,SEC_DAD_THA,3.715,0.643,0.886,29,2024-03-21,2025-03-05,0,RESTRICTED,True
AST01592,S&T,Point_machine,SEC_DAD_THA,4.651,0.636,0.687,12,2025-04-26,2026-02-15,8,RESTRICTED,True
AST01593,Engineering,Rail,SEC_SHI_PUN,10.211,0.81,0.798,25,2025-10-04,2026-02-03,7,MONITOR,True
AST01594,S&T,Point_machine,SEC_LON_TAL,4.588,0.81,0.492,28,2024-07-23,2025-07-02,2,MONITOR,True
AST01595,S&T,Signal_controller,SEC_TAL_CHI,19.487,0.554,0.715,3,2024-03-04,2025-03-01,6,RESTRICTED,True
AST01596,Engineering,Sleeper,SEC_KHA_LON,0.709,0.834,0.634,18,2025-11-22,2026-08-23,5,RESTRICTED,True
AST01597,TRD,OHE_mast,SEC_MUM_DAD,13.096,0.848,0.606,11,2025-03-11,2025-09-07,5,MONITOR,True
AST01598,TRD,Catenary,SEC_CHI_SHI,4.728,0.576,0.889,26,2025-06-05,2025-11-13,4,SERVICEABLE,True
AST01599,S&T,Signal_controller,SEC_THA_KAL,14.495,0.904,0.517,18,2024-11-17,2025-06-08,1,MONITOR,True
AST01600,TRD,Catenary,SEC_KAR_KHA,1.325,0.837,0.833,21,2025-06-14,2026-06-11,7,SERVICEABLE,True
AST01601,TRD,Feeder,SEC_THA_KAL,20.499,0.906,0.533,11,2024-11-04,2025-05-26,8,RESTRICTED,True
AST01602,S&T,Cable_route,SEC_DAD_THA,2.95,0.586,0.415,33,2025-09-05,2026-06-22,7,RESTRICTED,True
AST01603,TRD,Feeder,SEC_CHI_SHI,3.918,0.878,0.535,21,2024-08-10,2025-04-04,3,MONITOR,True
AST01604,S&T,Axle_counter,SEC_CHI_SHI,9.802,0.733,0.499,5,2025-08-29,2026-07-31,3,RESTRICTED,True
AST01605,S&T,Cable_route,SEC_SHI_PUN,5.38,0.485,0.585,3,2025-09-25,2026-06-28,5,MONITOR,True
AST01606,TRD,OHE_mast,SEC_KHA_LON,9.816,0.817,0.62,13,2025-09-04,2026-03-23,3,MONITOR,True
AST01607,TRD,OHE_mast,SEC_KAL_KAR,19.159,0.36,0.772,29,2025-02-01,2025-05-25,2,RESTRICTED,True
AST01608,S&T,Axle_counter,SEC_KAR_KHA,14.726,0.463,0.63,6,2025-11-16,2026-08-14,8,SERVICEABLE,True
AST01609,S&T,Point_machine,SEC_CHI_SHI,0.808,0.524,0.478,9,2024-08-20,2024-11-21,8,RESTRICTED,True
AST01610,S&T,Cable_route,SEC_LON_TAL,1.448,0.616,0.973,9,2025-01-18,2025-11-23,8,MONITOR,True
AST01611,TRD,Feeder,SEC_KAR_KHA,4.696,0.802,0.706,11,2025-08-03,2026-07-11,4,RESTRICTED,True
AST01612,S&T,Cable_route,SEC_SHI_PUN,9.539,0.464,0.477,24,2025-02-01,2025-09-26,1,SERVICEABLE,True
AST01613,S&T,Point_machine,SEC_KHA_LON,0.398,0.45,0.584,1,2025-11-12,2026-03-03,3,RESTRICTED,True
AST01614,S&T,Signal_controller,SEC_DAD_THA,12.32,0.862,0.921,9,2024-03-04,2024-07-31,1,SERVICEABLE,True
AST01615,Engineering,Turnout,SEC_KHA_LON,5.741,0.706,0.509,34,2025-05-28,2026-03-31,1,MONITOR,True
AST01616,TRD,Section_insulator,SEC_CHI_SHI,6.277,0.442,0.978,25,2024-11-22,2025-10-29,3,MONITOR,True
AST01617,TRD,Feeder,SEC_KAR_KHA,9.998,0.584,0.709,10,2025-12-16,2026-05-21,2,MONITOR,True
AST01618,TRD,Catenary,SEC_DAD_THA,6.804,0.822,0.514,12,2024-06-14,2024-11-05,1,SERVICEABLE,True
AST01619,Engineering,Sleeper,SEC_MUM_DAD,12.206,0.823,0.931,6,2025-10-23,2026-08-02,8,SERVICEABLE,True
AST01620,TRD,Section_insulator,SEC_TAL_CHI,3.223,0.691,0.86,30,2025-01-03,2025-04-15,6,RESTRICTED,True
AST01621,S&T,Axle_counter,SEC_TAL_CHI,3.55,0.647,0.556,12,2024-12-29,2025-11-29,5,RESTRICTED,True
AST01622,S&T,Cable_route,SEC_TAL_CHI,2.745,0.558,0.771,10,2024-05-17,2024-08-31,8,RESTRICTED,True
AST01623,S&T,Point_machine,SEC_LON_TAL,7.549,0.384,0.921,16,2025-09-09,2026-06-26,7,SERVICEABLE,True
AST01624,S&T,Point_machine,SEC_THA_KAL,1.434,0.854,0.837,14,2025-06-02,2026-04-14,2,SERVICEABLE,True
AST01625,TRD,Catenary,SEC_THA_KAL,3.368,0.961,0.84,14,2024-10-27,2025-04-22,5,RESTRICTED,True
AST01626,S&T,Axle_counter,SEC_KAR_KHA,3.736,0.558,0.618,10,2025-04-24,2025-10-16,3,RESTRICTED,True
AST01627,S&T,Signal_controller,SEC_KHA_LON,6.627,0.428,0.835,20,2025-03-24,2026-01-21,7,RESTRICTED,True
AST01628,S&T,Point_machine,SEC_KAL_KAR,3.955,0.953,0.743,26,2025-03-01,2025-10-03,4,MONITOR,True
AST01629,S&T,Point_machine,SEC_SHI_PUN,16.106,0.736,0.909,8,2025-06-21,2026-05-05,7,SERVICEABLE,True
AST01630,Engineering,Sleeper,SEC_TAL_CHI,1.463,0.777,0.758,4,2025-01-17,2025-08-21,8,MONITOR,True
AST01631,S&T,Axle_counter,SEC_KAL_KAR,11.799,0.506,0.49,21,2025-08-03,2026-07-24,1,SERVICEABLE,True
AST01632,TRD,Feeder,SEC_MUM_DAD,10.681,0.52,0.733,12,2025-11-14,2026-03-06,7,RESTRICTED,True
AST01633,S&T,Point_machine,SEC_KHA_LON,8.125,0.579,0.542,24,2024-02-08,2025-01-26,8,MONITOR,True
AST01634,Engineering,Rail,SEC_KAL_KAR,0.514,0.763,0.889,20,2025-04-25,2026-02-07,5,SERVICEABLE,True
AST01635,TRD,OHE_mast,SEC_KHA_LON,9.905,0.365,0.49,11,2025-05-21,2025-10-05,2,RESTRICTED,True
AST01636,S&T,Cable_route,SEC_MUM_DAD,1.886,0.768,0.841,13,2024-08-20,2025-04-08,3,SERVICEABLE,True
AST01637,S&T,Signal_controller,SEC_MUM_DAD,11.233,0.79,0.7,31,2025-09-29,2026-04-14,1,SERVICEABLE,True
AST01638,TRD,OHE_mast,SEC_THA_KAL,15.511,0.426,0.812,8,2025-05-24,2025-11-10,7,MONITOR,True
AST01639,TRD,Catenary,SEC_MUM_DAD,2.324,0.595,0.463,6,2025-08-26,2026-01-20,2,SERVICEABLE,True
AST01640,Engineering,Rail,SEC_TAL_CHI,2.752,0.836,0.959,22,2024-02-14,2025-02-08,3,RESTRICTED,True
AST01641,S&T,Signal_controller,SEC_MUM_DAD,5.77,0.566,0.722,13,2024-10-07,2025-07-18,2,MONITOR,True
AST01642,S&T,Cable_route,SEC_CHI_SHI,1.32,0.408,0.414,19,2025-06-25,2025-11-13,8,RESTRICTED,True
AST01643,TRD,Catenary,SEC_KHA_LON,10.195,0.732,0.625,21,2025-08-07,2026-01-20,0,RESTRICTED,True
AST01644,Engineering,Turnout,SEC_KHA_LON,8.571,0.865,0.529,5,2024-02-21,2024-05-21,5,SERVICEABLE,True
AST01645,S&T,Point_machine,SEC_MUM_DAD,15.092,0.441,0.514,15,2024-09-14,2025-02-11,5,RESTRICTED,True
AST01646,TRD,Section_insulator,SEC_LON_TAL,2.642,0.516,0.445,9,2025-05-19,2025-08-30,2,SERVICEABLE,True
AST01647,Engineering,Bridge_joint,SEC_MUM_DAD,8.258,0.657,0.735,24,2024-04-03,2024-09-22,4,SERVICEABLE,True
AST01648,Engineering,Rail,SEC_TAL_CHI,14.117,0.902,0.413,6,2024-10-07,2025-08-11,3,SERVICEABLE,True
AST01649,Engineering,Turnout,SEC_CHI_SHI,7.752,0.517,0.918,7,2025-01-06,2025-09-16,0,SERVICEABLE,True
AST01650,S&T,Cable_route,SEC_MUM_DAD,4.922,0.931,0.643,8,2025-12-05,2026-09-06,7,RESTRICTED,True
AST01651,S&T,Point_machine,SEC_KHA_LON,5.068,0.587,0.754,20,2024-03-25,2024-07-26,5,MONITOR,True
AST01652,TRD,Feeder,SEC_THA_KAL,20.018,0.438,0.886,17,2024-08-18,2025-01-09,7,MONITOR,True
AST01653,Engineering,Rail,SEC_MUM_DAD,10.816,0.375,0.416,8,2024-07-14,2024-12-13,6,RESTRICTED,True
AST01654,Engineering,Rail,SEC_TAL_CHI,7.873,0.621,0.426,6,2024-08-09,2025-01-28,0,RESTRICTED,True
AST01655,Engineering,Turnout,SEC_TAL_CHI,2.194,0.801,0.678,2,2025-09-03,2026-05-26,3,RESTRICTED,True
AST01656,Engineering,Bridge_joint,SEC_TAL_CHI,2.082,0.563,0.981,4,2024-09-05,2025-03-31,4,MONITOR,True
AST01657,S&T,Cable_route,SEC_TAL_CHI,5.955,0.801,0.415,26,2025-06-26,2025-11-21,6,SERVICEABLE,True
AST01658,TRD,Section_insulator,SEC_TAL_CHI,8.405,0.668,0.523,28,2024-04-21,2024-11-26,8,SERVICEABLE,True
AST01659,TRD,Catenary,SEC_KAL_KAR,14.582,0.887,0.934,11,2024-09-28,2025-05-06,6,SERVICEABLE,True
AST01660,Engineering,Turnout,SEC_SHI_PUN,1.533,0.362,0.435,16,2025-08-03,2026-07-02,4,MONITOR,True
AST01661,TRD,Feeder,SEC_DAD_THA,4.06,0.833,0.877,22,2024-03-21,2024-07-01,0,MONITOR,True
AST01662,S&T,Point_machine,SEC_TAL_CHI,2.524,0.829,0.558,17,2025-11-14,2026-02-22,3,RESTRICTED,True
AST01663,S&T,Axle_counter,SEC_SHI_PUN,17.041,0.552,0.801,18,2024-05-14,2024-08-13,1,MONITOR,True
AST01664,Engineering,Rail,SEC_KAR_KHA,9.496,0.764,0.759,33,2025-11-14,2026-07-14,7,MONITOR,True
AST01665,S&T,Point_machine,SEC_KAL_KAR,15.562,0.788,0.888,13,2024-09-04,2025-07-15,6,RESTRICTED,True
AST01666,S&T,Cable_route,SEC_DAD_THA,5.339,0.488,0.572,25,2025-09-12,2026-02-25,0,MONITOR,True
AST01667,TRD,Section_insulator,SEC_KAL_KAR,5.667,0.467,0.842,12,2025-01-26,2025-12-05,8,RESTRICTED,True
AST01668,S&T,Cable_route,SEC_SHI_PUN,12.817,0.866,0.44,8,2024-04-06,2025-02-18,4,SERVICEABLE,True
AST01669,TRD,Catenary,SEC_MUM_DAD,4.239,0.875,0.724,4,2024-07-13,2025-06-03,2,SERVICEABLE,True
AST01670,Engineering,Bridge_joint,SEC_MUM_DAD,16.34,0.411,0.959,2,2024-03-17,2024-10-25,8,SERVICEABLE,True
AST01671,Engineering,Turnout,SEC_SHI_PUN,12.886,0.927,0.938,33,2024-05-03,2025-03-18,1,MONITOR,True
AST01672,Engineering,Turnout,SEC_CHI_SHI,0.459,0.922,0.582,5,2024-06-11,2025-04-01,2,SERVICEABLE,True
AST01673,Engineering,Bridge_joint,SEC_KHA_LON,6.228,0.972,0.624,15,2024-05-17,2025-03-28,0,RESTRICTED,True
AST01674,Engineering,Rail,SEC_MUM_DAD,5.111,0.555,0.8,3,2024-10-20,2025-09-17,2,SERVICEABLE,True
AST01675,TRD,OHE_mast,SEC_KAR_KHA,9.268,0.948,0.707,6,2024-02-28,2024-07-10,7,RESTRICTED,True
AST01676,S&T,Cable_route,SEC_THA_KAL,12.734,0.446,0.836,28,2024-05-28,2025-05-11,6,RESTRICTED,True
AST01677,S&T,Point_machine,SEC_MUM_DAD,5.258,0.516,0.874,23,2025-05-02,2025-09-29,6,SERVICEABLE,True
AST01678,TRD,Feeder,SEC_MUM_DAD,9.646,0.532,0.936,16,2025-06-24,2026-05-29,8,RESTRICTED,True
AST01679,Engineering,Turnout,SEC_LON_TAL,3.031,0.466,0.784,30,2024-05-07,2025-02-24,6,RESTRICTED,True
AST01680,S&T,Cable_route,SEC_SHI_PUN,8.518,0.949,0.658,35,2025-04-12,2025-11-23,4,MONITOR,True
AST01681,S&T,Cable_route,SEC_THA_KAL,1.464,0.415,0.485,1,2025-07-19,2026-04-08,5,RESTRICTED,True
AST01682,Engineering,Bridge_joint,SEC_KAR_KHA,8.451,0.969,0.976,9,2025-12-22,2026-12-04,3,MONITOR,True
AST01683,S&T,Point_machine,SEC_CHI_SHI,8.3,0.913,0.482,15,2024-04-03,2024-07-23,4,MONITOR,True
AST01684,TRD,Catenary,SEC_CHI_SHI,5.34,0.749,0.438,5,2024-10-13,2025-01-22,4,SERVICEABLE,True
AST01685,Engineering,Rail,SEC_SHI_PUN,20.145,0.989,0.924,16,2024-12-21,2025-06-12,6,SERVICEABLE,True
AST01686,Engineering,Sleeper,SEC_TAL_CHI,14.134,0.978,0.426,1,2025-01-07,2025-07-11,4,MONITOR,True
AST01687,S&T,Axle_counter,SEC_LON_TAL,2.853,0.93,0.567,2,2025-07-06,2026-04-06,4,MONITOR,True
AST01688,Engineering,Turnout,SEC_DAD_THA,7.958,0.909,0.818,28,2025-01-31,2025-05-17,4,SERVICEABLE,True
AST01689,S&T,Point_machine,SEC_LON_TAL,7.098,0.844,0.476,31,2024-08-14,2024-12-15,4,RESTRICTED,True
AST01690,S&T,Axle_counter,SEC_CHI_SHI,6.468,0.883,0.487,1,2024-11-07,2025-09-29,4,SERVICEABLE,True
AST01691,TRD,Section_insulator,SEC_LON_TAL,4.381,0.748,0.951,7,2025-05-05,2026-01-17,6,MONITOR,True
AST01692,S&T,Point_machine,SEC_SHI_PUN,14.935,0.796,0.73,16,2024-05-06,2025-02-22,4,RESTRICTED,True
AST01693,TRD,Section_insulator,SEC_DAD_THA,4.273,0.421,0.768,17,2025-02-04,2025-05-30,2,SERVICEABLE,True
AST01694,S&T,Point_machine,SEC_KHA_LON,2.993,0.423,0.685,25,2025-11-07,2026-08-03,6,RESTRICTED,True
AST01695,S&T,Axle_counter,SEC_KAL_KAR,19.964,0.483,0.589,35,2024-06-02,2025-03-21,6,RESTRICTED,True
AST01696,S&T,Signal_controller,SEC_DAD_THA,6.662,0.734,0.627,17,2025-01-21,2025-10-28,0,SERVICEABLE,True
AST01697,Engineering,Turnout,SEC_THA_KAL,6.391,0.538,0.626,17,2025-06-22,2025-10-14,6,RESTRICTED,True
AST01698,TRD,Feeder,SEC_LON_TAL,4.219,0.518,0.409,4,2025-01-22,2025-12-01,4,MONITOR,True
AST01699,TRD,Section_insulator,SEC_TAL_CHI,14.847,0.716,0.87,22,2024-06-20,2024-10-02,4,MONITOR,True
AST01700,Engineering,Sleeper,SEC_CHI_SHI,9.578,0.505,0.869,2,2024-10-13,2025-03-18,4,MONITOR,True
AST01701,TRD,Catenary,SEC_THA_KAL,16.325,0.419,0.78,22,2025-03-01,2025-06-26,5,SERVICEABLE,True
AST01702,Engineering,Rail,SEC_LON_TAL,1.427,0.447,0.509,12,2025-08-23,2026-02-18,7,MONITOR,True
AST01703,TRD,Feeder,SEC_KAR_KHA,6.275,0.6,0.462,21,2024-04-04,2024-08-06,2,MONITOR,True
AST01704,S&T,Axle_counter,SEC_DAD_THA,4.849,0.86,0.784,33,2025-04-09,2026-04-07,0,SERVICEABLE,True
AST01705,S&T,Axle_counter,SEC_DAD_THA,6.151,0.805,0.995,34,2024-11-12,2025-10-14,2,SERVICEABLE,True
AST01706,Engineering,Sleeper,SEC_SHI_PUN,13.422,0.946,0.564,23,2024-09-24,2024-12-29,2,RESTRICTED,True
AST01707,TRD,Section_insulator,SEC_THA_KAL,13.549,0.817,0.952,28,2025-10-06,2026-03-20,0,SERVICEABLE,True
AST01708,S&T,Cable_route,SEC_KAL_KAR,17.647,0.625,0.818,31,2025-01-06,2025-07-31,6,RESTRICTED,True
AST01709,Engineering,Bridge_joint,SEC_CHI_SHI,4.224,0.957,0.505,11,2024-12-10,2025-07-23,2,SERVICEABLE,True
AST01710,S&T,Signal_controller,SEC_CHI_SHI,3.917,0.38,0.805,17,2024-12-17,2025-08-01,6,MONITOR,True
AST01711,TRD,Section_insulator,SEC_KAR_KHA,10.137,0.891,0.446,22,2025-07-26,2026-02-01,2,SERVICEABLE,True
AST01712,Engineering,Bridge_joint,SEC_KAR_KHA,11.946,0.638,0.941,32,2024-03-27,2024-08-07,6,SERVICEABLE,True
AST01713,Engineering,Turnout,SEC_THA_KAL,10.404,0.593,0.502,2,2025-06-09,2026-06-09,1,MONITOR,True
AST01714,TRD,OHE_mast,SEC_CHI_SHI,0.815,0.966,0.896,5,2024-04-10,2025-01-23,4,MONITOR,True
AST01715,S&T,Signal_controller,SEC_MUM_DAD,7.565,0.881,0.56,15,2025-01-24,2026-01-06,3,MONITOR,True
AST01716,Engineering,Turnout,SEC_MUM_DAD,0.791,0.808,0.638,7,2024-07-13,2024-11-15,7,RESTRICTED,True
AST01717,TRD,OHE_mast,SEC_LON_TAL,2.959,0.513,0.802,12,2025-03-12,2025-10-18,5,MONITOR,True
AST01718,TRD,Feeder,SEC_MUM_DAD,16.047,0.791,0.685,14,2024-06-23,2025-03-25,3,MONITOR,True
AST01719,S&T,Axle_counter,SEC_MUM_DAD,12.493,0.444,0.674,21,2025-04-20,2025-09-20,8,RESTRICTED,True
AST01720,S&T,Cable_route,SEC_CHI_SHI,8.755,0.679,0.493,28,2024-05-01,2025-04-26,0,MONITOR,True
AST01721,TRD,Feeder,SEC_SHI_PUN,15.828,0.887,0.809,31,2025-09-06,2026-04-24,4,MONITOR,True
AST01722,Engineering,Rail,SEC_DAD_THA,11.089,0.462,0.479,35,2024-11-27,2025-07-04,3,RESTRICTED,True
AST01723,S&T,Signal_controller,SEC_SHI_PUN,10.156,0.714,0.462,34,2025-04-25,2025-11-22,1,RESTRICTED,True
AST01724,S&T,Point_machine,SEC_MUM_DAD,7.668,0.979,0.71,11,2024-05-21,2024-12-04,8,SERVICEABLE,True
AST01725,S&T,Signal_controller,SEC_THA_KAL,3.169,0.468,0.505,3,2025-08-25,2025-11-30,0,SERVICEABLE,True
AST01726,Engineering,Bridge_joint,SEC_TAL_CHI,8.562,0.675,0.779,8,2025-11-06,2026-02-19,8,RESTRICTED,True
AST01727,TRD,Feeder,SEC_DAD_THA,0.243,0.589,0.878,6,2025-02-23,2025-08-28,4,SERVICEABLE,True
AST01728,S&T,Signal_controller,SEC_CHI_SHI,3.506,0.76,0.451,21,2024-02-26,2024-09-27,8,SERVICEABLE,True
AST01729,TRD,Section_insulator,SEC_LON_TAL,6.584,0.548,0.92,9,2025-06-06,2026-02-12,5,RESTRICTED,True
AST01730,Engineering,Rail,SEC_MUM_DAD,3.934,0.936,0.402,2,2024-09-10,2025-07-03,4,MONITOR,True
AST01731,S&T,Point_machine,SEC_TAL_CHI,16.365,0.629,0.983,22,2025-12-02,2026-03-25,6,MONITOR,True
AST01732,TRD,OHE_mast,SEC_DAD_THA,0.266,0.905,0.825,26,2024-12-08,2025-08-08,3,MONITOR,True
AST01733,Engineering,Bridge_joint,SEC_CHI_SHI,3.913,0.844,0.682,26,2024-04-03,2024-11-16,8,RESTRICTED,True
AST01734,Engineering,Turnout,SEC_CHI_SHI,9.048,0.538,0.484,28,2024-10-19,2025-04-30,8,RESTRICTED,True
AST01735,S&T,Point_machine,SEC_THA_KAL,8.28,0.5,0.66,30,2025-12-07,2026-12-02,8,RESTRICTED,True
AST01736,S&T,Axle_counter,SEC_TAL_CHI,10.418,0.583,0.623,32,2024-04-02,2024-08-07,6,SERVICEABLE,True
AST01737,TRD,Feeder,SEC_DAD_THA,7.359,0.431,0.966,25,2025-11-29,2026-06-28,2,MONITOR,True
AST01738,S&T,Cable_route,SEC_TAL_CHI,16.661,0.593,0.582,34,2024-05-10,2024-11-11,1,RESTRICTED,True
AST01739,Engineering,Turnout,SEC_THA_KAL,19.912,0.677,0.983,30,2024-12-18,2025-09-05,1,MONITOR,True
AST01740,TRD,Feeder,SEC_KAR_KHA,10.966,0.596,0.511,9,2024-08-10,2025-04-08,1,SERVICEABLE,True
AST01741,S&T,Signal_controller,SEC_KAR_KHA,1.514,0.52,0.498,26,2025-08-03,2026-06-12,7,MONITOR,True
AST01742,S&T,Axle_counter,SEC_TAL_CHI,1.141,0.936,0.463,17,2024-12-12,2025-07-26,8,MONITOR,True
AST01743,S&T,Cable_route,SEC_KHA_LON,5.807,0.849,0.476,3,2025-01-30,2025-12-08,2,SERVICEABLE,True
AST01744,TRD,Feeder,SEC_MUM_DAD,13.816,0.755,0.532,2,2025-11-02,2026-03-04,5,MONITOR,True
AST01745,TRD,OHE_mast,SEC_TAL_CHI,3.448,0.985,0.702,9,2025-03-12,2026-02-05,8,RESTRICTED,True
AST01746,TRD,Section_insulator,SEC_MUM_DAD,1.228,0.467,0.813,32,2024-07-08,2025-06-27,7,SERVICEABLE,True
AST01747,Engineering,Sleeper,SEC_LON_TAL,0.7,0.658,0.435,35,2024-12-05,2025-03-08,5,RESTRICTED,True
AST01748,S&T,Axle_counter,SEC_DAD_THA,1.581,0.89,0.932,24,2025-12-21,2026-06-20,1,RESTRICTED,True
AST01749,Engineering,Turnout,SEC_THA_KAL,9.101,0.956,0.917,3,2024-12-16,2025-07-10,7,SERVICEABLE,True
AST01750,S&T,Signal_controller,SEC_KAL_KAR,1.146,0.73,0.808,30,2025-10-11,2026-08-17,0,MONITOR,True
AST01751,TRD,OHE_mast,SEC_CHI_SHI,6.856,0.797,0.536,20,2024-05-26,2025-02-07,2,RESTRICTED,True
AST01752,S&T,Point_machine,SEC_LON_TAL,5.011,0.434,0.554,14,2024-10-26,2025-07-19,7,SERVICEABLE,True
AST01753,TRD,OHE_mast,SEC_SHI_PUN,17.84,0.479,0.587,33,2025-07-31,2026-06-28,8,SERVICEABLE,True
AST01754,Engineering,Rail,SEC_MUM_DAD,5.078,0.846,0.798,3,2025-07-18,2026-04-14,6,SERVICEABLE,True
AST01755,S&T,Signal_controller,SEC_DAD_THA,6.07,0.63,0.714,19,2025-05-18,2026-02-16,3,MONITOR,True
AST01756,Engineering,Bridge_joint,SEC_CHI_SHI,0.812,0.375,0.658,18,2024-06-12,2025-04-20,3,RESTRICTED,True
AST01757,S&T,Signal_controller,SEC_KAR_KHA,13.812,0.7,0.981,35,2024-07-25,2025-01-30,5,SERVICEABLE,True
AST01758,TRD,Section_insulator,SEC_LON_TAL,7.676,0.564,0.667,35,2025-11-04,2026-07-21,7,MONITOR,True
AST01759,S&T,Axle_counter,SEC_LON_TAL,3.082,0.583,0.638,22,2024-12-27,2025-05-06,3,RESTRICTED,True
AST01760,Engineering,Rail,SEC_SHI_PUN,0.861,0.377,0.777,22,2025-01-24,2025-06-17,4,RESTRICTED,True
AST01761,Engineering,Rail,SEC_KAL_KAR,2.48,0.849,0.965,6,2025-09-11,2026-08-03,1,RESTRICTED,True
AST01762,S&T,Axle_counter,SEC_THA_KAL,7.019,0.385,0.822,19,2024-09-23,2025-07-09,2,RESTRICTED,True
AST01763,Engineering,Bridge_joint,SEC_SHI_PUN,8.398,0.797,0.45,15,2025-02-03,2025-09-18,2,SERVICEABLE,True
AST01764,Engineering,Sleeper,SEC_THA_KAL,9.319,0.908,0.436,21,2024-05-22,2025-02-18,2,MONITOR,True
AST01765,S&T,Axle_counter,SEC_DAD_THA,4.174,0.93,0.608,22,2025-05-17,2025-11-16,4,MONITOR,True
AST01766,S&T,Cable_route,SEC_MUM_DAD,8.559,0.84,0.823,3,2024-08-05,2024-12-24,2,MONITOR,True
AST01767,S&T,Axle_counter,SEC_KHA_LON,8.415,0.935,0.8,24,2024-03-03,2024-06-15,1,SERVICEABLE,True
AST01768,Engineering,Bridge_joint,SEC_KAR_KHA,14.834,0.48,0.938,14,2025-02-14,2025-05-21,1,SERVICEABLE,True
AST01769,TRD,Section_insulator,SEC_THA_KAL,19.848,0.674,0.819,14,2024-10-10,2025-01-31,4,SERVICEABLE,True
AST01770,Engineering,Turnout,SEC_SHI_PUN,20.454,0.914,0.77,15,2024-02-22,2024-11-10,2,RESTRICTED,True
AST01771,TRD,Section_insulator,SEC_KAL_KAR,21.796,0.581,0.442,22,2025-07-25,2025-11-15,0,MONITOR,True
AST01772,TRD,OHE_mast,SEC_MUM_DAD,7.781,0.397,0.632,28,2024-06-10,2024-10-08,7,MONITOR,True
AST01773,TRD,OHE_mast,SEC_KAL_KAR,23.867,0.809,0.974,33,2025-03-24,2025-08-25,3,RESTRICTED,True
AST01774,TRD,Section_insulator,SEC_SHI_PUN,15.734,0.352,0.694,24,2025-05-06,2025-08-14,6,SERVICEABLE,True
AST01775,TRD,Section_insulator,SEC_MUM_DAD,4.309,0.666,0.991,23,2025-12-11,2026-04-17,5,MONITOR,True
AST01776,Engineering,Bridge_joint,SEC_THA_KAL,6.12,0.468,0.437,30,2024-06-20,2025-01-26,2,RESTRICTED,True
AST01777,S&T,Signal_controller,SEC_KAL_KAR,18.932,0.395,0.842,20,2025-01-18,2025-06-05,0,RESTRICTED,True
AST01778,Engineering,Bridge_joint,SEC_MUM_DAD,6.978,0.677,0.546,1,2024-03-10,2025-01-05,2,SERVICEABLE,True
AST01779,Engineering,Bridge_joint,SEC_LON_TAL,3.777,0.53,0.807,9,2024-03-31,2024-07-02,7,MONITOR,True
AST01780,S&T,Point_machine,SEC_KHA_LON,10.164,0.73,0.756,12,2025-09-24,2026-03-20,6,MONITOR,True
AST01781,Engineering,Bridge_joint,SEC_MUM_DAD,4.56,0.86,0.931,16,2024-10-19,2025-04-18,2,MONITOR,True
AST01782,TRD,Section_insulator,SEC_CHI_SHI,2.296,0.92,0.817,17,2024-09-05,2025-07-29,2,SERVICEABLE,True
AST01783,TRD,OHE_mast,SEC_DAD_THA,10.315,0.466,0.659,11,2025-05-05,2025-08-06,2,SERVICEABLE,True
AST01784,S&T,Signal_controller,SEC_DAD_THA,4.595,0.717,0.693,34,2025-08-17,2026-08-09,0,RESTRICTED,True
AST01785,TRD,OHE_mast,SEC_LON_TAL,0.981,0.485,0.623,8,2024-07-25,2025-06-03,8,RESTRICTED,True
AST01786,Engineering,Turnout,SEC_SHI_PUN,16.869,0.594,0.71,31,2025-07-04,2025-11-19,0,MONITOR,True
AST01787,Engineering,Bridge_joint,SEC_CHI_SHI,9.111,0.74,0.493,14,2025-10-15,2026-07-24,7,SERVICEABLE,True
AST01788,S&T,Cable_route,SEC_KHA_LON,11.387,0.987,0.483,20,2025-10-29,2026-03-17,7,SERVICEABLE,True
AST01789,Engineering,Rail,SEC_THA_KAL,11.708,0.75,0.903,19,2024-06-21,2024-11-23,3,SERVICEABLE,True
AST01790,S&T,Signal_controller,SEC_MUM_DAD,4.965,0.982,0.793,18,2025-03-12,2026-02-14,2,RESTRICTED,True
AST01791,S&T,Axle_counter,SEC_DAD_THA,5.474,0.799,0.804,24,2024-05-10,2024-11-16,0,SERVICEABLE,True
AST01792,Engineering,Sleeper,SEC_MUM_DAD,5.449,0.434,0.663,10,2025-05-12,2025-10-16,5,SERVICEABLE,True
AST01793,S&T,Axle_counter,SEC_KAL_KAR,8.998,0.672,0.651,13,2025-11-10,2026-04-15,0,MONITOR,True
AST01794,TRD,Feeder,SEC_KAL_KAR,0.169,0.948,0.664,4,2025-01-04,2025-07-31,7,MONITOR,True
AST01795,TRD,OHE_mast,SEC_SHI_PUN,12.119,0.767,0.994,9,2025-10-11,2026-01-20,1,MONITOR,True
AST01796,S&T,Axle_counter,SEC_TAL_CHI,5.921,0.49,0.966,3,2025-07-13,2026-07-09,0,MONITOR,True
AST01797,Engineering,Turnout,SEC_DAD_THA,8.006,0.713,0.881,26,2025-07-09,2025-12-23,3,SERVICEABLE,True
AST01798,TRD,Feeder,SEC_MUM_DAD,9.776,0.97,0.651,24,2024-11-02,2025-08-07,6,MONITOR,True
AST01799,Engineering,Bridge_joint,SEC_KAL_KAR,16.812,0.865,0.617,10,2025-09-27,2026-09-14,0,MONITOR,True
AST01800,S&T,Cable_route,SEC_KAR_KHA,4.725,0.601,0.518,3,2024-09-27,2025-08-03,4,RESTRICTED,True
AST01801,Engineering,Sleeper,SEC_SHI_PUN,9.425,0.457,0.514,1,2025-02-16,2025-11-25,2,MONITOR,True
AST01802,Engineering,Bridge_joint,SEC_DAD_THA,1.228,0.853,0.799,10,2025-04-05,2025-10-22,5,RESTRICTED,True
AST01803,S&T,Cable_route,SEC_KAR_KHA,10.465,0.757,0.973,7,2024-07-13,2025-06-30,8,RESTRICTED,True
AST01804,TRD,OHE_mast,SEC_SHI_PUN,20.911,0.814,0.944,10,2024-03-08,2024-10-06,1,RESTRICTED,True
AST01805,S&T,Point_machine,SEC_KAR_KHA,3.495,0.811,0.977,22,2025-04-21,2025-09-26,4,MONITOR,True
AST01806,Engineering,Turnout,SEC_MUM_DAD,7.142,0.517,0.521,16,2025-05-06,2025-12-07,0,RESTRICTED,True
AST01807,Engineering,Rail,SEC_DAD_THA,9.107,0.67,0.417,24,2024-02-07,2025-02-01,4,MONITOR,True
AST01808,TRD,Feeder,SEC_SHI_PUN,15.203,0.607,0.827,32,2025-01-18,2025-12-06,4,RESTRICTED,True
AST01809,S&T,Cable_route,SEC_KAL_KAR,8.701,0.711,0.995,16,2024-10-01,2025-07-07,4,MONITOR,True
AST01810,TRD,Feeder,SEC_DAD_THA,5.594,0.463,0.571,18,2025-08-15,2025-12-23,0,RESTRICTED,True
AST01811,S&T,Axle_counter,SEC_SHI_PUN,7.528,0.871,0.511,20,2024-07-20,2024-12-01,6,RESTRICTED,True
AST01812,Engineering,Turnout,SEC_KHA_LON,6.859,0.466,0.912,26,2025-02-16,2025-12-31,3,SERVICEABLE,True
AST01813,TRD,Section_insulator,SEC_THA_KAL,5.146,0.596,0.96,8,2025-03-25,2025-09-23,4,SERVICEABLE,True
AST01814,S&T,Cable_route,SEC_CHI_SHI,6.968,0.873,0.581,16,2025-07-14,2026-05-12,5,MONITOR,True
AST01815,Engineering,Rail,SEC_TAL_CHI,11.148,0.495,0.977,15,2024-02-18,2025-01-07,0,SERVICEABLE,True
AST01816,S&T,Axle_counter,SEC_TAL_CHI,18.433,0.946,0.448,23,2025-07-04,2025-12-13,8,MONITOR,True
AST01817,Engineering,Turnout,SEC_KHA_LON,1.936,0.823,0.506,24,2024-02-18,2024-10-08,8,MONITOR,True
AST01818,TRD,Section_insulator,SEC_TAL_CHI,1.048,0.907,0.96,32,2025-06-07,2025-11-27,0,RESTRICTED,True
AST01819,S&T,Point_machine,SEC_KHA_LON,10.376,0.646,0.479,10,2025-05-09,2026-03-22,6,MONITOR,True
AST01820,S&T,Cable_route,SEC_LON_TAL,1.659,0.528,0.437,30,2025-12-19,2026-05-15,0,RESTRICTED,True
AST01821,S&T,Cable_route,SEC_THA_KAL,17.236,0.944,0.62,35,2025-10-19,2026-01-29,8,RESTRICTED,True
AST01822,Engineering,Rail,SEC_MUM_DAD,17.88,0.392,0.512,31,2025-06-23,2025-11-25,7,RESTRICTED,True
AST01823,Engineering,Rail,SEC_LON_TAL,0.319,0.842,0.531,20,2025-05-04,2025-10-04,6,RESTRICTED,True
AST01824,S&T,Axle_counter,SEC_TAL_CHI,19.472,0.477,0.773,3,2025-06-02,2025-11-01,5,RESTRICTED,True
AST01825,Engineering,Bridge_joint,SEC_THA_KAL,19.191,0.718,0.779,2,2024-04-16,2024-10-18,7,SERVICEABLE,True
AST01826,TRD,Catenary,SEC_KHA_LON,11.445,0.932,0.489,23,2024-02-16,2024-09-02,2,RESTRICTED,True
AST01827,S&T,Point_machine,SEC_KAL_KAR,16.786,0.351,0.618,13,2024-07-06,2025-01-01,7,RESTRICTED,True
AST01828,S&T,Signal_controller,SEC_KHA_LON,2.747,0.406,0.61,15,2024-10-15,2025-08-19,0,MONITOR,True
AST01829,TRD,OHE_mast,SEC_MUM_DAD,10.744,0.47,0.764,30,2025-11-06,2026-10-23,1,RESTRICTED,True
AST01830,Engineering,Sleeper,SEC_LON_TAL,0.419,0.45,0.46,1,2024-08-06,2025-01-06,8,SERVICEABLE,True
AST01831,S&T,Signal_controller,SEC_DAD_THA,12.387,0.941,0.857,32,2024-02-09,2024-12-17,8,MONITOR,True
AST01832,TRD,Feeder,SEC_KAL_KAR,7.838,0.484,0.982,17,2025-08-10,2026-01-21,3,RESTRICTED,True
AST01833,Engineering,Sleeper,SEC_THA_KAL,19.468,0.833,0.575,33,2025-12-05,2026-04-28,2,MONITOR,True
AST01834,S&T,Signal_controller,SEC_THA_KAL,3.862,0.591,0.893,23,2024-11-03,2025-03-02,5,SERVICEABLE,True
AST01835,TRD,OHE_mast,SEC_LON_TAL,2.106,0.897,0.469,31,2025-04-16,2025-08-18,0,MONITOR,True
AST01836,TRD,Feeder,SEC_KAR_KHA,1.709,0.778,0.537,16,2025-12-16,2026-11-19,8,MONITOR,True
AST01837,Engineering,Turnout,SEC_THA_KAL,0.385,0.462,0.797,5,2025-05-11,2026-02-22,8,MONITOR,True
AST01838,S&T,Point_machine,SEC_KAL_KAR,13.722,0.597,0.588,31,2024-02-19,2024-11-22,4,MONITOR,True
AST01839,Engineering,Turnout,SEC_KHA_LON,3.052,0.586,0.657,5,2025-06-27,2025-10-29,4,SERVICEABLE,True
AST01840,Engineering,Turnout,SEC_KHA_LON,5.128,0.719,0.626,2,2024-05-18,2024-10-01,3,RESTRICTED,True
AST01841,TRD,Feeder,SEC_CHI_SHI,5.946,0.864,0.887,12,2025-10-22,2026-09-21,0,MONITOR,True
AST01842,Engineering,Bridge_joint,SEC_THA_KAL,14.14,0.412,0.837,5,2024-03-25,2025-03-04,1,SERVICEABLE,True
AST01843,TRD,OHE_mast,SEC_KAL_KAR,13.738,0.646,0.74,28,2024-03-27,2025-01-17,7,MONITOR,True
AST01844,Engineering,Bridge_joint,SEC_KAL_KAR,1.87,0.498,0.879,28,2024-08-07,2025-07-10,2,SERVICEABLE,True
AST01845,TRD,Feeder,SEC_MUM_DAD,8.99,0.692,0.685,22,2024-05-11,2025-05-07,8,MONITOR,True
AST01846,TRD,Catenary,SEC_KAL_KAR,22.545,0.736,0.778,20,2025-05-29,2025-10-25,6,MONITOR,True
AST01847,TRD,Catenary,SEC_MUM_DAD,18.518,0.43,0.427,22,2025-06-19,2026-01-14,1,RESTRICTED,True
AST01848,Engineering,Turnout,SEC_MUM_DAD,15.057,0.986,0.738,32,2024-11-30,2025-07-17,7,MONITOR,True
AST01849,TRD,OHE_mast,SEC_MUM_DAD,0.123,0.603,0.586,27,2024-05-27,2025-04-19,6,MONITOR,True
AST01850,TRD,Section_insulator,SEC_SHI_PUN,10.118,0.619,0.521,29,2025-02-09,2025-06-24,5,MONITOR,True
AST01851,S&T,Axle_counter,SEC_KAR_KHA,13.303,0.506,0.589,3,2025-11-29,2026-09-23,3,MONITOR,True
AST01852,Engineering,Rail,SEC_SHI_PUN,16.634,0.745,0.978,18,2024-05-23,2025-03-27,7,SERVICEABLE,True
AST01853,Engineering,Turnout,SEC_THA_KAL,12.09,0.482,0.817,25,2025-05-08,2026-01-17,7,RESTRICTED,True
AST01854,Engineering,Sleeper,SEC_KHA_LON,4.206,0.646,0.805,11,2024-06-29,2024-12-18,6,MONITOR,True
AST01855,Engineering,Rail,SEC_KHA_LON,7.309,0.742,0.609,34,2024-03-27,2024-12-13,4,MONITOR,True
AST01856,S&T,Point_machine,SEC_KAL_KAR,7.223,0.827,0.584,22,2025-03-29,2025-11-23,4,SERVICEABLE,True
AST01857,TRD,OHE_mast,SEC_LON_TAL,4.815,0.884,0.967,16,2024-04-09,2024-11-09,4,MONITOR,True
AST01858,S&T,Point_machine,SEC_KAR_KHA,3.585,0.361,0.855,18,2024-10-29,2025-06-11,8,SERVICEABLE,True
AST01859,Engineering,Sleeper,SEC_MUM_DAD,11.557,0.737,0.686,33,2024-10-18,2025-03-22,3,RESTRICTED,True
AST01860,S&T,Cable_route,SEC_DAD_THA,3.277,0.433,0.815,7,2025-12-14,2026-10-28,1,MONITOR,True
AST01861,Engineering,Bridge_joint,SEC_KHA_LON,3.638,0.534,0.826,34,2024-12-31,2025-07-07,6,MONITOR,True
AST01862,TRD,Feeder,SEC_SHI_PUN,3.051,0.357,0.581,9,2025-11-14,2026-06-17,6,MONITOR,True
AST01863,TRD,OHE_mast,SEC_THA_KAL,15.338,0.877,0.485,15,2024-05-21,2024-09-15,5,SERVICEABLE,True
AST01864,Engineering,Rail,SEC_KAL_KAR,17.609,0.903,0.717,30,2025-01-15,2025-11-02,6,SERVICEABLE,True
AST01865,TRD,Section_insulator,SEC_TAL_CHI,18.895,0.954,0.557,28,2025-10-03,2026-04-22,5,RESTRICTED,True
AST01866,TRD,Catenary,SEC_KAR_KHA,10.808,0.404,0.534,26,2024-11-20,2025-06-11,8,RESTRICTED,True
AST01867,TRD,OHE_mast,SEC_KAL_KAR,7.177,0.451,0.802,12,2025-06-10,2026-04-04,2,SERVICEABLE,True
AST01868,Engineering,Sleeper,SEC_KAR_KHA,7.141,0.483,0.465,12,2025-03-26,2026-01-18,4,SERVICEABLE,True
AST01869,S&T,Point_machine,SEC_SHI_PUN,9.399,0.371,0.875,26,2024-06-17,2024-09-29,5,RESTRICTED,True
AST01870,S&T,Signal_controller,SEC_SHI_PUN,19.346,0.448,0.883,25,2024-05-05,2024-08-28,1,RESTRICTED,True
AST01871,S&T,Point_machine,SEC_TAL_CHI,17.441,0.471,0.423,5,2024-09-02,2025-04-14,3,MONITOR,True
AST01872,Engineering,Sleeper,SEC_KAL_KAR,12.902,0.454,0.735,24,2025-11-04,2026-04-26,4,MONITOR,True
AST01873,TRD,Section_insulator,SEC_THA_KAL,9.544,0.479,0.712,22,2025-07-12,2026-01-19,2,RESTRICTED,True
AST01874,Engineering,Rail,SEC_THA_KAL,0.442,0.488,0.927,22,2024-11-07,2025-04-01,3,SERVICEABLE,True
AST01875,Engineering,Sleeper,SEC_KAR_KHA,6.384,0.779,0.657,29,2025-10-14,2026-03-15,7,MONITOR,True
AST01876,Engineering,Bridge_joint,SEC_LON_TAL,1.276,0.831,0.589,31,2024-04-07,2024-12-30,0,SERVICEABLE,True
AST01877,TRD,Section_insulator,SEC_KAL_KAR,1.437,0.872,0.502,12,2025-04-30,2025-12-08,0,SERVICEABLE,True
AST01878,TRD,Catenary,SEC_MUM_DAD,2.553,0.956,0.88,19,2024-09-09,2025-01-11,0,SERVICEABLE,True
AST01879,TRD,Catenary,SEC_THA_KAL,14.04,0.914,0.435,9,2025-02-26,2025-06-22,6,MONITOR,True
AST01880,S&T,Point_machine,SEC_DAD_THA,10.704,0.556,0.556,31,2024-03-05,2025-02-11,1,RESTRICTED,True
AST01881,S&T,Signal_controller,SEC_KAR_KHA,0.87,0.694,0.952,24,2024-03-07,2024-09-29,2,RESTRICTED,True
AST01882,TRD,Catenary,SEC_KHA_LON,6.038,0.553,0.424,5,2025-06-21,2025-12-07,5,MONITOR,True
AST01883,TRD,Section_insulator,SEC_KAR_KHA,14.18,0.509,0.513,10,2025-04-13,2026-03-17,1,SERVICEABLE,True
AST01884,Engineering,Sleeper,SEC_DAD_THA,1.196,0.643,0.708,4,2025-08-22,2026-08-18,3,RESTRICTED,True
AST01885,TRD,Feeder,SEC_SHI_PUN,1.218,0.902,0.691,5,2024-09-13,2025-01-06,0,RESTRICTED,True
AST01886,Engineering,Sleeper,SEC_KHA_LON,1.316,0.733,0.841,17,2024-12-24,2025-06-23,1,MONITOR,True
AST01887,Engineering,Sleeper,SEC_THA_KAL,3.093,0.51,0.735,32,2024-11-20,2025-06-28,2,SERVICEABLE,True
AST01888,Engineering,Turnout,SEC_KAR_KHA,2.403,0.591,0.592,8,2024-12-03,2025-06-01,4,RESTRICTED,True
AST01889,S&T,Point_machine,SEC_KAL_KAR,21.783,0.48,0.574,1,2024-06-18,2024-12-25,4,MONITOR,True
AST01890,Engineering,Turnout,SEC_CHI_SHI,9.994,0.358,0.679,32,2024-07-20,2025-04-05,2,SERVICEABLE,True
AST01891,TRD,Feeder,SEC_CHI_SHI,8.155,0.471,0.809,5,2024-04-05,2024-12-11,7,MONITOR,True
AST01892,S&T,Signal_controller,SEC_LON_TAL,3.637,0.615,0.561,14,2025-07-12,2026-03-21,7,MONITOR,True
AST01893,TRD,Section_insulator,SEC_THA_KAL,3.47,0.361,0.448,23,2024-05-21,2024-11-05,6,MONITOR,True
AST01894,S&T,Axle_counter,SEC_THA_KAL,17.149,0.717,0.956,9,2025-11-24,2026-08-29,2,RESTRICTED,True
AST01895,TRD,OHE_mast,SEC_DAD_THA,4.213,0.447,0.591,27,2025-05-13,2025-09-01,6,SERVICEABLE,True
AST01896,TRD,Catenary,SEC_TAL_CHI,13.133,0.46,0.773,10,2024-03-01,2024-12-25,4,RESTRICTED,True
AST01897,Engineering,Rail,SEC_LON_TAL,3.221,0.749,0.416,22,2024-02-12,2024-09-21,8,MONITOR,True
AST01898,Engineering,Sleeper,SEC_KAL_KAR,17.371,0.837,0.424,15,2024-02-21,2025-02-20,4,RESTRICTED,True
AST01899,S&T,Signal_controller,SEC_THA_KAL,1.453,0.41,0.897,6,2025-06-24,2025-12-08,1,MONITOR,True
AST01900,S&T,Cable_route,SEC_CHI_SHI,7.901,0.448,0.661,8,2024-12-06,2025-12-06,6,RESTRICTED,True
AST01901,TRD,Feeder,SEC_KAR_KHA,13.853,0.69,0.557,7,2024-05-05,2024-09-28,8,SERVICEABLE,True
AST01902,TRD,Section_insulator,SEC_KAR_KHA,11.644,0.464,0.957,1,2025-11-09,2026-08-24,7,MONITOR,True
AST01903,S&T,Point_machine,SEC_KAL_KAR,19.949,0.758,0.569,34,2025-01-21,2025-11-05,6,RESTRICTED,True
AST01904,TRD,OHE_mast,SEC_SHI_PUN,9.839,0.771,0.467,9,2025-05-14,2026-01-10,2,RESTRICTED,True
AST01905,TRD,Catenary,SEC_THA_KAL,1.682,0.792,0.427,12,2025-12-05,2026-08-08,2,RESTRICTED,True
AST01906,TRD,Catenary,SEC_DAD_THA,3.688,0.408,0.918,32,2024-07-17,2024-12-11,7,SERVICEABLE,True
AST01907,TRD,Section_insulator,SEC_SHI_PUN,15.55,0.679,0.519,7,2024-02-24,2024-08-14,8,SERVICEABLE,True
AST01908,Engineering,Sleeper,SEC_LON_TAL,3.596,0.39,0.609,2,2025-07-03,2025-10-02,3,RESTRICTED,True
AST01909,Engineering,Turnout,SEC_KAL_KAR,13.079,0.556,0.428,13,2025-09-15,2025-12-15,2,MONITOR,True
AST01910,Engineering,Sleeper,SEC_CHI_SHI,8.454,0.942,0.905,23,2024-06-04,2024-11-23,2,RESTRICTED,True
AST01911,S&T,Axle_counter,SEC_MUM_DAD,8.811,0.876,0.854,35,2024-10-06,2025-03-28,3,SERVICEABLE,True
AST01912,Engineering,Sleeper,SEC_CHI_SHI,7.273,0.487,0.69,25,2024-02-02,2024-08-14,1,RESTRICTED,True
AST01913,TRD,OHE_mast,SEC_CHI_SHI,10.847,0.641,0.549,26,2025-06-24,2026-04-13,8,MONITOR,True
AST01914,Engineering,Rail,SEC_DAD_THA,2.521,0.926,0.83,33,2025-07-15,2026-01-23,2,SERVICEABLE,True
AST01915,S&T,Signal_controller,SEC_KHA_LON,10.639,0.688,0.595,30,2024-04-17,2024-08-17,0,MONITOR,True
AST01916,TRD,Feeder,SEC_LON_TAL,0.886,0.878,0.5,3,2024-10-16,2025-07-22,8,RESTRICTED,True
AST01917,Engineering,Turnout,SEC_KAL_KAR,18.48,0.962,0.47,9,2024-08-31,2025-07-14,8,RESTRICTED,True
AST01918,Engineering,Turnout,SEC_SHI_PUN,9.473,0.696,0.579,35,2024-03-04,2024-10-06,7,SERVICEABLE,True
AST01919,S&T,Axle_counter,SEC_THA_KAL,14.873,0.692,0.858,25,2024-12-10,2025-09-30,5,RESTRICTED,True
AST01920,Engineering,Sleeper,SEC_KHA_LON,5.362,0.73,0.935,20,2024-03-31,2025-03-15,2,MONITOR,True
AST01921,TRD,Catenary,SEC_SHI_PUN,6.203,0.839,0.843,28,2024-03-19,2024-06-21,2,RESTRICTED,True
AST01922,S&T,Axle_counter,SEC_TAL_CHI,5.328,0.621,0.993,31,2025-07-29,2026-05-25,4,SERVICEABLE,True
AST01923,TRD,Feeder,SEC_TAL_CHI,0.521,0.546,0.808,1,2024-06-04,2025-04-24,4,RESTRICTED,True
AST01924,TRD,Section_insulator,SEC_LON_TAL,2.384,0.892,0.468,33,2025-06-07,2026-05-21,7,SERVICEABLE,True
AST01925,TRD,Feeder,SEC_CHI_SHI,11.208,0.819,0.722,22,2025-05-25,2026-03-15,8,SERVICEABLE,True
AST01926,TRD,Section_insulator,SEC_SHI_PUN,12.039,0.356,0.763,17,2025-03-01,2025-11-07,8,MONITOR,True
AST01927,Engineering,Turnout,SEC_THA_KAL,2.591,0.439,0.675,3,2025-07-08,2026-04-28,6,MONITOR,True
AST01928,TRD,OHE_mast,SEC_MUM_DAD,16.318,0.883,0.615,12,2025-03-20,2026-03-18,1,SERVICEABLE,True
AST01929,Engineering,Sleeper,SEC_MUM_DAD,6.47,0.746,0.842,20,2024-02-09,2024-09-07,4,RESTRICTED,True
AST01930,Engineering,Turnout,SEC_LON_TAL,8.25,0.942,0.668,16,2025-12-08,2026-05-23,5,SERVICEABLE,True
AST01931,Engineering,Rail,SEC_KAL_KAR,1.196,0.415,0.933,23,2024-11-18,2025-09-10,5,RESTRICTED,True
AST01932,Engineering,Rail,SEC_KHA_LON,4.648,0.841,0.515,7,2024-05-30,2025-01-08,7,RESTRICTED,True
AST01933,S&T,Cable_route,SEC_LON_TAL,3.816,0.935,0.947,4,2024-07-26,2025-06-26,1,RESTRICTED,True
AST01934,TRD,Catenary,SEC_LON_TAL,7.371,0.754,0.522,3,2025-11-21,2026-04-17,5,RESTRICTED,True
AST01935,Engineering,Rail,SEC_KAL_KAR,6.575,0.434,0.757,19,2025-02-15,2025-09-22,0,MONITOR,True
AST01936,TRD,Section_insulator,SEC_KHA_LON,11.308,0.543,0.423,26,2024-12-04,2025-05-27,2,SERVICEABLE,True
AST01937,Engineering,Turnout,SEC_KHA_LON,7.276,0.552,0.655,28,2024-08-20,2025-01-27,2,SERVICEABLE,True
AST01938,Engineering,Rail,SEC_SHI_PUN,0.277,0.631,0.418,16,2025-05-16,2026-01-11,7,MONITOR,True
AST01939,TRD,Feeder,SEC_KAR_KHA,8.429,0.735,0.596,21,2024-12-06,2025-06-28,1,SERVICEABLE,True
AST01940,S&T,Signal_controller,SEC_KHA_LON,0.172,0.563,0.609,6,2025-08-04,2026-03-29,1,SERVICEABLE,True
AST01941,S&T,Axle_counter,SEC_MUM_DAD,14.409,0.956,0.958,26,2025-08-14,2026-02-14,1,RESTRICTED,True
AST01942,TRD,Catenary,SEC_THA_KAL,13.437,0.622,0.562,30,2024-08-03,2025-01-20,8,RESTRICTED,True
AST01943,Engineering,Turnout,SEC_CHI_SHI,3.878,0.459,0.751,21,2024-06-03,2025-02-14,4,SERVICEABLE,True
AST01944,S&T,Cable_route,SEC_THA_KAL,15.112,0.424,0.701,21,2025-09-10,2026-07-04,7,MONITOR,True
AST01945,S&T,Axle_counter,SEC_TAL_CHI,1.398,0.895,0.428,22,2025-10-30,2026-10-25,4,RESTRICTED,True
AST01946,Engineering,Turnout,SEC_TAL_CHI,8.955,0.839,0.783,18,2024-08-27,2025-03-22,5,SERVICEABLE,True
AST01947,TRD,Feeder,SEC_CHI_SHI,8.713,0.426,0.748,19,2025-08-30,2026-07-22,7,SERVICEABLE,True
AST01948,TRD,Section_insulator,SEC_SHI_PUN,4.645,0.677,0.418,22,2025-04-30,2026-04-05,3,SERVICEABLE,True
AST01949,S&T,Signal_controller,SEC_LON_TAL,0.788,0.878,0.713,5,2025-05-31,2025-12-29,2,MONITOR,True
AST01950,Engineering,Bridge_joint,SEC_CHI_SHI,6.396,0.576,0.504,12,2024-05-31,2024-10-02,8,MONITOR,True
AST01951,Engineering,Rail,SEC_KAR_KHA,12.831,0.788,0.588,28,2025-06-17,2026-02-23,1,MONITOR,True
AST01952,S&T,Cable_route,SEC_LON_TAL,2.805,0.659,0.883,14,2025-01-21,2025-08-14,8,SERVICEABLE,True
AST01953,Engineering,Rail,SEC_KHA_LON,5.088,0.529,0.629,31,2025-06-13,2026-02-07,1,RESTRICTED,True
AST01954,TRD,Feeder,SEC_LON_TAL,7.83,0.982,0.535,26,2024-04-29,2024-08-30,6,SERVICEABLE,True
AST01955,S&T,Cable_route,SEC_LON_TAL,5.309,0.384,0.753,28,2025-03-29,2025-12-18,0,RESTRICTED,True
AST01956,Engineering,Rail,SEC_MUM_DAD,10.378,0.72,0.719,22,2024-08-18,2025-03-12,3,RESTRICTED,True
AST01957,S&T,Cable_route,SEC_THA_KAL,2.105,0.775,0.574,6,2024-06-17,2025-04-12,4,SERVICEABLE,True
AST01958,S&T,Cable_route,SEC_LON_TAL,2.393,0.746,0.963,33,2024-07-11,2025-03-10,7,RESTRICTED,True
AST01959,TRD,Feeder,SEC_THA_KAL,11.916,0.756,0.743,24,2024-08-07,2025-04-22,8,SERVICEABLE,True
AST01960,S&T,Axle_counter,SEC_SHI_PUN,1.249,0.827,0.678,10,2025-10-10,2026-08-21,8,RESTRICTED,True
AST01961,S&T,Axle_counter,SEC_THA_KAL,6.402,0.925,0.677,35,2025-06-13,2026-04-30,5,RESTRICTED,True
AST01962,S&T,Cable_route,SEC_KAR_KHA,14.343,0.622,0.856,7,2025-03-25,2025-10-06,2,RESTRICTED,True
AST01963,TRD,OHE_mast,SEC_DAD_THA,2.423,0.484,0.702,14,2024-03-09,2024-06-22,6,RESTRICTED,True
AST01964,Engineering,Rail,SEC_SHI_PUN,5.598,0.526,0.95,32,2024-06-19,2024-10-27,0,SERVICEABLE,True
AST01965,S&T,Signal_controller,SEC_DAD_THA,5.778,0.445,0.917,4,2024-12-08,2025-08-16,6,RESTRICTED,True
AST01966,Engineering,Sleeper,SEC_KHA_LON,1.15,0.831,0.853,21,2024-07-24,2025-07-24,7,RESTRICTED,True
AST01967,Engineering,Turnout,SEC_KAL_KAR,3.119,0.428,0.545,26,2025-12-02,2026-05-03,1,SERVICEABLE,True
AST01968,Engineering,Sleeper,SEC_SHI_PUN,22.129,0.574,0.546,20,2025-08-07,2026-04-15,6,SERVICEABLE,True
AST01969,S&T,Axle_counter,SEC_CHI_SHI,3.962,0.809,0.426,35,2025-09-10,2026-08-23,5,SERVICEABLE,True
AST01970,Engineering,Turnout,SEC_KAL_KAR,17.151,0.93,0.96,14,2024-11-07,2025-03-12,8,MONITOR,True
AST01971,Engineering,Bridge_joint,SEC_LON_TAL,1.258,0.792,0.706,29,2025-10-03,2026-04-22,6,RESTRICTED,True
AST01972,Engineering,Sleeper,SEC_KHA_LON,2.941,0.699,0.985,4,2025-12-15,2026-09-01,6,SERVICEABLE,True
AST01973,TRD,Section_insulator,SEC_TAL_CHI,13.08,0.901,0.892,6,2024-02-25,2024-11-12,3,RESTRICTED,True
AST01974,TRD,Catenary,SEC_KHA_LON,4.17,0.536,0.636,8,2025-09-10,2026-06-21,0,RESTRICTED,True
AST01975,Engineering,Sleeper,SEC_TAL_CHI,9.58,0.699,0.653,30,2025-11-24,2026-05-14,6,MONITOR,True
AST01976,Engineering,Turnout,SEC_KAL_KAR,7.138,0.867,0.554,34,2025-09-29,2026-07-09,6,SERVICEABLE,True
AST01977,Engineering,Rail,SEC_SHI_PUN,22.452,0.564,0.923,30,2025-01-25,2025-08-07,4,MONITOR,True
AST01978,TRD,OHE_mast,SEC_KHA_LON,11.41,0.437,0.988,3,2025-06-12,2025-09-10,0,MONITOR,True
AST01979,Engineering,Bridge_joint,SEC_LON_TAL,1.827,0.519,0.555,9,2024-07-19,2024-12-08,4,MONITOR,True
AST01980,Engineering,Sleeper,SEC_SHI_PUN,7.191,0.718,0.427,14,2025-11-30,2026-09-26,7,MONITOR,True
AST01981,TRD,OHE_mast,SEC_SHI_PUN,3.986,0.951,0.705,33,2024-06-21,2025-02-08,4,MONITOR,True
AST01982,TRD,OHE_mast,SEC_KAL_KAR,19.931,0.437,0.695,22,2024-06-20,2025-05-08,7,MONITOR,True
AST01983,Engineering,Rail,SEC_LON_TAL,6.774,0.887,0.892,8,2025-09-05,2026-06-18,0,SERVICEABLE,True
AST01984,TRD,Catenary,SEC_SHI_PUN,11.372,0.666,0.729,34,2025-10-17,2026-10-01,7,RESTRICTED,True
AST01985,S&T,Cable_route,SEC_CHI_SHI,2.718,0.532,0.685,15,2025-05-17,2026-03-10,0,MONITOR,True
AST01986,Engineering,Sleeper,SEC_MUM_DAD,11.783,0.678,0.782,8,2024-12-30,2025-07-06,6,SERVICEABLE,True
AST01987,Engineering,Sleeper,SEC_LON_TAL,1.203,0.941,0.441,17,2025-07-05,2025-10-23,2,SERVICEABLE,True
AST01988,Engineering,Rail,SEC_KHA_LON,5.385,0.835,0.44,9,2025-12-15,2026-07-30,0,RESTRICTED,True
AST01989,S&T,Point_machine,SEC_SHI_PUN,18.865,0.452,0.623,18,2025-09-11,2026-03-30,3,RESTRICTED,True
AST01990,S&T,Axle_counter,SEC_MUM_DAD,12.099,0.442,0.566,20,2025-09-12,2026-02-22,7,SERVICEABLE,True
AST01991,S&T,Point_machine,SEC_THA_KAL,15.777,0.481,0.506,17,2024-05-13,2025-03-07,1,MONITOR,True
AST01992,TRD,Catenary,SEC_THA_KAL,6.199,0.46,0.46,17,2024-03-01,2024-09-16,8,RESTRICTED,True
AST01993,Engineering,Rail,SEC_KAL_KAR,7.389,0.79,0.529,34,2024-10-07,2025-02-24,7,SERVICEABLE,True
AST01994,Engineering,Bridge_joint,SEC_TAL_CHI,13.642,0.849,0.419,11,2025-10-26,2026-04-11,5,SERVICEABLE,True
AST01995,TRD,Feeder,SEC_THA_KAL,1.576,0.963,0.75,24,2025-06-04,2026-03-30,0,MONITOR,True
AST01996,TRD,Feeder,SEC_SHI_PUN,7.102,0.506,0.6,4,2025-09-15,2026-08-24,0,SERVICEABLE,True
AST01997,TRD,Catenary,SEC_SHI_PUN,10.423,0.46,0.456,13,2025-11-17,2026-10-04,3,RESTRICTED,True
AST01998,TRD,OHE_mast,SEC_CHI_SHI,5.663,0.667,0.511,5,2024-02-21,2024-12-06,0,MONITOR,True
AST01999,TRD,Section_insulator,SEC_LON_TAL,6.661,0.7,0.996,32,2025-08-31,2026-02-22,1,MONITOR,True
AST02000,Engineering,Bridge_joint,SEC_KAR_KHA,4.815,0.878,0.856,27,2025-10-28,2026-04-10,4,SERVICEABLE,True
