request_id,job_id,department,section_id,requested_date,requested_start,requested_end,requested_duration_minutes,priority,reason,crew_required,equipment_required,dependency,request_status,synthetic_flag
REQ00001,JOB08001,Engineering,SEC_KAR_KHA,06-01-2026,10.00,12.00,120,4,preventive plan,5,COORDINATED_KIT,NONE,SUBMITTED,TRUE
REQ00002,JOB08002,TRD,SEC_KAR_KHA,06-01-2026,10.30,12.00,90,4,intentional overlapping synthetic request,5,COORDINATED_KIT,NONE,SUBMITTED,TRUE
REQ00003,JOB08003,S&T,SEC_KAR_KHA,06-01-2026,11.00,12.00,60,4,intentional overlapping request,5,COORDINATED_KIT,NONE,SUBMITTED,TRUE
REQ00004,JOB00004,TRD,SEC_TAL_CHI,02-01-2026,12.04,14.29,145,3,safety correction,7,HAND_TOOLS,SIGNAL_TEST_DEPENDENCY,REVIEW,TRUE
REQ00005,JOB00005,S&T,SEC_CHI_SHI,18-02-2026,12.58,14.37,99,1,preventive plan,8,LIFTING_UNIT,ACCESS_REQUIRED,APPROVED,TRUE
REQ00006,JOB00006,Engineering,SEC_MUM_DAD,01-02-2026,12.27,14.16,109,3,overdue defect,5,TAMPER,TRACTION_ISOLATION,REVIEW,TRUE
REQ00007,JOB00007,TRD,SEC_KAL_KAR,24-02-2026,15.46,16.51,65,2,safety correction,7,LIFTING_UNIT,ACCESS_REQUIRED,APPROVED,TRUE
REQ00008,JOB00008,Engineering,SEC_THA_KAL,14-03-2026,8.26,10.25,119,1,preventive plan,8,OHE_TEST_KIT,TRACTION_ISOLATION,SUBMITTED,TRUE
REQ00009,JOB00009,S&T,SEC_DAD_THA,28-01-2026,8.33,10.02,89,4,overdue defect,10,LIFTING_UNIT,TRACTION_ISOLATION,APPROVED,TRUE
REQ00010,JOB00010,Engineering,SEC_KAR_KHA,03-03-2026,14.08,16.29,141,3,safety correction,9,LIFTING_UNIT,TRACTION_ISOLATION,APPROVED,TRUE
REQ00011,JOB00011,Engineering,SEC_KHA_LON,17-01-2026,6.40,9.08,148,4,preventive plan,9,TAMPER,ACCESS_REQUIRED,APPROVED,TRUE
REQ00012,JOB00012,S&T,SEC_KHA_LON,02-01-2026,7.11,8.43,92,3,coordination opportunity,3,HAND_TOOLS,SIGNAL_TEST_DEPENDENCY,APPROVED,TRUE
REQ00013,JOB00013,TRD,SEC_LON_TAL,08-03-2026,14.44,16.00,76,1,safety correction,5,TAMPER,NONE,SUBMITTED,TRUE
REQ00014,JOB00014,TRD,SEC_DAD_THA,17-03-2026,16.31,17.42,71,4,safety correction,4,SIGNAL_TEST_SET,NONE,REVIEW,TRUE
REQ00015,JOB00015,TRD,SEC_CHI_SHI,26-03-2026,14.15,16.30,135,4,safety correction,7,HAND_TOOLS,NONE,SUBMITTED,TRUE
REQ00016,JOB00016,S&T,SEC_SHI_PUN,21-02-2026,13.29,15.27,118,4,coordination opportunity,3,TAMPER,NONE,REVIEW,TRUE
REQ00017,JOB00017,S&T,SEC_THA_KAL,21-02-2026,14.06,15.48,102,2,coordination opportunity,3,TAMPER,SIGNAL_TEST_DEPENDENCY,APPROVED,TRUE
REQ00018,JOB00018,S&T,SEC_KHA_LON,15-03-2026,15.50,18.18,148,1,coordination opportunity,9,OHE_TEST_KIT,NONE,REJECTED,TRUE
REQ00019,JOB00019,TRD,SEC_KHA_LON,03-03-2026,14.58,16.11,73,4,safety correction,5,TAMPER,NONE,SUBMITTED,TRUE
REQ00020,JOB00020,Engineering,SEC_TAL_CHI,05-01-2026,15.15,17.44,149,2,coordination opportunity,7,HAND_TOOLS,ACCESS_REQUIRED,APPROVED,TRUE
REQ00021,JOB00021,S&T,SEC_DAD_THA,17-02-2026,17.32,19.21,109,3,coordination opportunity,9,OHE_TEST_KIT,TRACTION_ISOLATION,REJECTED,TRUE
REQ00022,JOB00022,Engineering,SEC_LON_TAL,02-03-2026,19.33,21.52,139,4,safety correction,10,OHE_TEST_KIT,TRACTION_ISOLATION,SUBMITTED,TRUE
REQ00023,JOB00023,Engineering,SEC_SHI_PUN,10-03-2026,9.52,11.26,94,3,safety correction,3,LIFTING_UNIT,ACCESS_REQUIRED,REVIEW,TRUE
REQ00024,JOB00024,S&T,SEC_KHA_LON,25-01-2026,8.50,10.57,127,2,safety correction,10,LIFTING_UNIT,ACCESS_REQUIRED,REJECTED,TRUE
REQ00025,JOB00025,Engineering,SEC_KHA_LON,09-01-2026,14.07,16.14,127,3,overdue defect,8,TAMPER,ACCESS_REQUIRED,REVIEW,TRUE
REQ00026,JOB00026,S&T,SEC_SHI_PUN,22-03-2026,9.06,9.44,38,2,preventive plan,8,TAMPER,TRACTION_ISOLATION,REVIEW,TRUE
REQ00027,JOB00027,Engineering,SEC_KHA_LON,11-03-2026,15.49,16.25,36,3,preventive plan,6,SIGNAL_TEST_SET,SIGNAL_TEST_DEPENDENCY,REVIEW,TRUE
REQ00028,JOB00028,TRD,SEC_THA_KAL,02-03-2026,6.57,8.33,96,3,preventive plan,6,TAMPER,NONE,REJECTED,TRUE
REQ00029,JOB00029,S&T,SEC_SHI_PUN,27-01-2026,16.44,18.52,128,2,coordination opportunity,6,HAND_TOOLS,TRACTION_ISOLATION,REVIEW,TRUE
REQ00030,JOB00030,S&T,SEC_KHA_LON,14-02-2026,14.57,17.12,135,4,safety correction,10,OHE_TEST_KIT,TRACTION_ISOLATION,REJECTED,TRUE
REQ00031,JOB00031,S&T,SEC_CHI_SHI,06-03-2026,17.41,18.48,67,4,preventive plan,6,SIGNAL_TEST_SET,NONE,REVIEW,TRUE
REQ00032,JOB00032,TRD,SEC_KAL_KAR,10-02-2026,6.06,8.09,123,2,preventive plan,3,LIFTING_UNIT,NONE,SUBMITTED,TRUE
REQ00033,JOB00033,Engineering,SEC_LON_TAL,07-03-2026,14.49,16.27,98,2,overdue defect,9,LIFTING_UNIT,SIGNAL_TEST_DEPENDENCY,REJECTED,TRUE
REQ00034,JOB00034,S&T,SEC_DAD_THA,30-01-2026,7.26,9.44,138,4,coordination opportunity,7,TAMPER,SIGNAL_TEST_DEPENDENCY,APPROVED,TRUE
REQ00035,JOB00035,TRD,SEC_LON_TAL,02-01-2026,13.37,15.46,129,4,coordination opportunity,9,LIFTING_UNIT,SIGNAL_TEST_DEPENDENCY,APPROVED,TRUE
REQ00036,JOB00036,S&T,SEC_KAR_KHA,07-02-2026,12.38,13.56,78,1,coordination opportunity,3,SIGNAL_TEST_SET,NONE,SUBMITTED,TRUE
REQ00037,JOB00037,S&T,SEC_DAD_THA,28-02-2026,16.15,17.42,87,2,preventive plan,4,SIGNAL_TEST_SET,TRACTION_ISOLATION,SUBMITTED,TRUE
REQ00038,JOB00038,TRD,SEC_TAL_CHI,20-03-2026,15.25,17.49,144,3,overdue defect,6,LIFTING_UNIT,TRACTION_ISOLATION,REJECTED,TRUE
REQ00039,JOB00039,Engineering,SEC_CHI_SHI,07-02-2026,16.39,17.13,34,1,preventive plan,7,HAND_TOOLS,ACCESS_REQUIRED,APPROVED,TRUE
REQ00040,JOB00040,S&T,SEC_TAL_CHI,31-01-2026,9.31,10.31,60,2,safety correction,4,SIGNAL_TEST_SET,ACCESS_REQUIRED,REVIEW,TRUE
REQ00041,JOB00041,Engineering,SEC_KHA_LON,27-02-2026,8.23,9.23,60,1,preventive plan,10,HAND_TOOLS,TRACTION_ISOLATION,APPROVED,TRUE
REQ00042,JOB00042,S&T,SEC_KHA_LON,20-03-2026,12.06,14.08,122,4,safety correction,6,HAND_TOOLS,TRACTION_ISOLATION,SUBMITTED,TRUE
REQ00043,JOB00043,Engineering,SEC_KAL_KAR,18-03-2026,6.35,7.23,48,4,preventive plan,6,OHE_TEST_KIT,NONE,SUBMITTED,TRUE
REQ00044,JOB00044,Engineering,SEC_KHA_LON,03-03-2026,17.02,19.28,146,3,safety correction,6,LIFTING_UNIT,TRACTION_ISOLATION,REJECTED,TRUE
REQ00045,JOB00045,TRD,SEC_MUM_DAD,01-01-2026,9.30,10.30,60,3,preventive plan,10,LIFTING_UNIT,ACCESS_REQUIRED,REJECTED,TRUE
REQ00046,JOB00046,TRD,SEC_LON_TAL,24-03-2026,12.59,15.16,137,2,preventive plan,5,LIFTING_UNIT,TRACTION_ISOLATION,SUBMITTED,TRUE
REQ00047,JOB00047,Engineering,SEC_KAR_KHA,22-03-2026,12.01,12.49,48,3,overdue defect,4,TAMPER,SIGNAL_TEST_DEPENDENCY,REJECTED,TRUE
REQ00048,JOB00048,TRD,SEC_KHA_LON,26-01-2026,6.52,7.25,33,3,overdue defect,8,SIGNAL_TEST_SET,ACCESS_REQUIRED,SUBMITTED,TRUE
REQ00049,JOB00049,Engineering,SEC_MUM_DAD,03-01-2026,8.54,10.01,67,2,preventive plan,8,TAMPER,NONE,REJECTED,TRUE
REQ00050,JOB00050,TRD,SEC_CHI_SHI,21-01-2026,13.50,14.27,37,2,coordination opportunity,4,SIGNAL_TEST_SET,SIGNAL_TEST_DEPENDENCY,REVIEW,TRUE
REQ00051,JOB00051,Engineering,SEC_LON_TAL,30-03-2026,14.45,17.00,135,2,preventive plan,6,TAMPER,ACCESS_REQUIRED,SUBMITTED,TRUE
REQ00052,JOB00052,Engineering,SEC_SHI_PUN,26-03-2026,8.29,9.16,47,4,safety correction,4,SIGNAL_TEST_SET,TRACTION_ISOLATION,SUBMITTED,TRUE
REQ00053,JOB00053,Engineering,SEC_TAL_CHI,15-01-2026,18.26,19.18,52,1,coordination opportunity,5,SIGNAL_TEST_SET,SIGNAL_TEST_DEPENDENCY,REJECTED,TRUE
REQ00054,JOB00054,TRD,SEC_DAD_THA,03-01-2026,14.09,15.35,86,4,safety correction,5,HAND_TOOLS,SIGNAL_TEST_DEPENDENCY,REJECTED,TRUE
REQ00055,JOB00055,TRD,SEC_MUM_DAD,10-02-2026,6.56,7.53,57,1,overdue defect,4,OHE_TEST_KIT,SIGNAL_TEST_DEPENDENCY,SUBMITTED,TRUE
REQ00056,JOB00056,Engineering,SEC_SHI_PUN,16-01-2026,8.04,9.57,113,4,preventive plan,4,HAND_TOOLS,NONE,REJECTED,TRUE
REQ00057,JOB00057,Engineering,SEC_THA_KAL,06-03-2026,9.10,10.23,73,2,overdue defect,3,LIFTING_UNIT,ACCESS_REQUIRED,REVIEW,TRUE
REQ00058,JOB00058,Engineering,SEC_MUM_DAD,15-02-2026,8.07,9.09,62,3,coordination opportunity,4,LIFTING_UNIT,SIGNAL_TEST_DEPENDENCY,APPROVED,TRUE
REQ00059,JOB00059,S&T,SEC_LON_TAL,01-03-2026,6.02,8.12,130,3,safety correction,6,LIFTING_UNIT,SIGNAL_TEST_DEPENDENCY,APPROVED,TRUE
REQ00060,JOB00060,TRD,SEC_LON_TAL,29-01-2026,8.53,10.43,110,1,coordination opportunity,9,SIGNAL_TEST_SET,NONE,REVIEW,TRUE
REQ00061,JOB00061,TRD,SEC_THA_KAL,08-02-2026,8.30,10.50,140,1,preventive plan,4,SIGNAL_TEST_SET,SIGNAL_TEST_DEPENDENCY,APPROVED,TRUE
REQ00062,JOB00062,S&T,SEC_LON_TAL,10-03-2026,7.33,9.07,94,4,preventive plan,4,OHE_TEST_KIT,SIGNAL_TEST_DEPENDENCY,REVIEW,TRUE
REQ00063,JOB00063,TRD,SEC_TAL_CHI,15-03-2026,16.33,18.14,101,2,preventive plan,3,LIFTING_UNIT,NONE,APPROVED,TRUE
REQ00064,JOB00064,Engineering,SEC_SHI_PUN,14-01-2026,12.53,15.00,127,3,safety correction,3,OHE_TEST_KIT,SIGNAL_TEST_DEPENDENCY,REVIEW,TRUE
REQ00065,JOB00065,Engineering,SEC_TAL_CHI,17-01-2026,12.34,14.28,114,1,safety correction,3,LIFTING_UNIT,TRACTION_ISOLATION,APPROVED,TRUE
REQ00066,JOB00066,Engineering,SEC_CHI_SHI,16-01-2026,6.49,8.47,118,3,preventive plan,9,SIGNAL_TEST_SET,SIGNAL_TEST_DEPENDENCY,APPROVED,TRUE
REQ00067,JOB00067,S&T,SEC_SHI_PUN,04-01-2026,9.18,10.53,95,1,coordination opportunity,6,HAND_TOOLS,SIGNAL_TEST_DEPENDENCY,REJECTED,TRUE
REQ00068,JOB00068,TRD,SEC_KHA_LON,31-01-2026,12.15,13.54,99,2,coordination opportunity,10,OHE_TEST_KIT,SIGNAL_TEST_DEPENDENCY,REJECTED,TRUE
REQ00069,JOB00069,S&T,SEC_KHA_LON,04-03-2026,7.25,8.33,68,1,safety correction,10,HAND_TOOLS,SIGNAL_TEST_DEPENDENCY,APPROVED,TRUE
REQ00070,JOB00070,Engineering,SEC_KAL_KAR,15-03-2026,17.47,19.23,96,4,safety correction,7,TAMPER,SIGNAL_TEST_DEPENDENCY,REJECTED,TRUE
REQ00071,JOB00071,TRD,SEC_LON_TAL,19-02-2026,9.58,11.43,105,1,safety correction,4,OHE_TEST_KIT,TRACTION_ISOLATION,SUBMITTED,TRUE
REQ00072,JOB00072,TRD,SEC_KHA_LON,20-03-2026,9.21,11.06,105,2,safety correction,9,TAMPER,NONE,REJECTED,TRUE
REQ00073,JOB00073,S&T,SEC_MUM_DAD,25-02-2026,8.41,9.30,49,4,overdue defect,7,LIFTING_UNIT,ACCESS_REQUIRED,REVIEW,TRUE
REQ00074,JOB00074,Engineering,SEC_DAD_THA,14-02-2026,8.28,10.41,133,2,safety correction,10,TAMPER,ACCESS_REQUIRED,APPROVED,TRUE
REQ00075,JOB00075,TRD,SEC_MUM_DAD,08-03-2026,19.59,21.53,114,4,preventive plan,6,TAMPER,TRACTION_ISOLATION,SUBMITTED,TRUE
REQ00076,JOB00076,S&T,SEC_THA_KAL,03-03-2026,7.40,9.51,131,2,overdue defect,5,OHE_TEST_KIT,TRACTION_ISOLATION,APPROVED,TRUE
REQ00077,JOB00077,Engineering,SEC_MUM_DAD,30-01-2026,16.29,18.51,142,4,safety correction,6,HAND_TOOLS,SIGNAL_TEST_DEPENDENCY,REVIEW,TRUE
REQ00078,JOB00078,Engineering,SEC_KAR_KHA,08-03-2026,7.44,10.01,137,4,safety correction,7,HAND_TOOLS,NONE,REJECTED,TRUE
REQ00079,JOB00079,S&T,SEC_CHI_SHI,15-03-2026,6.20,7.00,40,4,safety correction,10,TAMPER,SIGNAL_TEST_DEPENDENCY,SUBMITTED,TRUE
REQ00080,JOB00080,S&T,SEC_MUM_DAD,29-03-2026,15.23,16.36,73,1,coordination opportunity,3,HAND_TOOLS,SIGNAL_TEST_DEPENDENCY,REJECTED,TRUE
REQ00081,JOB00081,Engineering,SEC_SHI_PUN,27-03-2026,8.16,10.39,143,2,preventive plan,3,LIFTING_UNIT,NONE,REVIEW,TRUE
REQ00082,JOB00082,TRD,SEC_LON_TAL,25-03-2026,19.48,21.16,88,1,safety correction,3,HAND_TOOLS,NONE,REVIEW,TRUE
REQ00083,JOB00083,S&T,SEC_CHI_SHI,12-03-2026,19.49,21.58,129,3,safety correction,9,OHE_TEST_KIT,SIGNAL_TEST_DEPENDENCY,REJECTED,TRUE
REQ00084,JOB00084,S&T,SEC_SHI_PUN,05-01-2026,7.44,8.36,52,1,overdue defect,10,SIGNAL_TEST_SET,TRACTION_ISOLATION,SUBMITTED,TRUE
REQ00085,JOB00085,TRD,SEC_KHA_LON,15-03-2026,10.35,12.56,141,3,overdue defect,4,HAND_TOOLS,NONE,APPROVED,TRUE
REQ00086,JOB00086,S&T,SEC_THA_KAL,31-03-2026,14.25,15.14,49,1,coordination opportunity,10,TAMPER,ACCESS_REQUIRED,REVIEW,TRUE
REQ00087,JOB00087,TRD,SEC_THA_KAL,24-03-2026,19.42,21.04,82,1,preventive plan,10,TAMPER,NONE,SUBMITTED,TRUE
REQ00088,JOB00088,Engineering,SEC_KAL_KAR,14-03-2026,15.55,18.10,135,2,preventive plan,10,OHE_TEST_KIT,SIGNAL_TEST_DEPENDENCY,REVIEW,TRUE
REQ00089,JOB00089,S&T,SEC_SHI_PUN,19-01-2026,9.58,11.23,85,2,safety correction,8,TAMPER,ACCESS_REQUIRED,REJECTED,TRUE
REQ00090,JOB00090,TRD,SEC_DAD_THA,30-03-2026,16.47,17.59,72,1,preventive plan,8,SIGNAL_TEST_SET,ACCESS_REQUIRED,REJECTED,TRUE
REQ00091,JOB00091,TRD,SEC_SHI_PUN,01-01-2026,6.37,7.27,50,2,safety correction,9,OHE_TEST_KIT,NONE,APPROVED,TRUE
REQ00092,JOB00092,Engineering,SEC_SHI_PUN,27-03-2026,10.18,10.54,36,3,preventive plan,10,OHE_TEST_KIT,SIGNAL_TEST_DEPENDENCY,REVIEW,TRUE
REQ00093,JOB00093,TRD,SEC_SHI_PUN,21-01-2026,17.17,18.45,88,2,coordination opportunity,3,SIGNAL_TEST_SET,SIGNAL_TEST_DEPENDENCY,SUBMITTED,TRUE
REQ00094,JOB00094,TRD,SEC_MUM_DAD,21-03-2026,17.09,18.24,75,1,overdue defect,7,TAMPER,NONE,SUBMITTED,TRUE
REQ00095,JOB00095,TRD,SEC_KHA_LON,17-01-2026,10.12,11.52,100,3,overdue defect,3,HAND_TOOLS,NONE,APPROVED,TRUE
REQ00096,JOB00096,Engineering,SEC_KAL_KAR,26-01-2026,14.18,15.38,80,4,safety correction,4,LIFTING_UNIT,TRACTION_ISOLATION,REJECTED,TRUE
REQ00097,JOB00097,S&T,SEC_CHI_SHI,16-03-2026,17.41,18.38,57,2,coordination opportunity,7,TAMPER,SIGNAL_TEST_DEPENDENCY,REVIEW,TRUE
REQ00098,JOB00098,TRD,SEC_DAD_THA,30-03-2026,7.19,9.17,118,4,coordination opportunity,7,HAND_TOOLS,NONE,REJECTED,TRUE
REQ00099,JOB00099,Engineering,SEC_MUM_DAD,17-02-2026,15.25,17.46,141,4,safety correction,3,OHE_TEST_KIT,SIGNAL_TEST_DEPENDENCY,REJECTED,TRUE
REQ00100,JOB00100,S&T,SEC_SHI_PUN,15-01-2026,15.20,16.15,55,4,overdue defect,6,TAMPER,NONE,APPROVED,TRUE
REQ00101,JOB00101,Engineering,SEC_THA_KAL,14-03-2026,11.36,12.19,43,4,safety correction,9,TAMPER,SIGNAL_TEST_DEPENDENCY,REVIEW,TRUE
REQ00102,JOB00102,S&T,SEC_TAL_CHI,28-03-2026,12.12,12.45,33,4,preventive plan,6,TAMPER,ACCESS_REQUIRED,REVIEW,TRUE
REQ00103,JOB00103,Engineering,SEC_SHI_PUN,27-01-2026,17.24,18.56,92,3,safety correction,8,LIFTING_UNIT,TRACTION_ISOLATION,REJECTED,TRUE
REQ00104,JOB00104,TRD,SEC_CHI_SHI,09-03-2026,16.16,18.45,149,2,coordination opportunity,4,OHE_TEST_KIT,NONE,REJECTED,TRUE
REQ00105,JOB00105,Engineering,SEC_DAD_THA,20-03-2026,11.42,14.12,150,2,preventive plan,8,OHE_TEST_KIT,SIGNAL_TEST_DEPENDENCY,APPROVED,TRUE
REQ00106,JOB00106,S&T,SEC_KAL_KAR,18-01-2026,9.07,10.15,68,2,safety correction,6,HAND_TOOLS,SIGNAL_TEST_DEPENDENCY,APPROVED,TRUE
REQ00107,JOB00107,TRD,SEC_DAD_THA,01-03-2026,6.39,7.46,67,4,coordination opportunity,10,HAND_TOOLS,ACCESS_REQUIRED,REVIEW,TRUE
REQ00108,JOB00108,TRD,SEC_DAD_THA,27-03-2026,15.13,17.41,148,1,preventive plan,5,LIFTING_UNIT,SIGNAL_TEST_DEPENDENCY,REVIEW,TRUE
REQ00109,JOB00109,TRD,SEC_CHI_SHI,28-01-2026,9.20,10.44,84,2,safety correction,10,LIFTING_UNIT,NONE,SUBMITTED,TRUE
REQ00110,JOB00110,TRD,SEC_KHA_LON,27-02-2026,19.23,21.32,129,3,overdue defect,4,TAMPER,NONE,APPROVED,TRUE
REQ00111,JOB00111,Engineering,SEC_MUM_DAD,02-01-2026,10.36,12.56,140,1,preventive plan,4,SIGNAL_TEST_SET,TRACTION_ISOLATION,REJECTED,TRUE
REQ00112,JOB00112,Engineering,SEC_KHA_LON,12-02-2026,13.46,15.56,130,3,safety correction,6,HAND_TOOLS,NONE,APPROVED,TRUE
REQ00113,JOB00113,Engineering,SEC_TAL_CHI,09-01-2026,9.53,11.25,92,4,overdue defect,5,TAMPER,NONE,SUBMITTED,TRUE
REQ00114,JOB00114,S&T,SEC_KAL_KAR,10-01-2026,15.37,16.43,66,1,coordination opportunity,6,TAMPER,ACCESS_REQUIRED,REVIEW,TRUE
REQ00115,JOB00115,S&T,SEC_KHA_LON,31-03-2026,14.39,15.37,58,3,safety correction,4,LIFTING_UNIT,NONE,REJECTED,TRUE
REQ00116,JOB00116,Engineering,SEC_DAD_THA,20-03-2026,19.33,20.04,31,2,preventive plan,4,LIFTING_UNIT,NONE,REVIEW,TRUE
REQ00117,JOB00117,Engineering,SEC_KAL_KAR,22-02-2026,15.30,16.11,41,1,preventive plan,7,OHE_TEST_KIT,TRACTION_ISOLATION,REJECTED,TRUE
REQ00118,JOB00118,Engineering,SEC_THA_KAL,26-03-2026,7.15,8.50,95,2,overdue defect,8,TAMPER,SIGNAL_TEST_DEPENDENCY,SUBMITTED,TRUE
REQ00119,JOB00119,S&T,SEC_LON_TAL,07-02-2026,14.28,15.26,58,1,safety correction,5,TAMPER,ACCESS_REQUIRED,REJECTED,TRUE
REQ00120,JOB00120,Engineering,SEC_LON_TAL,21-03-2026,15.57,17.27,90,1,preventive plan,7,OHE_TEST_KIT,TRACTION_ISOLATION,REVIEW,TRUE
REQ00121,JOB00121,S&T,SEC_KAL_KAR,27-03-2026,6.27,8.12,105,4,safety correction,5,SIGNAL_TEST_SET,ACCESS_REQUIRED,REVIEW,TRUE
REQ00122,JOB00122,S&T,SEC_CHI_SHI,29-01-2026,16.29,18.32,123,2,overdue defect,5,OHE_TEST_KIT,NONE,APPROVED,TRUE
REQ00123,JOB00123,TRD,SEC_KAR_KHA,12-03-2026,6.30,8.51,141,4,overdue defect,10,HAND_TOOLS,SIGNAL_TEST_DEPENDENCY,APPROVED,TRUE
REQ00124,JOB00124,Engineering,SEC_CHI_SHI,03-03-2026,17.58,18.58,60,1,preventive plan,5,SIGNAL_TEST_SET,ACCESS_REQUIRED,SUBMITTED,TRUE
REQ00125,JOB00125,TRD,SEC_DAD_THA,01-03-2026,7.52,10.21,149,2,coordination opportunity,4,TAMPER,SIGNAL_TEST_DEPENDENCY,SUBMITTED,TRUE
REQ00126,JOB00126,S&T,SEC_KAL_KAR,05-03-2026,14.39,15.22,43,1,overdue defect,3,OHE_TEST_KIT,TRACTION_ISOLATION,SUBMITTED,TRUE
REQ00127,JOB00127,S&T,SEC_CHI_SHI,10-02-2026,13.44,14.38,54,1,overdue defect,8,OHE_TEST_KIT,TRACTION_ISOLATION,REVIEW,TRUE
REQ00128,JOB00128,S&T,SEC_CHI_SHI,25-03-2026,19.18,21.40,142,3,coordination opportunity,10,LIFTING_UNIT,NONE,REJECTED,TRUE
REQ00129,JOB00129,TRD,SEC_LON_TAL,03-01-2026,7.01,8.08,67,4,coordination opportunity,10,LIFTING_UNIT,TRACTION_ISOLATION,REJECTED,TRUE
REQ00130,JOB00130,Engineering,SEC_THA_KAL,13-02-2026,8.55,9.35,40,2,safety correction,10,LIFTING_UNIT,ACCESS_REQUIRED,REVIEW,TRUE
REQ00131,JOB00131,Engineering,SEC_THA_KAL,25-02-2026,11.59,13.08,69,1,safety correction,3,SIGNAL_TEST_SET,SIGNAL_TEST_DEPENDENCY,REJECTED,TRUE
REQ00132,JOB00132,S&T,SEC_DAD_THA,01-01-2026,6.26,8.19,113,3,coordination opportunity,9,OHE_TEST_KIT,NONE,APPROVED,TRUE
REQ00133,JOB00133,S&T,SEC_KAR_KHA,08-02-2026,8.19,8.55,36,2,coordination opportunity,7,TAMPER,NONE,REVIEW,TRUE
REQ00134,JOB00134,TRD,SEC_LON_TAL,21-01-2026,14.54,15.57,63,2,coordination opportunity,8,HAND_TOOLS,ACCESS_REQUIRED,SUBMITTED,TRUE
REQ00135,JOB00135,Engineering,SEC_CHI_SHI,07-02-2026,11.44,12.31,47,1,coordination opportunity,6,TAMPER,ACCESS_REQUIRED,SUBMITTED,TRUE
REQ00136,JOB00136,S&T,SEC_LON_TAL,30-03-2026,15.23,16.33,70,2,safety correction,8,TAMPER,SIGNAL_TEST_DEPENDENCY,REJECTED,TRUE
REQ00137,JOB00137,Engineering,SEC_KAR_KHA,19-03-2026,11.04,12.23,79,3,safety correction,9,OHE_TEST_KIT,SIGNAL_TEST_DEPENDENCY,APPROVED,TRUE
REQ00138,JOB00138,TRD,SEC_KAR_KHA,15-01-2026,18.36,20.21,105,3,safety correction,3,LIFTING_UNIT,NONE,REVIEW,TRUE
REQ00139,JOB00139,TRD,SEC_DAD_THA,22-03-2026,12.07,13.04,57,2,preventive plan,4,SIGNAL_TEST_SET,TRACTION_ISOLATION,APPROVED,TRUE
REQ00140,JOB00140,Engineering,SEC_THA_KAL,18-03-2026,8.56,10.32,96,1,coordination opportunity,10,LIFTING_UNIT,ACCESS_REQUIRED,REJECTED,TRUE
REQ00141,JOB00141,Engineering,SEC_SHI_PUN,02-02-2026,14.52,16.34,102,2,preventive plan,10,OHE_TEST_KIT,ACCESS_REQUIRED,REJECTED,TRUE
REQ00142,JOB00142,S&T,SEC_KAL_KAR,15-02-2026,7.02,8.29,87,3,safety correction,10,SIGNAL_TEST_SET,SIGNAL_TEST_DEPENDENCY,APPROVED,TRUE
REQ00143,JOB00143,Engineering,SEC_DAD_THA,29-01-2026,17.00,17.34,34,1,coordination opportunity,9,LIFTING_UNIT,NONE,REVIEW,TRUE
REQ00144,JOB00144,S&T,SEC_THA_KAL,24-02-2026,11.18,12.42,84,1,overdue defect,9,LIFTING_UNIT,NONE,REVIEW,TRUE
REQ00145,JOB00145,Engineering,SEC_KHA_LON,27-01-2026,15.39,16.11,32,2,preventive plan,4,LIFTING_UNIT,NONE,APPROVED,TRUE
REQ00146,JOB00146,S&T,SEC_DAD_THA,21-02-2026,11.46,13.12,86,3,safety correction,7,OHE_TEST_KIT,SIGNAL_TEST_DEPENDENCY,REJECTED,TRUE
REQ00147,JOB00147,TRD,SEC_MUM_DAD,04-03-2026,8.46,9.41,55,3,safety correction,6,HAND_TOOLS,NONE,SUBMITTED,TRUE
REQ00148,JOB00148,Engineering,SEC_KAL_KAR,08-02-2026,15.30,17.23,113,3,preventive plan,9,HAND_TOOLS,NONE,REVIEW,TRUE
REQ00149,JOB00149,S&T,SEC_KAR_KHA,08-01-2026,19.51,20.41,50,4,preventive plan,6,LIFTING_UNIT,TRACTION_ISOLATION,APPROVED,TRUE
REQ00150,JOB00150,TRD,SEC_MUM_DAD,16-02-2026,19.02,19.44,42,4,safety correction,6,OHE_TEST_KIT,NONE,REJECTED,TRUE
REQ00151,JOB00151,S&T,SEC_KHA_LON,06-03-2026,8.26,10.44,138,3,safety correction,5,TAMPER,ACCESS_REQUIRED,APPROVED,TRUE
REQ00152,JOB00152,TRD,SEC_MUM_DAD,09-02-2026,9.34,11.04,90,4,coordination opportunity,8,OHE_TEST_KIT,SIGNAL_TEST_DEPENDENCY,REVIEW,TRUE
REQ00153,JOB00153,S&T,SEC_CHI_SHI,09-03-2026,9.54,12.04,130,3,coordination opportunity,3,SIGNAL_TEST_SET,NONE,SUBMITTED,TRUE
REQ00154,JOB00154,S&T,SEC_DAD_THA,15-03-2026,19.54,20.48,54,4,preventive plan,10,OHE_TEST_KIT,TRACTION_ISOLATION,REVIEW,TRUE
REQ00155,JOB00155,Engineering,SEC_LON_TAL,14-03-2026,8.15,9.47,92,1,coordination opportunity,5,TAMPER,ACCESS_REQUIRED,SUBMITTED,TRUE
REQ00156,JOB00156,Engineering,SEC_TAL_CHI,27-02-2026,17.12,19.08,116,1,coordination opportunity,6,TAMPER,NONE,APPROVED,TRUE
REQ00157,JOB00157,TRD,SEC_KHA_LON,10-03-2026,16.22,17.56,94,3,overdue defect,3,TAMPER,TRACTION_ISOLATION,SUBMITTED,TRUE
REQ00158,JOB00158,TRD,SEC_KAR_KHA,23-03-2026,12.00,12.37,37,2,overdue defect,3,SIGNAL_TEST_SET,ACCESS_REQUIRED,APPROVED,TRUE
REQ00159,JOB00159,TRD,SEC_KAL_KAR,04-01-2026,19.48,22.10,142,3,overdue defect,10,SIGNAL_TEST_SET,ACCESS_REQUIRED,APPROVED,TRUE
REQ00160,JOB00160,S&T,SEC_DAD_THA,18-01-2026,10.08,11.02,54,2,overdue defect,6,SIGNAL_TEST_SET,TRACTION_ISOLATION,REJECTED,TRUE
REQ00161,JOB00161,Engineering,SEC_KHA_LON,15-01-2026,13.32,14.20,48,3,overdue defect,10,TAMPER,NONE,SUBMITTED,TRUE
REQ00162,JOB00162,Engineering,SEC_KAR_KHA,31-03-2026,9.48,11.48,120,3,preventive plan,4,SIGNAL_TEST_SET,SIGNAL_TEST_DEPENDENCY,SUBMITTED,TRUE
REQ00163,JOB00163,TRD,SEC_MUM_DAD,07-01-2026,18.56,20.36,100,3,overdue defect,4,LIFTING_UNIT,ACCESS_REQUIRED,REJECTED,TRUE
REQ00164,JOB00164,Engineering,SEC_CHI_SHI,10-03-2026,7.46,10.08,142,3,preventive plan,7,OHE_TEST_KIT,SIGNAL_TEST_DEPENDENCY,REVIEW,TRUE
REQ00165,JOB00165,TRD,SEC_LON_TAL,10-02-2026,16.53,19.01,128,2,overdue defect,10,HAND_TOOLS,NONE,REJECTED,TRUE
REQ00166,JOB00166,S&T,SEC_DAD_THA,26-01-2026,9.44,10.36,52,1,coordination opportunity,5,LIFTING_UNIT,SIGNAL_TEST_DEPENDENCY,REVIEW,TRUE
REQ00167,JOB00167,TRD,SEC_SHI_PUN,19-03-2026,8.08,9.28,80,3,preventive plan,10,HAND_TOOLS,ACCESS_REQUIRED,APPROVED,TRUE
REQ00168,JOB00168,TRD,SEC_DAD_THA,29-01-2026,17.53,19.48,115,2,preventive plan,7,LIFTING_UNIT,NONE,APPROVED,TRUE
REQ00169,JOB00169,TRD,SEC_MUM_DAD,10-01-2026,13.13,14.40,87,3,safety correction,5,LIFTING_UNIT,TRACTION_ISOLATION,REVIEW,TRUE
REQ00170,JOB00170,S&T,SEC_SHI_PUN,10-01-2026,6.39,7.12,33,2,safety correction,8,OHE_TEST_KIT,NONE,APPROVED,TRUE
REQ00171,JOB00171,Engineering,SEC_SHI_PUN,03-02-2026,10.53,12.59,126,4,safety correction,3,TAMPER,NONE,APPROVED,TRUE
REQ00172,JOB00172,TRD,SEC_CHI_SHI,04-02-2026,14.15,15.46,91,4,coordination opportunity,3,SIGNAL_TEST_SET,ACCESS_REQUIRED,REJECTED,TRUE
REQ00173,JOB00173,S&T,SEC_KHA_LON,17-02-2026,9.27,11.04,97,4,preventive plan,10,TAMPER,NONE,REJECTED,TRUE
REQ00174,JOB00174,TRD,SEC_DAD_THA,12-02-2026,18.57,20.55,118,1,coordination opportunity,9,TAMPER,NONE,REVIEW,TRUE
REQ00175,JOB00175,S&T,SEC_KHA_LON,22-02-2026,19.58,21.17,79,3,coordination opportunity,4,LIFTING_UNIT,TRACTION_ISOLATION,SUBMITTED,TRUE
REQ00176,JOB00176,Engineering,SEC_DAD_THA,25-03-2026,7.43,9.43,120,2,overdue defect,5,OHE_TEST_KIT,NONE,SUBMITTED,TRUE
REQ00177,JOB00177,Engineering,SEC_CHI_SHI,16-03-2026,10.30,11.27,57,1,preventive plan,7,TAMPER,NONE,APPROVED,TRUE
REQ00178,JOB00178,TRD,SEC_KHA_LON,08-01-2026,16.04,17.48,104,1,overdue defect,7,TAMPER,ACCESS_REQUIRED,REVIEW,TRUE
REQ00179,JOB00179,Engineering,SEC_CHI_SHI,09-02-2026,10.20,11.18,58,2,preventive plan,6,HAND_TOOLS,ACCESS_REQUIRED,APPROVED,TRUE
REQ00180,JOB00180,S&T,SEC_THA_KAL,13-02-2026,17.11,18.20,69,2,coordination opportunity,3,HAND_TOOLS,NONE,REVIEW,TRUE
REQ00181,JOB00181,Engineering,SEC_TAL_CHI,22-01-2026,15.24,17.34,130,3,safety correction,10,OHE_TEST_KIT,SIGNAL_TEST_DEPENDENCY,REVIEW,TRUE
REQ00182,JOB00182,Engineering,SEC_KAR_KHA,04-03-2026,9.19,9.52,33,2,safety correction,8,SIGNAL_TEST_SET,TRACTION_ISOLATION,SUBMITTED,TRUE
REQ00183,JOB00183,S&T,SEC_KAL_KAR,07-03-2026,6.22,7.50,88,2,safety correction,8,OHE_TEST_KIT,ACCESS_REQUIRED,REVIEW,TRUE
REQ00184,JOB00184,TRD,SEC_KAR_KHA,18-01-2026,8.16,9.46,90,2,preventive plan,4,OHE_TEST_KIT,ACCESS_REQUIRED,REJECTED,TRUE
REQ00185,JOB00185,S&T,SEC_CHI_SHI,20-01-2026,6.13,6.48,35,4,coordination opportunity,9,OHE_TEST_KIT,NONE,REJECTED,TRUE
REQ00186,JOB00186,S&T,SEC_KAR_KHA,28-02-2026,11.57,14.03,126,1,safety correction,6,OHE_TEST_KIT,ACCESS_REQUIRED,REJECTED,TRUE
REQ00187,JOB00187,Engineering,SEC_KAR_KHA,26-02-2026,18.38,21.08,150,2,safety correction,5,TAMPER,NONE,REVIEW,TRUE
REQ00188,JOB00188,S&T,SEC_THA_KAL,01-02-2026,13.37,15.33,116,2,coordination opportunity,4,TAMPER,ACCESS_REQUIRED,SUBMITTED,TRUE
REQ00189,JOB00189,S&T,SEC_KHA_LON,22-02-2026,14.13,15.46,93,3,overdue defect,3,OHE_TEST_KIT,NONE,REVIEW,TRUE
REQ00190,JOB00190,Engineering,SEC_CHI_SHI,24-03-2026,16.12,18.22,130,3,safety correction,8,HAND_TOOLS,ACCESS_REQUIRED,APPROVED,TRUE
REQ00191,JOB00191,Engineering,SEC_CHI_SHI,26-03-2026,12.22,13.36,74,4,coordination opportunity,8,TAMPER,TRACTION_ISOLATION,REVIEW,TRUE
REQ00192,JOB00192,S&T,SEC_MUM_DAD,22-03-2026,9.14,9.59,45,3,overdue defect,5,OHE_TEST_KIT,ACCESS_REQUIRED,SUBMITTED,TRUE
REQ00193,JOB00193,Engineering,SEC_DAD_THA,03-03-2026,14.00,15.25,85,2,safety correction,6,LIFTING_UNIT,ACCESS_REQUIRED,SUBMITTED,TRUE
REQ00194,JOB00194,TRD,SEC_THA_KAL,22-03-2026,13.54,14.43,49,1,preventive plan,5,SIGNAL_TEST_SET,TRACTION_ISOLATION,REVIEW,TRUE
REQ00195,JOB00195,S&T,SEC_SHI_PUN,12-01-2026,9.53,12.19,146,1,safety correction,3,TAMPER,NONE,APPROVED,TRUE
REQ00196,JOB00196,TRD,SEC_CHI_SHI,10-02-2026,7.23,9.41,138,2,overdue defect,4,TAMPER,SIGNAL_TEST_DEPENDENCY,APPROVED,TRUE
REQ00197,JOB00197,TRD,SEC_MUM_DAD,19-02-2026,14.25,14.58,33,3,safety correction,6,SIGNAL_TEST_SET,TRACTION_ISOLATION,REVIEW,TRUE
REQ00198,JOB00198,Engineering,SEC_TAL_CHI,24-03-2026,11.17,12.45,88,4,coordination opportunity,9,HAND_TOOLS,NONE,SUBMITTED,TRUE
REQ00199,JOB00199,S&T,SEC_CHI_SHI,06-02-2026,15.58,18.01,123,2,preventive plan,6,LIFTING_UNIT,ACCESS_REQUIRED,REJECTED,TRUE
REQ00200,JOB00200,S&T,SEC_CHI_SHI,10-01-2026,7.03,7.47,44,1,preventive plan,5,HAND_TOOLS,ACCESS_REQUIRED,REVIEW,TRUE
REQ00201,JOB00201,Engineering,SEC_KHA_LON,22-02-2026,14.13,15.37,84,4,overdue defect,4,LIFTING_UNIT,NONE,SUBMITTED,TRUE
REQ00202,JOB00202,Engineering,SEC_THA_KAL,26-01-2026,10.09,11.24,75,2,preventive plan,10,TAMPER,TRACTION_ISOLATION,REJECTED,TRUE
REQ00203,JOB00203,S&T,SEC_SHI_PUN,22-03-2026,11.08,13.23,135,1,overdue defect,9,HAND_TOOLS,SIGNAL_TEST_DEPENDENCY,APPROVED,TRUE
REQ00204,JOB00204,Engineering,SEC_KAR_KHA,28-02-2026,9.15,10.41,86,3,preventive plan,6,TAMPER,TRACTION_ISOLATION,REJECTED,TRUE
REQ00205,JOB00205,Engineering,SEC_LON_TAL,09-02-2026,7.32,8.36,64,2,preventive plan,10,OHE_TEST_KIT,ACCESS_REQUIRED,REVIEW,TRUE
REQ00206,JOB00206,Engineering,SEC_THA_KAL,18-01-2026,6.58,8.26,88,2,preventive plan,8,TAMPER,SIGNAL_TEST_DEPENDENCY,REVIEW,TRUE
REQ00207,JOB00207,S&T,SEC_LON_TAL,09-03-2026,13.44,15.33,109,1,safety correction,8,OHE_TEST_KIT,TRACTION_ISOLATION,REVIEW,TRUE
REQ00208,JOB00208,TRD,SEC_TAL_CHI,06-02-2026,14.06,14.37,31,3,preventive plan,10,HAND_TOOLS,ACCESS_REQUIRED,APPROVED,TRUE
REQ00209,JOB00209,S&T,SEC_TAL_CHI,05-01-2026,9.16,10.44,88,2,preventive plan,4,HAND_TOOLS,SIGNAL_TEST_DEPENDENCY,REJECTED,TRUE
REQ00210,JOB00210,S&T,SEC_LON_TAL,12-01-2026,6.09,6.43,34,2,preventive plan,3,HAND_TOOLS,TRACTION_ISOLATION,REJECTED,TRUE
REQ00211,JOB00211,Engineering,SEC_KHA_LON,27-02-2026,15.29,17.49,140,4,safety correction,3,OHE_TEST_KIT,SIGNAL_TEST_DEPENDENCY,REVIEW,TRUE
REQ00212,JOB00212,Engineering,SEC_SHI_PUN,13-03-2026,17.15,19.25,130,3,safety correction,4,LIFTING_UNIT,ACCESS_REQUIRED,APPROVED,TRUE
REQ00213,JOB00213,Engineering,SEC_DAD_THA,18-03-2026,10.27,12.40,133,4,preventive plan,10,OHE_TEST_KIT,SIGNAL_TEST_DEPENDENCY,REJECTED,TRUE
REQ00214,JOB00214,Engineering,SEC_THA_KAL,16-03-2026,8.50,10.23,93,1,preventive plan,5,HAND_TOOLS,TRACTION_ISOLATION,SUBMITTED,TRUE
REQ00215,JOB00215,Engineering,SEC_LON_TAL,11-03-2026,11.52,13.15,83,4,preventive plan,6,TAMPER,NONE,SUBMITTED,TRUE
REQ00216,JOB00216,TRD,SEC_DAD_THA,19-03-2026,11.55,12.39,44,4,overdue defect,10,LIFTING_UNIT,ACCESS_REQUIRED,SUBMITTED,TRUE
REQ00217,JOB00217,TRD,SEC_TAL_CHI,16-03-2026,9.03,10.56,113,2,safety correction,9,LIFTING_UNIT,SIGNAL_TEST_DEPENDENCY,SUBMITTED,TRUE
REQ00218,JOB00218,S&T,SEC_MUM_DAD,02-03-2026,18.19,19.54,95,3,preventive plan,10,TAMPER,NONE,REVIEW,TRUE
REQ00219,JOB00219,TRD,SEC_THA_KAL,08-03-2026,19.47,21.25,98,3,coordination opportunity,8,LIFTING_UNIT,ACCESS_REQUIRED,SUBMITTED,TRUE
REQ00220,JOB00220,TRD,SEC_TAL_CHI,16-01-2026,12.30,13.18,48,2,overdue defect,7,LIFTING_UNIT,SIGNAL_TEST_DEPENDENCY,REVIEW,TRUE
REQ00221,JOB00221,Engineering,SEC_MUM_DAD,08-03-2026,6.24,8.44,140,4,overdue defect,3,OHE_TEST_KIT,ACCESS_REQUIRED,APPROVED,TRUE
REQ00222,JOB00222,TRD,SEC_LON_TAL,18-01-2026,17.17,18.23,66,4,overdue defect,7,HAND_TOOLS,ACCESS_REQUIRED,SUBMITTED,TRUE
REQ00223,JOB00223,S&T,SEC_THA_KAL,07-01-2026,12.14,14.27,133,1,overdue defect,8,LIFTING_UNIT,TRACTION_ISOLATION,REJECTED,TRUE
REQ00224,JOB00224,S&T,SEC_THA_KAL,03-01-2026,17.52,19.28,96,3,preventive plan,8,TAMPER,SIGNAL_TEST_DEPENDENCY,REJECTED,TRUE
REQ00225,JOB00225,S&T,SEC_LON_TAL,27-03-2026,15.11,17.38,147,4,preventive plan,10,SIGNAL_TEST_SET,NONE,SUBMITTED,TRUE
REQ00226,JOB00226,Engineering,SEC_KAR_KHA,19-01-2026,12.14,13.34,80,2,coordination opportunity,4,SIGNAL_TEST_SET,ACCESS_REQUIRED,REJECTED,TRUE
REQ00227,JOB00227,S&T,SEC_KAL_KAR,13-01-2026,16.33,17.15,42,2,preventive plan,8,SIGNAL_TEST_SET,TRACTION_ISOLATION,REVIEW,TRUE
REQ00228,JOB00228,Engineering,SEC_CHI_SHI,31-01-2026,18.22,20.10,108,1,overdue defect,6,TAMPER,NONE,SUBMITTED,TRUE
REQ00229,JOB00229,Engineering,SEC_TAL_CHI,31-01-2026,12.49,14.47,118,3,preventive plan,7,HAND_TOOLS,NONE,REVIEW,TRUE
REQ00230,JOB00230,Engineering,SEC_KAR_KHA,09-01-2026,7.31,8.16,45,4,coordination opportunity,3,TAMPER,NONE,APPROVED,TRUE
REQ00231,JOB00231,S&T,SEC_TAL_CHI,31-01-2026,7.08,8.28,80,3,overdue defect,7,HAND_TOOLS,SIGNAL_TEST_DEPENDENCY,APPROVED,TRUE
REQ00232,JOB00232,S&T,SEC_TAL_CHI,17-01-2026,17.16,18.58,102,2,preventive plan,6,TAMPER,ACCESS_REQUIRED,SUBMITTED,TRUE
REQ00233,JOB00233,Engineering,SEC_KAR_KHA,01-02-2026,11.27,12.47,80,3,preventive plan,9,LIFTING_UNIT,NONE,SUBMITTED,TRUE
REQ00234,JOB00234,TRD,SEC_CHI_SHI,24-02-2026,8.22,10.31,129,2,coordination opportunity,5,LIFTING_UNIT,ACCESS_REQUIRED,REJECTED,TRUE
REQ00235,JOB00235,S&T,SEC_TAL_CHI,29-01-2026,16.05,18.19,134,2,preventive plan,10,OHE_TEST_KIT,TRACTION_ISOLATION,REJECTED,TRUE
REQ00236,JOB00236,Engineering,SEC_KHA_LON,27-01-2026,14.33,15.29,56,2,preventive plan,5,TAMPER,TRACTION_ISOLATION,REVIEW,TRUE
REQ00237,JOB00237,TRD,SEC_SHI_PUN,29-01-2026,16.57,19.12,135,1,preventive plan,3,SIGNAL_TEST_SET,NONE,REJECTED,TRUE
REQ00238,JOB00238,S&T,SEC_CHI_SHI,09-01-2026,13.49,14.55,66,4,coordination opportunity,6,SIGNAL_TEST_SET,SIGNAL_TEST_DEPENDENCY,SUBMITTED,TRUE
REQ00239,JOB00239,S&T,SEC_LON_TAL,26-01-2026,15.20,16.17,57,3,preventive plan,7,OHE_TEST_KIT,SIGNAL_TEST_DEPENDENCY,SUBMITTED,TRUE
REQ00240,JOB00240,Engineering,SEC_THA_KAL,11-01-2026,17.44,19.58,134,2,coordination opportunity,5,TAMPER,SIGNAL_TEST_DEPENDENCY,REJECTED,TRUE
REQ00241,JOB00241,Engineering,SEC_THA_KAL,26-02-2026,8.34,10.17,103,4,preventive plan,3,SIGNAL_TEST_SET,ACCESS_REQUIRED,REJECTED,TRUE
REQ00242,JOB00242,S&T,SEC_MUM_DAD,18-01-2026,17.38,18.26,48,4,safety correction,10,HAND_TOOLS,ACCESS_REQUIRED,SUBMITTED,TRUE
REQ00243,JOB00243,S&T,SEC_KAL_KAR,09-02-2026,12.40,13.40,60,2,preventive plan,7,TAMPER,TRACTION_ISOLATION,REVIEW,TRUE
REQ00244,JOB00244,Engineering,SEC_KAR_KHA,30-01-2026,9.46,11.42,116,4,preventive plan,6,TAMPER,TRACTION_ISOLATION,SUBMITTED,TRUE
REQ00245,JOB00245,S&T,SEC_KAL_KAR,20-03-2026,6.13,6.48,35,1,preventive plan,5,LIFTING_UNIT,TRACTION_ISOLATION,REJECTED,TRUE
REQ00246,JOB00246,Engineering,SEC_LON_TAL,29-01-2026,16.51,18.39,108,4,safety correction,7,OHE_TEST_KIT,SIGNAL_TEST_DEPENDENCY,SUBMITTED,TRUE
REQ00247,JOB00247,Engineering,SEC_LON_TAL,08-01-2026,12.36,14.43,127,2,coordination opportunity,4,TAMPER,ACCESS_REQUIRED,REVIEW,TRUE
REQ00248,JOB00248,TRD,SEC_MUM_DAD,04-01-2026,12.33,14.23,110,4,coordination opportunity,9,HAND_TOOLS,TRACTION_ISOLATION,SUBMITTED,TRUE
REQ00249,JOB00249,Engineering,SEC_KHA_LON,18-01-2026,13.02,14.32,90,3,safety correction,5,TAMPER,SIGNAL_TEST_DEPENDENCY,SUBMITTED,TRUE
REQ00250,JOB00250,S&T,SEC_THA_KAL,26-02-2026,14.28,16.07,99,4,coordination opportunity,10,OHE_TEST_KIT,ACCESS_REQUIRED,SUBMITTED,TRUE
REQ00251,JOB00251,Engineering,SEC_LON_TAL,18-03-2026,17.46,19.26,100,4,coordination opportunity,3,SIGNAL_TEST_SET,ACCESS_REQUIRED,REJECTED,TRUE
REQ00252,JOB00252,TRD,SEC_KHA_LON,10-03-2026,6.16,6.59,43,4,preventive plan,4,SIGNAL_TEST_SET,SIGNAL_TEST_DEPENDENCY,APPROVED,TRUE
REQ00253,JOB00253,Engineering,SEC_LON_TAL,05-03-2026,15.50,17.52,122,2,overdue defect,6,OHE_TEST_KIT,SIGNAL_TEST_DEPENDENCY,REJECTED,TRUE
REQ00254,JOB00254,Engineering,SEC_THA_KAL,21-02-2026,14.34,15.56,82,2,overdue defect,10,TAMPER,NONE,REVIEW,TRUE
REQ00255,JOB00255,Engineering,SEC_MUM_DAD,19-02-2026,12.01,13.11,70,1,safety correction,3,OHE_TEST_KIT,NONE,SUBMITTED,TRUE
REQ00256,JOB00256,Engineering,SEC_LON_TAL,16-01-2026,6.09,7.29,80,2,overdue defect,7,SIGNAL_TEST_SET,SIGNAL_TEST_DEPENDENCY,REVIEW,TRUE
REQ00257,JOB00257,TRD,SEC_SHI_PUN,03-01-2026,7.39,8.09,30,1,safety correction,3,HAND_TOOLS,NONE,REVIEW,TRUE
REQ00258,JOB00258,TRD,SEC_TAL_CHI,04-02-2026,13.08,14.28,80,1,safety correction,10,HAND_TOOLS,ACCESS_REQUIRED,SUBMITTED,TRUE
REQ00259,JOB00259,TRD,SEC_MUM_DAD,02-01-2026,12.09,14.27,138,3,safety correction,8,OHE_TEST_KIT,NONE,APPROVED,TRUE
REQ00260,JOB00260,TRD,SEC_KAR_KHA,16-03-2026,14.27,15.27,60,1,preventive plan,5,OHE_TEST_KIT,SIGNAL_TEST_DEPENDENCY,SUBMITTED,TRUE
REQ00261,JOB00261,S&T,SEC_THA_KAL,17-03-2026,7.38,9.17,99,1,safety correction,10,OHE_TEST_KIT,NONE,APPROVED,TRUE
REQ00262,JOB00262,Engineering,SEC_CHI_SHI,07-02-2026,13.13,14.51,98,4,preventive plan,9,TAMPER,SIGNAL_TEST_DEPENDENCY,REJECTED,TRUE
REQ00263,JOB00263,Engineering,SEC_KHA_LON,27-01-2026,9.09,11.20,131,1,overdue defect,10,LIFTING_UNIT,TRACTION_ISOLATION,SUBMITTED,TRUE
REQ00264,JOB00264,TRD,SEC_MUM_DAD,25-02-2026,19.03,19.49,46,4,safety correction,8,TAMPER,NONE,SUBMITTED,TRUE
REQ00265,JOB00265,Engineering,SEC_KAL_KAR,28-03-2026,17.41,18.12,31,4,preventive plan,6,HAND_TOOLS,ACCESS_REQUIRED,REJECTED,TRUE
REQ00266,JOB00266,Engineering,SEC_KAR_KHA,20-01-2026,6.40,7.54,74,1,overdue defect,5,LIFTING_UNIT,ACCESS_REQUIRED,REJECTED,TRUE
REQ00267,JOB00267,Engineering,SEC_SHI_PUN,27-03-2026,13.04,13.54,50,3,preventive plan,10,LIFTING_UNIT,NONE,APPROVED,TRUE
REQ00268,JOB00268,TRD,SEC_KHA_LON,05-03-2026,17.12,18.30,78,4,safety correction,10,LIFTING_UNIT,SIGNAL_TEST_DEPENDENCY,REVIEW,TRUE
REQ00269,JOB00269,TRD,SEC_DAD_THA,19-02-2026,7.08,7.47,39,3,coordination opportunity,4,TAMPER,NONE,REJECTED,TRUE
REQ00270,JOB00270,Engineering,SEC_SHI_PUN,24-01-2026,12.41,14.33,112,1,safety correction,9,LIFTING_UNIT,ACCESS_REQUIRED,REJECTED,TRUE
REQ00271,JOB00271,Engineering,SEC_MUM_DAD,31-01-2026,9.53,10.43,50,2,preventive plan,7,OHE_TEST_KIT,TRACTION_ISOLATION,SUBMITTED,TRUE
REQ00272,JOB00272,Engineering,SEC_SHI_PUN,10-02-2026,11.09,12.51,102,2,overdue defect,10,HAND_TOOLS,NONE,REJECTED,TRUE
REQ00273,JOB00273,TRD,SEC_KAR_KHA,20-03-2026,10.22,11.29,67,2,coordination opportunity,4,OHE_TEST_KIT,TRACTION_ISOLATION,REVIEW,TRUE
REQ00274,JOB00274,Engineering,SEC_TAL_CHI,10-01-2026,17.43,18.55,72,1,coordination opportunity,4,TAMPER,TRACTION_ISOLATION,APPROVED,TRUE
REQ00275,JOB00275,TRD,SEC_LON_TAL,02-03-2026,19.47,21.59,132,3,overdue defect,7,LIFTING_UNIT,SIGNAL_TEST_DEPENDENCY,REVIEW,TRUE
REQ00276,JOB00276,Engineering,SEC_TAL_CHI,08-01-2026,14.18,14.49,31,1,preventive plan,9,HAND_TOOLS,TRACTION_ISOLATION,REVIEW,TRUE
REQ00277,JOB00277,Engineering,SEC_CHI_SHI,07-02-2026,18.41,20.04,83,2,overdue defect,9,OHE_TEST_KIT,TRACTION_ISOLATION,APPROVED,TRUE
REQ00278,JOB00278,Engineering,SEC_LON_TAL,06-02-2026,11.01,13.08,127,1,overdue defect,4,TAMPER,ACCESS_REQUIRED,SUBMITTED,TRUE
REQ00279,JOB00279,S&T,SEC_DAD_THA,03-02-2026,19.32,21.21,109,4,overdue defect,4,HAND_TOOLS,TRACTION_ISOLATION,REJECTED,TRUE
REQ00280,JOB00280,Engineering,SEC_KHA_LON,21-01-2026,17.26,18.56,90,4,coordination opportunity,6,TAMPER,ACCESS_REQUIRED,REVIEW,TRUE
REQ00281,JOB00281,TRD,SEC_MUM_DAD,31-03-2026,15.24,16.32,68,3,preventive plan,4,TAMPER,SIGNAL_TEST_DEPENDENCY,APPROVED,TRUE
REQ00282,JOB00282,Engineering,SEC_LON_TAL,26-01-2026,9.48,11.32,104,1,coordination opportunity,8,LIFTING_UNIT,TRACTION_ISOLATION,APPROVED,TRUE
REQ00283,JOB00283,Engineering,SEC_KAL_KAR,15-01-2026,12.46,14.18,92,4,preventive plan,9,SIGNAL_TEST_SET,ACCESS_REQUIRED,SUBMITTED,TRUE
REQ00284,JOB00284,TRD,SEC_TAL_CHI,24-01-2026,11.17,13.07,110,4,safety correction,9,LIFTING_UNIT,ACCESS_REQUIRED,REJECTED,TRUE
REQ00285,JOB00285,TRD,SEC_THA_KAL,26-03-2026,15.44,17.14,90,3,preventive plan,8,HAND_TOOLS,NONE,REVIEW,TRUE
REQ00286,JOB00286,TRD,SEC_MUM_DAD,25-01-2026,13.13,14.36,83,3,preventive plan,9,TAMPER,ACCESS_REQUIRED,APPROVED,TRUE
REQ00287,JOB00287,Engineering,SEC_CHI_SHI,19-01-2026,16.30,17.55,85,3,preventive plan,7,OHE_TEST_KIT,SIGNAL_TEST_DEPENDENCY,REVIEW,TRUE
REQ00288,JOB00288,TRD,SEC_KAR_KHA,09-02-2026,12.03,12.50,47,4,preventive plan,10,SIGNAL_TEST_SET,SIGNAL_TEST_DEPENDENCY,APPROVED,TRUE
REQ00289,JOB00289,Engineering,SEC_KAR_KHA,14-01-2026,16.39,17.17,38,2,preventive plan,6,TAMPER,ACCESS_REQUIRED,REJECTED,TRUE
REQ00290,JOB00290,Engineering,SEC_CHI_SHI,14-03-2026,19.56,21.44,108,4,coordination opportunity,3,HAND_TOOLS,NONE,REVIEW,TRUE
REQ00291,JOB00291,Engineering,SEC_KAL_KAR,29-03-2026,18.37,19.53,76,1,coordination opportunity,10,HAND_TOOLS,SIGNAL_TEST_DEPENDENCY,SUBMITTED,TRUE
REQ00292,JOB00292,S&T,SEC_THA_KAL,16-02-2026,17.53,19.42,109,2,safety correction,4,OHE_TEST_KIT,TRACTION_ISOLATION,APPROVED,TRUE
REQ00293,JOB00293,S&T,SEC_DAD_THA,09-02-2026,7.26,9.40,134,4,preventive plan,4,TAMPER,SIGNAL_TEST_DEPENDENCY,APPROVED,TRUE
REQ00294,JOB00294,Engineering,SEC_LON_TAL,01-02-2026,12.10,14.28,138,1,overdue defect,6,TAMPER,TRACTION_ISOLATION,REVIEW,TRUE
REQ00295,JOB00295,TRD,SEC_TAL_CHI,04-03-2026,9.15,11.14,119,4,overdue defect,8,SIGNAL_TEST_SET,SIGNAL_TEST_DEPENDENCY,SUBMITTED,TRUE
REQ00296,JOB00296,S&T,SEC_CHI_SHI,28-03-2026,9.46,10.59,73,2,preventive plan,9,HAND_TOOLS,NONE,REVIEW,TRUE
REQ00297,JOB00297,Engineering,SEC_TAL_CHI,02-02-2026,15.46,17.59,133,2,safety correction,7,OHE_TEST_KIT,SIGNAL_TEST_DEPENDENCY,APPROVED,TRUE
REQ00298,JOB00298,TRD,SEC_DAD_THA,17-03-2026,19.34,21.34,120,3,coordination opportunity,3,OHE_TEST_KIT,NONE,APPROVED,TRUE
REQ00299,JOB00299,Engineering,SEC_KHA_LON,23-02-2026,18.53,19.30,37,1,coordination opportunity,6,HAND_TOOLS,SIGNAL_TEST_DEPENDENCY,REVIEW,TRUE
REQ00300,JOB00300,S&T,SEC_THA_KAL,14-02-2026,18.34,19.07,33,2,coordination opportunity,6,TAMPER,ACCESS_REQUIRED,REJECTED,TRUE
REQ00301,JOB00301,TRD,SEC_KAR_KHA,22-02-2026,8.30,9.57,87,2,safety correction,10,HAND_TOOLS,ACCESS_REQUIRED,APPROVED,TRUE
REQ00302,JOB00302,Engineering,SEC_KAR_KHA,16-01-2026,6.20,7.21,61,2,overdue defect,10,TAMPER,ACCESS_REQUIRED,APPROVED,TRUE
REQ00303,JOB00303,Engineering,SEC_KAL_KAR,02-02-2026,15.11,16.44,93,3,safety correction,9,LIFTING_UNIT,ACCESS_REQUIRED,SUBMITTED,TRUE
REQ00304,JOB00304,S&T,SEC_THA_KAL,08-03-2026,7.33,8.23,50,3,preventive plan,10,SIGNAL_TEST_SET,NONE,REJECTED,TRUE
REQ00305,JOB00305,Engineering,SEC_KAL_KAR,28-03-2026,19.58,21.05,67,4,safety correction,10,LIFTING_UNIT,NONE,APPROVED,TRUE
REQ00306,JOB00306,S&T,SEC_THA_KAL,11-03-2026,17.37,19.08,91,1,overdue defect,5,OHE_TEST_KIT,SIGNAL_TEST_DEPENDENCY,APPROVED,TRUE
REQ00307,JOB00307,TRD,SEC_KAL_KAR,11-01-2026,10.39,12.49,130,2,overdue defect,9,OHE_TEST_KIT,TRACTION_ISOLATION,SUBMITTED,TRUE
REQ00308,JOB00308,Engineering,SEC_CHI_SHI,15-03-2026,16.53,17.24,31,4,preventive plan,6,HAND_TOOLS,TRACTION_ISOLATION,REVIEW,TRUE
REQ00309,JOB00309,TRD,SEC_DAD_THA,20-03-2026,16.48,18.05,77,4,safety correction,10,OHE_TEST_KIT,TRACTION_ISOLATION,REJECTED,TRUE
REQ00310,JOB00310,S&T,SEC_CHI_SHI,24-03-2026,16.46,18.17,91,3,safety correction,5,LIFTING_UNIT,NONE,APPROVED,TRUE
REQ00311,JOB00311,Engineering,SEC_THA_KAL,11-03-2026,14.43,16.58,135,2,overdue defect,5,TAMPER,NONE,APPROVED,TRUE
REQ00312,JOB00312,Engineering,SEC_THA_KAL,05-01-2026,15.21,17.38,137,3,preventive plan,5,LIFTING_UNIT,SIGNAL_TEST_DEPENDENCY,APPROVED,TRUE
REQ00313,JOB00313,S&T,SEC_KHA_LON,26-01-2026,10.23,11.20,57,2,safety correction,10,OHE_TEST_KIT,SIGNAL_TEST_DEPENDENCY,REVIEW,TRUE
REQ00314,JOB00314,Engineering,SEC_DAD_THA,26-02-2026,19.17,20.36,79,2,preventive plan,8,LIFTING_UNIT,ACCESS_REQUIRED,SUBMITTED,TRUE
REQ00315,JOB00315,TRD,SEC_LON_TAL,05-01-2026,17.28,19.12,104,2,overdue defect,10,LIFTING_UNIT,NONE,REVIEW,TRUE
REQ00316,JOB00316,S&T,SEC_KAR_KHA,30-03-2026,7.47,9.45,118,4,safety correction,9,SIGNAL_TEST_SET,ACCESS_REQUIRED,REJECTED,TRUE
REQ00317,JOB00317,Engineering,SEC_LON_TAL,27-03-2026,14.53,16.03,70,3,coordination opportunity,6,OHE_TEST_KIT,TRACTION_ISOLATION,REJECTED,TRUE
REQ00318,JOB00318,Engineering,SEC_KHA_LON,27-03-2026,19.03,20.39,96,2,overdue defect,5,TAMPER,SIGNAL_TEST_DEPENDENCY,APPROVED,TRUE
REQ00319,JOB00319,TRD,SEC_MUM_DAD,02-03-2026,14.31,16.56,145,3,coordination opportunity,10,TAMPER,SIGNAL_TEST_DEPENDENCY,REVIEW,TRUE
REQ00320,JOB00320,TRD,SEC_MUM_DAD,06-03-2026,11.20,13.04,104,3,preventive plan,10,SIGNAL_TEST_SET,ACCESS_REQUIRED,APPROVED,TRUE
REQ00321,JOB00321,Engineering,SEC_LON_TAL,11-03-2026,7.31,8.56,85,1,coordination opportunity,7,SIGNAL_TEST_SET,SIGNAL_TEST_DEPENDENCY,APPROVED,TRUE
REQ00322,JOB00322,TRD,SEC_THA_KAL,03-01-2026,7.29,9.34,125,4,preventive plan,7,SIGNAL_TEST_SET,NONE,REJECTED,TRUE
REQ00323,JOB00323,Engineering,SEC_SHI_PUN,17-03-2026,7.33,9.36,123,2,overdue defect,5,LIFTING_UNIT,SIGNAL_TEST_DEPENDENCY,SUBMITTED,TRUE
REQ00324,JOB00324,Engineering,SEC_KHA_LON,14-01-2026,17.19,18.13,54,2,overdue defect,4,LIFTING_UNIT,SIGNAL_TEST_DEPENDENCY,SUBMITTED,TRUE
REQ00325,JOB00325,S&T,SEC_LON_TAL,28-03-2026,11.26,13.53,147,2,preventive plan,4,LIFTING_UNIT,SIGNAL_TEST_DEPENDENCY,REVIEW,TRUE
REQ00326,JOB00326,TRD,SEC_CHI_SHI,24-01-2026,17.04,17.34,30,4,overdue defect,4,OHE_TEST_KIT,TRACTION_ISOLATION,REJECTED,TRUE
REQ00327,JOB00327,TRD,SEC_KAR_KHA,31-03-2026,18.39,20.34,115,3,safety correction,9,HAND_TOOLS,SIGNAL_TEST_DEPENDENCY,APPROVED,TRUE
REQ00328,JOB00328,Engineering,SEC_THA_KAL,12-03-2026,18.17,19.01,44,3,safety correction,6,OHE_TEST_KIT,ACCESS_REQUIRED,SUBMITTED,TRUE
REQ00329,JOB00329,S&T,SEC_DAD_THA,21-03-2026,14.53,15.24,31,1,preventive plan,9,OHE_TEST_KIT,SIGNAL_TEST_DEPENDENCY,APPROVED,TRUE
REQ00330,JOB00330,Engineering,SEC_LON_TAL,07-01-2026,7.45,9.21,96,3,safety correction,8,LIFTING_UNIT,ACCESS_REQUIRED,REJECTED,TRUE
REQ00331,JOB00331,Engineering,SEC_KHA_LON,29-03-2026,10.16,11.09,53,4,safety correction,7,HAND_TOOLS,SIGNAL_TEST_DEPENDENCY,SUBMITTED,TRUE
REQ00332,JOB00332,Engineering,SEC_KHA_LON,21-02-2026,11.35,12.05,30,4,preventive plan,4,OHE_TEST_KIT,NONE,REVIEW,TRUE
REQ00333,JOB00333,S&T,SEC_SHI_PUN,16-02-2026,17.40,19.16,96,3,overdue defect,4,SIGNAL_TEST_SET,SIGNAL_TEST_DEPENDENCY,APPROVED,TRUE
REQ00334,JOB00334,S&T,SEC_KHA_LON,17-01-2026,8.32,9.57,85,3,preventive plan,6,OHE_TEST_KIT,NONE,SUBMITTED,TRUE
REQ00335,JOB00335,Engineering,SEC_LON_TAL,08-02-2026,10.38,12.17,99,2,coordination opportunity,4,SIGNAL_TEST_SET,NONE,REVIEW,TRUE
REQ00336,JOB00336,TRD,SEC_KAR_KHA,04-01-2026,17.14,18.15,61,2,preventive plan,9,SIGNAL_TEST_SET,TRACTION_ISOLATION,SUBMITTED,TRUE
REQ00337,JOB00337,Engineering,SEC_MUM_DAD,02-01-2026,7.41,10.11,150,4,overdue defect,10,SIGNAL_TEST_SET,SIGNAL_TEST_DEPENDENCY,APPROVED,TRUE
REQ00338,JOB00338,TRD,SEC_KAR_KHA,15-03-2026,12.24,13.38,74,1,overdue defect,10,HAND_TOOLS,SIGNAL_TEST_DEPENDENCY,SUBMITTED,TRUE
REQ00339,JOB00339,TRD,SEC_DAD_THA,27-03-2026,14.06,15.08,62,1,safety correction,8,TAMPER,TRACTION_ISOLATION,REJECTED,TRUE
REQ00340,JOB00340,S&T,SEC_DAD_THA,24-01-2026,17.42,18.34,52,2,overdue defect,10,HAND_TOOLS,ACCESS_REQUIRED,REVIEW,TRUE
REQ00341,JOB00341,Engineering,SEC_THA_KAL,10-01-2026,19.45,21.22,97,3,overdue defect,6,SIGNAL_TEST_SET,TRACTION_ISOLATION,SUBMITTED,TRUE
REQ00342,JOB00342,S&T,SEC_DAD_THA,08-03-2026,9.11,11.03,112,2,preventive plan,3,LIFTING_UNIT,TRACTION_ISOLATION,REVIEW,TRUE
REQ00343,JOB00343,Engineering,SEC_THA_KAL,28-02-2026,11.22,13.25,123,2,safety correction,10,LIFTING_UNIT,TRACTION_ISOLATION,SUBMITTED,TRUE
REQ00344,JOB00344,S&T,SEC_THA_KAL,10-01-2026,13.46,16.00,134,4,preventive plan,9,SIGNAL_TEST_SET,NONE,APPROVED,TRUE
REQ00345,JOB00345,S&T,SEC_SHI_PUN,07-03-2026,15.52,16.30,38,2,overdue defect,3,HAND_TOOLS,ACCESS_REQUIRED,APPROVED,TRUE
REQ00346,JOB00346,S&T,SEC_MUM_DAD,17-01-2026,13.14,14.18,64,3,coordination opportunity,6,SIGNAL_TEST_SET,TRACTION_ISOLATION,SUBMITTED,TRUE
REQ00347,JOB00347,TRD,SEC_KHA_LON,13-02-2026,16.10,17.20,70,4,safety correction,8,SIGNAL_TEST_SET,NONE,APPROVED,TRUE
REQ00348,JOB00348,TRD,SEC_DAD_THA,12-03-2026,7.55,9.28,93,1,safety correction,4,OHE_TEST_KIT,TRACTION_ISOLATION,APPROVED,TRUE
REQ00349,JOB00349,S&T,SEC_SHI_PUN,05-01-2026,8.41,10.16,95,3,safety correction,10,HAND_TOOLS,TRACTION_ISOLATION,REJECTED,TRUE
REQ00350,JOB00350,Engineering,SEC_SHI_PUN,24-02-2026,13.53,15.34,101,4,overdue defect,4,SIGNAL_TEST_SET,NONE,REJECTED,TRUE
REQ00351,JOB00351,S&T,SEC_THA_KAL,23-02-2026,6.53,9.20,147,4,overdue defect,4,TAMPER,SIGNAL_TEST_DEPENDENCY,APPROVED,TRUE
REQ00352,JOB00352,TRD,SEC_LON_TAL,26-01-2026,19.08,21.32,144,2,coordination opportunity,5,LIFTING_UNIT,NONE,REJECTED,TRUE
REQ00353,JOB00353,Engineering,SEC_SHI_PUN,18-03-2026,19.45,21.12,87,4,safety correction,4,TAMPER,SIGNAL_TEST_DEPENDENCY,REJECTED,TRUE
REQ00354,JOB00354,S&T,SEC_KHA_LON,14-03-2026,13.24,15.54,150,2,coordination opportunity,6,LIFTING_UNIT,SIGNAL_TEST_DEPENDENCY,REVIEW,TRUE
REQ00355,JOB00355,Engineering,SEC_LON_TAL,09-01-2026,16.38,17.52,74,1,overdue defect,8,TAMPER,NONE,SUBMITTED,TRUE
REQ00356,JOB00356,TRD,SEC_CHI_SHI,21-03-2026,18.18,19.19,61,1,coordination opportunity,10,OHE_TEST_KIT,ACCESS_REQUIRED,REVIEW,TRUE
REQ00357,JOB00357,S&T,SEC_KAR_KHA,11-03-2026,10.02,11.01,59,4,overdue defect,8,HAND_TOOLS,ACCESS_REQUIRED,APPROVED,TRUE
REQ00358,JOB00358,S&T,SEC_DAD_THA,22-03-2026,9.16,11.44,148,2,safety correction,9,HAND_TOOLS,TRACTION_ISOLATION,REJECTED,TRUE
REQ00359,JOB00359,S&T,SEC_KHA_LON,15-01-2026,11.58,14.25,147,2,preventive plan,4,LIFTING_UNIT,TRACTION_ISOLATION,APPROVED,TRUE
REQ00360,JOB00360,TRD,SEC_KAL_KAR,31-01-2026,8.43,9.19,36,4,safety correction,7,LIFTING_UNIT,SIGNAL_TEST_DEPENDENCY,SUBMITTED,TRUE
REQ00361,JOB00361,S&T,SEC_KAL_KAR,09-02-2026,9.19,9.53,34,3,overdue defect,7,OHE_TEST_KIT,TRACTION_ISOLATION,REVIEW,TRUE
REQ00362,JOB00362,S&T,SEC_LON_TAL,01-02-2026,15.43,17.52,129,2,safety correction,3,LIFTING_UNIT,TRACTION_ISOLATION,APPROVED,TRUE
REQ00363,JOB00363,Engineering,SEC_MUM_DAD,06-03-2026,19.25,20.37,72,2,preventive plan,5,SIGNAL_TEST_SET,ACCESS_REQUIRED,SUBMITTED,TRUE
REQ00364,JOB00364,Engineering,SEC_KAR_KHA,24-01-2026,8.54,10.41,107,2,overdue defect,3,HAND_TOOLS,ACCESS_REQUIRED,APPROVED,TRUE
REQ00365,JOB00365,S&T,SEC_MUM_DAD,15-02-2026,16.26,17.55,89,2,safety correction,10,LIFTING_UNIT,TRACTION_ISOLATION,APPROVED,TRUE
REQ00366,JOB00366,TRD,SEC_MUM_DAD,16-01-2026,17.45,19.15,90,4,coordination opportunity,6,OHE_TEST_KIT,TRACTION_ISOLATION,REJECTED,TRUE
REQ00367,JOB00367,S&T,SEC_CHI_SHI,15-01-2026,13.06,14.34,88,4,coordination opportunity,3,LIFTING_UNIT,TRACTION_ISOLATION,APPROVED,TRUE
REQ00368,JOB00368,Engineering,SEC_TAL_CHI,29-03-2026,13.29,15.41,132,4,coordination opportunity,4,TAMPER,ACCESS_REQUIRED,SUBMITTED,TRUE
REQ00369,JOB00369,S&T,SEC_LON_TAL,14-01-2026,13.18,14.58,100,1,coordination opportunity,8,TAMPER,TRACTION_ISOLATION,REJECTED,TRUE
REQ00370,JOB00370,S&T,SEC_TAL_CHI,08-02-2026,8.46,9.59,73,3,overdue defect,5,OHE_TEST_KIT,SIGNAL_TEST_DEPENDENCY,REJECTED,TRUE
REQ00371,JOB00371,S&T,SEC_DAD_THA,26-01-2026,19.30,21.37,127,1,preventive plan,5,HAND_TOOLS,NONE,APPROVED,TRUE
REQ00372,JOB00372,TRD,SEC_MUM_DAD,03-03-2026,16.25,17.20,55,4,coordination opportunity,8,LIFTING_UNIT,ACCESS_REQUIRED,REVIEW,TRUE
REQ00373,JOB00373,TRD,SEC_SHI_PUN,27-03-2026,11.29,12.51,82,2,overdue defect,9,SIGNAL_TEST_SET,TRACTION_ISOLATION,APPROVED,TRUE
REQ00374,JOB00374,S&T,SEC_MUM_DAD,13-02-2026,14.58,16.12,74,4,safety correction,8,HAND_TOOLS,SIGNAL_TEST_DEPENDENCY,APPROVED,TRUE
REQ00375,JOB00375,S&T,SEC_CHI_SHI,16-02-2026,12.18,13.29,71,3,coordination opportunity,3,HAND_TOOLS,NONE,REVIEW,TRUE
REQ00376,JOB00376,Engineering,SEC_SHI_PUN,29-03-2026,18.59,20.23,84,1,safety correction,10,TAMPER,TRACTION_ISOLATION,SUBMITTED,TRUE
REQ00377,JOB00377,S&T,SEC_LON_TAL,06-01-2026,15.10,15.42,32,2,preventive plan,6,LIFTING_UNIT,NONE,SUBMITTED,TRUE
REQ00378,JOB00378,TRD,SEC_DAD_THA,19-03-2026,16.17,18.19,122,4,coordination opportunity,10,LIFTING_UNIT,TRACTION_ISOLATION,REVIEW,TRUE
REQ00379,JOB00379,TRD,SEC_KAL_KAR,15-01-2026,6.13,8.12,119,2,overdue defect,10,TAMPER,TRACTION_ISOLATION,REVIEW,TRUE
REQ00380,JOB00380,TRD,SEC_CHI_SHI,27-03-2026,6.06,7.01,55,2,preventive plan,9,OHE_TEST_KIT,SIGNAL_TEST_DEPENDENCY,REJECTED,TRUE
REQ00381,JOB00381,S&T,SEC_KHA_LON,03-03-2026,9.08,10.12,64,1,preventive plan,8,TAMPER,ACCESS_REQUIRED,SUBMITTED,TRUE
REQ00382,JOB00382,S&T,SEC_DAD_THA,27-01-2026,11.38,13.26,108,3,overdue defect,4,SIGNAL_TEST_SET,SIGNAL_TEST_DEPENDENCY,REVIEW,TRUE
REQ00383,JOB00383,Engineering,SEC_KAR_KHA,14-02-2026,11.35,13.29,114,3,coordination opportunity,3,HAND_TOOLS,TRACTION_ISOLATION,REVIEW,TRUE
REQ00384,JOB00384,S&T,SEC_THA_KAL,02-01-2026,6.58,8.42,104,2,overdue defect,5,LIFTING_UNIT,TRACTION_ISOLATION,REJECTED,TRUE
REQ00385,JOB00385,TRD,SEC_CHI_SHI,15-02-2026,11.54,12.40,46,1,overdue defect,6,TAMPER,NONE,SUBMITTED,TRUE
REQ00386,JOB00386,TRD,SEC_KAL_KAR,24-03-2026,19.21,20.13,52,1,coordination opportunity,5,OHE_TEST_KIT,SIGNAL_TEST_DEPENDENCY,REJECTED,TRUE
REQ00387,JOB00387,Engineering,SEC_MUM_DAD,26-03-2026,16.51,18.26,95,4,coordination opportunity,6,HAND_TOOLS,ACCESS_REQUIRED,APPROVED,TRUE
REQ00388,JOB00388,TRD,SEC_KAR_KHA,18-01-2026,14.23,15.10,47,1,preventive plan,3,OHE_TEST_KIT,SIGNAL_TEST_DEPENDENCY,SUBMITTED,TRUE
REQ00389,JOB00389,Engineering,SEC_KAR_KHA,05-03-2026,17.10,18.18,68,1,preventive plan,3,LIFTING_UNIT,SIGNAL_TEST_DEPENDENCY,APPROVED,TRUE
REQ00390,JOB00390,Engineering,SEC_MUM_DAD,04-01-2026,18.39,20.56,137,4,safety correction,3,LIFTING_UNIT,SIGNAL_TEST_DEPENDENCY,SUBMITTED,TRUE
REQ00391,JOB00391,S&T,SEC_TAL_CHI,09-02-2026,11.47,13.24,97,3,preventive plan,6,OHE_TEST_KIT,SIGNAL_TEST_DEPENDENCY,REVIEW,TRUE
REQ00392,JOB00392,Engineering,SEC_MUM_DAD,28-03-2026,19.14,20.28,74,2,coordination opportunity,7,TAMPER,SIGNAL_TEST_DEPENDENCY,REJECTED,TRUE
REQ00393,JOB00393,S&T,SEC_KAL_KAR,29-03-2026,6.46,8.20,94,2,coordination opportunity,6,SIGNAL_TEST_SET,ACCESS_REQUIRED,APPROVED,TRUE
REQ00394,JOB00394,S&T,SEC_TAL_CHI,11-02-2026,6.24,7.55,91,4,coordination opportunity,3,OHE_TEST_KIT,ACCESS_REQUIRED,APPROVED,TRUE
REQ00395,JOB00395,S&T,SEC_MUM_DAD,15-01-2026,12.44,13.26,42,2,overdue defect,10,LIFTING_UNIT,SIGNAL_TEST_DEPENDENCY,REJECTED,TRUE
REQ00396,JOB00396,Engineering,SEC_TAL_CHI,22-01-2026,11.59,13.21,82,1,preventive plan,3,TAMPER,SIGNAL_TEST_DEPENDENCY,REJECTED,TRUE
REQ00397,JOB00397,S&T,SEC_TAL_CHI,01-01-2026,8.52,11.02,130,1,preventive plan,6,TAMPER,ACCESS_REQUIRED,APPROVED,TRUE
REQ00398,JOB00398,TRD,SEC_KAL_KAR,23-03-2026,14.49,15.36,47,4,overdue defect,3,TAMPER,TRACTION_ISOLATION,SUBMITTED,TRUE
REQ00399,JOB00399,TRD,SEC_DAD_THA,17-03-2026,18.13,18.45,32,3,coordination opportunity,8,HAND_TOOLS,TRACTION_ISOLATION,REJECTED,TRUE
REQ00400,JOB00400,TRD,SEC_TAL_CHI,19-03-2026,16.45,17.45,60,3,overdue defect,3,LIFTING_UNIT,ACCESS_REQUIRED,REVIEW,TRUE
REQ00401,JOB00401,Engineering,SEC_MUM_DAD,13-03-2026,15.41,17.10,89,2,preventive plan,9,OHE_TEST_KIT,SIGNAL_TEST_DEPENDENCY,SUBMITTED,TRUE
REQ00402,JOB00402,S&T,SEC_THA_KAL,27-01-2026,6.38,7.16,38,3,safety correction,5,LIFTING_UNIT,TRACTION_ISOLATION,APPROVED,TRUE
REQ00403,JOB00403,TRD,SEC_THA_KAL,22-01-2026,7.49,8.41,52,2,overdue defect,7,TAMPER,SIGNAL_TEST_DEPENDENCY,APPROVED,TRUE
REQ00404,JOB00404,S&T,SEC_KHA_LON,30-01-2026,19.03,21.25,142,3,overdue defect,3,HAND_TOOLS,SIGNAL_TEST_DEPENDENCY,REJECTED,TRUE
REQ00405,JOB00405,Engineering,SEC_SHI_PUN,01-01-2026,9.14,10.32,78,3,coordination opportunity,5,LIFTING_UNIT,NONE,REJECTED,TRUE
REQ00406,JOB00406,TRD,SEC_MUM_DAD,06-03-2026,14.22,15.35,73,2,preventive plan,3,TAMPER,ACCESS_REQUIRED,REVIEW,TRUE
REQ00407,JOB00407,Engineering,SEC_THA_KAL,03-01-2026,17.51,18.27,36,3,coordination opportunity,8,OHE_TEST_KIT,TRACTION_ISOLATION,REJECTED,TRUE
REQ00408,JOB00408,TRD,SEC_CHI_SHI,25-02-2026,6.07,7.42,95,3,safety correction,5,TAMPER,ACCESS_REQUIRED,APPROVED,TRUE
REQ00409,JOB00409,Engineering,SEC_KAL_KAR,03-03-2026,10.48,12.25,97,4,coordination opportunity,6,SIGNAL_TEST_SET,ACCESS_REQUIRED,APPROVED,TRUE
REQ00410,JOB00410,Engineering,SEC_LON_TAL,20-03-2026,13.09,14.24,75,1,coordination opportunity,10,SIGNAL_TEST_SET,ACCESS_REQUIRED,APPROVED,TRUE
REQ00411,JOB00411,Engineering,SEC_DAD_THA,18-02-2026,19.02,20.34,92,2,preventive plan,5,OHE_TEST_KIT,ACCESS_REQUIRED,SUBMITTED,TRUE
REQ00412,JOB00412,TRD,SEC_TAL_CHI,19-02-2026,14.17,15.43,86,4,coordination opportunity,4,TAMPER,ACCESS_REQUIRED,REJECTED,TRUE
REQ00413,JOB00413,Engineering,SEC_SHI_PUN,02-01-2026,9.56,12.17,141,3,safety correction,8,SIGNAL_TEST_SET,SIGNAL_TEST_DEPENDENCY,APPROVED,TRUE
REQ00414,JOB00414,S&T,SEC_KAR_KHA,09-01-2026,11.04,12.05,61,1,preventive plan,4,TAMPER,ACCESS_REQUIRED,REJECTED,TRUE
REQ00415,JOB00415,S&T,SEC_MUM_DAD,21-01-2026,16.26,17.35,69,3,preventive plan,6,TAMPER,ACCESS_REQUIRED,APPROVED,TRUE
REQ00416,JOB00416,S&T,SEC_CHI_SHI,17-03-2026,10.21,12.49,148,2,coordination opportunity,7,HAND_TOOLS,ACCESS_REQUIRED,REVIEW,TRUE
REQ00417,JOB00417,S&T,SEC_KAL_KAR,29-01-2026,14.33,16.29,116,4,safety correction,5,LIFTING_UNIT,ACCESS_REQUIRED,REJECTED,TRUE
REQ00418,JOB00418,Engineering,SEC_SHI_PUN,07-01-2026,6.50,8.57,127,2,coordination opportunity,4,SIGNAL_TEST_SET,TRACTION_ISOLATION,SUBMITTED,TRUE
REQ00419,JOB00419,Engineering,SEC_KAL_KAR,17-02-2026,12.00,14.20,140,3,overdue defect,7,LIFTING_UNIT,NONE,REVIEW,TRUE
REQ00420,JOB00420,TRD,SEC_KAL_KAR,16-01-2026,14.50,17.19,149,4,safety correction,3,TAMPER,ACCESS_REQUIRED,REJECTED,TRUE
REQ00421,JOB00421,Engineering,SEC_DAD_THA,12-03-2026,15.20,17.30,130,2,overdue defect,5,TAMPER,SIGNAL_TEST_DEPENDENCY,REVIEW,TRUE
REQ00422,JOB00422,S&T,SEC_SHI_PUN,09-01-2026,13.01,13.48,47,3,coordination opportunity,9,LIFTING_UNIT,ACCESS_REQUIRED,SUBMITTED,TRUE
REQ00423,JOB00423,Engineering,SEC_KAR_KHA,29-03-2026,18.08,19.04,56,3,coordination opportunity,5,TAMPER,SIGNAL_TEST_DEPENDENCY,REJECTED,TRUE
REQ00424,JOB00424,Engineering,SEC_LON_TAL,24-01-2026,13.19,15.27,128,4,overdue defect,8,SIGNAL_TEST_SET,NONE,REVIEW,TRUE
REQ00425,JOB00425,Engineering,SEC_DAD_THA,30-01-2026,11.46,12.32,46,1,overdue defect,4,SIGNAL_TEST_SET,NONE,SUBMITTED,TRUE
REQ00426,JOB00426,Engineering,SEC_DAD_THA,28-02-2026,16.09,17.16,67,4,preventive plan,10,HAND_TOOLS,TRACTION_ISOLATION,SUBMITTED,TRUE
REQ00427,JOB00427,Engineering,SEC_MUM_DAD,13-01-2026,13.40,14.58,78,2,coordination opportunity,8,TAMPER,NONE,REJECTED,TRUE
REQ00428,JOB00428,S&T,SEC_THA_KAL,07-02-2026,14.30,15.36,66,3,preventive plan,9,SIGNAL_TEST_SET,TRACTION_ISOLATION,SUBMITTED,TRUE
REQ00429,JOB00429,TRD,SEC_THA_KAL,04-01-2026,8.37,9.56,79,1,coordination opportunity,3,HAND_TOOLS,TRACTION_ISOLATION,REVIEW,TRUE
REQ00430,JOB00430,TRD,SEC_KHA_LON,24-02-2026,11.03,11.36,33,2,coordination opportunity,5,TAMPER,ACCESS_REQUIRED,REJECTED,TRUE
REQ00431,JOB00431,TRD,SEC_TAL_CHI,22-03-2026,14.42,16.31,109,4,coordination opportunity,3,LIFTING_UNIT,NONE,REJECTED,TRUE
REQ00432,JOB00432,Engineering,SEC_TAL_CHI,11-03-2026,16.50,17.58,68,3,preventive plan,9,OHE_TEST_KIT,SIGNAL_TEST_DEPENDENCY,SUBMITTED,TRUE
REQ00433,JOB00433,TRD,SEC_THA_KAL,23-01-2026,8.27,9.32,65,1,coordination opportunity,3,SIGNAL_TEST_SET,TRACTION_ISOLATION,REVIEW,TRUE
REQ00434,JOB00434,S&T,SEC_THA_KAL,16-01-2026,14.05,14.58,53,1,coordination opportunity,8,TAMPER,TRACTION_ISOLATION,REJECTED,TRUE
REQ00435,JOB00435,TRD,SEC_KAR_KHA,08-03-2026,8.26,9.52,86,4,coordination opportunity,9,SIGNAL_TEST_SET,NONE,REVIEW,TRUE
REQ00436,JOB00436,Engineering,SEC_LON_TAL,17-02-2026,15.58,17.58,120,3,coordination opportunity,9,TAMPER,NONE,REVIEW,TRUE
REQ00437,JOB00437,Engineering,SEC_KAR_KHA,12-02-2026,16.03,17.17,74,3,overdue defect,4,HAND_TOOLS,NONE,SUBMITTED,TRUE
REQ00438,JOB00438,S&T,SEC_KHA_LON,08-03-2026,7.56,9.02,66,4,coordination opportunity,3,SIGNAL_TEST_SET,SIGNAL_TEST_DEPENDENCY,APPROVED,TRUE
REQ00439,JOB00439,Engineering,SEC_KAR_KHA,28-02-2026,10.27,12.44,137,2,overdue defect,5,SIGNAL_TEST_SET,ACCESS_REQUIRED,REVIEW,TRUE
REQ00440,JOB00440,S&T,SEC_MUM_DAD,19-02-2026,18.44,21.00,136,2,preventive plan,6,SIGNAL_TEST_SET,TRACTION_ISOLATION,SUBMITTED,TRUE
REQ00441,JOB00441,S&T,SEC_KAR_KHA,07-01-2026,14.14,15.23,69,1,preventive plan,5,HAND_TOOLS,TRACTION_ISOLATION,SUBMITTED,TRUE
REQ00442,JOB00442,S&T,SEC_KAR_KHA,04-01-2026,14.13,15.02,49,1,overdue defect,8,LIFTING_UNIT,NONE,REJECTED,TRUE
REQ00443,JOB00443,Engineering,SEC_DAD_THA,01-02-2026,19.19,21.11,112,1,preventive plan,7,OHE_TEST_KIT,NONE,SUBMITTED,TRUE
REQ00444,JOB00444,Engineering,SEC_THA_KAL,28-03-2026,19.58,20.58,60,2,coordination opportunity,7,HAND_TOOLS,NONE,SUBMITTED,TRUE
REQ00445,JOB00445,Engineering,SEC_MUM_DAD,19-01-2026,11.50,13.26,96,1,preventive plan,8,HAND_TOOLS,TRACTION_ISOLATION,REJECTED,TRUE
REQ00446,JOB00446,TRD,SEC_CHI_SHI,19-01-2026,11.53,13.32,99,4,safety correction,3,LIFTING_UNIT,SIGNAL_TEST_DEPENDENCY,APPROVED,TRUE
REQ00447,JOB00447,S&T,SEC_TAL_CHI,09-01-2026,7.01,8.15,74,1,safety correction,7,HAND_TOOLS,SIGNAL_TEST_DEPENDENCY,SUBMITTED,TRUE
REQ00448,JOB00448,TRD,SEC_MUM_DAD,11-03-2026,9.12,11.13,121,3,overdue defect,7,TAMPER,SIGNAL_TEST_DEPENDENCY,REVIEW,TRUE
REQ00449,JOB00449,TRD,SEC_KAL_KAR,08-01-2026,13.09,14.35,86,4,safety correction,10,SIGNAL_TEST_SET,ACCESS_REQUIRED,REJECTED,TRUE
REQ00450,JOB00450,Engineering,SEC_CHI_SHI,03-03-2026,12.45,14.31,106,4,coordination opportunity,5,TAMPER,NONE,APPROVED,TRUE
REQ00451,JOB00451,Engineering,SEC_KAL_KAR,24-03-2026,6.47,9.10,143,2,overdue defect,5,OHE_TEST_KIT,SIGNAL_TEST_DEPENDENCY,APPROVED,TRUE
REQ00452,JOB00452,TRD,SEC_SHI_PUN,28-02-2026,17.09,17.47,38,1,coordination opportunity,5,HAND_TOOLS,NONE,REJECTED,TRUE
REQ00453,JOB00453,Engineering,SEC_SHI_PUN,16-02-2026,8.46,9.20,34,1,overdue defect,8,LIFTING_UNIT,ACCESS_REQUIRED,REJECTED,TRUE
REQ00454,JOB00454,S&T,SEC_CHI_SHI,02-03-2026,8.03,8.53,50,3,overdue defect,5,HAND_TOOLS,ACCESS_REQUIRED,REVIEW,TRUE
REQ00455,JOB00455,TRD,SEC_MUM_DAD,26-02-2026,19.13,20.03,50,1,overdue defect,7,TAMPER,TRACTION_ISOLATION,SUBMITTED,TRUE
REQ00456,JOB00456,TRD,SEC_DAD_THA,19-03-2026,19.55,20.36,41,3,safety correction,4,SIGNAL_TEST_SET,TRACTION_ISOLATION,REJECTED,TRUE
REQ00457,JOB00457,S&T,SEC_KAR_KHA,25-03-2026,12.51,15.15,144,4,coordination opportunity,8,SIGNAL_TEST_SET,TRACTION_ISOLATION,SUBMITTED,TRUE
REQ00458,JOB00458,S&T,SEC_DAD_THA,19-02-2026,16.50,18.45,115,3,overdue defect,3,OHE_TEST_KIT,SIGNAL_TEST_DEPENDENCY,REVIEW,TRUE
REQ00459,JOB00459,Engineering,SEC_MUM_DAD,23-02-2026,8.43,10.51,128,4,preventive plan,6,SIGNAL_TEST_SET,NONE,REJECTED,TRUE
REQ00460,JOB00460,Engineering,SEC_TAL_CHI,22-01-2026,15.32,17.19,107,2,overdue defect,10,HAND_TOOLS,ACCESS_REQUIRED,REJECTED,TRUE
REQ00461,JOB00461,S&T,SEC_SHI_PUN,14-02-2026,19.08,20.07,59,1,safety correction,6,HAND_TOOLS,SIGNAL_TEST_DEPENDENCY,APPROVED,TRUE
REQ00462,JOB00462,S&T,SEC_LON_TAL,19-01-2026,17.43,19.41,118,3,safety correction,3,SIGNAL_TEST_SET,NONE,SUBMITTED,TRUE
REQ00463,JOB00463,S&T,SEC_MUM_DAD,09-03-2026,19.28,20.59,91,1,coordination opportunity,3,OHE_TEST_KIT,TRACTION_ISOLATION,REVIEW,TRUE
REQ00464,JOB00464,Engineering,SEC_KAR_KHA,06-01-2026,18.28,19.28,60,4,safety correction,6,SIGNAL_TEST_SET,NONE,REJECTED,TRUE
REQ00465,JOB00465,S&T,SEC_KAR_KHA,07-03-2026,11.42,12.21,39,1,preventive plan,5,LIFTING_UNIT,NONE,REVIEW,TRUE
REQ00466,JOB00466,S&T,SEC_KAR_KHA,24-02-2026,10.23,12.32,129,1,safety correction,3,LIFTING_UNIT,TRACTION_ISOLATION,SUBMITTED,TRUE
REQ00467,JOB00467,S&T,SEC_LON_TAL,24-02-2026,18.12,19.38,86,1,safety correction,7,HAND_TOOLS,SIGNAL_TEST_DEPENDENCY,SUBMITTED,TRUE
REQ00468,JOB00468,Engineering,SEC_DAD_THA,06-01-2026,11.52,12.24,32,2,preventive plan,5,LIFTING_UNIT,NONE,REVIEW,TRUE
REQ00469,JOB00469,TRD,SEC_KAL_KAR,05-01-2026,19.56,21.01,65,1,preventive plan,4,SIGNAL_TEST_SET,NONE,SUBMITTED,TRUE
REQ00470,JOB00470,Engineering,SEC_CHI_SHI,01-02-2026,19.00,19.39,39,3,preventive plan,8,LIFTING_UNIT,ACCESS_REQUIRED,SUBMITTED,TRUE
REQ00471,JOB00471,TRD,SEC_CHI_SHI,19-01-2026,12.41,13.54,73,2,preventive plan,10,TAMPER,ACCESS_REQUIRED,REVIEW,TRUE
REQ00472,JOB00472,TRD,SEC_CHI_SHI,13-01-2026,14.27,16.34,127,2,safety correction,3,OHE_TEST_KIT,SIGNAL_TEST_DEPENDENCY,REJECTED,TRUE
REQ00473,JOB00473,TRD,SEC_KAL_KAR,20-02-2026,9.40,10.11,31,3,coordination opportunity,3,OHE_TEST_KIT,NONE,APPROVED,TRUE
REQ00474,JOB00474,S&T,SEC_MUM_DAD,21-02-2026,8.07,9.36,89,1,overdue defect,3,OHE_TEST_KIT,NONE,SUBMITTED,TRUE
REQ00475,JOB00475,S&T,SEC_TAL_CHI,26-03-2026,13.24,15.44,140,1,coordination opportunity,10,TAMPER,NONE,REJECTED,TRUE
REQ00476,JOB00476,Engineering,SEC_LON_TAL,18-03-2026,9.06,9.43,37,2,safety correction,3,LIFTING_UNIT,TRACTION_ISOLATION,APPROVED,TRUE
REQ00477,JOB00477,Engineering,SEC_KAL_KAR,09-03-2026,16.16,18.18,122,4,coordination opportunity,4,SIGNAL_TEST_SET,NONE,REVIEW,TRUE
REQ00478,JOB00478,S&T,SEC_KAL_KAR,07-03-2026,16.16,18.41,145,4,safety correction,10,LIFTING_UNIT,ACCESS_REQUIRED,APPROVED,TRUE
REQ00479,JOB00479,TRD,SEC_KAL_KAR,02-02-2026,12.40,15.07,147,2,coordination opportunity,9,HAND_TOOLS,NONE,SUBMITTED,TRUE
REQ00480,JOB00480,S&T,SEC_SHI_PUN,30-01-2026,14.52,15.50,58,4,safety correction,5,TAMPER,ACCESS_REQUIRED,APPROVED,TRUE
REQ00481,JOB00481,Engineering,SEC_DAD_THA,17-02-2026,9.36,10.36,60,4,safety correction,8,OHE_TEST_KIT,NONE,REJECTED,TRUE
REQ00482,JOB00482,Engineering,SEC_KAR_KHA,05-01-2026,11.41,13.39,118,4,coordination opportunity,8,HAND_TOOLS,ACCESS_REQUIRED,REVIEW,TRUE
REQ00483,JOB00483,Engineering,SEC_CHI_SHI,22-02-2026,16.31,17.06,35,3,preventive plan,8,SIGNAL_TEST_SET,SIGNAL_TEST_DEPENDENCY,SUBMITTED,TRUE
REQ00484,JOB00484,TRD,SEC_DAD_THA,06-03-2026,14.02,15.41,99,1,coordination opportunity,6,HAND_TOOLS,SIGNAL_TEST_DEPENDENCY,APPROVED,TRUE
REQ00485,JOB00485,Engineering,SEC_LON_TAL,19-03-2026,14.28,15.24,56,2,preventive plan,3,HAND_TOOLS,TRACTION_ISOLATION,SUBMITTED,TRUE
REQ00486,JOB00486,TRD,SEC_TAL_CHI,21-03-2026,11.42,12.28,46,3,overdue defect,9,OHE_TEST_KIT,TRACTION_ISOLATION,SUBMITTED,TRUE
REQ00487,JOB00487,TRD,SEC_KAL_KAR,23-03-2026,6.18,7.47,89,2,preventive plan,4,LIFTING_UNIT,NONE,REJECTED,TRUE
REQ00488,JOB00488,Engineering,SEC_THA_KAL,01-01-2026,9.42,10.13,31,3,preventive plan,7,HAND_TOOLS,NONE,REVIEW,TRUE
REQ00489,JOB00489,TRD,SEC_THA_KAL,27-01-2026,7.11,8.26,75,4,coordination opportunity,3,HAND_TOOLS,ACCESS_REQUIRED,APPROVED,TRUE
REQ00490,JOB00490,TRD,SEC_TAL_CHI,25-01-2026,11.09,13.04,115,2,safety correction,7,TAMPER,NONE,REJECTED,TRUE
REQ00491,JOB00491,S&T,SEC_MUM_DAD,09-01-2026,18.32,19.37,65,3,overdue defect,7,TAMPER,TRACTION_ISOLATION,APPROVED,TRUE
REQ00492,JOB00492,TRD,SEC_KHA_LON,08-03-2026,18.42,20.51,129,3,coordination opportunity,5,OHE_TEST_KIT,TRACTION_ISOLATION,REVIEW,TRUE
REQ00493,JOB00493,TRD,SEC_CHI_SHI,15-02-2026,17.52,19.38,106,1,safety correction,8,TAMPER,ACCESS_REQUIRED,APPROVED,TRUE
REQ00494,JOB00494,Engineering,SEC_DAD_THA,29-03-2026,13.17,14.11,54,2,preventive plan,7,TAMPER,ACCESS_REQUIRED,SUBMITTED,TRUE
REQ00495,JOB00495,Engineering,SEC_THA_KAL,29-03-2026,17.31,19.35,124,2,coordination opportunity,4,LIFTING_UNIT,ACCESS_REQUIRED,SUBMITTED,TRUE
REQ00496,JOB00496,S&T,SEC_TAL_CHI,07-03-2026,7.21,9.04,103,3,overdue defect,6,TAMPER,SIGNAL_TEST_DEPENDENCY,APPROVED,TRUE
REQ00497,JOB00497,S&T,SEC_SHI_PUN,09-02-2026,9.59,12.00,121,4,overdue defect,5,OHE_TEST_KIT,NONE,REJECTED,TRUE
REQ00498,JOB00498,TRD,SEC_CHI_SHI,20-01-2026,15.30,18.00,150,2,safety correction,8,TAMPER,TRACTION_ISOLATION,REVIEW,TRUE
REQ00499,JOB00499,TRD,SEC_CHI_SHI,14-01-2026,6.50,7.40,50,3,coordination opportunity,5,LIFTING_UNIT,SIGNAL_TEST_DEPENDENCY,SUBMITTED,TRUE
REQ00500,JOB00500,Engineering,SEC_TAL_CHI,29-03-2026,6.43,7.25,42,4,coordination opportunity,10,TAMPER,ACCESS_REQUIRED,REVIEW,TRUE
REQ00501,JOB00501,Engineering,SEC_LON_TAL,24-01-2026,18.30,19.25,55,3,preventive plan,10,HAND_TOOLS,NONE,REVIEW,TRUE
REQ00502,JOB00502,TRD,SEC_THA_KAL,03-02-2026,14.41,16.52,131,2,overdue defect,5,OHE_TEST_KIT,ACCESS_REQUIRED,REVIEW,TRUE
REQ00503,JOB00503,Engineering,SEC_SHI_PUN,11-02-2026,14.36,16.24,108,1,preventive plan,8,SIGNAL_TEST_SET,NONE,SUBMITTED,TRUE
REQ00504,JOB00504,Engineering,SEC_TAL_CHI,04-02-2026,8.52,10.24,92,1,overdue defect,3,LIFTING_UNIT,NONE,REVIEW,TRUE
REQ00505,JOB00505,Engineering,SEC_TAL_CHI,20-02-2026,8.41,10.35,114,4,coordination opportunity,4,OHE_TEST_KIT,ACCESS_REQUIRED,APPROVED,TRUE
REQ00506,JOB00506,TRD,SEC_KAR_KHA,15-03-2026,19.58,22.09,131,1,coordination opportunity,8,SIGNAL_TEST_SET,NONE,SUBMITTED,TRUE
REQ00507,JOB00507,Engineering,SEC_KAL_KAR,02-03-2026,7.03,7.34,31,2,coordination opportunity,9,SIGNAL_TEST_SET,TRACTION_ISOLATION,APPROVED,TRUE
REQ00508,JOB00508,TRD,SEC_TAL_CHI,19-02-2026,9.45,10.39,54,3,preventive plan,4,OHE_TEST_KIT,TRACTION_ISOLATION,SUBMITTED,TRUE
REQ00509,JOB00509,Engineering,SEC_DAD_THA,01-03-2026,10.49,11.44,55,2,overdue defect,4,LIFTING_UNIT,NONE,REVIEW,TRUE
REQ00510,JOB00510,TRD,SEC_KHA_LON,03-01-2026,12.05,13.49,104,2,coordination opportunity,4,LIFTING_UNIT,NONE,REJECTED,TRUE
REQ00511,JOB00511,Engineering,SEC_KHA_LON,08-01-2026,8.51,9.23,32,4,safety correction,8,LIFTING_UNIT,ACCESS_REQUIRED,REJECTED,TRUE
REQ00512,JOB00512,TRD,SEC_LON_TAL,01-03-2026,9.23,11.43,140,2,preventive plan,6,HAND_TOOLS,ACCESS_REQUIRED,APPROVED,TRUE
REQ00513,JOB00513,Engineering,SEC_SHI_PUN,01-02-2026,16.44,18.11,87,4,preventive plan,7,HAND_TOOLS,ACCESS_REQUIRED,REVIEW,TRUE
REQ00514,JOB00514,TRD,SEC_KAL_KAR,29-03-2026,10.18,12.15,117,2,overdue defect,4,SIGNAL_TEST_SET,NONE,APPROVED,TRUE
REQ00515,JOB00515,TRD,SEC_MUM_DAD,16-02-2026,17.20,19.23,123,3,safety correction,9,HAND_TOOLS,NONE,REJECTED,TRUE
REQ00516,JOB00516,Engineering,SEC_KHA_LON,09-01-2026,16.35,18.08,93,1,coordination opportunity,8,LIFTING_UNIT,SIGNAL_TEST_DEPENDENCY,SUBMITTED,TRUE
REQ00517,JOB00517,Engineering,SEC_TAL_CHI,31-03-2026,18.43,20.43,120,1,preventive plan,7,SIGNAL_TEST_SET,TRACTION_ISOLATION,REJECTED,TRUE
REQ00518,JOB00518,S&T,SEC_KAR_KHA,27-03-2026,9.30,11.43,133,4,overdue defect,5,HAND_TOOLS,TRACTION_ISOLATION,APPROVED,TRUE
REQ00519,JOB00519,TRD,SEC_KHA_LON,10-02-2026,6.30,8.27,117,1,safety correction,4,SIGNAL_TEST_SET,TRACTION_ISOLATION,APPROVED,TRUE
REQ00520,JOB00520,S&T,SEC_TAL_CHI,03-01-2026,11.06,12.16,70,4,overdue defect,3,HAND_TOOLS,ACCESS_REQUIRED,REJECTED,TRUE
REQ00521,JOB00521,Engineering,SEC_KAR_KHA,06-01-2026,7.17,9.31,134,4,safety correction,10,OHE_TEST_KIT,NONE,REJECTED,TRUE
REQ00522,JOB00522,TRD,SEC_DAD_THA,11-03-2026,17.00,19.12,132,4,overdue defect,5,TAMPER,NONE,SUBMITTED,TRUE
REQ00523,JOB00523,S&T,SEC_KAR_KHA,09-02-2026,16.56,18.55,119,4,preventive plan,10,HAND_TOOLS,TRACTION_ISOLATION,REVIEW,TRUE
REQ00524,JOB00524,TRD,SEC_DAD_THA,07-01-2026,18.24,19.49,85,3,overdue defect,10,LIFTING_UNIT,NONE,REVIEW,TRUE
REQ00525,JOB00525,Engineering,SEC_DAD_THA,15-03-2026,19.27,20.23,56,3,coordination opportunity,4,HAND_TOOLS,NONE,SUBMITTED,TRUE
REQ00526,JOB00526,TRD,SEC_DAD_THA,21-01-2026,8.22,9.56,94,2,coordination opportunity,10,HAND_TOOLS,TRACTION_ISOLATION,APPROVED,TRUE
REQ00527,JOB00527,S&T,SEC_MUM_DAD,02-02-2026,10.35,12.32,117,2,coordination opportunity,4,SIGNAL_TEST_SET,ACCESS_REQUIRED,REVIEW,TRUE
REQ00528,JOB00528,Engineering,SEC_SHI_PUN,02-01-2026,10.09,11.41,92,3,preventive plan,3,LIFTING_UNIT,SIGNAL_TEST_DEPENDENCY,SUBMITTED,TRUE
REQ00529,JOB00529,TRD,SEC_KHA_LON,29-01-2026,8.04,9.15,71,3,overdue defect,3,TAMPER,NONE,APPROVED,TRUE
REQ00530,JOB00530,S&T,SEC_LON_TAL,01-02-2026,16.20,18.02,102,2,preventive plan,4,SIGNAL_TEST_SET,NONE,SUBMITTED,TRUE
REQ00531,JOB00531,Engineering,SEC_DAD_THA,11-03-2026,6.24,7.29,65,3,coordination opportunity,5,HAND_TOOLS,TRACTION_ISOLATION,REVIEW,TRUE
REQ00532,JOB00532,S&T,SEC_TAL_CHI,05-03-2026,16.28,18.32,124,1,overdue defect,9,HAND_TOOLS,ACCESS_REQUIRED,SUBMITTED,TRUE
REQ00533,JOB00533,Engineering,SEC_KAR_KHA,18-03-2026,9.14,11.31,137,3,preventive plan,6,HAND_TOOLS,NONE,REJECTED,TRUE
REQ00534,JOB00534,S&T,SEC_THA_KAL,19-01-2026,6.13,7.06,53,3,coordination opportunity,6,LIFTING_UNIT,TRACTION_ISOLATION,REVIEW,TRUE
REQ00535,JOB00535,Engineering,SEC_THA_KAL,27-01-2026,10.16,11.00,44,2,overdue defect,8,SIGNAL_TEST_SET,NONE,REJECTED,TRUE
REQ00536,JOB00536,Engineering,SEC_MUM_DAD,18-02-2026,7.27,8.45,78,3,safety correction,6,LIFTING_UNIT,SIGNAL_TEST_DEPENDENCY,APPROVED,TRUE
REQ00537,JOB00537,S&T,SEC_TAL_CHI,23-01-2026,6.07,7.29,82,1,preventive plan,3,TAMPER,NONE,REVIEW,TRUE
REQ00538,JOB00538,TRD,SEC_DAD_THA,14-03-2026,18.53,19.29,36,4,overdue defect,5,LIFTING_UNIT,SIGNAL_TEST_DEPENDENCY,APPROVED,TRUE
REQ00539,JOB00539,Engineering,SEC_KHA_LON,20-03-2026,14.30,16.22,112,3,preventive plan,3,SIGNAL_TEST_SET,SIGNAL_TEST_DEPENDENCY,REJECTED,TRUE
REQ00540,JOB00540,Engineering,SEC_KHA_LON,23-01-2026,7.13,8.31,78,3,coordination opportunity,8,OHE_TEST_KIT,ACCESS_REQUIRED,SUBMITTED,TRUE
REQ00541,JOB00541,Engineering,SEC_THA_KAL,15-01-2026,12.48,15.07,139,3,safety correction,8,SIGNAL_TEST_SET,ACCESS_REQUIRED,REJECTED,TRUE
REQ00542,JOB00542,Engineering,SEC_KAL_KAR,14-03-2026,18.27,20.21,114,1,safety correction,7,OHE_TEST_KIT,SIGNAL_TEST_DEPENDENCY,APPROVED,TRUE
REQ00543,JOB00543,TRD,SEC_MUM_DAD,08-02-2026,18.16,19.27,71,3,preventive plan,5,LIFTING_UNIT,NONE,REVIEW,TRUE
REQ00544,JOB00544,Engineering,SEC_KHA_LON,19-02-2026,19.38,21.14,96,2,preventive plan,9,HAND_TOOLS,SIGNAL_TEST_DEPENDENCY,SUBMITTED,TRUE
REQ00545,JOB00545,Engineering,SEC_TAL_CHI,02-01-2026,13.28,15.46,138,1,preventive plan,3,HAND_TOOLS,NONE,REVIEW,TRUE
REQ00546,JOB00546,Engineering,SEC_THA_KAL,05-01-2026,9.14,11.35,141,2,preventive plan,8,OHE_TEST_KIT,TRACTION_ISOLATION,SUBMITTED,TRUE
REQ00547,JOB00547,Engineering,SEC_KAL_KAR,15-01-2026,13.00,13.53,53,2,overdue defect,8,LIFTING_UNIT,ACCESS_REQUIRED,APPROVED,TRUE
REQ00548,JOB00548,S&T,SEC_SHI_PUN,15-02-2026,6.29,7.37,68,4,safety correction,9,OHE_TEST_KIT,TRACTION_ISOLATION,REJECTED,TRUE
REQ00549,JOB00549,TRD,SEC_KAL_KAR,17-02-2026,16.38,18.49,131,1,safety correction,10,SIGNAL_TEST_SET,NONE,REJECTED,TRUE
REQ00550,JOB00550,TRD,SEC_LON_TAL,10-02-2026,18.14,19.01,47,3,overdue defect,10,OHE_TEST_KIT,SIGNAL_TEST_DEPENDENCY,REVIEW,TRUE
REQ00551,JOB00551,S&T,SEC_KHA_LON,25-01-2026,19.19,19.49,30,3,preventive plan,6,SIGNAL_TEST_SET,SIGNAL_TEST_DEPENDENCY,SUBMITTED,TRUE
REQ00552,JOB00552,S&T,SEC_CHI_SHI,24-01-2026,10.07,11.18,71,2,preventive plan,6,TAMPER,NONE,REVIEW,TRUE
REQ00553,JOB00553,S&T,SEC_MUM_DAD,05-01-2026,10.30,12.21,111,4,coordination opportunity,10,LIFTING_UNIT,SIGNAL_TEST_DEPENDENCY,REJECTED,TRUE
REQ00554,JOB00554,TRD,SEC_DAD_THA,07-02-2026,9.16,10.51,95,1,coordination opportunity,10,HAND_TOOLS,SIGNAL_TEST_DEPENDENCY,APPROVED,TRUE
REQ00555,JOB00555,TRD,SEC_KAR_KHA,02-01-2026,16.21,17.46,85,4,preventive plan,6,OHE_TEST_KIT,ACCESS_REQUIRED,SUBMITTED,TRUE
REQ00556,JOB00556,Engineering,SEC_KHA_LON,25-03-2026,9.33,10.09,36,4,safety correction,6,HAND_TOOLS,TRACTION_ISOLATION,SUBMITTED,TRUE
REQ00557,JOB00557,Engineering,SEC_KHA_LON,05-01-2026,19.42,21.46,124,4,preventive plan,10,TAMPER,ACCESS_REQUIRED,SUBMITTED,TRUE
REQ00558,JOB00558,Engineering,SEC_LON_TAL,10-01-2026,12.09,12.50,41,2,coordination opportunity,10,SIGNAL_TEST_SET,TRACTION_ISOLATION,REVIEW,TRUE
REQ00559,JOB00559,S&T,SEC_THA_KAL,24-02-2026,12.07,14.25,138,4,overdue defect,9,TAMPER,TRACTION_ISOLATION,REVIEW,TRUE
REQ00560,JOB00560,S&T,SEC_CHI_SHI,08-01-2026,9.13,10.47,94,4,safety correction,6,LIFTING_UNIT,TRACTION_ISOLATION,REJECTED,TRUE
REQ00561,JOB00561,TRD,SEC_CHI_SHI,28-01-2026,17.30,18.50,80,2,overdue defect,3,OHE_TEST_KIT,SIGNAL_TEST_DEPENDENCY,APPROVED,TRUE
REQ00562,JOB00562,TRD,SEC_THA_KAL,12-02-2026,18.55,19.34,39,3,coordination opportunity,6,TAMPER,TRACTION_ISOLATION,APPROVED,TRUE
REQ00563,JOB00563,S&T,SEC_SHI_PUN,09-01-2026,8.46,11.10,144,3,coordination opportunity,4,LIFTING_UNIT,ACCESS_REQUIRED,REJECTED,TRUE
REQ00564,JOB00564,TRD,SEC_DAD_THA,15-03-2026,17.44,18.24,40,1,preventive plan,10,SIGNAL_TEST_SET,NONE,REJECTED,TRUE
REQ00565,JOB00565,TRD,SEC_TAL_CHI,21-02-2026,14.28,15.41,73,4,preventive plan,10,SIGNAL_TEST_SET,NONE,REVIEW,TRUE
REQ00566,JOB00566,S&T,SEC_KHA_LON,27-02-2026,14.21,16.22,121,3,preventive plan,7,OHE_TEST_KIT,ACCESS_REQUIRED,REJECTED,TRUE
REQ00567,JOB00567,S&T,SEC_THA_KAL,06-02-2026,9.39,11.06,87,4,overdue defect,8,LIFTING_UNIT,SIGNAL_TEST_DEPENDENCY,APPROVED,TRUE
REQ00568,JOB00568,Engineering,SEC_KAR_KHA,28-01-2026,8.28,9.07,39,4,safety correction,3,HAND_TOOLS,SIGNAL_TEST_DEPENDENCY,REJECTED,TRUE
REQ00569,JOB00569,S&T,SEC_THA_KAL,04-02-2026,17.23,18.57,94,1,preventive plan,8,SIGNAL_TEST_SET,SIGNAL_TEST_DEPENDENCY,APPROVED,TRUE
REQ00570,JOB00570,S&T,SEC_KAL_KAR,05-01-2026,19.41,20.44,63,4,overdue defect,4,OHE_TEST_KIT,TRACTION_ISOLATION,APPROVED,TRUE
REQ00571,JOB00571,Engineering,SEC_DAD_THA,06-01-2026,10.31,11.14,43,1,safety correction,8,TAMPER,NONE,REVIEW,TRUE
REQ00572,JOB00572,Engineering,SEC_MUM_DAD,25-02-2026,10.17,11.32,75,3,coordination opportunity,7,TAMPER,ACCESS_REQUIRED,APPROVED,TRUE
REQ00573,JOB00573,S&T,SEC_KHA_LON,31-01-2026,15.00,15.37,37,1,safety correction,9,OHE_TEST_KIT,TRACTION_ISOLATION,REJECTED,TRUE
REQ00574,JOB00574,Engineering,SEC_THA_KAL,15-03-2026,15.56,16.49,53,2,preventive plan,9,TAMPER,TRACTION_ISOLATION,REJECTED,TRUE
REQ00575,JOB00575,S&T,SEC_KHA_LON,14-02-2026,8.04,9.50,106,3,preventive plan,6,LIFTING_UNIT,NONE,APPROVED,TRUE
REQ00576,JOB00576,Engineering,SEC_MUM_DAD,26-02-2026,18.17,19.06,49,4,overdue defect,4,OHE_TEST_KIT,TRACTION_ISOLATION,REJECTED,TRUE
REQ00577,JOB00577,S&T,SEC_DAD_THA,11-01-2026,7.29,9.28,119,4,preventive plan,7,TAMPER,ACCESS_REQUIRED,SUBMITTED,TRUE
REQ00578,JOB00578,S&T,SEC_SHI_PUN,06-03-2026,9.41,10.53,72,1,coordination opportunity,6,TAMPER,NONE,APPROVED,TRUE
REQ00579,JOB00579,Engineering,SEC_LON_TAL,26-01-2026,10.58,11.31,33,1,safety correction,10,HAND_TOOLS,ACCESS_REQUIRED,REJECTED,TRUE
REQ00580,JOB00580,S&T,SEC_TAL_CHI,10-03-2026,12.18,14.33,135,4,coordination opportunity,6,SIGNAL_TEST_SET,SIGNAL_TEST_DEPENDENCY,APPROVED,TRUE
REQ00581,JOB00581,Engineering,SEC_KAL_KAR,14-01-2026,15.34,17.10,96,2,safety correction,6,HAND_TOOLS,ACCESS_REQUIRED,SUBMITTED,TRUE
REQ00582,JOB00582,TRD,SEC_DAD_THA,03-03-2026,13.22,15.07,105,3,safety correction,5,LIFTING_UNIT,TRACTION_ISOLATION,APPROVED,TRUE
REQ00583,JOB00583,TRD,SEC_DAD_THA,16-01-2026,16.04,17.14,70,1,coordination opportunity,9,HAND_TOOLS,TRACTION_ISOLATION,SUBMITTED,TRUE
REQ00584,JOB00584,S&T,SEC_DAD_THA,21-02-2026,16.14,18.28,134,3,overdue defect,10,OHE_TEST_KIT,NONE,REVIEW,TRUE
REQ00585,JOB00585,Engineering,SEC_KAR_KHA,21-03-2026,8.02,9.00,58,3,coordination opportunity,4,HAND_TOOLS,ACCESS_REQUIRED,SUBMITTED,TRUE
REQ00586,JOB00586,S&T,SEC_TAL_CHI,14-01-2026,7.43,10.08,145,3,overdue defect,3,OHE_TEST_KIT,ACCESS_REQUIRED,REJECTED,TRUE
REQ00587,JOB00587,S&T,SEC_KHA_LON,26-03-2026,19.40,21.33,113,1,safety correction,6,SIGNAL_TEST_SET,NONE,REJECTED,TRUE
REQ00588,JOB00588,Engineering,SEC_SHI_PUN,16-01-2026,18.22,19.09,47,2,overdue defect,3,TAMPER,TRACTION_ISOLATION,REVIEW,TRUE
REQ00589,JOB00589,Engineering,SEC_KAL_KAR,03-03-2026,19.06,21.24,138,1,safety correction,4,SIGNAL_TEST_SET,SIGNAL_TEST_DEPENDENCY,REJECTED,TRUE
REQ00590,JOB00590,TRD,SEC_DAD_THA,16-03-2026,11.23,12.09,46,4,safety correction,3,SIGNAL_TEST_SET,ACCESS_REQUIRED,SUBMITTED,TRUE
REQ00591,JOB00591,TRD,SEC_KHA_LON,04-03-2026,18.45,20.10,85,2,overdue defect,4,SIGNAL_TEST_SET,NONE,APPROVED,TRUE
REQ00592,JOB00592,S&T,SEC_TAL_CHI,13-02-2026,15.22,17.02,100,1,preventive plan,7,OHE_TEST_KIT,NONE,APPROVED,TRUE
REQ00593,JOB00593,S&T,SEC_TAL_CHI,04-02-2026,18.30,19.07,37,4,safety correction,7,OHE_TEST_KIT,SIGNAL_TEST_DEPENDENCY,REVIEW,TRUE
REQ00594,JOB00594,Engineering,SEC_CHI_SHI,07-02-2026,11.23,13.28,125,4,safety correction,5,SIGNAL_TEST_SET,TRACTION_ISOLATION,REVIEW,TRUE
REQ00595,JOB00595,TRD,SEC_MUM_DAD,26-02-2026,10.03,11.26,83,3,coordination opportunity,8,OHE_TEST_KIT,NONE,REVIEW,TRUE
REQ00596,JOB00596,S&T,SEC_KAL_KAR,01-03-2026,15.12,17.10,118,2,coordination opportunity,5,HAND_TOOLS,SIGNAL_TEST_DEPENDENCY,SUBMITTED,TRUE
REQ00597,JOB00597,Engineering,SEC_TAL_CHI,12-03-2026,13.02,13.45,43,1,coordination opportunity,3,SIGNAL_TEST_SET,TRACTION_ISOLATION,REVIEW,TRUE
REQ00598,JOB00598,Engineering,SEC_CHI_SHI,13-02-2026,13.06,15.02,116,3,safety correction,10,HAND_TOOLS,SIGNAL_TEST_DEPENDENCY,REVIEW,TRUE
REQ00599,JOB00599,Engineering,SEC_KAR_KHA,12-03-2026,9.07,10.41,94,4,safety correction,6,OHE_TEST_KIT,ACCESS_REQUIRED,REVIEW,TRUE
REQ00600,JOB00600,TRD,SEC_MUM_DAD,20-03-2026,9.09,10.25,76,2,preventive plan,3,HAND_TOOLS,SIGNAL_TEST_DEPENDENCY,APPROVED,TRUE
REQ00601,JOB00601,TRD,SEC_DAD_THA,27-01-2026,12.43,14.54,131,2,safety correction,10,TAMPER,SIGNAL_TEST_DEPENDENCY,REJECTED,TRUE
REQ00602,JOB00602,TRD,SEC_DAD_THA,24-01-2026,7.40,9.14,94,2,overdue defect,7,HAND_TOOLS,NONE,REVIEW,TRUE
REQ00603,JOB00603,S&T,SEC_CHI_SHI,03-02-2026,8.38,10.07,89,1,preventive plan,4,OHE_TEST_KIT,NONE,REVIEW,TRUE
REQ00604,JOB00604,TRD,SEC_KAL_KAR,22-01-2026,7.10,9.22,132,3,safety correction,5,SIGNAL_TEST_SET,ACCESS_REQUIRED,SUBMITTED,TRUE
REQ00605,JOB00605,TRD,SEC_LON_TAL,24-01-2026,6.33,8.58,145,2,preventive plan,9,HAND_TOOLS,ACCESS_REQUIRED,REVIEW,TRUE
REQ00606,JOB00606,TRD,SEC_MUM_DAD,20-03-2026,11.53,13.33,100,3,coordination opportunity,10,OHE_TEST_KIT,TRACTION_ISOLATION,SUBMITTED,TRUE
REQ00607,JOB00607,TRD,SEC_MUM_DAD,23-03-2026,12.07,13.06,59,3,coordination opportunity,6,OHE_TEST_KIT,ACCESS_REQUIRED,REVIEW,TRUE
REQ00608,JOB00608,S&T,SEC_SHI_PUN,25-02-2026,10.01,11.47,106,1,preventive plan,7,SIGNAL_TEST_SET,NONE,REJECTED,TRUE
REQ00609,JOB00609,S&T,SEC_DAD_THA,20-02-2026,18.45,19.24,39,4,preventive plan,8,OHE_TEST_KIT,NONE,REVIEW,TRUE
REQ00610,JOB00610,Engineering,SEC_KAR_KHA,19-03-2026,13.18,15.29,131,4,overdue defect,7,SIGNAL_TEST_SET,NONE,SUBMITTED,TRUE
REQ00611,JOB00611,Engineering,SEC_DAD_THA,24-01-2026,10.35,11.42,67,4,coordination opportunity,8,LIFTING_UNIT,NONE,APPROVED,TRUE
REQ00612,JOB00612,TRD,SEC_SHI_PUN,16-03-2026,9.34,11.19,105,1,preventive plan,6,OHE_TEST_KIT,TRACTION_ISOLATION,REJECTED,TRUE
REQ00613,JOB00613,Engineering,SEC_KAL_KAR,16-02-2026,9.16,10.56,100,1,preventive plan,7,HAND_TOOLS,NONE,REVIEW,TRUE
REQ00614,JOB00614,S&T,SEC_SHI_PUN,19-01-2026,14.00,15.29,89,2,overdue defect,5,LIFTING_UNIT,ACCESS_REQUIRED,SUBMITTED,TRUE
REQ00615,JOB00615,S&T,SEC_MUM_DAD,10-01-2026,11.04,12.32,88,2,safety correction,3,OHE_TEST_KIT,ACCESS_REQUIRED,REJECTED,TRUE
REQ00616,JOB00616,Engineering,SEC_TAL_CHI,18-03-2026,15.14,16.47,93,3,overdue defect,10,TAMPER,SIGNAL_TEST_DEPENDENCY,REVIEW,TRUE
REQ00617,JOB00617,S&T,SEC_DAD_THA,13-02-2026,8.32,10.37,125,4,preventive plan,8,TAMPER,SIGNAL_TEST_DEPENDENCY,REVIEW,TRUE
REQ00618,JOB00618,S&T,SEC_KAR_KHA,05-01-2026,17.49,19.42,113,4,safety correction,4,LIFTING_UNIT,SIGNAL_TEST_DEPENDENCY,SUBMITTED,TRUE
REQ00619,JOB00619,TRD,SEC_KHA_LON,02-02-2026,16.45,17.56,71,1,overdue defect,5,HAND_TOOLS,SIGNAL_TEST_DEPENDENCY,REJECTED,TRUE
REQ00620,JOB00620,S&T,SEC_LON_TAL,30-03-2026,12.13,14.26,133,2,coordination opportunity,9,TAMPER,NONE,REVIEW,TRUE
REQ00621,JOB00621,Engineering,SEC_DAD_THA,27-03-2026,15.08,16.50,102,4,safety correction,5,SIGNAL_TEST_SET,ACCESS_REQUIRED,REVIEW,TRUE
REQ00622,JOB00622,TRD,SEC_LON_TAL,01-03-2026,6.26,7.55,89,2,preventive plan,3,OHE_TEST_KIT,TRACTION_ISOLATION,SUBMITTED,TRUE
REQ00623,JOB00623,TRD,SEC_DAD_THA,16-01-2026,16.13,18.10,117,1,coordination opportunity,9,TAMPER,ACCESS_REQUIRED,APPROVED,TRUE
REQ00624,JOB00624,Engineering,SEC_THA_KAL,09-01-2026,10.25,12.52,147,3,overdue defect,9,OHE_TEST_KIT,ACCESS_REQUIRED,REJECTED,TRUE
REQ00625,JOB00625,Engineering,SEC_THA_KAL,14-02-2026,11.19,11.56,37,3,safety correction,5,HAND_TOOLS,TRACTION_ISOLATION,REJECTED,TRUE
REQ00626,JOB00626,TRD,SEC_KHA_LON,16-01-2026,9.11,10.41,90,4,safety correction,7,HAND_TOOLS,ACCESS_REQUIRED,REVIEW,TRUE
REQ00627,JOB00627,S&T,SEC_LON_TAL,26-03-2026,10.13,11.47,94,2,safety correction,10,TAMPER,NONE,APPROVED,TRUE
REQ00628,JOB00628,Engineering,SEC_LON_TAL,04-03-2026,15.55,16.26,31,2,preventive plan,7,HAND_TOOLS,NONE,REVIEW,TRUE
REQ00629,JOB00629,TRD,SEC_LON_TAL,18-02-2026,10.36,11.50,74,1,safety correction,5,OHE_TEST_KIT,ACCESS_REQUIRED,APPROVED,TRUE
REQ00630,JOB00630,S&T,SEC_SHI_PUN,10-03-2026,14.35,15.37,62,2,safety correction,8,OHE_TEST_KIT,TRACTION_ISOLATION,REVIEW,TRUE
REQ00631,JOB00631,TRD,SEC_TAL_CHI,23-01-2026,6.15,7.01,46,3,safety correction,9,OHE_TEST_KIT,TRACTION_ISOLATION,SUBMITTED,TRUE
REQ00632,JOB00632,TRD,SEC_KAR_KHA,05-03-2026,17.21,19.21,120,1,preventive plan,8,LIFTING_UNIT,TRACTION_ISOLATION,SUBMITTED,TRUE
REQ00633,JOB00633,S&T,SEC_SHI_PUN,28-01-2026,9.57,10.43,46,1,coordination opportunity,4,TAMPER,TRACTION_ISOLATION,REVIEW,TRUE
REQ00634,JOB00634,TRD,SEC_KAL_KAR,31-01-2026,16.52,19.07,135,1,preventive plan,3,TAMPER,ACCESS_REQUIRED,REJECTED,TRUE
REQ00635,JOB00635,TRD,SEC_KAL_KAR,20-03-2026,19.48,22.09,141,4,coordination opportunity,8,SIGNAL_TEST_SET,ACCESS_REQUIRED,REVIEW,TRUE
REQ00636,JOB00636,Engineering,SEC_DAD_THA,19-03-2026,7.46,9.38,112,3,overdue defect,7,SIGNAL_TEST_SET,ACCESS_REQUIRED,APPROVED,TRUE
REQ00637,JOB00637,Engineering,SEC_KAR_KHA,03-03-2026,12.40,13.26,46,4,preventive plan,4,SIGNAL_TEST_SET,SIGNAL_TEST_DEPENDENCY,SUBMITTED,TRUE
REQ00638,JOB00638,S&T,SEC_CHI_SHI,16-01-2026,13.49,14.32,43,4,safety correction,5,OHE_TEST_KIT,SIGNAL_TEST_DEPENDENCY,APPROVED,TRUE
REQ00639,JOB00639,Engineering,SEC_LON_TAL,08-03-2026,8.01,9.10,69,4,preventive plan,6,TAMPER,ACCESS_REQUIRED,SUBMITTED,TRUE
REQ00640,JOB00640,TRD,SEC_LON_TAL,30-01-2026,16.19,18.38,139,3,overdue defect,3,LIFTING_UNIT,SIGNAL_TEST_DEPENDENCY,REJECTED,TRUE
REQ00641,JOB00641,Engineering,SEC_KAL_KAR,20-02-2026,6.02,6.36,34,3,overdue defect,9,HAND_TOOLS,NONE,REVIEW,TRUE
REQ00642,JOB00642,S&T,SEC_TAL_CHI,03-02-2026,15.50,17.33,103,2,coordination opportunity,8,HAND_TOOLS,TRACTION_ISOLATION,SUBMITTED,TRUE
REQ00643,JOB00643,Engineering,SEC_TAL_CHI,27-01-2026,14.43,15.36,53,2,coordination opportunity,3,SIGNAL_TEST_SET,ACCESS_REQUIRED,APPROVED,TRUE
REQ00644,JOB00644,TRD,SEC_MUM_DAD,13-03-2026,19.13,20.21,68,1,coordination opportunity,8,SIGNAL_TEST_SET,ACCESS_REQUIRED,SUBMITTED,TRUE
REQ00645,JOB00645,TRD,SEC_SHI_PUN,24-01-2026,7.02,8.03,61,4,safety correction,5,OHE_TEST_KIT,TRACTION_ISOLATION,REJECTED,TRUE
REQ00646,JOB00646,S&T,SEC_KAR_KHA,21-01-2026,15.32,17.28,116,1,preventive plan,8,LIFTING_UNIT,TRACTION_ISOLATION,SUBMITTED,TRUE
REQ00647,JOB00647,TRD,SEC_KAL_KAR,09-01-2026,8.26,9.22,56,4,coordination opportunity,9,SIGNAL_TEST_SET,NONE,REVIEW,TRUE
REQ00648,JOB00648,Engineering,SEC_KAR_KHA,08-02-2026,10.09,10.39,30,4,preventive plan,4,OHE_TEST_KIT,SIGNAL_TEST_DEPENDENCY,REJECTED,TRUE
REQ00649,JOB00649,S&T,SEC_SHI_PUN,29-01-2026,13.09,14.38,89,4,overdue defect,9,TAMPER,SIGNAL_TEST_DEPENDENCY,REVIEW,TRUE
REQ00650,JOB00650,Engineering,SEC_SHI_PUN,26-01-2026,6.37,9.00,143,1,overdue defect,8,SIGNAL_TEST_SET,NONE,REVIEW,TRUE
REQ00651,JOB00651,TRD,SEC_MUM_DAD,27-02-2026,15.38,16.31,53,2,coordination opportunity,5,TAMPER,ACCESS_REQUIRED,REJECTED,TRUE
REQ00652,JOB00652,S&T,SEC_CHI_SHI,23-02-2026,8.20,9.05,45,3,coordination opportunity,4,SIGNAL_TEST_SET,SIGNAL_TEST_DEPENDENCY,REVIEW,TRUE
REQ00653,JOB00653,S&T,SEC_SHI_PUN,17-01-2026,17.05,18.12,67,3,overdue defect,6,OHE_TEST_KIT,SIGNAL_TEST_DEPENDENCY,REJECTED,TRUE
REQ00654,JOB00654,TRD,SEC_DAD_THA,07-01-2026,8.24,9.45,81,2,overdue defect,5,OHE_TEST_KIT,SIGNAL_TEST_DEPENDENCY,APPROVED,TRUE
REQ00655,JOB00655,Engineering,SEC_TAL_CHI,03-03-2026,15.41,18.11,150,4,safety correction,10,HAND_TOOLS,ACCESS_REQUIRED,SUBMITTED,TRUE
REQ00656,JOB00656,S&T,SEC_CHI_SHI,01-03-2026,6.55,7.54,59,4,overdue defect,8,LIFTING_UNIT,NONE,SUBMITTED,TRUE
REQ00657,JOB00657,Engineering,SEC_MUM_DAD,03-01-2026,15.32,17.35,123,4,coordination opportunity,7,HAND_TOOLS,SIGNAL_TEST_DEPENDENCY,REVIEW,TRUE
REQ00658,JOB00658,Engineering,SEC_MUM_DAD,25-03-2026,19.21,21.10,109,1,overdue defect,6,SIGNAL_TEST_SET,TRACTION_ISOLATION,REVIEW,TRUE
REQ00659,JOB00659,Engineering,SEC_LON_TAL,26-03-2026,11.37,13.22,105,2,coordination opportunity,5,HAND_TOOLS,ACCESS_REQUIRED,REJECTED,TRUE
REQ00660,JOB00660,S&T,SEC_DAD_THA,16-01-2026,7.03,7.53,50,1,safety correction,4,HAND_TOOLS,ACCESS_REQUIRED,REVIEW,TRUE
REQ00661,JOB00661,Engineering,SEC_MUM_DAD,10-03-2026,19.35,21.58,143,2,coordination opportunity,6,HAND_TOOLS,NONE,REJECTED,TRUE
REQ00662,JOB00662,S&T,SEC_TAL_CHI,26-03-2026,10.55,12.52,117,1,coordination opportunity,6,OHE_TEST_KIT,TRACTION_ISOLATION,REJECTED,TRUE
REQ00663,JOB00663,S&T,SEC_TAL_CHI,26-01-2026,14.19,16.06,107,3,preventive plan,3,OHE_TEST_KIT,TRACTION_ISOLATION,SUBMITTED,TRUE
REQ00664,JOB00664,Engineering,SEC_MUM_DAD,13-03-2026,11.40,13.53,133,2,preventive plan,3,TAMPER,ACCESS_REQUIRED,REJECTED,TRUE
REQ00665,JOB00665,Engineering,SEC_KAL_KAR,06-01-2026,18.36,19.41,65,3,preventive plan,3,TAMPER,ACCESS_REQUIRED,SUBMITTED,TRUE
REQ00666,JOB00666,Engineering,SEC_KAR_KHA,15-01-2026,7.53,8.39,46,1,safety correction,9,LIFTING_UNIT,NONE,APPROVED,TRUE
REQ00667,JOB00667,TRD,SEC_CHI_SHI,11-01-2026,7.50,9.35,105,3,overdue defect,5,HAND_TOOLS,NONE,SUBMITTED,TRUE
REQ00668,JOB00668,TRD,SEC_TAL_CHI,18-02-2026,8.30,9.00,30,1,coordination opportunity,7,HAND_TOOLS,ACCESS_REQUIRED,REVIEW,TRUE
REQ00669,JOB00669,TRD,SEC_KHA_LON,23-02-2026,19.18,21.13,115,2,safety correction,7,HAND_TOOLS,ACCESS_REQUIRED,APPROVED,TRUE
REQ00670,JOB00670,S&T,SEC_MUM_DAD,12-02-2026,12.35,14.39,124,4,safety correction,4,TAMPER,TRACTION_ISOLATION,APPROVED,TRUE
REQ00671,JOB00671,TRD,SEC_SHI_PUN,24-01-2026,16.15,17.13,58,4,safety correction,4,OHE_TEST_KIT,SIGNAL_TEST_DEPENDENCY,APPROVED,TRUE
REQ00672,JOB00672,TRD,SEC_KAL_KAR,20-01-2026,19.17,21.09,112,2,coordination opportunity,6,OHE_TEST_KIT,SIGNAL_TEST_DEPENDENCY,APPROVED,TRUE
REQ00673,JOB00673,TRD,SEC_DAD_THA,03-03-2026,8.51,9.56,65,4,safety correction,5,OHE_TEST_KIT,SIGNAL_TEST_DEPENDENCY,SUBMITTED,TRUE
REQ00674,JOB00674,TRD,SEC_LON_TAL,23-02-2026,11.25,12.07,42,1,overdue defect,10,SIGNAL_TEST_SET,NONE,APPROVED,TRUE
REQ00675,JOB00675,S&T,SEC_KHA_LON,31-03-2026,8.18,9.48,90,1,preventive plan,3,TAMPER,NONE,APPROVED,TRUE
REQ00676,JOB00676,S&T,SEC_CHI_SHI,30-03-2026,8.49,11.12,143,1,coordination opportunity,7,HAND_TOOLS,SIGNAL_TEST_DEPENDENCY,REVIEW,TRUE
REQ00677,JOB00677,TRD,SEC_KAR_KHA,28-02-2026,13.12,15.07,115,1,safety correction,4,SIGNAL_TEST_SET,SIGNAL_TEST_DEPENDENCY,REJECTED,TRUE
REQ00678,JOB00678,TRD,SEC_SHI_PUN,29-01-2026,8.40,10.46,126,1,coordination opportunity,5,TAMPER,ACCESS_REQUIRED,REJECTED,TRUE
REQ00679,JOB00679,TRD,SEC_KAR_KHA,07-02-2026,10.24,11.49,85,1,coordination opportunity,7,LIFTING_UNIT,ACCESS_REQUIRED,APPROVED,TRUE
REQ00680,JOB00680,TRD,SEC_LON_TAL,17-02-2026,16.31,18.35,124,1,overdue defect,6,LIFTING_UNIT,SIGNAL_TEST_DEPENDENCY,SUBMITTED,TRUE
REQ00681,JOB00681,Engineering,SEC_KAL_KAR,16-03-2026,8.48,9.24,36,1,safety correction,6,OHE_TEST_KIT,NONE,APPROVED,TRUE
REQ00682,JOB00682,TRD,SEC_MUM_DAD,19-02-2026,13.14,14.31,77,2,safety correction,3,LIFTING_UNIT,NONE,SUBMITTED,TRUE
REQ00683,JOB00683,TRD,SEC_KHA_LON,10-02-2026,15.22,17.05,103,1,preventive plan,7,LIFTING_UNIT,TRACTION_ISOLATION,REJECTED,TRUE
REQ00684,JOB00684,S&T,SEC_KAR_KHA,08-02-2026,11.18,13.35,137,4,preventive plan,8,HAND_TOOLS,NONE,APPROVED,TRUE
REQ00685,JOB00685,S&T,SEC_KAL_KAR,15-03-2026,8.35,10.29,114,2,safety correction,3,HAND_TOOLS,NONE,REVIEW,TRUE
REQ00686,JOB00686,TRD,SEC_CHI_SHI,26-03-2026,8.09,9.52,103,3,safety correction,7,OHE_TEST_KIT,ACCESS_REQUIRED,APPROVED,TRUE
REQ00687,JOB00687,S&T,SEC_TAL_CHI,24-03-2026,19.54,22.11,137,4,overdue defect,5,LIFTING_UNIT,ACCESS_REQUIRED,APPROVED,TRUE
REQ00688,JOB00688,TRD,SEC_MUM_DAD,05-02-2026,10.34,12.31,117,3,safety correction,3,HAND_TOOLS,ACCESS_REQUIRED,REJECTED,TRUE
REQ00689,JOB00689,TRD,SEC_THA_KAL,15-03-2026,14.15,15.52,97,1,overdue defect,3,TAMPER,NONE,REVIEW,TRUE
REQ00690,JOB00690,Engineering,SEC_KHA_LON,08-02-2026,11.08,12.26,78,1,overdue defect,5,HAND_TOOLS,TRACTION_ISOLATION,REJECTED,TRUE
REQ00691,JOB00691,S&T,SEC_SHI_PUN,22-01-2026,17.51,19.38,107,2,overdue defect,10,LIFTING_UNIT,TRACTION_ISOLATION,SUBMITTED,TRUE
REQ00692,JOB00692,TRD,SEC_DAD_THA,10-02-2026,16.34,18.08,94,4,safety correction,6,OHE_TEST_KIT,ACCESS_REQUIRED,APPROVED,TRUE
REQ00693,JOB00693,TRD,SEC_KHA_LON,11-01-2026,11.23,13.25,122,4,overdue defect,9,HAND_TOOLS,SIGNAL_TEST_DEPENDENCY,REJECTED,TRUE
REQ00694,JOB00694,Engineering,SEC_TAL_CHI,12-03-2026,7.10,8.16,66,1,overdue defect,10,OHE_TEST_KIT,SIGNAL_TEST_DEPENDENCY,APPROVED,TRUE
REQ00695,JOB00695,S&T,SEC_TAL_CHI,17-02-2026,11.14,11.53,39,1,overdue defect,10,OHE_TEST_KIT,NONE,SUBMITTED,TRUE
REQ00696,JOB00696,Engineering,SEC_MUM_DAD,31-01-2026,14.08,15.40,92,4,preventive plan,3,HAND_TOOLS,SIGNAL_TEST_DEPENDENCY,REVIEW,TRUE
REQ00697,JOB00697,TRD,SEC_MUM_DAD,08-03-2026,14.26,16.45,139,1,overdue defect,10,LIFTING_UNIT,TRACTION_ISOLATION,APPROVED,TRUE
REQ00698,JOB00698,S&T,SEC_KAL_KAR,31-01-2026,19.36,21.13,97,1,preventive plan,5,OHE_TEST_KIT,ACCESS_REQUIRED,REJECTED,TRUE
REQ00699,JOB00699,Engineering,SEC_CHI_SHI,16-02-2026,13.43,15.45,122,1,coordination opportunity,5,TAMPER,SIGNAL_TEST_DEPENDENCY,REVIEW,TRUE
REQ00700,JOB00700,Engineering,SEC_KAL_KAR,05-01-2026,7.32,8.53,81,2,coordination opportunity,8,OHE_TEST_KIT,NONE,REJECTED,TRUE
REQ00701,JOB00701,S&T,SEC_KAL_KAR,20-03-2026,15.48,16.25,37,4,safety correction,5,OHE_TEST_KIT,NONE,SUBMITTED,TRUE
REQ00702,JOB00702,S&T,SEC_CHI_SHI,25-03-2026,16.35,17.29,54,4,overdue defect,9,HAND_TOOLS,ACCESS_REQUIRED,REVIEW,TRUE
REQ00703,JOB00703,TRD,SEC_SHI_PUN,31-03-2026,18.00,19.21,81,2,overdue defect,5,SIGNAL_TEST_SET,ACCESS_REQUIRED,REVIEW,TRUE
REQ00704,JOB00704,TRD,SEC_TAL_CHI,18-01-2026,18.04,18.36,32,2,preventive plan,7,LIFTING_UNIT,ACCESS_REQUIRED,APPROVED,TRUE
REQ00705,JOB00705,Engineering,SEC_SHI_PUN,20-02-2026,14.02,15.06,64,1,preventive plan,6,LIFTING_UNIT,TRACTION_ISOLATION,APPROVED,TRUE
REQ00706,JOB00706,TRD,SEC_LON_TAL,01-02-2026,18.45,19.30,45,4,preventive plan,3,HAND_TOOLS,TRACTION_ISOLATION,REJECTED,TRUE
REQ00707,JOB00707,Engineering,SEC_KAR_KHA,02-01-2026,19.41,20.44,63,3,preventive plan,4,SIGNAL_TEST_SET,ACCESS_REQUIRED,APPROVED,TRUE
REQ00708,JOB00708,TRD,SEC_SHI_PUN,03-02-2026,7.27,8.27,60,4,overdue defect,8,SIGNAL_TEST_SET,TRACTION_ISOLATION,REJECTED,TRUE
REQ00709,JOB00709,TRD,SEC_LON_TAL,08-01-2026,8.25,9.42,77,2,safety correction,9,OHE_TEST_KIT,SIGNAL_TEST_DEPENDENCY,REJECTED,TRUE
REQ00710,JOB00710,Engineering,SEC_DAD_THA,08-02-2026,7.59,9.42,103,4,preventive plan,4,SIGNAL_TEST_SET,ACCESS_REQUIRED,REVIEW,TRUE
REQ00711,JOB00711,TRD,SEC_KHA_LON,25-03-2026,16.24,18.04,100,4,preventive plan,8,OHE_TEST_KIT,SIGNAL_TEST_DEPENDENCY,APPROVED,TRUE
REQ00712,JOB00712,S&T,SEC_DAD_THA,19-01-2026,12.07,13.01,54,4,safety correction,8,OHE_TEST_KIT,NONE,REVIEW,TRUE
REQ00713,JOB00713,Engineering,SEC_KAR_KHA,27-02-2026,9.05,10.51,106,4,safety correction,8,SIGNAL_TEST_SET,NONE,APPROVED,TRUE
REQ00714,JOB00714,TRD,SEC_KAL_KAR,18-01-2026,6.02,8.20,138,4,preventive plan,5,OHE_TEST_KIT,NONE,REVIEW,TRUE
REQ00715,JOB00715,Engineering,SEC_CHI_SHI,07-01-2026,13.36,15.05,89,4,coordination opportunity,3,SIGNAL_TEST_SET,TRACTION_ISOLATION,REVIEW,TRUE
REQ00716,JOB00716,Engineering,SEC_CHI_SHI,30-01-2026,16.46,18.46,120,4,safety correction,6,TAMPER,SIGNAL_TEST_DEPENDENCY,SUBMITTED,TRUE
REQ00717,JOB00717,Engineering,SEC_CHI_SHI,09-02-2026,9.49,11.04,75,4,overdue defect,10,OHE_TEST_KIT,TRACTION_ISOLATION,APPROVED,TRUE
REQ00718,JOB00718,S&T,SEC_MUM_DAD,05-01-2026,19.29,20.50,81,2,coordination opportunity,9,SIGNAL_TEST_SET,ACCESS_REQUIRED,APPROVED,TRUE
REQ00719,JOB00719,TRD,SEC_LON_TAL,20-02-2026,9.45,10.25,40,1,safety correction,7,OHE_TEST_KIT,NONE,APPROVED,TRUE
REQ00720,JOB00720,TRD,SEC_TAL_CHI,21-03-2026,16.51,17.50,59,4,coordination opportunity,5,OHE_TEST_KIT,SIGNAL_TEST_DEPENDENCY,SUBMITTED,TRUE
REQ00721,JOB00721,TRD,SEC_CHI_SHI,24-02-2026,18.20,20.03,103,4,overdue defect,9,HAND_TOOLS,TRACTION_ISOLATION,SUBMITTED,TRUE
REQ00722,JOB00722,TRD,SEC_MUM_DAD,11-01-2026,6.04,8.24,140,3,coordination opportunity,4,OHE_TEST_KIT,TRACTION_ISOLATION,SUBMITTED,TRUE
REQ00723,JOB00723,Engineering,SEC_KAR_KHA,08-01-2026,15.03,16.53,110,4,overdue defect,9,OHE_TEST_KIT,ACCESS_REQUIRED,REVIEW,TRUE
REQ00724,JOB00724,S&T,SEC_KHA_LON,26-03-2026,15.05,17.05,120,1,safety correction,4,OHE_TEST_KIT,NONE,APPROVED,TRUE
REQ00725,JOB00725,Engineering,SEC_LON_TAL,20-03-2026,8.54,10.55,121,2,overdue defect,8,TAMPER,NONE,APPROVED,TRUE
REQ00726,JOB00726,TRD,SEC_THA_KAL,02-01-2026,18.01,19.13,72,1,overdue defect,8,TAMPER,TRACTION_ISOLATION,REJECTED,TRUE
REQ00727,JOB00727,Engineering,SEC_KHA_LON,23-02-2026,10.29,12.32,123,2,preventive plan,4,OHE_TEST_KIT,NONE,REVIEW,TRUE
REQ00728,JOB00728,Engineering,SEC_TAL_CHI,28-01-2026,17.32,19.16,104,3,overdue defect,7,SIGNAL_TEST_SET,NONE,REJECTED,TRUE
REQ00729,JOB00729,Engineering,SEC_DAD_THA,22-01-2026,14.55,16.42,107,3,preventive plan,6,LIFTING_UNIT,SIGNAL_TEST_DEPENDENCY,SUBMITTED,TRUE
REQ00730,JOB00730,Engineering,SEC_SHI_PUN,14-01-2026,9.09,9.40,31,1,coordination opportunity,9,LIFTING_UNIT,SIGNAL_TEST_DEPENDENCY,REVIEW,TRUE
REQ00731,JOB00731,S&T,SEC_KHA_LON,10-02-2026,11.18,11.52,34,4,coordination opportunity,9,OHE_TEST_KIT,SIGNAL_TEST_DEPENDENCY,REVIEW,TRUE
REQ00732,JOB00732,TRD,SEC_CHI_SHI,19-01-2026,18.39,19.48,69,3,overdue defect,4,LIFTING_UNIT,ACCESS_REQUIRED,REJECTED,TRUE
REQ00733,JOB00733,Engineering,SEC_KAL_KAR,21-01-2026,12.24,13.04,40,4,preventive plan,4,SIGNAL_TEST_SET,SIGNAL_TEST_DEPENDENCY,REVIEW,TRUE
REQ00734,JOB00734,S&T,SEC_SHI_PUN,19-03-2026,13.49,14.39,50,1,coordination opportunity,4,TAMPER,NONE,APPROVED,TRUE
REQ00735,JOB00735,S&T,SEC_SHI_PUN,24-02-2026,6.19,7.39,80,4,coordination opportunity,5,LIFTING_UNIT,NONE,SUBMITTED,TRUE
REQ00736,JOB00736,TRD,SEC_KAR_KHA,07-01-2026,7.59,9.14,75,4,preventive plan,7,HAND_TOOLS,TRACTION_ISOLATION,REJECTED,TRUE
REQ00737,JOB00737,Engineering,SEC_KAR_KHA,13-01-2026,14.11,15.20,69,4,coordination opportunity,3,LIFTING_UNIT,SIGNAL_TEST_DEPENDENCY,REJECTED,TRUE
REQ00738,JOB00738,TRD,SEC_SHI_PUN,03-03-2026,16.38,18.09,91,4,safety correction,9,OHE_TEST_KIT,NONE,REJECTED,TRUE
REQ00739,JOB00739,Engineering,SEC_THA_KAL,20-01-2026,6.44,7.48,64,3,coordination opportunity,9,OHE_TEST_KIT,NONE,SUBMITTED,TRUE
REQ00740,JOB00740,Engineering,SEC_LON_TAL,31-03-2026,16.07,17.23,76,3,overdue defect,6,HAND_TOOLS,NONE,REJECTED,TRUE
REQ00741,JOB00741,Engineering,SEC_DAD_THA,19-02-2026,16.18,17.04,46,2,preventive plan,4,OHE_TEST_KIT,SIGNAL_TEST_DEPENDENCY,REVIEW,TRUE
REQ00742,JOB00742,Engineering,SEC_CHI_SHI,26-01-2026,8.04,10.18,134,2,preventive plan,3,OHE_TEST_KIT,ACCESS_REQUIRED,APPROVED,TRUE
REQ00743,JOB00743,Engineering,SEC_DAD_THA,22-02-2026,8.22,9.00,38,3,safety correction,6,TAMPER,TRACTION_ISOLATION,APPROVED,TRUE
REQ00744,JOB00744,S&T,SEC_MUM_DAD,07-02-2026,16.49,19.06,137,2,overdue defect,10,OHE_TEST_KIT,ACCESS_REQUIRED,APPROVED,TRUE
REQ00745,JOB00745,Engineering,SEC_KAL_KAR,11-01-2026,12.56,15.19,143,2,preventive plan,6,TAMPER,ACCESS_REQUIRED,REVIEW,TRUE
REQ00746,JOB00746,S&T,SEC_KAL_KAR,05-02-2026,11.15,12.48,93,1,safety correction,5,LIFTING_UNIT,SIGNAL_TEST_DEPENDENCY,REVIEW,TRUE
REQ00747,JOB00747,TRD,SEC_TAL_CHI,03-03-2026,13.13,14.02,49,1,safety correction,6,LIFTING_UNIT,ACCESS_REQUIRED,SUBMITTED,TRUE
REQ00748,JOB00748,Engineering,SEC_KAR_KHA,11-02-2026,14.32,16.44,132,3,overdue defect,9,OHE_TEST_KIT,ACCESS_REQUIRED,REJECTED,TRUE
REQ00749,JOB00749,TRD,SEC_MUM_DAD,09-01-2026,8.22,10.26,124,3,safety correction,9,TAMPER,NONE,REJECTED,TRUE
REQ00750,JOB00750,Engineering,SEC_THA_KAL,01-02-2026,19.40,21.15,95,1,safety correction,10,SIGNAL_TEST_SET,TRACTION_ISOLATION,REVIEW,TRUE
REQ00751,JOB00751,TRD,SEC_DAD_THA,10-02-2026,6.23,7.18,55,1,overdue defect,10,TAMPER,TRACTION_ISOLATION,REJECTED,TRUE
REQ00752,JOB00752,S&T,SEC_KHA_LON,01-03-2026,13.50,16.10,140,2,coordination opportunity,6,TAMPER,SIGNAL_TEST_DEPENDENCY,APPROVED,TRUE
REQ00753,JOB00753,Engineering,SEC_TAL_CHI,10-02-2026,17.10,18.52,102,2,preventive plan,6,TAMPER,NONE,REJECTED,TRUE
REQ00754,JOB00754,Engineering,SEC_KAL_KAR,11-02-2026,6.19,8.37,138,4,preventive plan,7,OHE_TEST_KIT,SIGNAL_TEST_DEPENDENCY,REJECTED,TRUE
REQ00755,JOB00755,S&T,SEC_CHI_SHI,04-02-2026,14.30,15.41,71,4,preventive plan,5,SIGNAL_TEST_SET,SIGNAL_TEST_DEPENDENCY,APPROVED,TRUE
REQ00756,JOB00756,Engineering,SEC_THA_KAL,09-02-2026,15.25,16.27,62,4,safety correction,9,SIGNAL_TEST_SET,ACCESS_REQUIRED,REJECTED,TRUE
REQ00757,JOB00757,Engineering,SEC_THA_KAL,22-01-2026,12.47,14.33,106,4,preventive plan,8,HAND_TOOLS,ACCESS_REQUIRED,REJECTED,TRUE
REQ00758,JOB00758,TRD,SEC_KHA_LON,09-03-2026,18.12,18.55,43,2,overdue defect,9,HAND_TOOLS,SIGNAL_TEST_DEPENDENCY,REJECTED,TRUE
REQ00759,JOB00759,TRD,SEC_SHI_PUN,31-03-2026,17.10,19.20,130,4,preventive plan,8,OHE_TEST_KIT,SIGNAL_TEST_DEPENDENCY,REVIEW,TRUE
REQ00760,JOB00760,Engineering,SEC_KHA_LON,04-02-2026,16.40,17.52,72,3,coordination opportunity,7,TAMPER,SIGNAL_TEST_DEPENDENCY,REJECTED,TRUE
REQ00761,JOB00761,Engineering,SEC_KHA_LON,10-02-2026,6.21,7.30,69,4,safety correction,4,TAMPER,NONE,APPROVED,TRUE
REQ00762,JOB00762,Engineering,SEC_LON_TAL,15-02-2026,19.10,21.22,132,3,coordination opportunity,7,HAND_TOOLS,SIGNAL_TEST_DEPENDENCY,REJECTED,TRUE
REQ00763,JOB00763,TRD,SEC_SHI_PUN,16-01-2026,15.50,17.45,115,1,safety correction,8,HAND_TOOLS,TRACTION_ISOLATION,SUBMITTED,TRUE
REQ00764,JOB00764,S&T,SEC_CHI_SHI,11-03-2026,7.44,9.39,115,3,coordination opportunity,7,OHE_TEST_KIT,TRACTION_ISOLATION,APPROVED,TRUE
REQ00765,JOB00765,Engineering,SEC_TAL_CHI,05-01-2026,16.48,17.31,43,3,overdue defect,6,OHE_TEST_KIT,ACCESS_REQUIRED,APPROVED,TRUE
REQ00766,JOB00766,TRD,SEC_TAL_CHI,25-01-2026,10.58,12.19,81,4,coordination opportunity,8,OHE_TEST_KIT,NONE,SUBMITTED,TRUE
REQ00767,JOB00767,S&T,SEC_KAR_KHA,23-02-2026,15.30,17.03,93,1,preventive plan,8,LIFTING_UNIT,ACCESS_REQUIRED,SUBMITTED,TRUE
REQ00768,JOB00768,Engineering,SEC_LON_TAL,07-01-2026,12.19,13.08,49,4,coordination opportunity,4,HAND_TOOLS,ACCESS_REQUIRED,SUBMITTED,TRUE
REQ00769,JOB00769,Engineering,SEC_MUM_DAD,08-03-2026,11.08,12.32,84,2,preventive plan,10,SIGNAL_TEST_SET,SIGNAL_TEST_DEPENDENCY,REVIEW,TRUE
REQ00770,JOB00770,TRD,SEC_CHI_SHI,07-01-2026,8.15,9.07,52,2,coordination opportunity,9,TAMPER,SIGNAL_TEST_DEPENDENCY,APPROVED,TRUE
REQ00771,JOB00771,TRD,SEC_SHI_PUN,16-02-2026,17.19,19.35,136,3,overdue defect,7,TAMPER,ACCESS_REQUIRED,REVIEW,TRUE
REQ00772,JOB00772,TRD,SEC_THA_KAL,26-02-2026,7.34,8.52,78,3,overdue defect,9,TAMPER,TRACTION_ISOLATION,APPROVED,TRUE
REQ00773,JOB00773,Engineering,SEC_LON_TAL,19-03-2026,20.00,20.47,47,1,preventive plan,9,TAMPER,ACCESS_REQUIRED,REVIEW,TRUE
REQ00774,JOB00774,S&T,SEC_SHI_PUN,23-03-2026,15.58,17.28,90,1,preventive plan,10,OHE_TEST_KIT,TRACTION_ISOLATION,REVIEW,TRUE
REQ00775,JOB00775,S&T,SEC_TAL_CHI,15-02-2026,7.41,9.12,91,1,safety correction,4,OHE_TEST_KIT,ACCESS_REQUIRED,APPROVED,TRUE
REQ00776,JOB00776,S&T,SEC_SHI_PUN,03-01-2026,14.03,16.23,140,3,safety correction,6,LIFTING_UNIT,NONE,APPROVED,TRUE
REQ00777,JOB00777,Engineering,SEC_KHA_LON,12-03-2026,11.44,13.39,115,3,overdue defect,3,SIGNAL_TEST_SET,ACCESS_REQUIRED,REVIEW,TRUE
REQ00778,JOB00778,Engineering,SEC_DAD_THA,28-01-2026,10.40,12.28,108,1,coordination opportunity,4,TAMPER,SIGNAL_TEST_DEPENDENCY,REVIEW,TRUE
REQ00779,JOB00779,S&T,SEC_KAR_KHA,24-01-2026,17.02,19.00,118,4,overdue defect,3,SIGNAL_TEST_SET,SIGNAL_TEST_DEPENDENCY,REJECTED,TRUE
REQ00780,JOB00780,TRD,SEC_DAD_THA,01-01-2026,12.46,14.48,122,2,coordination opportunity,10,OHE_TEST_KIT,ACCESS_REQUIRED,APPROVED,TRUE
REQ00781,JOB00781,S&T,SEC_THA_KAL,03-01-2026,9.49,11.49,120,2,overdue defect,8,HAND_TOOLS,NONE,APPROVED,TRUE
REQ00782,JOB00782,Engineering,SEC_KAR_KHA,16-02-2026,14.21,15.32,71,1,overdue defect,7,SIGNAL_TEST_SET,ACCESS_REQUIRED,APPROVED,TRUE
REQ00783,JOB00783,Engineering,SEC_DAD_THA,03-03-2026,18.27,19.26,59,1,overdue defect,10,TAMPER,TRACTION_ISOLATION,APPROVED,TRUE
REQ00784,JOB00784,S&T,SEC_KAL_KAR,25-02-2026,10.19,11.34,75,2,preventive plan,9,OHE_TEST_KIT,TRACTION_ISOLATION,REJECTED,TRUE
REQ00785,JOB00785,TRD,SEC_TAL_CHI,02-03-2026,7.23,8.29,66,4,coordination opportunity,10,OHE_TEST_KIT,SIGNAL_TEST_DEPENDENCY,REVIEW,TRUE
REQ00786,JOB00786,Engineering,SEC_MUM_DAD,04-03-2026,10.49,12.13,84,2,safety correction,9,HAND_TOOLS,TRACTION_ISOLATION,REJECTED,TRUE
REQ00787,JOB00787,S&T,SEC_TAL_CHI,03-01-2026,15.29,16.00,31,3,preventive plan,7,OHE_TEST_KIT,ACCESS_REQUIRED,APPROVED,TRUE
REQ00788,JOB00788,S&T,SEC_MUM_DAD,14-01-2026,6.01,8.03,122,2,preventive plan,9,SIGNAL_TEST_SET,NONE,REVIEW,TRUE
REQ00789,JOB00789,Engineering,SEC_KHA_LON,01-02-2026,18.15,18.48,33,3,overdue defect,8,TAMPER,TRACTION_ISOLATION,SUBMITTED,TRUE
REQ00790,JOB00790,S&T,SEC_THA_KAL,12-01-2026,12.08,13.13,65,1,preventive plan,10,OHE_TEST_KIT,ACCESS_REQUIRED,SUBMITTED,TRUE
REQ00791,JOB00791,TRD,SEC_THA_KAL,16-01-2026,10.11,11.49,98,4,safety correction,3,LIFTING_UNIT,SIGNAL_TEST_DEPENDENCY,REJECTED,TRUE
REQ00792,JOB00792,TRD,SEC_THA_KAL,12-03-2026,6.56,9.02,126,1,coordination opportunity,8,TAMPER,NONE,SUBMITTED,TRUE
REQ00793,JOB00793,Engineering,SEC_KHA_LON,23-02-2026,6.18,8.20,122,2,overdue defect,5,SIGNAL_TEST_SET,SIGNAL_TEST_DEPENDENCY,REJECTED,TRUE
REQ00794,JOB00794,S&T,SEC_TAL_CHI,29-03-2026,18.50,20.03,73,1,coordination opportunity,4,LIFTING_UNIT,NONE,SUBMITTED,TRUE
REQ00795,JOB00795,Engineering,SEC_TAL_CHI,04-01-2026,12.32,14.38,126,1,preventive plan,7,LIFTING_UNIT,SIGNAL_TEST_DEPENDENCY,APPROVED,TRUE
REQ00796,JOB00796,Engineering,SEC_KAR_KHA,21-01-2026,18.48,21.05,137,4,overdue defect,8,TAMPER,TRACTION_ISOLATION,APPROVED,TRUE
REQ00797,JOB00797,Engineering,SEC_TAL_CHI,03-01-2026,11.21,12.10,49,1,coordination opportunity,7,LIFTING_UNIT,ACCESS_REQUIRED,APPROVED,TRUE
REQ00798,JOB00798,Engineering,SEC_KHA_LON,14-01-2026,11.52,13.07,75,2,overdue defect,4,SIGNAL_TEST_SET,SIGNAL_TEST_DEPENDENCY,REJECTED,TRUE
REQ00799,JOB00799,TRD,SEC_KAR_KHA,28-02-2026,8.35,9.57,82,2,preventive plan,3,OHE_TEST_KIT,NONE,REJECTED,TRUE
REQ00800,JOB00800,Engineering,SEC_THA_KAL,09-01-2026,18.52,20.18,86,2,coordination opportunity,6,LIFTING_UNIT,ACCESS_REQUIRED,REJECTED,TRUE
REQ00801,JOB00801,Engineering,SEC_KAL_KAR,25-02-2026,10.12,11.15,63,1,safety correction,7,SIGNAL_TEST_SET,SIGNAL_TEST_DEPENDENCY,REVIEW,TRUE
REQ00802,JOB00802,Engineering,SEC_TAL_CHI,12-03-2026,19.20,21.18,118,4,overdue defect,7,SIGNAL_TEST_SET,TRACTION_ISOLATION,REJECTED,TRUE
REQ00803,JOB00803,TRD,SEC_MUM_DAD,30-01-2026,18.03,19.45,102,3,safety correction,9,SIGNAL_TEST_SET,ACCESS_REQUIRED,SUBMITTED,TRUE
REQ00804,JOB00804,Engineering,SEC_LON_TAL,18-03-2026,14.08,14.51,43,3,preventive plan,4,SIGNAL_TEST_SET,NONE,SUBMITTED,TRUE
REQ00805,JOB00805,TRD,SEC_KHA_LON,11-01-2026,14.12,15.20,68,1,overdue defect,5,OHE_TEST_KIT,NONE,SUBMITTED,TRUE
REQ00806,JOB00806,S&T,SEC_KAL_KAR,07-03-2026,11.36,13.16,100,4,overdue defect,4,LIFTING_UNIT,SIGNAL_TEST_DEPENDENCY,REJECTED,TRUE
REQ00807,JOB00807,Engineering,SEC_MUM_DAD,14-01-2026,6.57,7.28,31,3,preventive plan,9,TAMPER,SIGNAL_TEST_DEPENDENCY,REVIEW,TRUE
REQ00808,JOB00808,S&T,SEC_CHI_SHI,14-01-2026,16.16,18.11,115,2,preventive plan,10,TAMPER,ACCESS_REQUIRED,SUBMITTED,TRUE
REQ00809,JOB00809,Engineering,SEC_SHI_PUN,28-01-2026,16.15,16.45,30,1,overdue defect,9,HAND_TOOLS,ACCESS_REQUIRED,APPROVED,TRUE
REQ00810,JOB00810,S&T,SEC_CHI_SHI,10-03-2026,19.56,22.21,145,3,coordination opportunity,5,LIFTING_UNIT,ACCESS_REQUIRED,APPROVED,TRUE
REQ00811,JOB00811,Engineering,SEC_LON_TAL,08-01-2026,17.32,18.42,70,1,overdue defect,5,HAND_TOOLS,SIGNAL_TEST_DEPENDENCY,APPROVED,TRUE
REQ00812,JOB00812,S&T,SEC_THA_KAL,17-03-2026,10.51,12.46,115,1,preventive plan,10,OHE_TEST_KIT,NONE,SUBMITTED,TRUE
REQ00813,JOB00813,S&T,SEC_KAR_KHA,17-03-2026,18.25,19.57,92,1,safety correction,3,OHE_TEST_KIT,SIGNAL_TEST_DEPENDENCY,APPROVED,TRUE
REQ00814,JOB00814,S&T,SEC_MUM_DAD,27-01-2026,14.40,15.51,71,1,safety correction,6,TAMPER,ACCESS_REQUIRED,REJECTED,TRUE
REQ00815,JOB00815,TRD,SEC_TAL_CHI,17-03-2026,9.43,10.21,38,4,preventive plan,5,TAMPER,NONE,REVIEW,TRUE
REQ00816,JOB00816,S&T,SEC_SHI_PUN,23-02-2026,7.42,8.55,73,2,preventive plan,7,TAMPER,SIGNAL_TEST_DEPENDENCY,REVIEW,TRUE
REQ00817,JOB00817,Engineering,SEC_TAL_CHI,11-02-2026,12.37,14.51,134,4,overdue defect,10,LIFTING_UNIT,NONE,APPROVED,TRUE
REQ00818,JOB00818,TRD,SEC_MUM_DAD,27-01-2026,7.12,8.25,73,4,safety correction,7,OHE_TEST_KIT,SIGNAL_TEST_DEPENDENCY,REVIEW,TRUE
REQ00819,JOB00819,TRD,SEC_DAD_THA,09-03-2026,9.25,11.00,95,2,overdue defect,9,TAMPER,ACCESS_REQUIRED,APPROVED,TRUE
REQ00820,JOB00820,TRD,SEC_KAR_KHA,24-03-2026,14.59,16.39,100,4,safety correction,4,SIGNAL_TEST_SET,ACCESS_REQUIRED,REJECTED,TRUE
REQ00821,JOB00821,TRD,SEC_TAL_CHI,25-02-2026,16.08,18.12,124,2,safety correction,8,OHE_TEST_KIT,NONE,REJECTED,TRUE
REQ00822,JOB00822,S&T,SEC_TAL_CHI,19-01-2026,9.22,9.58,36,2,overdue defect,9,OHE_TEST_KIT,ACCESS_REQUIRED,APPROVED,TRUE
REQ00823,JOB00823,S&T,SEC_KHA_LON,15-01-2026,10.18,11.46,88,1,overdue defect,4,HAND_TOOLS,SIGNAL_TEST_DEPENDENCY,REJECTED,TRUE
REQ00824,JOB00824,Engineering,SEC_SHI_PUN,11-01-2026,9.15,11.20,125,3,overdue defect,4,LIFTING_UNIT,ACCESS_REQUIRED,REVIEW,TRUE
REQ00825,JOB00825,Engineering,SEC_SHI_PUN,04-03-2026,17.57,19.47,110,1,safety correction,5,LIFTING_UNIT,ACCESS_REQUIRED,SUBMITTED,TRUE
REQ00826,JOB00826,TRD,SEC_LON_TAL,11-03-2026,12.20,13.47,87,1,preventive plan,4,LIFTING_UNIT,ACCESS_REQUIRED,SUBMITTED,TRUE
REQ00827,JOB00827,TRD,SEC_KAL_KAR,01-03-2026,13.24,15.33,129,1,preventive plan,3,TAMPER,ACCESS_REQUIRED,APPROVED,TRUE
REQ00828,JOB00828,Engineering,SEC_KAR_KHA,09-03-2026,13.20,15.36,136,2,preventive plan,9,OHE_TEST_KIT,NONE,APPROVED,TRUE
REQ00829,JOB00829,S&T,SEC_KHA_LON,25-03-2026,17.02,18.14,72,4,preventive plan,4,LIFTING_UNIT,NONE,REVIEW,TRUE
REQ00830,JOB00830,Engineering,SEC_THA_KAL,11-02-2026,6.35,7.35,60,1,safety correction,10,LIFTING_UNIT,NONE,SUBMITTED,TRUE
REQ00831,JOB00831,Engineering,SEC_KHA_LON,29-03-2026,13.55,14.27,32,4,preventive plan,10,HAND_TOOLS,SIGNAL_TEST_DEPENDENCY,REVIEW,TRUE
REQ00832,JOB00832,S&T,SEC_SHI_PUN,06-03-2026,8.14,8.48,34,2,safety correction,6,SIGNAL_TEST_SET,NONE,APPROVED,TRUE
REQ00833,JOB00833,TRD,SEC_KAL_KAR,20-01-2026,8.19,9.37,78,3,overdue defect,3,SIGNAL_TEST_SET,ACCESS_REQUIRED,REVIEW,TRUE
REQ00834,JOB00834,TRD,SEC_MUM_DAD,14-03-2026,15.20,16.01,41,4,overdue defect,6,OHE_TEST_KIT,NONE,SUBMITTED,TRUE
REQ00835,JOB00835,S&T,SEC_KHA_LON,06-03-2026,19.22,20.42,80,3,overdue defect,10,HAND_TOOLS,SIGNAL_TEST_DEPENDENCY,SUBMITTED,TRUE
REQ00836,JOB00836,S&T,SEC_MUM_DAD,11-02-2026,8.02,9.33,91,4,preventive plan,10,HAND_TOOLS,SIGNAL_TEST_DEPENDENCY,SUBMITTED,TRUE
REQ00837,JOB00837,TRD,SEC_KAL_KAR,23-01-2026,15.09,16.15,66,1,preventive plan,8,SIGNAL_TEST_SET,NONE,REVIEW,TRUE
REQ00838,JOB00838,S&T,SEC_KAR_KHA,07-01-2026,8.07,10.15,128,4,safety correction,9,SIGNAL_TEST_SET,TRACTION_ISOLATION,SUBMITTED,TRUE
REQ00839,JOB00839,S&T,SEC_TAL_CHI,17-01-2026,13.04,15.01,117,1,overdue defect,8,OHE_TEST_KIT,NONE,SUBMITTED,TRUE
REQ00840,JOB00840,Engineering,SEC_SHI_PUN,11-01-2026,6.05,7.52,107,3,preventive plan,6,OHE_TEST_KIT,TRACTION_ISOLATION,REVIEW,TRUE
REQ00841,JOB00841,Engineering,SEC_LON_TAL,25-01-2026,11.19,12.20,61,4,safety correction,6,LIFTING_UNIT,NONE,APPROVED,TRUE
REQ00842,JOB00842,Engineering,SEC_THA_KAL,17-01-2026,8.27,10.29,122,4,overdue defect,9,OHE_TEST_KIT,NONE,REVIEW,TRUE
REQ00843,JOB00843,TRD,SEC_KAL_KAR,03-03-2026,19.14,20.30,76,4,preventive plan,6,SIGNAL_TEST_SET,SIGNAL_TEST_DEPENDENCY,REJECTED,TRUE
REQ00844,JOB00844,Engineering,SEC_KAR_KHA,26-02-2026,16.21,18.36,135,4,safety correction,3,SIGNAL_TEST_SET,ACCESS_REQUIRED,REJECTED,TRUE
REQ00845,JOB00845,S&T,SEC_DAD_THA,03-02-2026,14.54,15.41,47,4,overdue defect,10,TAMPER,SIGNAL_TEST_DEPENDENCY,REJECTED,TRUE
REQ00846,JOB00846,TRD,SEC_KAR_KHA,12-01-2026,17.36,18.14,38,1,safety correction,5,OHE_TEST_KIT,TRACTION_ISOLATION,APPROVED,TRUE
REQ00847,JOB00847,Engineering,SEC_KAR_KHA,27-03-2026,9.08,10.13,65,3,coordination opportunity,4,TAMPER,ACCESS_REQUIRED,SUBMITTED,TRUE
REQ00848,JOB00848,Engineering,SEC_SHI_PUN,22-01-2026,16.01,17.38,97,2,safety correction,7,OHE_TEST_KIT,TRACTION_ISOLATION,REVIEW,TRUE
REQ00849,JOB00849,Engineering,SEC_TAL_CHI,06-02-2026,10.14,12.41,147,1,safety correction,5,HAND_TOOLS,ACCESS_REQUIRED,SUBMITTED,TRUE
REQ00850,JOB00850,TRD,SEC_DAD_THA,19-01-2026,17.52,18.46,54,4,overdue defect,7,TAMPER,ACCESS_REQUIRED,SUBMITTED,TRUE
REQ00851,JOB00851,S&T,SEC_DAD_THA,01-03-2026,14.46,15.23,37,2,coordination opportunity,3,OHE_TEST_KIT,ACCESS_REQUIRED,REVIEW,TRUE
REQ00852,JOB00852,S&T,SEC_KAR_KHA,11-03-2026,17.44,19.49,125,3,coordination opportunity,9,SIGNAL_TEST_SET,ACCESS_REQUIRED,REJECTED,TRUE
REQ00853,JOB00853,Engineering,SEC_DAD_THA,01-02-2026,12.21,14.05,104,2,preventive plan,3,SIGNAL_TEST_SET,NONE,REVIEW,TRUE
REQ00854,JOB00854,Engineering,SEC_KHA_LON,28-01-2026,10.55,12.05,70,2,preventive plan,8,SIGNAL_TEST_SET,ACCESS_REQUIRED,REVIEW,TRUE
REQ00855,JOB00855,S&T,SEC_CHI_SHI,06-02-2026,17.27,18.41,74,4,safety correction,7,SIGNAL_TEST_SET,NONE,REJECTED,TRUE
REQ00856,JOB00856,S&T,SEC_MUM_DAD,22-02-2026,9.20,10.30,70,2,overdue defect,3,HAND_TOOLS,NONE,SUBMITTED,TRUE
REQ00857,JOB00857,TRD,SEC_MUM_DAD,30-01-2026,19.50,20.31,41,4,coordination opportunity,3,SIGNAL_TEST_SET,SIGNAL_TEST_DEPENDENCY,REVIEW,TRUE
REQ00858,JOB00858,TRD,SEC_TAL_CHI,13-01-2026,8.59,10.22,83,2,preventive plan,9,TAMPER,TRACTION_ISOLATION,APPROVED,TRUE
REQ00859,JOB00859,Engineering,SEC_KAL_KAR,15-01-2026,12.14,13.53,99,3,preventive plan,10,SIGNAL_TEST_SET,ACCESS_REQUIRED,REVIEW,TRUE
REQ00860,JOB00860,Engineering,SEC_LON_TAL,09-03-2026,18.11,19.40,89,2,overdue defect,3,SIGNAL_TEST_SET,ACCESS_REQUIRED,REVIEW,TRUE
REQ00861,JOB00861,TRD,SEC_KAL_KAR,17-02-2026,11.56,13.24,88,3,safety correction,6,HAND_TOOLS,ACCESS_REQUIRED,REJECTED,TRUE
REQ00862,JOB00862,S&T,SEC_LON_TAL,23-01-2026,9.53,10.36,43,4,preventive plan,3,HAND_TOOLS,TRACTION_ISOLATION,APPROVED,TRUE
REQ00863,JOB00863,Engineering,SEC_SHI_PUN,31-01-2026,10.46,12.34,108,2,preventive plan,8,LIFTING_UNIT,NONE,SUBMITTED,TRUE
REQ00864,JOB00864,TRD,SEC_CHI_SHI,11-01-2026,18.51,21.11,140,4,overdue defect,4,HAND_TOOLS,SIGNAL_TEST_DEPENDENCY,REJECTED,TRUE
REQ00865,JOB00865,S&T,SEC_SHI_PUN,14-03-2026,11.51,13.30,99,1,coordination opportunity,9,SIGNAL_TEST_SET,TRACTION_ISOLATION,REVIEW,TRUE
REQ00866,JOB00866,S&T,SEC_DAD_THA,13-01-2026,18.07,19.27,80,4,safety correction,3,HAND_TOOLS,TRACTION_ISOLATION,REJECTED,TRUE
REQ00867,JOB00867,Engineering,SEC_KAR_KHA,14-02-2026,8.12,10.08,116,1,coordination opportunity,3,SIGNAL_TEST_SET,TRACTION_ISOLATION,APPROVED,TRUE
REQ00868,JOB00868,Engineering,SEC_SHI_PUN,09-02-2026,10.28,11.59,91,2,coordination opportunity,3,SIGNAL_TEST_SET,TRACTION_ISOLATION,REVIEW,TRUE
REQ00869,JOB00869,Engineering,SEC_KHA_LON,07-02-2026,16.21,17.08,47,2,safety correction,10,SIGNAL_TEST_SET,TRACTION_ISOLATION,REJECTED,TRUE
REQ00870,JOB00870,S&T,SEC_KHA_LON,07-01-2026,13.39,14.12,33,2,safety correction,7,HAND_TOOLS,SIGNAL_TEST_DEPENDENCY,REJECTED,TRUE
REQ00871,JOB00871,Engineering,SEC_KAR_KHA,04-01-2026,18.46,20.15,89,1,safety correction,8,TAMPER,TRACTION_ISOLATION,SUBMITTED,TRUE
REQ00872,JOB00872,Engineering,SEC_TAL_CHI,13-02-2026,11.04,12.05,61,1,overdue defect,9,SIGNAL_TEST_SET,ACCESS_REQUIRED,REJECTED,TRUE
REQ00873,JOB00873,S&T,SEC_KHA_LON,05-02-2026,11.11,11.44,33,4,coordination opportunity,9,SIGNAL_TEST_SET,SIGNAL_TEST_DEPENDENCY,REVIEW,TRUE
REQ00874,JOB00874,S&T,SEC_CHI_SHI,22-03-2026,12.53,15.23,150,2,overdue defect,5,OHE_TEST_KIT,SIGNAL_TEST_DEPENDENCY,SUBMITTED,TRUE
REQ00875,JOB00875,TRD,SEC_TAL_CHI,10-03-2026,17.11,17.42,31,1,coordination opportunity,4,HAND_TOOLS,NONE,REVIEW,TRUE
REQ00876,JOB00876,TRD,SEC_KHA_LON,25-03-2026,18.08,20.36,148,4,overdue defect,9,TAMPER,ACCESS_REQUIRED,SUBMITTED,TRUE
REQ00877,JOB00877,S&T,SEC_SHI_PUN,04-01-2026,11.47,14.13,146,4,safety correction,9,HAND_TOOLS,NONE,REVIEW,TRUE
REQ00878,JOB00878,Engineering,SEC_SHI_PUN,24-03-2026,7.05,9.27,142,3,overdue defect,7,SIGNAL_TEST_SET,TRACTION_ISOLATION,SUBMITTED,TRUE
REQ00879,JOB00879,TRD,SEC_SHI_PUN,17-02-2026,12.58,13.46,48,2,overdue defect,5,LIFTING_UNIT,NONE,REVIEW,TRUE
REQ00880,JOB00880,S&T,SEC_TAL_CHI,31-03-2026,16.36,18.49,133,1,coordination opportunity,9,LIFTING_UNIT,SIGNAL_TEST_DEPENDENCY,REJECTED,TRUE
REQ00881,JOB00881,TRD,SEC_KAR_KHA,24-03-2026,6.40,7.26,46,4,overdue defect,7,HAND_TOOLS,SIGNAL_TEST_DEPENDENCY,REVIEW,TRUE
REQ00882,JOB00882,TRD,SEC_CHI_SHI,24-03-2026,18.21,19.33,72,2,coordination opportunity,3,TAMPER,SIGNAL_TEST_DEPENDENCY,REJECTED,TRUE
REQ00883,JOB00883,TRD,SEC_MUM_DAD,28-02-2026,15.29,16.39,70,2,overdue defect,8,LIFTING_UNIT,NONE,REJECTED,TRUE
REQ00884,JOB00884,TRD,SEC_DAD_THA,23-03-2026,12.26,14.01,95,3,overdue defect,5,HAND_TOOLS,ACCESS_REQUIRED,SUBMITTED,TRUE
REQ00885,JOB00885,TRD,SEC_THA_KAL,07-01-2026,9.04,10.23,79,2,overdue defect,9,TAMPER,TRACTION_ISOLATION,REVIEW,TRUE
REQ00886,JOB00886,S&T,SEC_THA_KAL,30-03-2026,17.16,19.32,136,4,coordination opportunity,3,LIFTING_UNIT,SIGNAL_TEST_DEPENDENCY,REJECTED,TRUE
REQ00887,JOB00887,TRD,SEC_KAR_KHA,25-03-2026,14.32,15.24,52,3,safety correction,8,SIGNAL_TEST_SET,SIGNAL_TEST_DEPENDENCY,REJECTED,TRUE
REQ00888,JOB00888,S&T,SEC_CHI_SHI,02-02-2026,18.44,20.25,101,1,safety correction,8,TAMPER,SIGNAL_TEST_DEPENDENCY,APPROVED,TRUE
REQ00889,JOB00889,S&T,SEC_LON_TAL,09-03-2026,8.08,9.54,106,4,preventive plan,5,SIGNAL_TEST_SET,ACCESS_REQUIRED,REJECTED,TRUE
REQ00890,JOB00890,Engineering,SEC_THA_KAL,07-03-2026,8.43,10.08,85,1,overdue defect,10,TAMPER,NONE,SUBMITTED,TRUE
REQ00891,JOB00891,S&T,SEC_KAL_KAR,31-03-2026,16.39,18.53,134,2,preventive plan,9,LIFTING_UNIT,ACCESS_REQUIRED,REVIEW,TRUE
REQ00892,JOB00892,Engineering,SEC_KHA_LON,04-03-2026,14.43,16.21,98,3,safety correction,8,LIFTING_UNIT,SIGNAL_TEST_DEPENDENCY,REVIEW,TRUE
REQ00893,JOB00893,TRD,SEC_DAD_THA,07-02-2026,8.04,10.02,118,2,preventive plan,7,HAND_TOOLS,SIGNAL_TEST_DEPENDENCY,SUBMITTED,TRUE
REQ00894,JOB00894,TRD,SEC_KAL_KAR,25-02-2026,8.54,10.24,90,1,safety correction,9,SIGNAL_TEST_SET,SIGNAL_TEST_DEPENDENCY,REVIEW,TRUE
REQ00895,JOB00895,Engineering,SEC_THA_KAL,24-02-2026,19.30,21.02,92,1,overdue defect,8,OHE_TEST_KIT,NONE,REJECTED,TRUE
REQ00896,JOB00896,Engineering,SEC_THA_KAL,17-03-2026,14.37,16.24,107,2,coordination opportunity,4,OHE_TEST_KIT,SIGNAL_TEST_DEPENDENCY,APPROVED,TRUE
REQ00897,JOB00897,S&T,SEC_CHI_SHI,14-01-2026,15.14,16.04,50,4,safety correction,4,OHE_TEST_KIT,SIGNAL_TEST_DEPENDENCY,REJECTED,TRUE
REQ00898,JOB00898,S&T,SEC_TAL_CHI,07-03-2026,18.19,20.14,115,4,overdue defect,8,OHE_TEST_KIT,TRACTION_ISOLATION,APPROVED,TRUE
REQ00899,JOB00899,Engineering,SEC_KAR_KHA,06-01-2026,13.15,14.56,101,4,coordination opportunity,4,LIFTING_UNIT,NONE,APPROVED,TRUE
REQ00900,JOB00900,S&T,SEC_KAR_KHA,11-01-2026,14.45,16.01,76,1,safety correction,10,OHE_TEST_KIT,ACCESS_REQUIRED,REVIEW,TRUE
REQ00901,JOB00901,TRD,SEC_THA_KAL,27-02-2026,17.11,17.53,42,4,safety correction,5,OHE_TEST_KIT,SIGNAL_TEST_DEPENDENCY,REJECTED,TRUE
REQ00902,JOB00902,S&T,SEC_SHI_PUN,18-02-2026,7.50,9.26,96,2,safety correction,6,OHE_TEST_KIT,NONE,APPROVED,TRUE
REQ00903,JOB00903,Engineering,SEC_SHI_PUN,08-02-2026,11.13,11.49,36,1,safety correction,8,HAND_TOOLS,TRACTION_ISOLATION,REJECTED,TRUE
REQ00904,JOB00904,Engineering,SEC_DAD_THA,02-01-2026,14.30,15.24,54,4,safety correction,6,SIGNAL_TEST_SET,TRACTION_ISOLATION,REJECTED,TRUE
REQ00905,JOB00905,S&T,SEC_KAL_KAR,24-02-2026,11.27,12.38,71,4,preventive plan,6,OHE_TEST_KIT,ACCESS_REQUIRED,APPROVED,TRUE
REQ00906,JOB00906,S&T,SEC_THA_KAL,19-03-2026,18.35,19.55,80,3,safety correction,7,HAND_TOOLS,ACCESS_REQUIRED,SUBMITTED,TRUE
REQ00907,JOB00907,Engineering,SEC_SHI_PUN,02-03-2026,6.29,8.05,96,2,preventive plan,6,HAND_TOOLS,SIGNAL_TEST_DEPENDENCY,SUBMITTED,TRUE
REQ00908,JOB00908,Engineering,SEC_KAR_KHA,20-01-2026,12.36,14.10,94,1,coordination opportunity,9,HAND_TOOLS,SIGNAL_TEST_DEPENDENCY,APPROVED,TRUE
REQ00909,JOB00909,TRD,SEC_CHI_SHI,21-03-2026,13.31,15.01,90,3,coordination opportunity,7,SIGNAL_TEST_SET,TRACTION_ISOLATION,REJECTED,TRUE
REQ00910,JOB00910,S&T,SEC_LON_TAL,08-02-2026,8.52,11.04,132,1,preventive plan,8,HAND_TOOLS,ACCESS_REQUIRED,APPROVED,TRUE
REQ00911,JOB00911,TRD,SEC_THA_KAL,09-01-2026,15.01,15.35,34,3,overdue defect,9,HAND_TOOLS,NONE,REJECTED,TRUE
REQ00912,JOB00912,S&T,SEC_LON_TAL,16-01-2026,16.29,17.14,45,3,safety correction,9,LIFTING_UNIT,SIGNAL_TEST_DEPENDENCY,REJECTED,TRUE
REQ00913,JOB00913,TRD,SEC_KAL_KAR,16-03-2026,6.55,7.30,35,2,safety correction,5,TAMPER,SIGNAL_TEST_DEPENDENCY,REVIEW,TRUE
REQ00914,JOB00914,TRD,SEC_KHA_LON,05-02-2026,11.57,13.57,120,3,overdue defect,7,OHE_TEST_KIT,TRACTION_ISOLATION,SUBMITTED,TRUE
REQ00915,JOB00915,Engineering,SEC_MUM_DAD,03-03-2026,16.06,18.06,120,1,overdue defect,5,OHE_TEST_KIT,SIGNAL_TEST_DEPENDENCY,REJECTED,TRUE
REQ00916,JOB00916,Engineering,SEC_MUM_DAD,09-01-2026,9.53,10.44,51,1,safety correction,5,HAND_TOOLS,ACCESS_REQUIRED,REVIEW,TRUE
REQ00917,JOB00917,TRD,SEC_KHA_LON,14-03-2026,9.41,10.54,73,4,safety correction,8,SIGNAL_TEST_SET,ACCESS_REQUIRED,REVIEW,TRUE
REQ00918,JOB00918,S&T,SEC_MUM_DAD,16-01-2026,19.22,19.57,35,4,overdue defect,10,SIGNAL_TEST_SET,SIGNAL_TEST_DEPENDENCY,REJECTED,TRUE
REQ00919,JOB00919,TRD,SEC_KAR_KHA,24-02-2026,8.35,11.02,147,3,safety correction,7,OHE_TEST_KIT,ACCESS_REQUIRED,APPROVED,TRUE
REQ00920,JOB00920,Engineering,SEC_MUM_DAD,31-03-2026,16.41,18.56,135,3,overdue defect,10,HAND_TOOLS,NONE,APPROVED,TRUE
REQ00921,JOB00921,TRD,SEC_KAL_KAR,13-01-2026,14.25,16.28,123,1,overdue defect,9,LIFTING_UNIT,ACCESS_REQUIRED,SUBMITTED,TRUE
REQ00922,JOB00922,TRD,SEC_DAD_THA,09-01-2026,19.06,21.24,138,4,overdue defect,4,OHE_TEST_KIT,SIGNAL_TEST_DEPENDENCY,APPROVED,TRUE
REQ00923,JOB00923,Engineering,SEC_DAD_THA,07-02-2026,11.43,13.34,111,4,safety correction,3,HAND_TOOLS,TRACTION_ISOLATION,REVIEW,TRUE
REQ00924,JOB00924,TRD,SEC_KAL_KAR,25-01-2026,16.56,18.28,92,4,coordination opportunity,10,OHE_TEST_KIT,SIGNAL_TEST_DEPENDENCY,REVIEW,TRUE
REQ00925,JOB00925,TRD,SEC_KHA_LON,22-03-2026,13.10,14.47,97,1,overdue defect,6,HAND_TOOLS,SIGNAL_TEST_DEPENDENCY,SUBMITTED,TRUE
REQ00926,JOB00926,Engineering,SEC_THA_KAL,27-02-2026,6.36,7.48,72,3,safety correction,9,HAND_TOOLS,ACCESS_REQUIRED,APPROVED,TRUE
REQ00927,JOB00927,TRD,SEC_DAD_THA,17-02-2026,15.47,17.36,109,1,overdue defect,5,OHE_TEST_KIT,SIGNAL_TEST_DEPENDENCY,SUBMITTED,TRUE
REQ00928,JOB00928,S&T,SEC_CHI_SHI,16-02-2026,10.02,12.23,141,1,overdue defect,3,LIFTING_UNIT,NONE,REVIEW,TRUE
REQ00929,JOB00929,S&T,SEC_THA_KAL,21-03-2026,15.59,17.14,75,2,coordination opportunity,7,OHE_TEST_KIT,ACCESS_REQUIRED,REVIEW,TRUE
REQ00930,JOB00930,Engineering,SEC_DAD_THA,10-02-2026,15.33,17.17,104,3,safety correction,5,HAND_TOOLS,ACCESS_REQUIRED,REVIEW,TRUE
REQ00931,JOB00931,TRD,SEC_TAL_CHI,24-03-2026,17.45,19.53,128,1,preventive plan,6,HAND_TOOLS,NONE,APPROVED,TRUE
REQ00932,JOB00932,Engineering,SEC_THA_KAL,26-03-2026,11.47,12.34,47,1,safety correction,6,TAMPER,SIGNAL_TEST_DEPENDENCY,REVIEW,TRUE
REQ00933,JOB00933,Engineering,SEC_SHI_PUN,17-03-2026,7.20,8.28,68,3,coordination opportunity,5,SIGNAL_TEST_SET,SIGNAL_TEST_DEPENDENCY,APPROVED,TRUE
REQ00934,JOB00934,Engineering,SEC_KAL_KAR,29-01-2026,12.16,14.01,105,4,safety correction,7,LIFTING_UNIT,SIGNAL_TEST_DEPENDENCY,APPROVED,TRUE
REQ00935,JOB00935,S&T,SEC_KAL_KAR,13-02-2026,11.26,12.53,87,4,overdue defect,8,TAMPER,TRACTION_ISOLATION,REVIEW,TRUE
REQ00936,JOB00936,Engineering,SEC_THA_KAL,24-03-2026,18.25,19.25,60,1,safety correction,3,LIFTING_UNIT,TRACTION_ISOLATION,REJECTED,TRUE
REQ00937,JOB00937,S&T,SEC_TAL_CHI,14-03-2026,11.28,13.26,118,4,safety correction,7,TAMPER,ACCESS_REQUIRED,REVIEW,TRUE
REQ00938,JOB00938,S&T,SEC_KHA_LON,20-01-2026,15.32,17.09,97,1,coordination opportunity,10,OHE_TEST_KIT,TRACTION_ISOLATION,APPROVED,TRUE
REQ00939,JOB00939,S&T,SEC_TAL_CHI,06-01-2026,13.56,15.33,97,2,coordination opportunity,3,OHE_TEST_KIT,SIGNAL_TEST_DEPENDENCY,REJECTED,TRUE
REQ00940,JOB00940,TRD,SEC_CHI_SHI,25-02-2026,15.56,17.05,69,2,coordination opportunity,6,TAMPER,SIGNAL_TEST_DEPENDENCY,SUBMITTED,TRUE
REQ00941,JOB00941,S&T,SEC_LON_TAL,15-02-2026,14.36,15.39,63,3,preventive plan,5,TAMPER,TRACTION_ISOLATION,REJECTED,TRUE
REQ00942,JOB00942,S&T,SEC_TAL_CHI,12-02-2026,18.47,20.24,97,2,safety correction,4,HAND_TOOLS,NONE,REJECTED,TRUE
REQ00943,JOB00943,Engineering,SEC_SHI_PUN,09-03-2026,18.16,19.32,76,1,coordination opportunity,6,LIFTING_UNIT,TRACTION_ISOLATION,REJECTED,TRUE
REQ00944,JOB00944,TRD,SEC_KAR_KHA,30-03-2026,13.49,14.25,36,3,overdue defect,8,HAND_TOOLS,ACCESS_REQUIRED,REJECTED,TRUE
REQ00945,JOB00945,TRD,SEC_THA_KAL,10-01-2026,14.59,16.28,89,1,preventive plan,4,HAND_TOOLS,SIGNAL_TEST_DEPENDENCY,SUBMITTED,TRUE
REQ00946,JOB00946,Engineering,SEC_CHI_SHI,07-01-2026,10.11,10.41,30,1,safety correction,5,SIGNAL_TEST_SET,TRACTION_ISOLATION,APPROVED,TRUE
REQ00947,JOB00947,TRD,SEC_THA_KAL,20-02-2026,9.47,11.24,97,3,coordination opportunity,7,LIFTING_UNIT,SIGNAL_TEST_DEPENDENCY,SUBMITTED,TRUE
REQ00948,JOB00948,Engineering,SEC_TAL_CHI,31-01-2026,13.14,15.38,144,3,coordination opportunity,3,TAMPER,ACCESS_REQUIRED,APPROVED,TRUE
REQ00949,JOB00949,Engineering,SEC_KAL_KAR,15-02-2026,18.30,20.22,112,2,preventive plan,4,OHE_TEST_KIT,TRACTION_ISOLATION,REJECTED,TRUE
REQ00950,JOB00950,S&T,SEC_MUM_DAD,22-01-2026,14.00,16.21,141,2,safety correction,4,LIFTING_UNIT,NONE,REVIEW,TRUE
REQ00951,JOB00951,TRD,SEC_KAL_KAR,05-03-2026,19.19,21.00,101,3,safety correction,4,SIGNAL_TEST_SET,SIGNAL_TEST_DEPENDENCY,REJECTED,TRUE
REQ00952,JOB00952,Engineering,SEC_MUM_DAD,25-02-2026,16.21,16.51,30,1,preventive plan,9,LIFTING_UNIT,TRACTION_ISOLATION,REVIEW,TRUE
REQ00953,JOB00953,S&T,SEC_THA_KAL,16-03-2026,10.54,12.27,93,1,coordination opportunity,4,SIGNAL_TEST_SET,SIGNAL_TEST_DEPENDENCY,REJECTED,TRUE
REQ00954,JOB00954,TRD,SEC_MUM_DAD,22-02-2026,8.59,9.32,33,3,preventive plan,3,SIGNAL_TEST_SET,ACCESS_REQUIRED,SUBMITTED,TRUE
REQ00955,JOB00955,Engineering,SEC_KAR_KHA,07-03-2026,17.34,18.46,72,1,overdue defect,9,LIFTING_UNIT,ACCESS_REQUIRED,REJECTED,TRUE
REQ00956,JOB00956,Engineering,SEC_SHI_PUN,01-02-2026,19.04,21.03,119,1,coordination opportunity,5,HAND_TOOLS,TRACTION_ISOLATION,REJECTED,TRUE
REQ00957,JOB00957,S&T,SEC_KAL_KAR,16-03-2026,6.05,6.42,37,2,safety correction,3,LIFTING_UNIT,TRACTION_ISOLATION,SUBMITTED,TRUE
REQ00958,JOB00958,Engineering,SEC_DAD_THA,26-01-2026,13.42,14.19,37,1,safety correction,8,HAND_TOOLS,SIGNAL_TEST_DEPENDENCY,SUBMITTED,TRUE
REQ00959,JOB00959,TRD,SEC_MUM_DAD,13-02-2026,17.54,18.46,52,3,coordination opportunity,9,HAND_TOOLS,ACCESS_REQUIRED,SUBMITTED,TRUE
REQ00960,JOB00960,S&T,SEC_SHI_PUN,02-02-2026,7.28,9.46,138,2,coordination opportunity,5,LIFTING_UNIT,ACCESS_REQUIRED,SUBMITTED,TRUE
REQ00961,JOB00961,S&T,SEC_CHI_SHI,28-01-2026,13.19,13.57,38,1,coordination opportunity,6,LIFTING_UNIT,ACCESS_REQUIRED,APPROVED,TRUE
REQ00962,JOB00962,Engineering,SEC_THA_KAL,28-01-2026,16.00,16.49,49,3,overdue defect,7,OHE_TEST_KIT,NONE,REJECTED,TRUE
REQ00963,JOB00963,S&T,SEC_THA_KAL,23-02-2026,17.06,18.35,89,1,overdue defect,10,LIFTING_UNIT,TRACTION_ISOLATION,REJECTED,TRUE
REQ00964,JOB00964,TRD,SEC_DAD_THA,31-03-2026,12.53,15.21,148,3,overdue defect,7,TAMPER,TRACTION_ISOLATION,SUBMITTED,TRUE
REQ00965,JOB00965,Engineering,SEC_MUM_DAD,14-01-2026,9.56,11.28,92,2,safety correction,5,TAMPER,TRACTION_ISOLATION,SUBMITTED,TRUE
REQ00966,JOB00966,Engineering,SEC_KAR_KHA,16-03-2026,14.32,16.21,109,3,preventive plan,4,HAND_TOOLS,NONE,APPROVED,TRUE
REQ00967,JOB00967,S&T,SEC_KHA_LON,04-02-2026,8.10,9.24,74,1,preventive plan,4,HAND_TOOLS,TRACTION_ISOLATION,REVIEW,TRUE
REQ00968,JOB00968,TRD,SEC_TAL_CHI,27-02-2026,10.37,11.52,75,3,preventive plan,9,SIGNAL_TEST_SET,NONE,APPROVED,TRUE
REQ00969,JOB00969,S&T,SEC_MUM_DAD,11-02-2026,11.50,13.51,121,4,overdue defect,8,SIGNAL_TEST_SET,ACCESS_REQUIRED,REVIEW,TRUE
REQ00970,JOB00970,TRD,SEC_TAL_CHI,30-01-2026,10.20,11.24,64,3,coordination opportunity,8,OHE_TEST_KIT,SIGNAL_TEST_DEPENDENCY,REJECTED,TRUE
REQ00971,JOB00971,Engineering,SEC_SHI_PUN,16-02-2026,18.39,20.17,98,2,preventive plan,4,OHE_TEST_KIT,NONE,APPROVED,TRUE
REQ00972,JOB00972,S&T,SEC_DAD_THA,17-02-2026,18.44,20.42,118,4,overdue defect,7,SIGNAL_TEST_SET,NONE,SUBMITTED,TRUE
REQ00973,JOB00973,TRD,SEC_KHA_LON,08-02-2026,17.09,18.22,73,2,overdue defect,5,LIFTING_UNIT,TRACTION_ISOLATION,SUBMITTED,TRUE
REQ00974,JOB00974,Engineering,SEC_THA_KAL,01-01-2026,8.54,10.17,83,3,safety correction,7,LIFTING_UNIT,ACCESS_REQUIRED,REVIEW,TRUE
REQ00975,JOB00975,S&T,SEC_DAD_THA,30-03-2026,16.51,18.15,84,1,coordination opportunity,6,TAMPER,NONE,APPROVED,TRUE
REQ00976,JOB00976,Engineering,SEC_DAD_THA,12-03-2026,16.19,17.55,96,2,overdue defect,9,HAND_TOOLS,SIGNAL_TEST_DEPENDENCY,APPROVED,TRUE
REQ00977,JOB00977,S&T,SEC_TAL_CHI,05-01-2026,8.47,9.42,55,1,safety correction,9,OHE_TEST_KIT,ACCESS_REQUIRED,SUBMITTED,TRUE
REQ00978,JOB00978,S&T,SEC_TAL_CHI,16-03-2026,15.22,17.38,136,2,overdue defect,10,LIFTING_UNIT,SIGNAL_TEST_DEPENDENCY,REVIEW,TRUE
REQ00979,JOB00979,Engineering,SEC_KAL_KAR,03-02-2026,14.52,15.32,40,3,coordination opportunity,5,TAMPER,NONE,REVIEW,TRUE
REQ00980,JOB00980,S&T,SEC_DAD_THA,27-03-2026,11.53,12.38,45,1,coordination opportunity,3,LIFTING_UNIT,SIGNAL_TEST_DEPENDENCY,APPROVED,TRUE
REQ00981,JOB00981,Engineering,SEC_SHI_PUN,31-01-2026,6.50,8.16,86,4,preventive plan,7,LIFTING_UNIT,NONE,REVIEW,TRUE
REQ00982,JOB00982,TRD,SEC_TAL_CHI,04-03-2026,19.09,21.12,123,1,overdue defect,10,OHE_TEST_KIT,TRACTION_ISOLATION,REJECTED,TRUE
REQ00983,JOB00983,TRD,SEC_LON_TAL,16-01-2026,7.31,9.37,126,4,overdue defect,9,SIGNAL_TEST_SET,SIGNAL_TEST_DEPENDENCY,REJECTED,TRUE
REQ00984,JOB00984,Engineering,SEC_LON_TAL,07-03-2026,10.33,11.06,33,2,coordination opportunity,8,SIGNAL_TEST_SET,NONE,SUBMITTED,TRUE
REQ00985,JOB00985,TRD,SEC_SHI_PUN,29-01-2026,14.50,16.47,117,2,safety correction,5,OHE_TEST_KIT,NONE,REVIEW,TRUE
REQ00986,JOB00986,TRD,SEC_KAR_KHA,19-02-2026,15.56,17.17,81,4,overdue defect,7,LIFTING_UNIT,ACCESS_REQUIRED,APPROVED,TRUE
REQ00987,JOB00987,TRD,SEC_MUM_DAD,14-01-2026,6.27,8.15,108,3,safety correction,7,OHE_TEST_KIT,ACCESS_REQUIRED,REVIEW,TRUE
REQ00988,JOB00988,Engineering,SEC_LON_TAL,26-03-2026,9.27,10.55,88,4,overdue defect,7,TAMPER,NONE,REVIEW,TRUE
REQ00989,JOB00989,S&T,SEC_KHA_LON,26-02-2026,11.31,13.05,94,3,coordination opportunity,6,HAND_TOOLS,ACCESS_REQUIRED,REVIEW,TRUE
REQ00990,JOB00990,Engineering,SEC_LON_TAL,29-01-2026,11.49,13.20,91,2,safety correction,10,HAND_TOOLS,SIGNAL_TEST_DEPENDENCY,REVIEW,TRUE
REQ00991,JOB00991,TRD,SEC_MUM_DAD,15-01-2026,13.19,15.39,140,3,coordination opportunity,7,HAND_TOOLS,SIGNAL_TEST_DEPENDENCY,SUBMITTED,TRUE
REQ00992,JOB00992,TRD,SEC_KHA_LON,13-02-2026,9.20,11.02,102,3,overdue defect,8,OHE_TEST_KIT,NONE,APPROVED,TRUE
REQ00993,JOB00993,Engineering,SEC_LON_TAL,28-03-2026,6.31,8.09,98,2,preventive plan,10,TAMPER,SIGNAL_TEST_DEPENDENCY,REVIEW,TRUE
REQ00994,JOB00994,S&T,SEC_TAL_CHI,20-02-2026,18.18,19.01,43,3,overdue defect,10,OHE_TEST_KIT,TRACTION_ISOLATION,REJECTED,TRUE
REQ00995,JOB00995,S&T,SEC_THA_KAL,16-01-2026,18.51,21.19,148,3,preventive plan,5,SIGNAL_TEST_SET,NONE,REJECTED,TRUE
REQ00996,JOB00996,S&T,SEC_DAD_THA,05-02-2026,18.12,20.33,141,2,preventive plan,8,SIGNAL_TEST_SET,NONE,REVIEW,TRUE
REQ00997,JOB00997,S&T,SEC_KHA_LON,05-03-2026,8.57,9.44,47,2,coordination opportunity,10,OHE_TEST_KIT,TRACTION_ISOLATION,SUBMITTED,TRUE
REQ00998,JOB00998,Engineering,SEC_KHA_LON,03-03-2026,15.28,16.58,90,4,overdue defect,4,OHE_TEST_KIT,NONE,APPROVED,TRUE
REQ00999,JOB00999,S&T,SEC_KHA_LON,10-03-2026,12.34,13.41,67,2,safety correction,8,LIFTING_UNIT,SIGNAL_TEST_DEPENDENCY,REVIEW,TRUE
REQ01000,JOB01000,Engineering,SEC_MUM_DAD,04-02-2026,13.38,15.44,126,3,safety correction,9,SIGNAL_TEST_SET,NONE,REJECTED,TRUE
REQ01001,JOB01001,TRD,SEC_MUM_DAD,03-02-2026,12.01,13.09,68,1,safety correction,6,TAMPER,SIGNAL_TEST_DEPENDENCY,REJECTED,TRUE
REQ01002,JOB01002,Engineering,SEC_KHA_LON,23-03-2026,14.42,15.45,63,4,overdue defect,7,TAMPER,NONE,REVIEW,TRUE
REQ01003,JOB01003,S&T,SEC_THA_KAL,14-03-2026,7.45,9.19,94,2,preventive plan,9,OHE_TEST_KIT,SIGNAL_TEST_DEPENDENCY,SUBMITTED,TRUE
REQ01004,JOB01004,TRD,SEC_KAR_KHA,28-01-2026,13.49,16.19,150,3,preventive plan,3,OHE_TEST_KIT,SIGNAL_TEST_DEPENDENCY,APPROVED,TRUE
REQ01005,JOB01005,Engineering,SEC_KHA_LON,04-02-2026,8.51,10.49,118,1,preventive plan,4,LIFTING_UNIT,ACCESS_REQUIRED,REVIEW,TRUE
REQ01006,JOB01006,Engineering,SEC_TAL_CHI,08-01-2026,6.11,7.56,105,3,preventive plan,3,SIGNAL_TEST_SET,NONE,APPROVED,TRUE
REQ01007,JOB01007,S&T,SEC_SHI_PUN,04-02-2026,6.31,7.17,46,3,preventive plan,6,TAMPER,TRACTION_ISOLATION,REVIEW,TRUE
REQ01008,JOB01008,Engineering,SEC_DAD_THA,02-03-2026,9.43,10.36,53,3,coordination opportunity,8,TAMPER,SIGNAL_TEST_DEPENDENCY,SUBMITTED,TRUE
REQ01009,JOB01009,Engineering,SEC_KAL_KAR,04-01-2026,8.25,9.58,93,2,overdue defect,10,TAMPER,SIGNAL_TEST_DEPENDENCY,REJECTED,TRUE
REQ01010,JOB01010,Engineering,SEC_DAD_THA,10-01-2026,19.39,21.11,92,2,preventive plan,10,SIGNAL_TEST_SET,ACCESS_REQUIRED,APPROVED,TRUE
REQ01011,JOB01011,Engineering,SEC_THA_KAL,31-01-2026,19.32,20.44,72,1,overdue defect,6,LIFTING_UNIT,ACCESS_REQUIRED,REJECTED,TRUE
REQ01012,JOB01012,Engineering,SEC_THA_KAL,29-01-2026,12.42,13.17,35,4,preventive plan,7,TAMPER,SIGNAL_TEST_DEPENDENCY,APPROVED,TRUE
REQ01013,JOB01013,Engineering,SEC_SHI_PUN,21-01-2026,19.43,20.34,51,4,safety correction,6,SIGNAL_TEST_SET,ACCESS_REQUIRED,SUBMITTED,TRUE
REQ01014,JOB01014,Engineering,SEC_THA_KAL,02-03-2026,15.21,16.04,43,3,coordination opportunity,3,HAND_TOOLS,ACCESS_REQUIRED,SUBMITTED,TRUE
REQ01015,JOB01015,Engineering,SEC_KAR_KHA,09-02-2026,10.17,11.35,78,1,safety correction,8,LIFTING_UNIT,ACCESS_REQUIRED,APPROVED,TRUE
REQ01016,JOB01016,S&T,SEC_TAL_CHI,20-01-2026,17.12,18.48,96,1,coordination opportunity,8,LIFTING_UNIT,ACCESS_REQUIRED,APPROVED,TRUE
REQ01017,JOB01017,Engineering,SEC_MUM_DAD,25-03-2026,10.09,11.48,99,3,preventive plan,5,HAND_TOOLS,ACCESS_REQUIRED,APPROVED,TRUE
REQ01018,JOB01018,Engineering,SEC_CHI_SHI,23-03-2026,8.38,10.52,134,1,overdue defect,6,SIGNAL_TEST_SET,NONE,SUBMITTED,TRUE
REQ01019,JOB01019,Engineering,SEC_KHA_LON,06-03-2026,14.00,14.48,48,3,overdue defect,10,TAMPER,TRACTION_ISOLATION,APPROVED,TRUE
REQ01020,JOB01020,Engineering,SEC_KHA_LON,17-01-2026,7.00,8.34,94,1,safety correction,4,SIGNAL_TEST_SET,ACCESS_REQUIRED,SUBMITTED,TRUE
REQ01021,JOB01021,Engineering,SEC_CHI_SHI,23-01-2026,15.30,16.54,84,4,overdue defect,10,HAND_TOOLS,SIGNAL_TEST_DEPENDENCY,REVIEW,TRUE
REQ01022,JOB01022,Engineering,SEC_KAR_KHA,14-03-2026,13.05,13.48,43,2,preventive plan,5,SIGNAL_TEST_SET,TRACTION_ISOLATION,REVIEW,TRUE
REQ01023,JOB01023,TRD,SEC_MUM_DAD,22-02-2026,13.10,15.05,115,1,coordination opportunity,6,TAMPER,ACCESS_REQUIRED,APPROVED,TRUE
REQ01024,JOB01024,Engineering,SEC_CHI_SHI,14-03-2026,18.56,20.38,102,4,overdue defect,9,SIGNAL_TEST_SET,NONE,REJECTED,TRUE
REQ01025,JOB01025,S&T,SEC_DAD_THA,27-01-2026,13.47,14.25,38,4,coordination opportunity,4,TAMPER,ACCESS_REQUIRED,APPROVED,TRUE
REQ01026,JOB01026,TRD,SEC_KAL_KAR,27-03-2026,19.42,20.56,74,4,coordination opportunity,10,TAMPER,TRACTION_ISOLATION,REVIEW,TRUE
REQ01027,JOB01027,Engineering,SEC_LON_TAL,02-01-2026,18.12,20.10,118,2,preventive plan,10,TAMPER,ACCESS_REQUIRED,APPROVED,TRUE
REQ01028,JOB01028,S&T,SEC_DAD_THA,28-03-2026,6.28,8.11,103,1,safety correction,7,LIFTING_UNIT,TRACTION_ISOLATION,SUBMITTED,TRUE
REQ01029,JOB01029,S&T,SEC_SHI_PUN,12-03-2026,9.38,11.59,141,3,safety correction,8,SIGNAL_TEST_SET,NONE,APPROVED,TRUE
REQ01030,JOB01030,Engineering,SEC_MUM_DAD,29-03-2026,7.04,9.00,116,2,overdue defect,4,OHE_TEST_KIT,NONE,SUBMITTED,TRUE
REQ01031,JOB01031,S&T,SEC_MUM_DAD,18-01-2026,13.58,16.02,124,4,preventive plan,5,HAND_TOOLS,TRACTION_ISOLATION,REVIEW,TRUE
REQ01032,JOB01032,Engineering,SEC_LON_TAL,02-01-2026,16.29,18.26,117,1,coordination opportunity,4,OHE_TEST_KIT,SIGNAL_TEST_DEPENDENCY,APPROVED,TRUE
REQ01033,JOB01033,Engineering,SEC_TAL_CHI,17-03-2026,14.36,16.47,131,1,coordination opportunity,5,TAMPER,TRACTION_ISOLATION,APPROVED,TRUE
REQ01034,JOB01034,Engineering,SEC_DAD_THA,22-02-2026,10.41,11.42,61,3,preventive plan,7,HAND_TOOLS,ACCESS_REQUIRED,APPROVED,TRUE
REQ01035,JOB01035,Engineering,SEC_MUM_DAD,08-03-2026,19.04,20.49,105,3,safety correction,3,TAMPER,TRACTION_ISOLATION,APPROVED,TRUE
REQ01036,JOB01036,S&T,SEC_SHI_PUN,21-02-2026,12.17,13.37,80,2,coordination opportunity,8,HAND_TOOLS,SIGNAL_TEST_DEPENDENCY,REVIEW,TRUE
REQ01037,JOB01037,TRD,SEC_CHI_SHI,21-01-2026,10.08,12.14,126,3,safety correction,6,SIGNAL_TEST_SET,TRACTION_ISOLATION,REJECTED,TRUE
REQ01038,JOB01038,Engineering,SEC_TAL_CHI,21-03-2026,14.58,16.24,86,4,overdue defect,9,OHE_TEST_KIT,NONE,REVIEW,TRUE
REQ01039,JOB01039,Engineering,SEC_DAD_THA,03-01-2026,10.32,11.47,75,4,safety correction,3,HAND_TOOLS,ACCESS_REQUIRED,REJECTED,TRUE
REQ01040,JOB01040,Engineering,SEC_KHA_LON,21-02-2026,11.57,14.08,131,4,overdue defect,9,HAND_TOOLS,SIGNAL_TEST_DEPENDENCY,REVIEW,TRUE
REQ01041,JOB01041,S&T,SEC_SHI_PUN,30-03-2026,14.33,16.55,142,1,safety correction,9,LIFTING_UNIT,SIGNAL_TEST_DEPENDENCY,SUBMITTED,TRUE
REQ01042,JOB01042,TRD,SEC_KHA_LON,17-01-2026,19.56,22.19,143,3,preventive plan,4,LIFTING_UNIT,NONE,REVIEW,TRUE
REQ01043,JOB01043,TRD,SEC_KAR_KHA,18-02-2026,10.01,12.26,145,2,coordination opportunity,6,TAMPER,TRACTION_ISOLATION,REVIEW,TRUE
REQ01044,JOB01044,TRD,SEC_KAL_KAR,01-02-2026,13.03,13.55,52,1,preventive plan,3,SIGNAL_TEST_SET,NONE,APPROVED,TRUE
REQ01045,JOB01045,Engineering,SEC_CHI_SHI,27-03-2026,18.28,20.29,121,2,coordination opportunity,3,SIGNAL_TEST_SET,SIGNAL_TEST_DEPENDENCY,REJECTED,TRUE
REQ01046,JOB01046,TRD,SEC_DAD_THA,07-01-2026,16.56,18.59,123,4,preventive plan,10,HAND_TOOLS,ACCESS_REQUIRED,REJECTED,TRUE
REQ01047,JOB01047,S&T,SEC_DAD_THA,12-01-2026,6.56,8.49,113,4,safety correction,8,SIGNAL_TEST_SET,ACCESS_REQUIRED,SUBMITTED,TRUE
REQ01048,JOB01048,S&T,SEC_TAL_CHI,27-02-2026,19.50,20.36,46,3,coordination opportunity,5,HAND_TOOLS,TRACTION_ISOLATION,REJECTED,TRUE
REQ01049,JOB01049,TRD,SEC_DAD_THA,07-02-2026,9.02,11.27,145,4,overdue defect,4,SIGNAL_TEST_SET,NONE,SUBMITTED,TRUE
REQ01050,JOB01050,Engineering,SEC_KAR_KHA,13-02-2026,12.49,15.07,138,1,preventive plan,9,SIGNAL_TEST_SET,NONE,REVIEW,TRUE
REQ01051,JOB01051,Engineering,SEC_LON_TAL,05-02-2026,15.05,16.27,82,4,safety correction,9,HAND_TOOLS,NONE,SUBMITTED,TRUE
REQ01052,JOB01052,Engineering,SEC_TAL_CHI,22-03-2026,14.08,15.43,95,1,preventive plan,3,TAMPER,NONE,REJECTED,TRUE
REQ01053,JOB01053,TRD,SEC_LON_TAL,20-02-2026,6.46,7.30,44,2,coordination opportunity,8,TAMPER,SIGNAL_TEST_DEPENDENCY,REVIEW,TRUE
REQ01054,JOB01054,TRD,SEC_MUM_DAD,15-01-2026,6.01,8.19,138,3,safety correction,5,HAND_TOOLS,SIGNAL_TEST_DEPENDENCY,REVIEW,TRUE
REQ01055,JOB01055,TRD,SEC_THA_KAL,04-01-2026,16.47,18.09,82,4,safety correction,5,LIFTING_UNIT,ACCESS_REQUIRED,REJECTED,TRUE
REQ01056,JOB01056,S&T,SEC_KAR_KHA,18-03-2026,18.28,20.32,124,1,preventive plan,5,SIGNAL_TEST_SET,ACCESS_REQUIRED,APPROVED,TRUE
REQ01057,JOB01057,Engineering,SEC_SHI_PUN,29-01-2026,17.20,18.15,55,3,coordination opportunity,3,TAMPER,ACCESS_REQUIRED,APPROVED,TRUE
REQ01058,JOB01058,TRD,SEC_SHI_PUN,19-01-2026,10.34,11.19,45,2,coordination opportunity,3,SIGNAL_TEST_SET,ACCESS_REQUIRED,SUBMITTED,TRUE
REQ01059,JOB01059,S&T,SEC_MUM_DAD,08-02-2026,18.40,20.11,91,3,overdue defect,3,HAND_TOOLS,NONE,REJECTED,TRUE
REQ01060,JOB01060,TRD,SEC_KHA_LON,30-03-2026,13.24,14.52,88,3,overdue defect,5,LIFTING_UNIT,SIGNAL_TEST_DEPENDENCY,REVIEW,TRUE
REQ01061,JOB01061,Engineering,SEC_KAR_KHA,16-03-2026,18.04,19.25,81,2,preventive plan,7,OHE_TEST_KIT,NONE,APPROVED,TRUE
REQ01062,JOB01062,TRD,SEC_LON_TAL,23-03-2026,8.53,11.10,137,4,coordination opportunity,5,SIGNAL_TEST_SET,ACCESS_REQUIRED,REJECTED,TRUE
REQ01063,JOB01063,Engineering,SEC_CHI_SHI,12-02-2026,9.38,11.58,140,4,preventive plan,10,OHE_TEST_KIT,NONE,REVIEW,TRUE
REQ01064,JOB01064,S&T,SEC_TAL_CHI,10-01-2026,18.44,19.20,36,1,preventive plan,9,LIFTING_UNIT,ACCESS_REQUIRED,REVIEW,TRUE
REQ01065,JOB01065,S&T,SEC_SHI_PUN,23-02-2026,10.59,12.13,74,1,overdue defect,5,HAND_TOOLS,NONE,SUBMITTED,TRUE
REQ01066,JOB01066,Engineering,SEC_KAR_KHA,03-02-2026,14.50,15.38,48,4,coordination opportunity,5,SIGNAL_TEST_SET,TRACTION_ISOLATION,APPROVED,TRUE
REQ01067,JOB01067,Engineering,SEC_LON_TAL,08-02-2026,11.45,13.53,128,1,preventive plan,6,OHE_TEST_KIT,ACCESS_REQUIRED,REVIEW,TRUE
REQ01068,JOB01068,TRD,SEC_KAR_KHA,28-01-2026,8.18,9.03,45,3,preventive plan,9,SIGNAL_TEST_SET,NONE,REJECTED,TRUE
REQ01069,JOB01069,TRD,SEC_DAD_THA,29-01-2026,6.32,7.25,53,3,preventive plan,10,TAMPER,TRACTION_ISOLATION,APPROVED,TRUE
REQ01070,JOB01070,TRD,SEC_LON_TAL,08-02-2026,11.41,13.29,108,4,coordination opportunity,3,OHE_TEST_KIT,TRACTION_ISOLATION,APPROVED,TRUE
REQ01071,JOB01071,Engineering,SEC_MUM_DAD,08-01-2026,12.02,13.55,113,4,overdue defect,9,SIGNAL_TEST_SET,SIGNAL_TEST_DEPENDENCY,REVIEW,TRUE
REQ01072,JOB01072,S&T,SEC_MUM_DAD,18-02-2026,18.21,20.29,128,1,overdue defect,6,HAND_TOOLS,NONE,REJECTED,TRUE
REQ01073,JOB01073,TRD,SEC_KAL_KAR,26-03-2026,19.30,20.29,59,2,overdue defect,7,HAND_TOOLS,TRACTION_ISOLATION,REVIEW,TRUE
REQ01074,JOB01074,S&T,SEC_SHI_PUN,21-01-2026,18.05,20.05,120,3,coordination opportunity,10,LIFTING_UNIT,NONE,SUBMITTED,TRUE
REQ01075,JOB01075,S&T,SEC_TAL_CHI,03-03-2026,18.35,19.25,50,1,safety correction,8,SIGNAL_TEST_SET,ACCESS_REQUIRED,REJECTED,TRUE
REQ01076,JOB01076,S&T,SEC_DAD_THA,23-03-2026,6.21,7.15,54,4,safety correction,5,HAND_TOOLS,SIGNAL_TEST_DEPENDENCY,SUBMITTED,TRUE
REQ01077,JOB01077,Engineering,SEC_SHI_PUN,02-01-2026,7.31,9.16,105,4,overdue defect,3,LIFTING_UNIT,SIGNAL_TEST_DEPENDENCY,SUBMITTED,TRUE
REQ01078,JOB01078,S&T,SEC_KAL_KAR,22-01-2026,7.55,10.18,143,4,preventive plan,6,LIFTING_UNIT,TRACTION_ISOLATION,SUBMITTED,TRUE
REQ01079,JOB01079,S&T,SEC_THA_KAL,07-02-2026,7.47,8.31,44,4,overdue defect,5,SIGNAL_TEST_SET,ACCESS_REQUIRED,SUBMITTED,TRUE
REQ01080,JOB01080,TRD,SEC_KAL_KAR,20-02-2026,9.00,11.21,141,2,preventive plan,5,LIFTING_UNIT,TRACTION_ISOLATION,SUBMITTED,TRUE
REQ01081,JOB01081,Engineering,SEC_CHI_SHI,29-01-2026,14.42,17.09,147,1,coordination opportunity,3,LIFTING_UNIT,TRACTION_ISOLATION,REVIEW,TRUE
REQ01082,JOB01082,Engineering,SEC_THA_KAL,08-02-2026,8.42,10.36,114,4,coordination opportunity,3,OHE_TEST_KIT,ACCESS_REQUIRED,APPROVED,TRUE
REQ01083,JOB01083,Engineering,SEC_KHA_LON,08-03-2026,9.52,11.52,120,2,overdue defect,4,OHE_TEST_KIT,TRACTION_ISOLATION,REJECTED,TRUE
REQ01084,JOB01084,S&T,SEC_KAL_KAR,20-03-2026,12.54,13.56,62,1,safety correction,5,OHE_TEST_KIT,TRACTION_ISOLATION,REJECTED,TRUE
REQ01085,JOB01085,Engineering,SEC_DAD_THA,09-02-2026,14.16,14.53,37,1,preventive plan,7,LIFTING_UNIT,SIGNAL_TEST_DEPENDENCY,REJECTED,TRUE
REQ01086,JOB01086,TRD,SEC_CHI_SHI,20-03-2026,6.23,8.40,137,2,coordination opportunity,4,OHE_TEST_KIT,SIGNAL_TEST_DEPENDENCY,SUBMITTED,TRUE
REQ01087,JOB01087,TRD,SEC_DAD_THA,24-03-2026,7.02,8.27,85,3,overdue defect,3,SIGNAL_TEST_SET,TRACTION_ISOLATION,REVIEW,TRUE
REQ01088,JOB01088,TRD,SEC_DAD_THA,01-02-2026,6.11,8.13,122,2,overdue defect,7,HAND_TOOLS,SIGNAL_TEST_DEPENDENCY,APPROVED,TRUE
REQ01089,JOB01089,Engineering,SEC_LON_TAL,02-01-2026,12.19,13.53,94,2,coordination opportunity,5,TAMPER,SIGNAL_TEST_DEPENDENCY,SUBMITTED,TRUE
REQ01090,JOB01090,S&T,SEC_TAL_CHI,15-02-2026,8.03,8.42,39,3,safety correction,6,OHE_TEST_KIT,ACCESS_REQUIRED,SUBMITTED,TRUE
REQ01091,JOB01091,S&T,SEC_KAR_KHA,26-03-2026,10.46,11.26,40,4,preventive plan,6,LIFTING_UNIT,ACCESS_REQUIRED,SUBMITTED,TRUE
REQ01092,JOB01092,TRD,SEC_DAD_THA,01-03-2026,15.53,16.51,58,1,coordination opportunity,8,OHE_TEST_KIT,NONE,REVIEW,TRUE
REQ01093,JOB01093,TRD,SEC_THA_KAL,08-02-2026,17.03,18.43,100,4,preventive plan,4,SIGNAL_TEST_SET,SIGNAL_TEST_DEPENDENCY,APPROVED,TRUE
REQ01094,JOB01094,Engineering,SEC_KHA_LON,26-01-2026,12.43,13.27,44,2,safety correction,7,TAMPER,ACCESS_REQUIRED,REVIEW,TRUE
REQ01095,JOB01095,TRD,SEC_KAL_KAR,01-03-2026,17.26,18.06,40,1,safety correction,8,LIFTING_UNIT,NONE,REVIEW,TRUE
REQ01096,JOB01096,TRD,SEC_KAR_KHA,04-01-2026,11.43,12.47,64,1,overdue defect,7,SIGNAL_TEST_SET,SIGNAL_TEST_DEPENDENCY,REJECTED,TRUE
REQ01097,JOB01097,TRD,SEC_KAR_KHA,24-01-2026,13.34,15.14,100,3,coordination opportunity,3,SIGNAL_TEST_SET,ACCESS_REQUIRED,SUBMITTED,TRUE
REQ01098,JOB01098,S&T,SEC_THA_KAL,23-02-2026,7.37,9.54,137,3,safety correction,7,OHE_TEST_KIT,TRACTION_ISOLATION,SUBMITTED,TRUE
REQ01099,JOB01099,Engineering,SEC_DAD_THA,18-03-2026,14.40,16.13,93,1,safety correction,5,LIFTING_UNIT,NONE,REJECTED,TRUE
REQ01100,JOB01100,S&T,SEC_MUM_DAD,26-01-2026,18.11,19.10,59,2,coordination opportunity,5,OHE_TEST_KIT,TRACTION_ISOLATION,SUBMITTED,TRUE
REQ01101,JOB01101,S&T,SEC_TAL_CHI,25-03-2026,12.47,14.30,103,2,safety correction,8,TAMPER,NONE,APPROVED,TRUE
REQ01102,JOB01102,S&T,SEC_SHI_PUN,01-02-2026,18.00,18.33,33,4,overdue defect,8,TAMPER,NONE,APPROVED,TRUE
REQ01103,JOB01103,Engineering,SEC_SHI_PUN,25-01-2026,7.15,7.53,38,1,coordination opportunity,8,TAMPER,SIGNAL_TEST_DEPENDENCY,REVIEW,TRUE
REQ01104,JOB01104,Engineering,SEC_TAL_CHI,10-01-2026,13.40,14.53,73,2,preventive plan,6,HAND_TOOLS,ACCESS_REQUIRED,SUBMITTED,TRUE
REQ01105,JOB01105,S&T,SEC_KAR_KHA,17-03-2026,13.38,14.18,40,2,overdue defect,4,OHE_TEST_KIT,TRACTION_ISOLATION,REJECTED,TRUE
REQ01106,JOB01106,TRD,SEC_KAL_KAR,17-02-2026,11.08,13.01,113,1,overdue defect,8,LIFTING_UNIT,ACCESS_REQUIRED,REVIEW,TRUE
REQ01107,JOB01107,Engineering,SEC_THA_KAL,16-01-2026,15.43,17.57,134,2,preventive plan,9,HAND_TOOLS,TRACTION_ISOLATION,REJECTED,TRUE
REQ01108,JOB01108,S&T,SEC_THA_KAL,03-01-2026,14.16,15.00,44,1,coordination opportunity,8,TAMPER,ACCESS_REQUIRED,SUBMITTED,TRUE
REQ01109,JOB01109,TRD,SEC_KAL_KAR,12-02-2026,6.42,8.34,112,1,safety correction,8,HAND_TOOLS,NONE,REJECTED,TRUE
REQ01110,JOB01110,Engineering,SEC_LON_TAL,21-02-2026,17.43,18.14,31,3,coordination opportunity,8,OHE_TEST_KIT,ACCESS_REQUIRED,SUBMITTED,TRUE
REQ01111,JOB01111,TRD,SEC_KHA_LON,10-03-2026,13.56,15.25,89,2,overdue defect,6,SIGNAL_TEST_SET,NONE,REJECTED,TRUE
REQ01112,JOB01112,TRD,SEC_THA_KAL,16-03-2026,11.16,13.42,146,4,coordination opportunity,10,HAND_TOOLS,NONE,SUBMITTED,TRUE
REQ01113,JOB01113,Engineering,SEC_LON_TAL,19-02-2026,13.21,15.35,134,4,overdue defect,9,TAMPER,NONE,REVIEW,TRUE
REQ01114,JOB01114,TRD,SEC_CHI_SHI,09-01-2026,18.59,20.40,101,2,safety correction,7,OHE_TEST_KIT,SIGNAL_TEST_DEPENDENCY,REJECTED,TRUE
REQ01115,JOB01115,TRD,SEC_KAR_KHA,23-03-2026,11.47,13.30,103,3,preventive plan,4,OHE_TEST_KIT,TRACTION_ISOLATION,REVIEW,TRUE
REQ01116,JOB01116,S&T,SEC_MUM_DAD,10-02-2026,17.21,19.19,118,2,overdue defect,3,HAND_TOOLS,NONE,APPROVED,TRUE
REQ01117,JOB01117,TRD,SEC_LON_TAL,22-03-2026,17.36,18.31,55,2,coordination opportunity,7,OHE_TEST_KIT,ACCESS_REQUIRED,REVIEW,TRUE
REQ01118,JOB01118,S&T,SEC_MUM_DAD,02-01-2026,6.26,7.24,58,2,overdue defect,3,HAND_TOOLS,NONE,SUBMITTED,TRUE
REQ01119,JOB01119,TRD,SEC_LON_TAL,06-01-2026,14.59,17.19,140,3,safety correction,6,OHE_TEST_KIT,NONE,APPROVED,TRUE
REQ01120,JOB01120,Engineering,SEC_DAD_THA,07-03-2026,17.42,19.20,98,1,overdue defect,4,HAND_TOOLS,SIGNAL_TEST_DEPENDENCY,SUBMITTED,TRUE
REQ01121,JOB01121,Engineering,SEC_TAL_CHI,07-03-2026,13.01,14.59,118,2,preventive plan,9,LIFTING_UNIT,ACCESS_REQUIRED,SUBMITTED,TRUE
REQ01122,JOB01122,Engineering,SEC_SHI_PUN,20-01-2026,7.55,9.49,114,4,overdue defect,10,HAND_TOOLS,ACCESS_REQUIRED,SUBMITTED,TRUE
REQ01123,JOB01123,Engineering,SEC_CHI_SHI,11-03-2026,15.58,17.31,93,4,safety correction,5,SIGNAL_TEST_SET,SIGNAL_TEST_DEPENDENCY,SUBMITTED,TRUE
REQ01124,JOB01124,TRD,SEC_KHA_LON,01-01-2026,18.52,19.23,31,3,safety correction,3,TAMPER,TRACTION_ISOLATION,APPROVED,TRUE
REQ01125,JOB01125,S&T,SEC_THA_KAL,15-02-2026,16.23,17.10,47,2,preventive plan,5,LIFTING_UNIT,NONE,REJECTED,TRUE
REQ01126,JOB01126,Engineering,SEC_KAL_KAR,15-01-2026,6.33,7.21,48,3,safety correction,10,HAND_TOOLS,TRACTION_ISOLATION,SUBMITTED,TRUE
REQ01127,JOB01127,Engineering,SEC_TAL_CHI,20-01-2026,17.59,20.23,144,4,coordination opportunity,9,HAND_TOOLS,ACCESS_REQUIRED,SUBMITTED,TRUE
REQ01128,JOB01128,S&T,SEC_KAL_KAR,31-01-2026,9.03,10.35,92,2,coordination opportunity,4,SIGNAL_TEST_SET,SIGNAL_TEST_DEPENDENCY,REVIEW,TRUE
REQ01129,JOB01129,TRD,SEC_KAL_KAR,18-03-2026,18.16,18.52,36,1,safety correction,8,OHE_TEST_KIT,ACCESS_REQUIRED,SUBMITTED,TRUE
REQ01130,JOB01130,TRD,SEC_CHI_SHI,18-02-2026,18.13,19.12,59,3,overdue defect,4,OHE_TEST_KIT,TRACTION_ISOLATION,APPROVED,TRUE
REQ01131,JOB01131,Engineering,SEC_MUM_DAD,22-02-2026,12.21,13.41,80,4,preventive plan,6,HAND_TOOLS,SIGNAL_TEST_DEPENDENCY,SUBMITTED,TRUE
REQ01132,JOB01132,Engineering,SEC_DAD_THA,28-03-2026,14.12,15.47,95,1,safety correction,8,SIGNAL_TEST_SET,ACCESS_REQUIRED,SUBMITTED,TRUE
REQ01133,JOB01133,TRD,SEC_KHA_LON,24-01-2026,15.29,16.33,64,3,preventive plan,6,TAMPER,NONE,REVIEW,TRUE
REQ01134,JOB01134,Engineering,SEC_KAL_KAR,02-02-2026,14.06,16.04,118,2,overdue defect,7,TAMPER,TRACTION_ISOLATION,REJECTED,TRUE
REQ01135,JOB01135,Engineering,SEC_SHI_PUN,25-01-2026,16.17,16.57,40,2,coordination opportunity,7,HAND_TOOLS,ACCESS_REQUIRED,SUBMITTED,TRUE
REQ01136,JOB01136,TRD,SEC_KHA_LON,24-03-2026,18.28,19.13,45,3,overdue defect,4,TAMPER,TRACTION_ISOLATION,REVIEW,TRUE
REQ01137,JOB01137,Engineering,SEC_LON_TAL,22-02-2026,16.57,19.24,147,4,overdue defect,9,TAMPER,SIGNAL_TEST_DEPENDENCY,REJECTED,TRUE
REQ01138,JOB01138,Engineering,SEC_KAR_KHA,19-01-2026,12.16,13.39,83,4,overdue defect,6,SIGNAL_TEST_SET,ACCESS_REQUIRED,REVIEW,TRUE
REQ01139,JOB01139,S&T,SEC_LON_TAL,18-03-2026,6.04,7.59,115,2,safety correction,8,OHE_TEST_KIT,SIGNAL_TEST_DEPENDENCY,REVIEW,TRUE
REQ01140,JOB01140,Engineering,SEC_SHI_PUN,14-01-2026,6.15,7.11,56,2,coordination opportunity,7,OHE_TEST_KIT,TRACTION_ISOLATION,APPROVED,TRUE
REQ01141,JOB01141,S&T,SEC_KAL_KAR,27-02-2026,10.48,11.25,37,1,preventive plan,3,LIFTING_UNIT,SIGNAL_TEST_DEPENDENCY,APPROVED,TRUE
REQ01142,JOB01142,S&T,SEC_TAL_CHI,19-01-2026,13.59,14.38,39,4,safety correction,4,TAMPER,ACCESS_REQUIRED,APPROVED,TRUE
REQ01143,JOB01143,TRD,SEC_THA_KAL,19-03-2026,6.52,9.22,150,4,preventive plan,5,LIFTING_UNIT,SIGNAL_TEST_DEPENDENCY,REVIEW,TRUE
REQ01144,JOB01144,TRD,SEC_SHI_PUN,23-01-2026,6.22,7.39,77,4,preventive plan,3,SIGNAL_TEST_SET,TRACTION_ISOLATION,SUBMITTED,TRUE
REQ01145,JOB01145,S&T,SEC_DAD_THA,19-01-2026,15.33,17.44,131,2,overdue defect,8,TAMPER,ACCESS_REQUIRED,REVIEW,TRUE
REQ01146,JOB01146,S&T,SEC_SHI_PUN,25-03-2026,19.12,19.44,32,2,overdue defect,4,TAMPER,ACCESS_REQUIRED,SUBMITTED,TRUE
REQ01147,JOB01147,TRD,SEC_KAL_KAR,05-03-2026,10.24,11.31,67,2,safety correction,4,OHE_TEST_KIT,SIGNAL_TEST_DEPENDENCY,REJECTED,TRUE
REQ01148,JOB01148,TRD,SEC_KAL_KAR,28-02-2026,7.41,8.34,53,2,overdue defect,7,OHE_TEST_KIT,SIGNAL_TEST_DEPENDENCY,SUBMITTED,TRUE
REQ01149,JOB01149,S&T,SEC_KAL_KAR,24-02-2026,8.40,10.22,102,1,overdue defect,7,SIGNAL_TEST_SET,NONE,REJECTED,TRUE
REQ01150,JOB01150,S&T,SEC_KAL_KAR,02-03-2026,13.17,14.01,44,2,preventive plan,3,OHE_TEST_KIT,SIGNAL_TEST_DEPENDENCY,APPROVED,TRUE
REQ01151,JOB01151,S&T,SEC_KAR_KHA,29-01-2026,19.08,21.19,131,1,safety correction,10,OHE_TEST_KIT,ACCESS_REQUIRED,SUBMITTED,TRUE
REQ01152,JOB01152,S&T,SEC_LON_TAL,07-01-2026,14.11,16.00,109,1,coordination opportunity,3,LIFTING_UNIT,NONE,SUBMITTED,TRUE
REQ01153,JOB01153,S&T,SEC_MUM_DAD,01-02-2026,10.05,12.27,142,3,safety correction,6,OHE_TEST_KIT,NONE,REJECTED,TRUE
REQ01154,JOB01154,TRD,SEC_MUM_DAD,27-03-2026,9.35,10.30,55,3,safety correction,9,LIFTING_UNIT,ACCESS_REQUIRED,REVIEW,TRUE
REQ01155,JOB01155,TRD,SEC_SHI_PUN,02-02-2026,17.47,18.25,38,3,overdue defect,6,SIGNAL_TEST_SET,TRACTION_ISOLATION,REJECTED,TRUE
REQ01156,JOB01156,TRD,SEC_KAL_KAR,09-01-2026,17.33,19.17,104,2,coordination opportunity,3,LIFTING_UNIT,NONE,APPROVED,TRUE
REQ01157,JOB01157,Engineering,SEC_THA_KAL,22-03-2026,8.44,9.43,59,4,preventive plan,8,HAND_TOOLS,SIGNAL_TEST_DEPENDENCY,REJECTED,TRUE
REQ01158,JOB01158,TRD,SEC_DAD_THA,27-01-2026,10.44,12.42,118,1,preventive plan,3,SIGNAL_TEST_SET,ACCESS_REQUIRED,SUBMITTED,TRUE
REQ01159,JOB01159,Engineering,SEC_TAL_CHI,07-02-2026,12.14,13.24,70,3,preventive plan,10,OHE_TEST_KIT,NONE,REVIEW,TRUE
REQ01160,JOB01160,Engineering,SEC_SHI_PUN,07-02-2026,19.16,19.49,33,2,overdue defect,10,LIFTING_UNIT,NONE,SUBMITTED,TRUE
REQ01161,JOB01161,TRD,SEC_CHI_SHI,22-03-2026,9.14,11.27,133,4,safety correction,10,LIFTING_UNIT,TRACTION_ISOLATION,REVIEW,TRUE
REQ01162,JOB01162,S&T,SEC_CHI_SHI,24-01-2026,7.05,8.54,109,2,preventive plan,10,HAND_TOOLS,ACCESS_REQUIRED,REVIEW,TRUE
REQ01163,JOB01163,Engineering,SEC_KHA_LON,17-03-2026,12.39,13.57,78,2,safety correction,7,SIGNAL_TEST_SET,ACCESS_REQUIRED,APPROVED,TRUE
REQ01164,JOB01164,S&T,SEC_THA_KAL,18-01-2026,12.40,14.24,104,3,overdue defect,4,TAMPER,NONE,REVIEW,TRUE
REQ01165,JOB01165,Engineering,SEC_DAD_THA,27-03-2026,12.03,13.48,105,4,coordination opportunity,3,HAND_TOOLS,ACCESS_REQUIRED,APPROVED,TRUE
REQ01166,JOB01166,TRD,SEC_KHA_LON,04-01-2026,11.16,12.15,59,3,overdue defect,4,OHE_TEST_KIT,TRACTION_ISOLATION,REJECTED,TRUE
REQ01167,JOB01167,Engineering,SEC_CHI_SHI,23-02-2026,18.45,20.43,118,4,overdue defect,8,HAND_TOOLS,NONE,REJECTED,TRUE
REQ01168,JOB01168,TRD,SEC_CHI_SHI,20-02-2026,17.17,18.12,55,4,overdue defect,3,TAMPER,NONE,APPROVED,TRUE
REQ01169,JOB01169,S&T,SEC_LON_TAL,04-03-2026,15.31,17.05,94,2,overdue defect,6,TAMPER,ACCESS_REQUIRED,REJECTED,TRUE
REQ01170,JOB01170,Engineering,SEC_KAR_KHA,29-01-2026,17.26,17.58,32,4,overdue defect,7,SIGNAL_TEST_SET,ACCESS_REQUIRED,REVIEW,TRUE
REQ01171,JOB01171,TRD,SEC_SHI_PUN,13-01-2026,11.28,12.45,77,2,safety correction,4,LIFTING_UNIT,TRACTION_ISOLATION,REJECTED,TRUE
REQ01172,JOB01172,S&T,SEC_KHA_LON,04-01-2026,15.08,16.05,57,1,overdue defect,10,TAMPER,TRACTION_ISOLATION,REVIEW,TRUE
REQ01173,JOB01173,Engineering,SEC_KAL_KAR,12-01-2026,8.08,9.33,85,2,overdue defect,5,HAND_TOOLS,TRACTION_ISOLATION,REJECTED,TRUE
REQ01174,JOB01174,Engineering,SEC_TAL_CHI,11-03-2026,17.43,19.03,80,4,coordination opportunity,3,SIGNAL_TEST_SET,ACCESS_REQUIRED,REVIEW,TRUE
REQ01175,JOB01175,Engineering,SEC_DAD_THA,20-03-2026,10.44,12.42,118,2,preventive plan,4,LIFTING_UNIT,ACCESS_REQUIRED,SUBMITTED,TRUE
REQ01176,JOB01176,S&T,SEC_SHI_PUN,24-01-2026,19.05,20.29,84,2,overdue defect,9,SIGNAL_TEST_SET,SIGNAL_TEST_DEPENDENCY,APPROVED,TRUE
REQ01177,JOB01177,S&T,SEC_MUM_DAD,05-01-2026,6.31,7.53,82,4,coordination opportunity,5,LIFTING_UNIT,TRACTION_ISOLATION,SUBMITTED,TRUE
REQ01178,JOB01178,Engineering,SEC_KHA_LON,08-02-2026,16.04,17.02,58,1,preventive plan,8,OHE_TEST_KIT,SIGNAL_TEST_DEPENDENCY,SUBMITTED,TRUE
REQ01179,JOB01179,TRD,SEC_KHA_LON,08-01-2026,14.11,15.30,79,1,safety correction,9,SIGNAL_TEST_SET,ACCESS_REQUIRED,REJECTED,TRUE
REQ01180,JOB01180,TRD,SEC_DAD_THA,12-03-2026,19.05,21.08,123,2,preventive plan,8,TAMPER,ACCESS_REQUIRED,APPROVED,TRUE
REQ01181,JOB01181,Engineering,SEC_CHI_SHI,01-02-2026,10.51,12.50,119,1,overdue defect,10,SIGNAL_TEST_SET,ACCESS_REQUIRED,REJECTED,TRUE
REQ01182,JOB01182,S&T,SEC_CHI_SHI,24-02-2026,9.20,11.26,126,4,coordination opportunity,7,OHE_TEST_KIT,TRACTION_ISOLATION,REJECTED,TRUE
REQ01183,JOB01183,S&T,SEC_SHI_PUN,12-03-2026,6.28,7.20,52,4,preventive plan,4,OHE_TEST_KIT,SIGNAL_TEST_DEPENDENCY,REJECTED,TRUE
REQ01184,JOB01184,Engineering,SEC_MUM_DAD,07-01-2026,13.34,15.42,128,4,overdue defect,3,HAND_TOOLS,NONE,APPROVED,TRUE
REQ01185,JOB01185,Engineering,SEC_KHA_LON,14-02-2026,12.34,13.11,37,1,overdue defect,5,TAMPER,NONE,SUBMITTED,TRUE
REQ01186,JOB01186,TRD,SEC_KAL_KAR,12-03-2026,6.18,8.08,110,2,safety correction,8,HAND_TOOLS,TRACTION_ISOLATION,REVIEW,TRUE
REQ01187,JOB01187,Engineering,SEC_CHI_SHI,07-03-2026,10.01,10.31,30,2,safety correction,3,SIGNAL_TEST_SET,ACCESS_REQUIRED,REVIEW,TRUE
REQ01188,JOB01188,S&T,SEC_LON_TAL,17-01-2026,14.39,16.16,97,2,safety correction,4,SIGNAL_TEST_SET,TRACTION_ISOLATION,APPROVED,TRUE
REQ01189,JOB01189,S&T,SEC_MUM_DAD,10-03-2026,7.48,9.29,101,2,safety correction,4,TAMPER,TRACTION_ISOLATION,REJECTED,TRUE
REQ01190,JOB01190,Engineering,SEC_LON_TAL,13-01-2026,18.01,19.34,93,1,preventive plan,3,TAMPER,NONE,APPROVED,TRUE
REQ01191,JOB01191,S&T,SEC_SHI_PUN,03-01-2026,10.35,12.51,136,2,coordination opportunity,4,TAMPER,NONE,REJECTED,TRUE
REQ01192,JOB01192,Engineering,SEC_DAD_THA,27-01-2026,15.02,16.24,82,1,overdue defect,5,LIFTING_UNIT,ACCESS_REQUIRED,APPROVED,TRUE
REQ01193,JOB01193,S&T,SEC_DAD_THA,17-02-2026,13.54,14.29,35,2,preventive plan,7,LIFTING_UNIT,NONE,REVIEW,TRUE
REQ01194,JOB01194,TRD,SEC_DAD_THA,10-03-2026,6.14,8.20,126,3,coordination opportunity,9,SIGNAL_TEST_SET,TRACTION_ISOLATION,REVIEW,TRUE
REQ01195,JOB01195,Engineering,SEC_KAR_KHA,07-03-2026,7.54,8.43,49,4,preventive plan,10,HAND_TOOLS,SIGNAL_TEST_DEPENDENCY,REVIEW,TRUE
REQ01196,JOB01196,Engineering,SEC_KAR_KHA,12-01-2026,11.47,12.30,43,2,preventive plan,3,TAMPER,NONE,SUBMITTED,TRUE
REQ01197,JOB01197,Engineering,SEC_KAL_KAR,08-01-2026,13.50,14.27,37,2,preventive plan,8,OHE_TEST_KIT,TRACTION_ISOLATION,APPROVED,TRUE
REQ01198,JOB01198,TRD,SEC_LON_TAL,04-03-2026,13.37,15.40,123,4,preventive plan,9,LIFTING_UNIT,SIGNAL_TEST_DEPENDENCY,APPROVED,TRUE
REQ01199,JOB01199,S&T,SEC_TAL_CHI,26-02-2026,14.26,15.10,44,4,coordination opportunity,5,SIGNAL_TEST_SET,TRACTION_ISOLATION,REVIEW,TRUE
REQ01200,JOB01200,TRD,SEC_KAL_KAR,03-03-2026,17.34,19.57,143,1,coordination opportunity,8,TAMPER,TRACTION_ISOLATION,SUBMITTED,TRUE
REQ01201,JOB01201,TRD,SEC_CHI_SHI,23-02-2026,15.23,17.12,109,3,safety correction,9,HAND_TOOLS,SIGNAL_TEST_DEPENDENCY,REVIEW,TRUE
REQ01202,JOB01202,S&T,SEC_KAL_KAR,03-01-2026,11.14,13.29,135,2,safety correction,10,LIFTING_UNIT,NONE,APPROVED,TRUE
REQ01203,JOB01203,TRD,SEC_KHA_LON,29-01-2026,11.49,12.49,60,4,overdue defect,3,TAMPER,NONE,REJECTED,TRUE
REQ01204,JOB01204,S&T,SEC_LON_TAL,24-01-2026,14.51,15.25,34,3,overdue defect,8,HAND_TOOLS,ACCESS_REQUIRED,SUBMITTED,TRUE
REQ01205,JOB01205,Engineering,SEC_MUM_DAD,11-01-2026,6.06,8.15,129,2,coordination opportunity,10,TAMPER,TRACTION_ISOLATION,APPROVED,TRUE
REQ01206,JOB01206,S&T,SEC_DAD_THA,20-01-2026,10.15,11.42,87,2,preventive plan,3,HAND_TOOLS,TRACTION_ISOLATION,REVIEW,TRUE
REQ01207,JOB01207,Engineering,SEC_DAD_THA,15-03-2026,13.55,16.11,136,2,coordination opportunity,4,TAMPER,TRACTION_ISOLATION,REJECTED,TRUE
REQ01208,JOB01208,Engineering,SEC_THA_KAL,05-03-2026,9.48,12.05,137,1,safety correction,4,SIGNAL_TEST_SET,ACCESS_REQUIRED,SUBMITTED,TRUE
REQ01209,JOB01209,TRD,SEC_THA_KAL,13-02-2026,6.20,6.52,32,4,preventive plan,10,TAMPER,ACCESS_REQUIRED,REVIEW,TRUE
REQ01210,JOB01210,TRD,SEC_DAD_THA,23-01-2026,13.23,15.32,129,1,coordination opportunity,8,LIFTING_UNIT,NONE,APPROVED,TRUE
REQ01211,JOB01211,S&T,SEC_SHI_PUN,31-03-2026,8.46,9.30,44,4,coordination opportunity,6,OHE_TEST_KIT,NONE,APPROVED,TRUE
REQ01212,JOB01212,Engineering,SEC_CHI_SHI,08-02-2026,14.58,15.52,54,3,safety correction,5,LIFTING_UNIT,SIGNAL_TEST_DEPENDENCY,REVIEW,TRUE
REQ01213,JOB01213,Engineering,SEC_LON_TAL,22-01-2026,17.17,18.35,78,3,overdue defect,9,TAMPER,ACCESS_REQUIRED,SUBMITTED,TRUE
REQ01214,JOB01214,TRD,SEC_KAR_KHA,14-01-2026,19.20,21.21,121,3,coordination opportunity,8,HAND_TOOLS,SIGNAL_TEST_DEPENDENCY,APPROVED,TRUE
REQ01215,JOB01215,TRD,SEC_KHA_LON,23-01-2026,11.44,13.54,130,1,coordination opportunity,10,HAND_TOOLS,NONE,APPROVED,TRUE
REQ01216,JOB01216,S&T,SEC_MUM_DAD,27-01-2026,11.58,13.57,119,2,safety correction,5,LIFTING_UNIT,TRACTION_ISOLATION,REVIEW,TRUE
REQ01217,JOB01217,TRD,SEC_KHA_LON,14-02-2026,11.12,13.23,131,3,coordination opportunity,6,SIGNAL_TEST_SET,SIGNAL_TEST_DEPENDENCY,REVIEW,TRUE
REQ01218,JOB01218,Engineering,SEC_CHI_SHI,26-02-2026,7.25,8.17,52,4,overdue defect,7,TAMPER,NONE,SUBMITTED,TRUE
REQ01219,JOB01219,TRD,SEC_CHI_SHI,24-03-2026,15.21,17.49,148,1,overdue defect,3,SIGNAL_TEST_SET,TRACTION_ISOLATION,REJECTED,TRUE
REQ01220,JOB01220,S&T,SEC_KAL_KAR,24-02-2026,6.34,8.47,133,4,overdue defect,3,HAND_TOOLS,ACCESS_REQUIRED,APPROVED,TRUE
REQ01221,JOB01221,Engineering,SEC_SHI_PUN,11-03-2026,19.22,20.37,75,1,safety correction,10,TAMPER,TRACTION_ISOLATION,APPROVED,TRUE
REQ01222,JOB01222,S&T,SEC_THA_KAL,06-02-2026,14.38,16.13,95,4,overdue defect,9,LIFTING_UNIT,SIGNAL_TEST_DEPENDENCY,REVIEW,TRUE
REQ01223,JOB01223,Engineering,SEC_KAL_KAR,06-01-2026,15.36,16.49,73,3,preventive plan,6,OHE_TEST_KIT,ACCESS_REQUIRED,APPROVED,TRUE
REQ01224,JOB01224,Engineering,SEC_MUM_DAD,12-01-2026,9.40,11.49,129,1,coordination opportunity,7,TAMPER,TRACTION_ISOLATION,REJECTED,TRUE
REQ01225,JOB01225,S&T,SEC_KAL_KAR,02-03-2026,6.23,8.29,126,2,preventive plan,5,HAND_TOOLS,NONE,APPROVED,TRUE
REQ01226,JOB01226,S&T,SEC_LON_TAL,21-03-2026,15.09,16.22,73,3,coordination opportunity,9,HAND_TOOLS,SIGNAL_TEST_DEPENDENCY,SUBMITTED,TRUE
REQ01227,JOB01227,S&T,SEC_LON_TAL,04-03-2026,18.41,20.44,123,4,coordination opportunity,4,OHE_TEST_KIT,SIGNAL_TEST_DEPENDENCY,SUBMITTED,TRUE
REQ01228,JOB01228,Engineering,SEC_CHI_SHI,14-02-2026,7.03,7.34,31,4,overdue defect,6,SIGNAL_TEST_SET,SIGNAL_TEST_DEPENDENCY,SUBMITTED,TRUE
REQ01229,JOB01229,S&T,SEC_KAL_KAR,10-02-2026,19.48,21.16,88,2,coordination opportunity,8,TAMPER,NONE,APPROVED,TRUE
REQ01230,JOB01230,TRD,SEC_DAD_THA,01-03-2026,8.08,9.55,107,4,preventive plan,8,HAND_TOOLS,NONE,REJECTED,TRUE
REQ01231,JOB01231,Engineering,SEC_THA_KAL,13-01-2026,6.03,6.41,38,4,coordination opportunity,4,OHE_TEST_KIT,TRACTION_ISOLATION,SUBMITTED,TRUE
REQ01232,JOB01232,TRD,SEC_TAL_CHI,29-03-2026,17.28,19.17,109,1,preventive plan,7,SIGNAL_TEST_SET,SIGNAL_TEST_DEPENDENCY,REVIEW,TRUE
REQ01233,JOB01233,Engineering,SEC_MUM_DAD,07-02-2026,15.26,16.42,76,3,overdue defect,8,OHE_TEST_KIT,TRACTION_ISOLATION,REVIEW,TRUE
REQ01234,JOB01234,Engineering,SEC_DAD_THA,25-02-2026,9.32,10.25,53,2,preventive plan,8,OHE_TEST_KIT,ACCESS_REQUIRED,REVIEW,TRUE
REQ01235,JOB01235,TRD,SEC_LON_TAL,29-03-2026,19.24,20.25,61,3,safety correction,10,TAMPER,ACCESS_REQUIRED,SUBMITTED,TRUE
REQ01236,JOB01236,S&T,SEC_KAR_KHA,21-01-2026,15.14,17.36,142,1,coordination opportunity,9,HAND_TOOLS,ACCESS_REQUIRED,REJECTED,TRUE
REQ01237,JOB01237,Engineering,SEC_KAR_KHA,21-03-2026,6.25,7.36,71,3,preventive plan,3,SIGNAL_TEST_SET,ACCESS_REQUIRED,APPROVED,TRUE
REQ01238,JOB01238,S&T,SEC_DAD_THA,06-02-2026,7.57,10.09,132,4,overdue defect,5,TAMPER,NONE,REVIEW,TRUE
REQ01239,JOB01239,Engineering,SEC_THA_KAL,15-01-2026,19.35,20.11,36,3,preventive plan,6,TAMPER,TRACTION_ISOLATION,APPROVED,TRUE
REQ01240,JOB01240,S&T,SEC_TAL_CHI,12-03-2026,12.59,14.37,98,2,preventive plan,9,SIGNAL_TEST_SET,ACCESS_REQUIRED,APPROVED,TRUE
REQ01241,JOB01241,Engineering,SEC_CHI_SHI,05-02-2026,18.32,19.27,55,1,overdue defect,8,TAMPER,NONE,REJECTED,TRUE
REQ01242,JOB01242,TRD,SEC_THA_KAL,11-01-2026,16.14,18.38,144,2,preventive plan,7,TAMPER,NONE,APPROVED,TRUE
REQ01243,JOB01243,TRD,SEC_MUM_DAD,10-02-2026,13.09,15.35,146,1,safety correction,7,TAMPER,TRACTION_ISOLATION,SUBMITTED,TRUE
REQ01244,JOB01244,TRD,SEC_THA_KAL,26-03-2026,19.50,20.52,62,1,preventive plan,7,OHE_TEST_KIT,NONE,REVIEW,TRUE
REQ01245,JOB01245,S&T,SEC_MUM_DAD,22-02-2026,13.33,14.04,31,4,preventive plan,3,OHE_TEST_KIT,SIGNAL_TEST_DEPENDENCY,REJECTED,TRUE
REQ01246,JOB01246,S&T,SEC_TAL_CHI,22-02-2026,19.13,20.04,51,1,preventive plan,8,HAND_TOOLS,ACCESS_REQUIRED,REVIEW,TRUE
REQ01247,JOB01247,S&T,SEC_TAL_CHI,02-02-2026,6.20,6.54,34,1,safety correction,7,SIGNAL_TEST_SET,NONE,REJECTED,TRUE
REQ01248,JOB01248,TRD,SEC_TAL_CHI,13-03-2026,15.53,17.36,103,4,preventive plan,5,LIFTING_UNIT,TRACTION_ISOLATION,APPROVED,TRUE
REQ01249,JOB01249,S&T,SEC_SHI_PUN,02-02-2026,18.35,20.38,123,2,safety correction,3,OHE_TEST_KIT,TRACTION_ISOLATION,SUBMITTED,TRUE
REQ01250,JOB01250,TRD,SEC_MUM_DAD,08-01-2026,11.40,13.14,94,4,coordination opportunity,4,SIGNAL_TEST_SET,ACCESS_REQUIRED,REVIEW,TRUE
REQ01251,JOB01251,S&T,SEC_LON_TAL,15-02-2026,6.39,9.07,148,3,overdue defect,9,LIFTING_UNIT,NONE,SUBMITTED,TRUE
REQ01252,JOB01252,TRD,SEC_KHA_LON,25-03-2026,6.25,8.13,108,3,safety correction,8,HAND_TOOLS,TRACTION_ISOLATION,REJECTED,TRUE
REQ01253,JOB01253,Engineering,SEC_LON_TAL,06-03-2026,16.42,18.50,128,1,overdue defect,10,LIFTING_UNIT,TRACTION_ISOLATION,APPROVED,TRUE
REQ01254,JOB01254,Engineering,SEC_LON_TAL,22-03-2026,9.59,11.55,116,4,coordination opportunity,6,LIFTING_UNIT,SIGNAL_TEST_DEPENDENCY,REVIEW,TRUE
REQ01255,JOB01255,S&T,SEC_KHA_LON,28-01-2026,17.59,18.42,43,4,coordination opportunity,4,TAMPER,TRACTION_ISOLATION,REJECTED,TRUE
REQ01256,JOB01256,TRD,SEC_THA_KAL,06-02-2026,10.50,12.50,120,1,overdue defect,10,HAND_TOOLS,SIGNAL_TEST_DEPENDENCY,REVIEW,TRUE
REQ01257,JOB01257,S&T,SEC_CHI_SHI,08-01-2026,9.08,9.52,44,1,overdue defect,9,HAND_TOOLS,NONE,REJECTED,TRUE
REQ01258,JOB01258,S&T,SEC_KHA_LON,12-02-2026,9.37,11.44,127,2,preventive plan,4,HAND_TOOLS,SIGNAL_TEST_DEPENDENCY,REVIEW,TRUE
REQ01259,JOB01259,Engineering,SEC_TAL_CHI,17-03-2026,12.26,13.46,80,2,preventive plan,3,TAMPER,ACCESS_REQUIRED,REJECTED,TRUE
REQ01260,JOB01260,Engineering,SEC_DAD_THA,14-01-2026,14.01,15.31,90,3,safety correction,6,TAMPER,NONE,REVIEW,TRUE
REQ01261,JOB01261,TRD,SEC_CHI_SHI,10-01-2026,7.01,8.39,98,3,overdue defect,5,LIFTING_UNIT,TRACTION_ISOLATION,REVIEW,TRUE
REQ01262,JOB01262,TRD,SEC_THA_KAL,26-03-2026,17.46,20.00,134,1,safety correction,6,HAND_TOOLS,ACCESS_REQUIRED,SUBMITTED,TRUE
REQ01263,JOB01263,Engineering,SEC_LON_TAL,10-02-2026,13.05,14.59,114,3,overdue defect,9,SIGNAL_TEST_SET,NONE,APPROVED,TRUE
REQ01264,JOB01264,S&T,SEC_TAL_CHI,08-02-2026,8.05,10.30,145,3,coordination opportunity,9,SIGNAL_TEST_SET,SIGNAL_TEST_DEPENDENCY,APPROVED,TRUE
REQ01265,JOB01265,Engineering,SEC_MUM_DAD,06-02-2026,6.21,7.17,56,3,preventive plan,5,OHE_TEST_KIT,TRACTION_ISOLATION,REJECTED,TRUE
REQ01266,JOB01266,TRD,SEC_CHI_SHI,25-02-2026,15.43,17.53,130,2,safety correction,9,LIFTING_UNIT,NONE,APPROVED,TRUE
REQ01267,JOB01267,Engineering,SEC_KHA_LON,13-03-2026,8.58,10.27,89,1,preventive plan,9,HAND_TOOLS,NONE,APPROVED,TRUE
REQ01268,JOB01268,S&T,SEC_KHA_LON,24-03-2026,13.14,14.59,105,1,safety correction,3,OHE_TEST_KIT,TRACTION_ISOLATION,APPROVED,TRUE
REQ01269,JOB01269,Engineering,SEC_KHA_LON,31-01-2026,11.12,12.52,100,4,safety correction,3,TAMPER,SIGNAL_TEST_DEPENDENCY,SUBMITTED,TRUE
REQ01270,JOB01270,Engineering,SEC_THA_KAL,04-03-2026,18.50,20.05,75,2,overdue defect,3,HAND_TOOLS,SIGNAL_TEST_DEPENDENCY,SUBMITTED,TRUE
REQ01271,JOB01271,Engineering,SEC_DAD_THA,09-02-2026,16.27,18.01,94,2,coordination opportunity,5,OHE_TEST_KIT,ACCESS_REQUIRED,REJECTED,TRUE
REQ01272,JOB01272,Engineering,SEC_THA_KAL,30-01-2026,8.35,11.02,147,2,coordination opportunity,4,TAMPER,TRACTION_ISOLATION,APPROVED,TRUE
REQ01273,JOB01273,TRD,SEC_MUM_DAD,23-03-2026,10.15,11.57,102,2,coordination opportunity,7,HAND_TOOLS,SIGNAL_TEST_DEPENDENCY,SUBMITTED,TRUE
REQ01274,JOB01274,TRD,SEC_LON_TAL,26-01-2026,19.03,20.02,59,2,coordination opportunity,7,SIGNAL_TEST_SET,ACCESS_REQUIRED,APPROVED,TRUE
REQ01275,JOB01275,Engineering,SEC_DAD_THA,17-01-2026,19.35,20.14,39,4,preventive plan,9,OHE_TEST_KIT,NONE,REVIEW,TRUE
REQ01276,JOB01276,TRD,SEC_SHI_PUN,17-02-2026,7.27,9.42,135,2,preventive plan,7,LIFTING_UNIT,NONE,SUBMITTED,TRUE
REQ01277,JOB01277,TRD,SEC_THA_KAL,27-02-2026,18.01,18.38,37,1,coordination opportunity,9,OHE_TEST_KIT,ACCESS_REQUIRED,REVIEW,TRUE
REQ01278,JOB01278,TRD,SEC_MUM_DAD,07-02-2026,18.28,19.24,56,4,coordination opportunity,6,OHE_TEST_KIT,NONE,APPROVED,TRUE
REQ01279,JOB01279,S&T,SEC_MUM_DAD,13-02-2026,7.49,9.17,88,2,overdue defect,10,LIFTING_UNIT,SIGNAL_TEST_DEPENDENCY,REJECTED,TRUE
REQ01280,JOB01280,Engineering,SEC_SHI_PUN,07-03-2026,9.57,12.14,137,4,coordination opportunity,9,LIFTING_UNIT,SIGNAL_TEST_DEPENDENCY,APPROVED,TRUE
REQ01281,JOB01281,S&T,SEC_KAR_KHA,25-02-2026,9.57,10.33,36,3,coordination opportunity,4,SIGNAL_TEST_SET,NONE,APPROVED,TRUE
REQ01282,JOB01282,TRD,SEC_TAL_CHI,06-01-2026,16.29,18.34,125,3,safety correction,5,SIGNAL_TEST_SET,NONE,REVIEW,TRUE
REQ01283,JOB01283,Engineering,SEC_SHI_PUN,12-02-2026,16.39,18.17,98,1,coordination opportunity,6,OHE_TEST_KIT,TRACTION_ISOLATION,REJECTED,TRUE
REQ01284,JOB01284,TRD,SEC_SHI_PUN,31-03-2026,7.19,9.37,138,1,safety correction,9,OHE_TEST_KIT,TRACTION_ISOLATION,REVIEW,TRUE
REQ01285,JOB01285,S&T,SEC_LON_TAL,20-01-2026,19.03,20.38,95,3,preventive plan,5,SIGNAL_TEST_SET,NONE,REJECTED,TRUE
REQ01286,JOB01286,S&T,SEC_SHI_PUN,13-02-2026,14.43,16.50,127,3,preventive plan,7,LIFTING_UNIT,SIGNAL_TEST_DEPENDENCY,REJECTED,TRUE
REQ01287,JOB01287,Engineering,SEC_SHI_PUN,05-01-2026,18.19,19.08,49,1,preventive plan,5,OHE_TEST_KIT,NONE,REJECTED,TRUE
REQ01288,JOB01288,S&T,SEC_SHI_PUN,25-01-2026,19.41,20.20,39,3,safety correction,4,OHE_TEST_KIT,SIGNAL_TEST_DEPENDENCY,SUBMITTED,TRUE
REQ01289,JOB01289,S&T,SEC_DAD_THA,08-02-2026,14.47,16.35,108,2,safety correction,4,LIFTING_UNIT,ACCESS_REQUIRED,SUBMITTED,TRUE
REQ01290,JOB01290,Engineering,SEC_MUM_DAD,01-01-2026,19.05,20.43,98,2,overdue defect,9,SIGNAL_TEST_SET,ACCESS_REQUIRED,SUBMITTED,TRUE
REQ01291,JOB01291,TRD,SEC_KAR_KHA,08-03-2026,18.34,20.34,120,2,coordination opportunity,9,HAND_TOOLS,TRACTION_ISOLATION,REJECTED,TRUE
REQ01292,JOB01292,Engineering,SEC_MUM_DAD,28-01-2026,13.03,13.43,40,4,overdue defect,4,TAMPER,NONE,REJECTED,TRUE
REQ01293,JOB01293,TRD,SEC_KAR_KHA,16-02-2026,13.36,14.31,55,2,coordination opportunity,4,TAMPER,SIGNAL_TEST_DEPENDENCY,REVIEW,TRUE
REQ01294,JOB01294,S&T,SEC_DAD_THA,29-03-2026,19.49,22.08,139,2,overdue defect,8,SIGNAL_TEST_SET,SIGNAL_TEST_DEPENDENCY,REJECTED,TRUE
REQ01295,JOB01295,Engineering,SEC_KAR_KHA,22-01-2026,8.12,10.13,121,3,overdue defect,6,OHE_TEST_KIT,TRACTION_ISOLATION,REJECTED,TRUE
REQ01296,JOB01296,S&T,SEC_THA_KAL,13-01-2026,16.53,17.27,34,4,coordination opportunity,5,SIGNAL_TEST_SET,SIGNAL_TEST_DEPENDENCY,SUBMITTED,TRUE
REQ01297,JOB01297,TRD,SEC_MUM_DAD,20-01-2026,11.33,13.57,144,1,coordination opportunity,8,TAMPER,SIGNAL_TEST_DEPENDENCY,SUBMITTED,TRUE
REQ01298,JOB01298,Engineering,SEC_KHA_LON,11-03-2026,6.28,7.00,32,1,coordination opportunity,8,TAMPER,TRACTION_ISOLATION,APPROVED,TRUE
REQ01299,JOB01299,S&T,SEC_CHI_SHI,20-03-2026,6.46,7.57,71,3,safety correction,10,OHE_TEST_KIT,ACCESS_REQUIRED,APPROVED,TRUE
REQ01300,JOB01300,TRD,SEC_MUM_DAD,12-01-2026,13.56,15.42,106,2,preventive plan,6,OHE_TEST_KIT,ACCESS_REQUIRED,SUBMITTED,TRUE
REQ01301,JOB01301,S&T,SEC_KAR_KHA,22-02-2026,15.54,16.59,65,1,preventive plan,10,TAMPER,SIGNAL_TEST_DEPENDENCY,REJECTED,TRUE
REQ01302,JOB01302,Engineering,SEC_KHA_LON,27-02-2026,7.54,8.42,48,3,preventive plan,10,TAMPER,NONE,SUBMITTED,TRUE
REQ01303,JOB01303,Engineering,SEC_DAD_THA,26-01-2026,19.52,22.09,137,2,coordination opportunity,6,TAMPER,TRACTION_ISOLATION,REVIEW,TRUE
REQ01304,JOB01304,S&T,SEC_DAD_THA,21-03-2026,19.42,21.36,114,2,safety correction,9,HAND_TOOLS,TRACTION_ISOLATION,SUBMITTED,TRUE
REQ01305,JOB01305,TRD,SEC_LON_TAL,18-01-2026,6.04,8.04,120,1,safety correction,5,SIGNAL_TEST_SET,ACCESS_REQUIRED,SUBMITTED,TRUE
REQ01306,JOB01306,S&T,SEC_DAD_THA,27-03-2026,6.28,7.56,88,3,coordination opportunity,4,TAMPER,SIGNAL_TEST_DEPENDENCY,SUBMITTED,TRUE
REQ01307,JOB01307,S&T,SEC_THA_KAL,09-01-2026,13.43,15.41,118,1,overdue defect,7,LIFTING_UNIT,ACCESS_REQUIRED,REJECTED,TRUE
REQ01308,JOB01308,Engineering,SEC_LON_TAL,31-03-2026,7.57,9.57,120,4,preventive plan,9,LIFTING_UNIT,NONE,SUBMITTED,TRUE
REQ01309,JOB01309,Engineering,SEC_CHI_SHI,18-01-2026,17.33,18.50,77,1,safety correction,9,OHE_TEST_KIT,SIGNAL_TEST_DEPENDENCY,APPROVED,TRUE
REQ01310,JOB01310,S&T,SEC_DAD_THA,13-02-2026,12.45,14.35,110,1,overdue defect,6,TAMPER,ACCESS_REQUIRED,REVIEW,TRUE
REQ01311,JOB01311,Engineering,SEC_KAR_KHA,20-03-2026,11.44,13.24,100,2,preventive plan,4,OHE_TEST_KIT,NONE,SUBMITTED,TRUE
REQ01312,JOB01312,TRD,SEC_THA_KAL,11-02-2026,6.03,8.32,149,4,safety correction,6,SIGNAL_TEST_SET,SIGNAL_TEST_DEPENDENCY,REJECTED,TRUE
REQ01313,JOB01313,Engineering,SEC_KAL_KAR,02-01-2026,11.53,13.05,72,2,coordination opportunity,9,OHE_TEST_KIT,TRACTION_ISOLATION,REJECTED,TRUE
REQ01314,JOB01314,S&T,SEC_KAL_KAR,13-03-2026,10.32,11.42,70,4,coordination opportunity,5,HAND_TOOLS,TRACTION_ISOLATION,APPROVED,TRUE
REQ01315,JOB01315,TRD,SEC_SHI_PUN,07-02-2026,10.42,11.46,64,1,preventive plan,5,HAND_TOOLS,ACCESS_REQUIRED,SUBMITTED,TRUE
REQ01316,JOB01316,S&T,SEC_KAL_KAR,05-03-2026,16.50,18.53,123,4,preventive plan,5,SIGNAL_TEST_SET,ACCESS_REQUIRED,APPROVED,TRUE
REQ01317,JOB01317,S&T,SEC_THA_KAL,12-01-2026,7.50,10.05,135,3,safety correction,5,LIFTING_UNIT,TRACTION_ISOLATION,REJECTED,TRUE
REQ01318,JOB01318,Engineering,SEC_CHI_SHI,28-01-2026,15.01,16.06,65,1,safety correction,10,TAMPER,ACCESS_REQUIRED,REVIEW,TRUE
REQ01319,JOB01319,Engineering,SEC_KAR_KHA,26-03-2026,13.20,14.00,40,1,overdue defect,4,OHE_TEST_KIT,ACCESS_REQUIRED,REJECTED,TRUE
REQ01320,JOB01320,Engineering,SEC_THA_KAL,25-01-2026,13.29,15.33,124,4,preventive plan,4,HAND_TOOLS,NONE,APPROVED,TRUE
REQ01321,JOB01321,TRD,SEC_THA_KAL,13-03-2026,18.12,20.06,114,3,overdue defect,9,OHE_TEST_KIT,TRACTION_ISOLATION,REVIEW,TRUE
REQ01322,JOB01322,Engineering,SEC_MUM_DAD,07-02-2026,13.09,13.58,49,1,overdue defect,8,SIGNAL_TEST_SET,SIGNAL_TEST_DEPENDENCY,REVIEW,TRUE
REQ01323,JOB01323,Engineering,SEC_KAR_KHA,12-01-2026,7.37,9.35,118,1,overdue defect,8,HAND_TOOLS,NONE,REJECTED,TRUE
REQ01324,JOB01324,Engineering,SEC_SHI_PUN,08-03-2026,8.52,10.53,121,2,coordination opportunity,4,SIGNAL_TEST_SET,NONE,SUBMITTED,TRUE
REQ01325,JOB01325,S&T,SEC_DAD_THA,25-03-2026,19.59,22.26,147,1,safety correction,8,TAMPER,SIGNAL_TEST_DEPENDENCY,REVIEW,TRUE
REQ01326,JOB01326,TRD,SEC_KHA_LON,29-03-2026,10.01,11.43,102,4,safety correction,7,TAMPER,ACCESS_REQUIRED,SUBMITTED,TRUE
REQ01327,JOB01327,TRD,SEC_SHI_PUN,27-02-2026,8.54,9.48,54,2,coordination opportunity,6,HAND_TOOLS,TRACTION_ISOLATION,REJECTED,TRUE
REQ01328,JOB01328,Engineering,SEC_KHA_LON,17-01-2026,19.21,20.14,53,4,preventive plan,7,OHE_TEST_KIT,ACCESS_REQUIRED,APPROVED,TRUE
REQ01329,JOB01329,Engineering,SEC_KHA_LON,04-02-2026,12.03,12.34,31,1,overdue defect,7,OHE_TEST_KIT,TRACTION_ISOLATION,SUBMITTED,TRUE
REQ01330,JOB01330,Engineering,SEC_THA_KAL,19-03-2026,8.16,9.49,93,4,safety correction,10,TAMPER,TRACTION_ISOLATION,REJECTED,TRUE
REQ01331,JOB01331,Engineering,SEC_MUM_DAD,03-02-2026,13.58,14.53,55,2,preventive plan,5,HAND_TOOLS,SIGNAL_TEST_DEPENDENCY,SUBMITTED,TRUE
REQ01332,JOB01332,TRD,SEC_MUM_DAD,04-03-2026,12.32,13.32,60,2,overdue defect,5,OHE_TEST_KIT,ACCESS_REQUIRED,APPROVED,TRUE
REQ01333,JOB01333,TRD,SEC_KHA_LON,13-03-2026,8.46,9.52,66,2,preventive plan,8,LIFTING_UNIT,TRACTION_ISOLATION,REJECTED,TRUE
REQ01334,JOB01334,TRD,SEC_DAD_THA,05-03-2026,13.24,15.04,100,3,preventive plan,4,TAMPER,NONE,REVIEW,TRUE
REQ01335,JOB01335,S&T,SEC_KAL_KAR,24-02-2026,8.30,9.06,36,1,coordination opportunity,8,LIFTING_UNIT,ACCESS_REQUIRED,REVIEW,TRUE
REQ01336,JOB01336,TRD,SEC_KAR_KHA,14-01-2026,14.37,15.34,57,1,coordination opportunity,7,OHE_TEST_KIT,NONE,SUBMITTED,TRUE
REQ01337,JOB01337,TRD,SEC_SHI_PUN,21-02-2026,17.57,19.08,71,4,safety correction,8,SIGNAL_TEST_SET,NONE,APPROVED,TRUE
REQ01338,JOB01338,Engineering,SEC_DAD_THA,04-01-2026,14.25,16.20,115,3,preventive plan,5,OHE_TEST_KIT,ACCESS_REQUIRED,APPROVED,TRUE
REQ01339,JOB01339,Engineering,SEC_KHA_LON,08-01-2026,15.55,17.58,123,3,coordination opportunity,4,TAMPER,TRACTION_ISOLATION,REJECTED,TRUE
REQ01340,JOB01340,TRD,SEC_KHA_LON,08-03-2026,11.41,13.41,120,1,coordination opportunity,7,LIFTING_UNIT,ACCESS_REQUIRED,APPROVED,TRUE
REQ01341,JOB01341,S&T,SEC_TAL_CHI,25-02-2026,11.28,12.19,51,2,overdue defect,8,TAMPER,SIGNAL_TEST_DEPENDENCY,REVIEW,TRUE
REQ01342,JOB01342,Engineering,SEC_MUM_DAD,14-02-2026,10.38,13.00,142,1,coordination opportunity,4,OHE_TEST_KIT,TRACTION_ISOLATION,SUBMITTED,TRUE
REQ01343,JOB01343,TRD,SEC_CHI_SHI,16-01-2026,11.49,13.35,106,1,preventive plan,5,TAMPER,NONE,SUBMITTED,TRUE
REQ01344,JOB01344,Engineering,SEC_LON_TAL,11-03-2026,18.36,20.40,124,3,preventive plan,10,SIGNAL_TEST_SET,NONE,SUBMITTED,TRUE
REQ01345,JOB01345,Engineering,SEC_KHA_LON,10-02-2026,12.00,13.59,119,2,coordination opportunity,4,OHE_TEST_KIT,ACCESS_REQUIRED,REVIEW,TRUE
REQ01346,JOB01346,S&T,SEC_DAD_THA,14-03-2026,8.00,9.47,107,3,preventive plan,10,OHE_TEST_KIT,ACCESS_REQUIRED,REVIEW,TRUE
REQ01347,JOB01347,Engineering,SEC_LON_TAL,06-03-2026,17.27,19.30,123,1,coordination opportunity,3,LIFTING_UNIT,SIGNAL_TEST_DEPENDENCY,SUBMITTED,TRUE
REQ01348,JOB01348,Engineering,SEC_KAR_KHA,05-03-2026,18.25,20.39,134,3,coordination opportunity,5,OHE_TEST_KIT,TRACTION_ISOLATION,APPROVED,TRUE
REQ01349,JOB01349,Engineering,SEC_THA_KAL,05-03-2026,10.35,11.21,46,2,overdue defect,7,SIGNAL_TEST_SET,SIGNAL_TEST_DEPENDENCY,APPROVED,TRUE
REQ01350,JOB01350,S&T,SEC_THA_KAL,09-01-2026,12.19,14.30,131,2,safety correction,4,OHE_TEST_KIT,ACCESS_REQUIRED,REVIEW,TRUE
REQ01351,JOB01351,TRD,SEC_MUM_DAD,04-03-2026,8.23,10.27,124,2,safety correction,5,HAND_TOOLS,SIGNAL_TEST_DEPENDENCY,APPROVED,TRUE
REQ01352,JOB01352,S&T,SEC_KAR_KHA,08-01-2026,10.55,12.16,81,4,preventive plan,9,TAMPER,SIGNAL_TEST_DEPENDENCY,REVIEW,TRUE
REQ01353,JOB01353,Engineering,SEC_CHI_SHI,03-03-2026,17.47,19.38,111,3,coordination opportunity,7,SIGNAL_TEST_SET,ACCESS_REQUIRED,SUBMITTED,TRUE
REQ01354,JOB01354,Engineering,SEC_KAR_KHA,13-02-2026,13.48,16.01,133,3,overdue defect,3,OHE_TEST_KIT,ACCESS_REQUIRED,REJECTED,TRUE
REQ01355,JOB01355,Engineering,SEC_TAL_CHI,18-03-2026,19.00,20.16,76,4,safety correction,8,TAMPER,NONE,SUBMITTED,TRUE
REQ01356,JOB01356,Engineering,SEC_KAL_KAR,11-01-2026,15.05,17.01,116,2,safety correction,7,HAND_TOOLS,TRACTION_ISOLATION,REVIEW,TRUE
REQ01357,JOB01357,TRD,SEC_DAD_THA,15-02-2026,8.56,10.58,122,2,coordination opportunity,6,OHE_TEST_KIT,ACCESS_REQUIRED,REVIEW,TRUE
REQ01358,JOB01358,TRD,SEC_TAL_CHI,26-01-2026,6.51,9.16,145,4,safety correction,9,LIFTING_UNIT,SIGNAL_TEST_DEPENDENCY,APPROVED,TRUE
REQ01359,JOB01359,S&T,SEC_TAL_CHI,18-01-2026,12.48,13.50,62,1,overdue defect,5,OHE_TEST_KIT,TRACTION_ISOLATION,REJECTED,TRUE
REQ01360,JOB01360,S&T,SEC_LON_TAL,30-01-2026,18.48,20.19,91,3,safety correction,9,TAMPER,ACCESS_REQUIRED,APPROVED,TRUE
REQ01361,JOB01361,Engineering,SEC_SHI_PUN,30-03-2026,13.01,15.02,121,2,coordination opportunity,8,HAND_TOOLS,TRACTION_ISOLATION,REJECTED,TRUE
REQ01362,JOB01362,Engineering,SEC_CHI_SHI,31-03-2026,11.09,13.39,150,1,overdue defect,5,TAMPER,ACCESS_REQUIRED,SUBMITTED,TRUE
REQ01363,JOB01363,S&T,SEC_CHI_SHI,09-02-2026,17.53,18.58,65,1,safety correction,8,SIGNAL_TEST_SET,SIGNAL_TEST_DEPENDENCY,APPROVED,TRUE
REQ01364,JOB01364,Engineering,SEC_KAR_KHA,26-03-2026,13.21,15.36,135,3,preventive plan,3,LIFTING_UNIT,TRACTION_ISOLATION,REJECTED,TRUE
REQ01365,JOB01365,Engineering,SEC_SHI_PUN,25-03-2026,7.45,8.29,44,1,coordination opportunity,7,HAND_TOOLS,SIGNAL_TEST_DEPENDENCY,REJECTED,TRUE
REQ01366,JOB01366,S&T,SEC_CHI_SHI,18-03-2026,17.10,18.17,67,2,safety correction,3,TAMPER,TRACTION_ISOLATION,REJECTED,TRUE
REQ01367,JOB01367,S&T,SEC_LON_TAL,22-01-2026,17.42,19.31,109,3,coordination opportunity,4,HAND_TOOLS,TRACTION_ISOLATION,REVIEW,TRUE
REQ01368,JOB01368,TRD,SEC_THA_KAL,20-02-2026,7.27,8.17,50,4,safety correction,5,LIFTING_UNIT,TRACTION_ISOLATION,SUBMITTED,TRUE
REQ01369,JOB01369,Engineering,SEC_SHI_PUN,18-02-2026,8.02,8.48,46,1,overdue defect,8,LIFTING_UNIT,SIGNAL_TEST_DEPENDENCY,REVIEW,TRUE
REQ01370,JOB01370,S&T,SEC_LON_TAL,01-01-2026,10.17,12.45,148,3,preventive plan,5,SIGNAL_TEST_SET,TRACTION_ISOLATION,APPROVED,TRUE
REQ01371,JOB01371,Engineering,SEC_KAL_KAR,15-01-2026,6.11,8.22,131,1,coordination opportunity,7,LIFTING_UNIT,TRACTION_ISOLATION,APPROVED,TRUE
REQ01372,JOB01372,TRD,SEC_LON_TAL,02-01-2026,18.43,19.17,34,3,preventive plan,8,HAND_TOOLS,SIGNAL_TEST_DEPENDENCY,SUBMITTED,TRUE
REQ01373,JOB01373,Engineering,SEC_KAL_KAR,10-02-2026,14.24,16.29,125,4,coordination opportunity,7,LIFTING_UNIT,ACCESS_REQUIRED,REVIEW,TRUE
REQ01374,JOB01374,Engineering,SEC_THA_KAL,31-03-2026,18.49,20.08,79,4,preventive plan,4,SIGNAL_TEST_SET,ACCESS_REQUIRED,APPROVED,TRUE
REQ01375,JOB01375,S&T,SEC_TAL_CHI,27-03-2026,10.24,12.22,118,3,safety correction,9,SIGNAL_TEST_SET,TRACTION_ISOLATION,REVIEW,TRUE
REQ01376,JOB01376,TRD,SEC_LON_TAL,25-02-2026,9.48,11.13,85,4,safety correction,5,LIFTING_UNIT,ACCESS_REQUIRED,APPROVED,TRUE
REQ01377,JOB01377,S&T,SEC_MUM_DAD,31-03-2026,8.33,10.12,99,4,preventive plan,8,LIFTING_UNIT,NONE,APPROVED,TRUE
REQ01378,JOB01378,S&T,SEC_LON_TAL,25-02-2026,9.06,10.26,80,4,overdue defect,6,OHE_TEST_KIT,TRACTION_ISOLATION,APPROVED,TRUE
REQ01379,JOB01379,S&T,SEC_DAD_THA,07-02-2026,11.37,13.44,127,2,overdue defect,7,HAND_TOOLS,ACCESS_REQUIRED,SUBMITTED,TRUE
REQ01380,JOB01380,Engineering,SEC_KAR_KHA,26-01-2026,19.11,20.49,98,2,coordination opportunity,4,OHE_TEST_KIT,SIGNAL_TEST_DEPENDENCY,APPROVED,TRUE
REQ01381,JOB01381,S&T,SEC_SHI_PUN,25-03-2026,10.03,10.55,52,4,overdue defect,6,TAMPER,ACCESS_REQUIRED,REJECTED,TRUE
REQ01382,JOB01382,TRD,SEC_KAR_KHA,05-02-2026,6.08,7.16,68,1,safety correction,10,OHE_TEST_KIT,SIGNAL_TEST_DEPENDENCY,APPROVED,TRUE
REQ01383,JOB01383,S&T,SEC_DAD_THA,01-01-2026,19.57,20.46,49,2,preventive plan,5,HAND_TOOLS,TRACTION_ISOLATION,APPROVED,TRUE
REQ01384,JOB01384,TRD,SEC_MUM_DAD,02-01-2026,17.00,19.17,137,3,preventive plan,5,SIGNAL_TEST_SET,NONE,APPROVED,TRUE
REQ01385,JOB01385,Engineering,SEC_DAD_THA,25-03-2026,13.58,15.16,78,4,overdue defect,6,OHE_TEST_KIT,NONE,APPROVED,TRUE
REQ01386,JOB01386,Engineering,SEC_KAR_KHA,10-03-2026,11.33,13.56,143,2,overdue defect,8,LIFTING_UNIT,TRACTION_ISOLATION,APPROVED,TRUE
REQ01387,JOB01387,TRD,SEC_THA_KAL,15-01-2026,9.52,10.25,33,3,preventive plan,10,LIFTING_UNIT,SIGNAL_TEST_DEPENDENCY,REJECTED,TRUE
REQ01388,JOB01388,S&T,SEC_KAR_KHA,14-03-2026,19.51,21.59,128,1,overdue defect,8,TAMPER,ACCESS_REQUIRED,APPROVED,TRUE
REQ01389,JOB01389,Engineering,SEC_MUM_DAD,04-03-2026,18.17,20.45,148,4,overdue defect,3,TAMPER,NONE,SUBMITTED,TRUE
REQ01390,JOB01390,Engineering,SEC_TAL_CHI,28-01-2026,16.19,18.01,102,1,coordination opportunity,6,HAND_TOOLS,SIGNAL_TEST_DEPENDENCY,REVIEW,TRUE
REQ01391,JOB01391,Engineering,SEC_KAR_KHA,27-03-2026,19.44,21.17,93,4,safety correction,5,HAND_TOOLS,SIGNAL_TEST_DEPENDENCY,REVIEW,TRUE
REQ01392,JOB01392,TRD,SEC_THA_KAL,01-03-2026,14.45,16.56,131,3,preventive plan,7,HAND_TOOLS,TRACTION_ISOLATION,REJECTED,TRUE
REQ01393,JOB01393,Engineering,SEC_DAD_THA,18-01-2026,11.59,13.54,115,1,coordination opportunity,5,HAND_TOOLS,SIGNAL_TEST_DEPENDENCY,APPROVED,TRUE
REQ01394,JOB01394,S&T,SEC_CHI_SHI,08-01-2026,16.48,17.45,57,2,coordination opportunity,3,LIFTING_UNIT,NONE,SUBMITTED,TRUE
REQ01395,JOB01395,TRD,SEC_KHA_LON,17-02-2026,9.15,10.16,61,1,safety correction,4,HAND_TOOLS,NONE,APPROVED,TRUE
REQ01396,JOB01396,S&T,SEC_CHI_SHI,23-01-2026,16.20,17.24,64,2,overdue defect,6,HAND_TOOLS,ACCESS_REQUIRED,REVIEW,TRUE
REQ01397,JOB01397,S&T,SEC_SHI_PUN,25-02-2026,9.22,10.16,54,2,overdue defect,4,OHE_TEST_KIT,SIGNAL_TEST_DEPENDENCY,SUBMITTED,TRUE
REQ01398,JOB01398,Engineering,SEC_SHI_PUN,08-02-2026,16.08,18.33,145,4,preventive plan,10,LIFTING_UNIT,NONE,SUBMITTED,TRUE
REQ01399,JOB01399,S&T,SEC_KAR_KHA,20-02-2026,10.01,11.34,93,4,coordination opportunity,4,SIGNAL_TEST_SET,NONE,SUBMITTED,TRUE
REQ01400,JOB01400,S&T,SEC_SHI_PUN,24-02-2026,10.32,12.57,145,1,coordination opportunity,5,TAMPER,ACCESS_REQUIRED,APPROVED,TRUE
REQ01401,JOB01401,TRD,SEC_THA_KAL,04-02-2026,12.16,14.18,122,1,preventive plan,7,HAND_TOOLS,ACCESS_REQUIRED,SUBMITTED,TRUE
REQ01402,JOB01402,S&T,SEC_SHI_PUN,26-03-2026,18.02,20.05,123,2,coordination opportunity,10,SIGNAL_TEST_SET,SIGNAL_TEST_DEPENDENCY,APPROVED,TRUE
REQ01403,JOB01403,S&T,SEC_DAD_THA,10-02-2026,19.21,20.10,49,4,safety correction,4,SIGNAL_TEST_SET,NONE,REJECTED,TRUE
REQ01404,JOB01404,Engineering,SEC_SHI_PUN,04-03-2026,8.56,10.25,89,4,coordination opportunity,10,LIFTING_UNIT,TRACTION_ISOLATION,APPROVED,TRUE
REQ01405,JOB01405,Engineering,SEC_KAR_KHA,28-02-2026,14.40,16.19,99,3,safety correction,9,OHE_TEST_KIT,NONE,APPROVED,TRUE
REQ01406,JOB01406,TRD,SEC_CHI_SHI,22-01-2026,9.33,11.38,125,3,safety correction,7,LIFTING_UNIT,NONE,SUBMITTED,TRUE
REQ01407,JOB01407,TRD,SEC_KAR_KHA,10-02-2026,9.52,10.42,50,2,coordination opportunity,10,HAND_TOOLS,SIGNAL_TEST_DEPENDENCY,REJECTED,TRUE
REQ01408,JOB01408,S&T,SEC_KAL_KAR,12-02-2026,9.22,11.07,105,1,overdue defect,5,HAND_TOOLS,SIGNAL_TEST_DEPENDENCY,SUBMITTED,TRUE
REQ01409,JOB01409,Engineering,SEC_SHI_PUN,28-01-2026,19.29,20.18,49,1,preventive plan,4,OHE_TEST_KIT,ACCESS_REQUIRED,SUBMITTED,TRUE
REQ01410,JOB01410,S&T,SEC_KHA_LON,31-03-2026,7.35,8.50,75,1,coordination opportunity,3,SIGNAL_TEST_SET,ACCESS_REQUIRED,REJECTED,TRUE
REQ01411,JOB01411,S&T,SEC_SHI_PUN,13-01-2026,6.50,8.25,95,4,coordination opportunity,10,HAND_TOOLS,NONE,REJECTED,TRUE
REQ01412,JOB01412,Engineering,SEC_LON_TAL,07-01-2026,9.45,10.20,35,3,coordination opportunity,4,TAMPER,SIGNAL_TEST_DEPENDENCY,APPROVED,TRUE
REQ01413,JOB01413,Engineering,SEC_TAL_CHI,14-03-2026,12.44,13.16,32,4,coordination opportunity,6,TAMPER,SIGNAL_TEST_DEPENDENCY,REJECTED,TRUE
REQ01414,JOB01414,Engineering,SEC_SHI_PUN,21-02-2026,15.55,16.46,51,3,coordination opportunity,10,TAMPER,TRACTION_ISOLATION,SUBMITTED,TRUE
REQ01415,JOB01415,TRD,SEC_CHI_SHI,01-02-2026,17.51,19.38,107,3,coordination opportunity,7,SIGNAL_TEST_SET,ACCESS_REQUIRED,APPROVED,TRUE
REQ01416,JOB01416,TRD,SEC_MUM_DAD,07-01-2026,8.40,9.24,44,3,safety correction,4,LIFTING_UNIT,NONE,REVIEW,TRUE
REQ01417,JOB01417,S&T,SEC_LON_TAL,21-02-2026,6.02,7.06,64,3,coordination opportunity,10,LIFTING_UNIT,NONE,REJECTED,TRUE
REQ01418,JOB01418,S&T,SEC_DAD_THA,28-01-2026,11.38,12.29,51,1,coordination opportunity,3,TAMPER,SIGNAL_TEST_DEPENDENCY,SUBMITTED,TRUE
REQ01419,JOB01419,S&T,SEC_KAL_KAR,15-03-2026,18.51,21.10,139,4,preventive plan,3,OHE_TEST_KIT,NONE,SUBMITTED,TRUE
REQ01420,JOB01420,S&T,SEC_THA_KAL,05-02-2026,9.44,12.12,148,1,safety correction,4,HAND_TOOLS,ACCESS_REQUIRED,REVIEW,TRUE
REQ01421,JOB01421,S&T,SEC_DAD_THA,14-02-2026,7.47,8.20,33,4,overdue defect,4,HAND_TOOLS,ACCESS_REQUIRED,SUBMITTED,TRUE
REQ01422,JOB01422,Engineering,SEC_THA_KAL,15-02-2026,18.58,19.53,55,2,coordination opportunity,5,TAMPER,SIGNAL_TEST_DEPENDENCY,SUBMITTED,TRUE
REQ01423,JOB01423,Engineering,SEC_SHI_PUN,17-02-2026,15.05,16.19,74,1,overdue defect,4,TAMPER,ACCESS_REQUIRED,REVIEW,TRUE
REQ01424,JOB01424,TRD,SEC_THA_KAL,09-02-2026,9.07,11.18,131,4,preventive plan,4,OHE_TEST_KIT,TRACTION_ISOLATION,REVIEW,TRUE
REQ01425,JOB01425,TRD,SEC_LON_TAL,20-03-2026,11.01,12.35,94,2,safety correction,8,LIFTING_UNIT,ACCESS_REQUIRED,REVIEW,TRUE
REQ01426,JOB01426,TRD,SEC_TAL_CHI,21-03-2026,15.24,17.39,135,2,safety correction,3,HAND_TOOLS,ACCESS_REQUIRED,APPROVED,TRUE
REQ01427,JOB01427,Engineering,SEC_KAR_KHA,19-03-2026,8.25,10.54,149,3,coordination opportunity,5,SIGNAL_TEST_SET,ACCESS_REQUIRED,REJECTED,TRUE
REQ01428,JOB01428,Engineering,SEC_KHA_LON,11-02-2026,6.20,8.35,135,3,coordination opportunity,4,SIGNAL_TEST_SET,ACCESS_REQUIRED,APPROVED,TRUE
REQ01429,JOB01429,Engineering,SEC_MUM_DAD,16-01-2026,14.18,15.06,48,1,coordination opportunity,4,OHE_TEST_KIT,NONE,APPROVED,TRUE
REQ01430,JOB01430,S&T,SEC_CHI_SHI,12-01-2026,11.22,11.56,34,1,safety correction,3,OHE_TEST_KIT,ACCESS_REQUIRED,SUBMITTED,TRUE
REQ01431,JOB01431,S&T,SEC_DAD_THA,01-02-2026,17.14,18.19,65,4,preventive plan,5,SIGNAL_TEST_SET,ACCESS_REQUIRED,APPROVED,TRUE
REQ01432,JOB01432,S&T,SEC_KHA_LON,27-03-2026,14.43,15.28,45,3,safety correction,7,OHE_TEST_KIT,SIGNAL_TEST_DEPENDENCY,REJECTED,TRUE
REQ01433,JOB01433,Engineering,SEC_CHI_SHI,17-01-2026,10.19,11.17,58,3,safety correction,3,HAND_TOOLS,SIGNAL_TEST_DEPENDENCY,REJECTED,TRUE
REQ01434,JOB01434,TRD,SEC_SHI_PUN,07-03-2026,19.40,20.14,34,3,safety correction,5,LIFTING_UNIT,ACCESS_REQUIRED,APPROVED,TRUE
REQ01435,JOB01435,Engineering,SEC_LON_TAL,07-02-2026,8.22,9.42,80,4,safety correction,6,TAMPER,NONE,REJECTED,TRUE
REQ01436,JOB01436,S&T,SEC_SHI_PUN,15-02-2026,13.05,13.55,50,1,coordination opportunity,4,TAMPER,NONE,REJECTED,TRUE
REQ01437,JOB01437,TRD,SEC_THA_KAL,30-03-2026,11.18,13.42,144,4,overdue defect,8,OHE_TEST_KIT,NONE,REVIEW,TRUE
REQ01438,JOB01438,TRD,SEC_MUM_DAD,01-03-2026,19.29,20.58,89,3,preventive plan,4,SIGNAL_TEST_SET,SIGNAL_TEST_DEPENDENCY,REVIEW,TRUE
REQ01439,JOB01439,TRD,SEC_SHI_PUN,05-02-2026,15.49,16.47,58,3,overdue defect,4,SIGNAL_TEST_SET,SIGNAL_TEST_DEPENDENCY,SUBMITTED,TRUE
REQ01440,JOB01440,TRD,SEC_THA_KAL,22-03-2026,18.11,19.38,87,3,overdue defect,3,SIGNAL_TEST_SET,NONE,APPROVED,TRUE
REQ01441,JOB01441,Engineering,SEC_THA_KAL,05-03-2026,11.46,12.23,37,1,safety correction,3,OHE_TEST_KIT,ACCESS_REQUIRED,SUBMITTED,TRUE
REQ01442,JOB01442,Engineering,SEC_THA_KAL,26-01-2026,17.26,19.22,116,1,preventive plan,4,OHE_TEST_KIT,ACCESS_REQUIRED,REJECTED,TRUE
REQ01443,JOB01443,Engineering,SEC_TAL_CHI,25-01-2026,17.35,18.58,83,3,coordination opportunity,10,OHE_TEST_KIT,NONE,APPROVED,TRUE
REQ01444,JOB01444,TRD,SEC_KHA_LON,29-01-2026,7.45,8.47,62,2,overdue defect,4,LIFTING_UNIT,SIGNAL_TEST_DEPENDENCY,REVIEW,TRUE
REQ01445,JOB01445,S&T,SEC_SHI_PUN,23-02-2026,13.45,15.27,102,2,preventive plan,7,SIGNAL_TEST_SET,TRACTION_ISOLATION,APPROVED,TRUE
REQ01446,JOB01446,TRD,SEC_CHI_SHI,13-03-2026,11.01,13.13,132,2,preventive plan,9,OHE_TEST_KIT,ACCESS_REQUIRED,APPROVED,TRUE
REQ01447,JOB01447,Engineering,SEC_CHI_SHI,19-03-2026,7.50,8.22,32,1,preventive plan,10,OHE_TEST_KIT,NONE,SUBMITTED,TRUE
REQ01448,JOB01448,Engineering,SEC_DAD_THA,24-02-2026,8.02,9.50,108,2,preventive plan,5,LIFTING_UNIT,TRACTION_ISOLATION,SUBMITTED,TRUE
REQ01449,JOB01449,TRD,SEC_LON_TAL,12-03-2026,8.53,10.52,119,3,coordination opportunity,10,LIFTING_UNIT,SIGNAL_TEST_DEPENDENCY,SUBMITTED,TRUE
REQ01450,JOB01450,TRD,SEC_KAR_KHA,28-03-2026,11.33,12.34,61,3,overdue defect,7,TAMPER,TRACTION_ISOLATION,REVIEW,TRUE
REQ01451,JOB01451,TRD,SEC_CHI_SHI,13-03-2026,13.09,15.09,120,1,preventive plan,10,TAMPER,ACCESS_REQUIRED,REJECTED,TRUE
REQ01452,JOB01452,TRD,SEC_THA_KAL,15-03-2026,19.25,21.13,108,1,preventive plan,7,SIGNAL_TEST_SET,NONE,REJECTED,TRUE
REQ01453,JOB01453,TRD,SEC_MUM_DAD,01-02-2026,11.09,12.56,107,1,preventive plan,6,TAMPER,TRACTION_ISOLATION,REVIEW,TRUE
REQ01454,JOB01454,S&T,SEC_KAR_KHA,02-02-2026,17.30,19.16,106,3,safety correction,7,OHE_TEST_KIT,ACCESS_REQUIRED,REVIEW,TRUE
REQ01455,JOB01455,S&T,SEC_MUM_DAD,31-03-2026,7.51,8.23,32,2,overdue defect,4,OHE_TEST_KIT,ACCESS_REQUIRED,SUBMITTED,TRUE
REQ01456,JOB01456,S&T,SEC_CHI_SHI,10-02-2026,6.55,9.14,139,1,safety correction,6,SIGNAL_TEST_SET,SIGNAL_TEST_DEPENDENCY,REJECTED,TRUE
REQ01457,JOB01457,Engineering,SEC_KAL_KAR,23-02-2026,15.28,16.54,86,1,overdue defect,9,TAMPER,SIGNAL_TEST_DEPENDENCY,APPROVED,TRUE
REQ01458,JOB01458,TRD,SEC_KAR_KHA,11-02-2026,15.43,17.17,94,1,safety correction,7,SIGNAL_TEST_SET,TRACTION_ISOLATION,SUBMITTED,TRUE
REQ01459,JOB01459,S&T,SEC_CHI_SHI,03-03-2026,8.29,10.49,140,1,overdue defect,8,SIGNAL_TEST_SET,NONE,REJECTED,TRUE
REQ01460,JOB01460,Engineering,SEC_THA_KAL,06-02-2026,9.39,11.03,84,4,preventive plan,6,HAND_TOOLS,SIGNAL_TEST_DEPENDENCY,APPROVED,TRUE
REQ01461,JOB01461,S&T,SEC_THA_KAL,20-02-2026,12.59,14.04,65,1,coordination opportunity,3,OHE_TEST_KIT,ACCESS_REQUIRED,SUBMITTED,TRUE
REQ01462,JOB01462,S&T,SEC_TAL_CHI,14-01-2026,19.26,21.30,124,3,overdue defect,7,SIGNAL_TEST_SET,TRACTION_ISOLATION,SUBMITTED,TRUE
REQ01463,JOB01463,S&T,SEC_DAD_THA,01-01-2026,12.44,13.34,50,1,preventive plan,3,LIFTING_UNIT,ACCESS_REQUIRED,APPROVED,TRUE
REQ01464,JOB01464,Engineering,SEC_DAD_THA,02-01-2026,12.47,14.51,124,1,safety correction,6,OHE_TEST_KIT,NONE,REJECTED,TRUE
REQ01465,JOB01465,S&T,SEC_LON_TAL,21-01-2026,19.25,21.45,140,2,overdue defect,4,OHE_TEST_KIT,SIGNAL_TEST_DEPENDENCY,APPROVED,TRUE
REQ01466,JOB01466,Engineering,SEC_KAR_KHA,10-03-2026,7.45,8.55,70,2,coordination opportunity,10,TAMPER,ACCESS_REQUIRED,REJECTED,TRUE
REQ01467,JOB01467,S&T,SEC_KAR_KHA,16-03-2026,13.46,15.44,118,1,coordination opportunity,7,LIFTING_UNIT,ACCESS_REQUIRED,APPROVED,TRUE
REQ01468,JOB01468,Engineering,SEC_TAL_CHI,31-01-2026,9.08,11.26,138,1,overdue defect,10,HAND_TOOLS,ACCESS_REQUIRED,APPROVED,TRUE
REQ01469,JOB01469,Engineering,SEC_LON_TAL,20-01-2026,14.36,15.34,58,2,preventive plan,8,TAMPER,ACCESS_REQUIRED,REVIEW,TRUE
REQ01470,JOB01470,TRD,SEC_CHI_SHI,02-03-2026,11.56,14.10,134,4,preventive plan,9,OHE_TEST_KIT,TRACTION_ISOLATION,REVIEW,TRUE
REQ01471,JOB01471,TRD,SEC_TAL_CHI,13-02-2026,8.20,9.52,92,2,preventive plan,7,TAMPER,NONE,REVIEW,TRUE
REQ01472,JOB01472,S&T,SEC_TAL_CHI,16-01-2026,13.05,15.21,136,2,safety correction,8,LIFTING_UNIT,NONE,REVIEW,TRUE
REQ01473,JOB01473,TRD,SEC_CHI_SHI,09-02-2026,17.49,20.16,147,4,overdue defect,8,LIFTING_UNIT,ACCESS_REQUIRED,REJECTED,TRUE
REQ01474,JOB01474,TRD,SEC_KAR_KHA,24-03-2026,17.29,18.45,76,1,safety correction,3,OHE_TEST_KIT,TRACTION_ISOLATION,REVIEW,TRUE
REQ01475,JOB01475,S&T,SEC_KAL_KAR,09-01-2026,18.07,20.14,127,3,safety correction,4,HAND_TOOLS,NONE,REVIEW,TRUE
REQ01476,JOB01476,TRD,SEC_TAL_CHI,15-03-2026,17.39,18.57,78,4,overdue defect,8,LIFTING_UNIT,NONE,REVIEW,TRUE
REQ01477,JOB01477,S&T,SEC_DAD_THA,25-01-2026,16.06,17.39,93,2,safety correction,9,SIGNAL_TEST_SET,NONE,APPROVED,TRUE
REQ01478,JOB01478,TRD,SEC_THA_KAL,25-03-2026,15.02,15.41,39,2,safety correction,10,HAND_TOOLS,TRACTION_ISOLATION,REJECTED,TRUE
REQ01479,JOB01479,Engineering,SEC_SHI_PUN,29-01-2026,18.02,20.06,124,3,safety correction,5,OHE_TEST_KIT,TRACTION_ISOLATION,REJECTED,TRUE
REQ01480,JOB01480,S&T,SEC_KAR_KHA,14-02-2026,7.37,9.10,93,2,preventive plan,10,SIGNAL_TEST_SET,ACCESS_REQUIRED,REVIEW,TRUE
REQ01481,JOB01481,S&T,SEC_CHI_SHI,10-03-2026,12.55,13.44,49,1,coordination opportunity,7,HAND_TOOLS,SIGNAL_TEST_DEPENDENCY,SUBMITTED,TRUE
REQ01482,JOB01482,TRD,SEC_KAR_KHA,12-01-2026,15.57,18.04,127,3,preventive plan,3,OHE_TEST_KIT,TRACTION_ISOLATION,APPROVED,TRUE
REQ01483,JOB01483,TRD,SEC_MUM_DAD,19-02-2026,17.43,18.59,76,2,coordination opportunity,4,TAMPER,NONE,SUBMITTED,TRUE
REQ01484,JOB01484,TRD,SEC_CHI_SHI,08-03-2026,8.32,9.08,36,1,coordination opportunity,5,SIGNAL_TEST_SET,ACCESS_REQUIRED,REVIEW,TRUE
REQ01485,JOB01485,Engineering,SEC_LON_TAL,05-03-2026,19.49,20.58,69,2,safety correction,10,HAND_TOOLS,ACCESS_REQUIRED,SUBMITTED,TRUE
REQ01486,JOB01486,S&T,SEC_SHI_PUN,03-01-2026,14.13,16.08,115,4,coordination opportunity,3,TAMPER,TRACTION_ISOLATION,SUBMITTED,TRUE
REQ01487,JOB01487,Engineering,SEC_KAR_KHA,17-03-2026,10.22,11.55,93,4,coordination opportunity,5,HAND_TOOLS,ACCESS_REQUIRED,REJECTED,TRUE
REQ01488,JOB01488,S&T,SEC_LON_TAL,18-03-2026,19.30,21.39,129,3,coordination opportunity,6,SIGNAL_TEST_SET,NONE,REVIEW,TRUE
REQ01489,JOB01489,TRD,SEC_KHA_LON,04-03-2026,11.45,13.59,134,2,safety correction,8,OHE_TEST_KIT,SIGNAL_TEST_DEPENDENCY,APPROVED,TRUE
REQ01490,JOB01490,Engineering,SEC_KAR_KHA,28-01-2026,13.27,14.24,57,3,safety correction,9,LIFTING_UNIT,TRACTION_ISOLATION,REJECTED,TRUE
REQ01491,JOB01491,Engineering,SEC_KHA_LON,16-03-2026,17.32,18.19,47,3,overdue defect,6,TAMPER,SIGNAL_TEST_DEPENDENCY,REJECTED,TRUE
REQ01492,JOB01492,TRD,SEC_KAR_KHA,16-03-2026,12.09,14.08,119,1,overdue defect,4,SIGNAL_TEST_SET,NONE,APPROVED,TRUE
REQ01493,JOB01493,S&T,SEC_SHI_PUN,15-01-2026,15.33,17.12,99,3,preventive plan,9,OHE_TEST_KIT,NONE,APPROVED,TRUE
REQ01494,JOB01494,Engineering,SEC_MUM_DAD,11-01-2026,17.59,19.01,62,3,preventive plan,8,OHE_TEST_KIT,ACCESS_REQUIRED,REVIEW,TRUE
REQ01495,JOB01495,TRD,SEC_KHA_LON,28-01-2026,6.34,7.30,56,3,safety correction,7,OHE_TEST_KIT,ACCESS_REQUIRED,APPROVED,TRUE
REQ01496,JOB01496,TRD,SEC_MUM_DAD,26-03-2026,18.35,20.20,105,2,coordination opportunity,6,HAND_TOOLS,NONE,REVIEW,TRUE
REQ01497,JOB01497,S&T,SEC_SHI_PUN,25-02-2026,13.00,14.51,111,2,safety correction,7,SIGNAL_TEST_SET,SIGNAL_TEST_DEPENDENCY,SUBMITTED,TRUE
REQ01498,JOB01498,S&T,SEC_MUM_DAD,02-03-2026,7.39,9.36,117,1,coordination opportunity,4,TAMPER,NONE,REJECTED,TRUE
REQ01499,JOB01499,TRD,SEC_THA_KAL,16-02-2026,14.12,15.58,106,2,preventive plan,10,HAND_TOOLS,NONE,SUBMITTED,TRUE
REQ01500,JOB01500,TRD,SEC_LON_TAL,25-03-2026,14.40,16.34,114,3,safety correction,8,TAMPER,NONE,REJECTED,TRUE
REQ01501,JOB01501,Engineering,SEC_KAR_KHA,04-01-2026,13.06,14.15,69,3,safety correction,6,OHE_TEST_KIT,SIGNAL_TEST_DEPENDENCY,REVIEW,TRUE
REQ01502,JOB01502,S&T,SEC_KHA_LON,16-01-2026,8.03,9.32,89,3,safety correction,5,HAND_TOOLS,NONE,REVIEW,TRUE
REQ01503,JOB01503,Engineering,SEC_SHI_PUN,18-02-2026,18.20,19.19,59,3,coordination opportunity,6,TAMPER,ACCESS_REQUIRED,SUBMITTED,TRUE
REQ01504,JOB01504,Engineering,SEC_KHA_LON,14-01-2026,16.14,16.49,35,3,coordination opportunity,7,HAND_TOOLS,SIGNAL_TEST_DEPENDENCY,SUBMITTED,TRUE
REQ01505,JOB01505,Engineering,SEC_KAL_KAR,15-02-2026,6.31,8.20,109,1,coordination opportunity,6,OHE_TEST_KIT,SIGNAL_TEST_DEPENDENCY,APPROVED,TRUE
REQ01506,JOB01506,S&T,SEC_MUM_DAD,27-02-2026,9.26,10.54,88,4,overdue defect,7,HAND_TOOLS,NONE,APPROVED,TRUE
REQ01507,JOB01507,TRD,SEC_THA_KAL,19-03-2026,11.56,13.15,79,4,overdue defect,5,HAND_TOOLS,ACCESS_REQUIRED,APPROVED,TRUE
REQ01508,JOB01508,TRD,SEC_KAL_KAR,13-03-2026,6.57,7.37,40,4,safety correction,5,TAMPER,ACCESS_REQUIRED,REJECTED,TRUE
REQ01509,JOB01509,Engineering,SEC_KAL_KAR,02-03-2026,8.08,9.38,90,3,safety correction,4,LIFTING_UNIT,ACCESS_REQUIRED,APPROVED,TRUE
REQ01510,JOB01510,S&T,SEC_CHI_SHI,13-02-2026,7.27,9.25,118,2,preventive plan,8,TAMPER,NONE,REVIEW,TRUE
REQ01511,JOB01511,TRD,SEC_MUM_DAD,29-03-2026,6.18,8.48,150,1,overdue defect,9,LIFTING_UNIT,TRACTION_ISOLATION,REJECTED,TRUE
REQ01512,JOB01512,S&T,SEC_KAL_KAR,05-02-2026,7.12,9.20,128,1,coordination opportunity,5,OHE_TEST_KIT,ACCESS_REQUIRED,SUBMITTED,TRUE
REQ01513,JOB01513,S&T,SEC_KAL_KAR,02-02-2026,17.59,18.37,38,2,preventive plan,8,SIGNAL_TEST_SET,TRACTION_ISOLATION,REJECTED,TRUE
REQ01514,JOB01514,TRD,SEC_KAL_KAR,09-02-2026,12.59,13.39,40,1,coordination opportunity,3,OHE_TEST_KIT,TRACTION_ISOLATION,APPROVED,TRUE
REQ01515,JOB01515,S&T,SEC_SHI_PUN,23-02-2026,18.02,18.47,45,2,coordination opportunity,8,OHE_TEST_KIT,TRACTION_ISOLATION,SUBMITTED,TRUE
REQ01516,JOB01516,TRD,SEC_KHA_LON,13-01-2026,17.47,19.25,98,2,safety correction,5,OHE_TEST_KIT,SIGNAL_TEST_DEPENDENCY,REVIEW,TRUE
REQ01517,JOB01517,TRD,SEC_DAD_THA,10-03-2026,16.14,17.52,98,1,safety correction,10,HAND_TOOLS,NONE,REVIEW,TRUE
REQ01518,JOB01518,S&T,SEC_LON_TAL,13-03-2026,10.03,11.46,103,2,overdue defect,5,TAMPER,TRACTION_ISOLATION,SUBMITTED,TRUE
REQ01519,JOB01519,S&T,SEC_KAL_KAR,16-01-2026,11.58,12.45,47,1,overdue defect,6,OHE_TEST_KIT,ACCESS_REQUIRED,REVIEW,TRUE
REQ01520,JOB01520,S&T,SEC_MUM_DAD,14-01-2026,15.39,17.07,88,3,safety correction,5,TAMPER,NONE,APPROVED,TRUE
REQ01521,JOB01521,Engineering,SEC_KAR_KHA,18-03-2026,7.35,9.02,87,1,overdue defect,3,SIGNAL_TEST_SET,NONE,REVIEW,TRUE
REQ01522,JOB01522,S&T,SEC_TAL_CHI,17-01-2026,6.24,7.22,58,2,overdue defect,9,HAND_TOOLS,TRACTION_ISOLATION,SUBMITTED,TRUE
REQ01523,JOB01523,S&T,SEC_LON_TAL,08-03-2026,13.44,15.44,120,2,safety correction,6,SIGNAL_TEST_SET,SIGNAL_TEST_DEPENDENCY,REJECTED,TRUE
REQ01524,JOB01524,S&T,SEC_TAL_CHI,02-03-2026,16.51,18.08,77,3,preventive plan,10,SIGNAL_TEST_SET,SIGNAL_TEST_DEPENDENCY,APPROVED,TRUE
REQ01525,JOB01525,Engineering,SEC_TAL_CHI,31-03-2026,9.33,10.18,45,4,preventive plan,5,LIFTING_UNIT,ACCESS_REQUIRED,SUBMITTED,TRUE
REQ01526,JOB01526,TRD,SEC_TAL_CHI,30-01-2026,15.59,18.02,123,1,overdue defect,10,LIFTING_UNIT,NONE,SUBMITTED,TRUE
REQ01527,JOB01527,Engineering,SEC_SHI_PUN,24-02-2026,13.28,14.01,33,4,overdue defect,8,SIGNAL_TEST_SET,SIGNAL_TEST_DEPENDENCY,REVIEW,TRUE
REQ01528,JOB01528,TRD,SEC_DAD_THA,31-03-2026,11.34,13.12,98,4,coordination opportunity,3,HAND_TOOLS,NONE,SUBMITTED,TRUE
REQ01529,JOB01529,Engineering,SEC_KAL_KAR,10-03-2026,17.31,18.34,63,1,overdue defect,3,OHE_TEST_KIT,ACCESS_REQUIRED,SUBMITTED,TRUE
REQ01530,JOB01530,S&T,SEC_KAL_KAR,17-01-2026,18.36,19.33,57,1,safety correction,9,TAMPER,SIGNAL_TEST_DEPENDENCY,APPROVED,TRUE
REQ01531,JOB01531,Engineering,SEC_KAR_KHA,15-02-2026,18.47,20.44,117,1,coordination opportunity,5,TAMPER,ACCESS_REQUIRED,APPROVED,TRUE
REQ01532,JOB01532,TRD,SEC_SHI_PUN,13-01-2026,10.35,12.44,129,1,overdue defect,5,LIFTING_UNIT,ACCESS_REQUIRED,APPROVED,TRUE
REQ01533,JOB01533,S&T,SEC_KHA_LON,28-01-2026,7.35,9.59,144,4,coordination opportunity,3,OHE_TEST_KIT,SIGNAL_TEST_DEPENDENCY,APPROVED,TRUE
REQ01534,JOB01534,Engineering,SEC_TAL_CHI,27-01-2026,6.08,7.02,54,1,preventive plan,10,TAMPER,TRACTION_ISOLATION,REVIEW,TRUE
REQ01535,JOB01535,TRD,SEC_KAR_KHA,06-03-2026,13.47,14.35,48,4,overdue defect,3,OHE_TEST_KIT,NONE,APPROVED,TRUE
REQ01536,JOB01536,S&T,SEC_SHI_PUN,08-02-2026,15.15,16.02,47,1,preventive plan,3,TAMPER,NONE,SUBMITTED,TRUE
REQ01537,JOB01537,TRD,SEC_KAL_KAR,16-03-2026,17.50,19.39,109,3,safety correction,6,LIFTING_UNIT,SIGNAL_TEST_DEPENDENCY,REVIEW,TRUE
REQ01538,JOB01538,Engineering,SEC_LON_TAL,04-01-2026,15.08,17.15,127,4,coordination opportunity,9,OHE_TEST_KIT,SIGNAL_TEST_DEPENDENCY,REVIEW,TRUE
REQ01539,JOB01539,S&T,SEC_DAD_THA,12-03-2026,11.30,13.29,119,3,coordination opportunity,4,LIFTING_UNIT,TRACTION_ISOLATION,SUBMITTED,TRUE
REQ01540,JOB01540,Engineering,SEC_TAL_CHI,05-02-2026,11.54,13.40,106,4,coordination opportunity,7,OHE_TEST_KIT,NONE,REJECTED,TRUE
REQ01541,JOB01541,Engineering,SEC_THA_KAL,07-02-2026,13.00,13.44,44,4,overdue defect,4,HAND_TOOLS,NONE,REVIEW,TRUE
REQ01542,JOB01542,Engineering,SEC_SHI_PUN,01-03-2026,18.33,20.19,106,2,preventive plan,5,TAMPER,SIGNAL_TEST_DEPENDENCY,SUBMITTED,TRUE
REQ01543,JOB01543,Engineering,SEC_THA_KAL,19-01-2026,11.13,12.14,61,1,coordination opportunity,9,TAMPER,NONE,SUBMITTED,TRUE
REQ01544,JOB01544,Engineering,SEC_CHI_SHI,15-01-2026,16.30,17.40,70,1,safety correction,9,OHE_TEST_KIT,ACCESS_REQUIRED,REVIEW,TRUE
REQ01545,JOB01545,TRD,SEC_SHI_PUN,29-01-2026,11.57,12.27,30,1,coordination opportunity,9,HAND_TOOLS,TRACTION_ISOLATION,REVIEW,TRUE
REQ01546,JOB01546,TRD,SEC_CHI_SHI,21-03-2026,12.25,14.28,123,4,coordination opportunity,4,SIGNAL_TEST_SET,TRACTION_ISOLATION,REJECTED,TRUE
REQ01547,JOB01547,S&T,SEC_MUM_DAD,03-03-2026,13.39,14.09,30,3,preventive plan,4,TAMPER,TRACTION_ISOLATION,APPROVED,TRUE
REQ01548,JOB01548,TRD,SEC_MUM_DAD,07-03-2026,17.09,18.26,77,3,preventive plan,9,TAMPER,ACCESS_REQUIRED,SUBMITTED,TRUE
REQ01549,JOB01549,TRD,SEC_MUM_DAD,14-03-2026,18.15,19.37,82,3,preventive plan,3,LIFTING_UNIT,SIGNAL_TEST_DEPENDENCY,REJECTED,TRUE
REQ01550,JOB01550,Engineering,SEC_TAL_CHI,01-03-2026,7.52,9.51,119,1,overdue defect,6,LIFTING_UNIT,TRACTION_ISOLATION,REJECTED,TRUE
REQ01551,JOB01551,S&T,SEC_SHI_PUN,04-03-2026,7.38,9.25,107,2,coordination opportunity,3,TAMPER,TRACTION_ISOLATION,REJECTED,TRUE
REQ01552,JOB01552,TRD,SEC_DAD_THA,28-01-2026,9.43,10.24,41,4,overdue defect,9,LIFTING_UNIT,TRACTION_ISOLATION,REVIEW,TRUE
REQ01553,JOB01553,TRD,SEC_CHI_SHI,23-02-2026,10.11,12.21,130,4,coordination opportunity,9,TAMPER,ACCESS_REQUIRED,REJECTED,TRUE
REQ01554,JOB01554,TRD,SEC_DAD_THA,21-02-2026,6.49,8.28,99,4,overdue defect,5,HAND_TOOLS,SIGNAL_TEST_DEPENDENCY,REVIEW,TRUE
REQ01555,JOB01555,TRD,SEC_MUM_DAD,10-01-2026,12.53,15.08,135,3,preventive plan,7,SIGNAL_TEST_SET,SIGNAL_TEST_DEPENDENCY,REJECTED,TRUE
REQ01556,JOB01556,Engineering,SEC_SHI_PUN,18-03-2026,10.06,11.45,99,2,preventive plan,6,HAND_TOOLS,ACCESS_REQUIRED,REVIEW,TRUE
REQ01557,JOB01557,Engineering,SEC_KAL_KAR,08-02-2026,17.39,19.39,120,3,overdue defect,7,HAND_TOOLS,SIGNAL_TEST_DEPENDENCY,REJECTED,TRUE
REQ01558,JOB01558,S&T,SEC_THA_KAL,08-02-2026,13.55,14.37,42,3,preventive plan,7,LIFTING_UNIT,TRACTION_ISOLATION,SUBMITTED,TRUE
REQ01559,JOB01559,TRD,SEC_KHA_LON,02-03-2026,11.11,11.51,40,2,overdue defect,6,LIFTING_UNIT,TRACTION_ISOLATION,REVIEW,TRUE
REQ01560,JOB01560,TRD,SEC_KHA_LON,06-02-2026,14.19,16.08,109,3,overdue defect,6,OHE_TEST_KIT,SIGNAL_TEST_DEPENDENCY,SUBMITTED,TRUE
REQ01561,JOB01561,Engineering,SEC_LON_TAL,07-02-2026,13.54,16.16,142,1,overdue defect,8,OHE_TEST_KIT,NONE,APPROVED,TRUE
REQ01562,JOB01562,S&T,SEC_SHI_PUN,29-03-2026,12.17,14.14,117,2,preventive plan,9,HAND_TOOLS,ACCESS_REQUIRED,SUBMITTED,TRUE
REQ01563,JOB01563,TRD,SEC_TAL_CHI,08-03-2026,15.54,16.49,55,1,preventive plan,8,HAND_TOOLS,TRACTION_ISOLATION,REJECTED,TRUE
REQ01564,JOB01564,TRD,SEC_KHA_LON,22-03-2026,19.53,21.53,120,2,preventive plan,9,LIFTING_UNIT,NONE,APPROVED,TRUE
REQ01565,JOB01565,S&T,SEC_KAR_KHA,09-03-2026,11.50,12.37,47,4,safety correction,6,OHE_TEST_KIT,SIGNAL_TEST_DEPENDENCY,REVIEW,TRUE
REQ01566,JOB01566,Engineering,SEC_KAL_KAR,06-01-2026,12.40,14.13,93,4,safety correction,4,OHE_TEST_KIT,ACCESS_REQUIRED,REJECTED,TRUE
REQ01567,JOB01567,Engineering,SEC_TAL_CHI,12-03-2026,18.30,20.41,131,1,safety correction,5,HAND_TOOLS,NONE,REVIEW,TRUE
REQ01568,JOB01568,TRD,SEC_LON_TAL,06-03-2026,7.09,8.39,90,4,coordination opportunity,5,LIFTING_UNIT,SIGNAL_TEST_DEPENDENCY,REVIEW,TRUE
REQ01569,JOB01569,TRD,SEC_MUM_DAD,15-01-2026,19.16,21.32,136,2,coordination opportunity,10,LIFTING_UNIT,SIGNAL_TEST_DEPENDENCY,REJECTED,TRUE
REQ01570,JOB01570,TRD,SEC_TAL_CHI,24-03-2026,14.33,15.50,77,3,preventive plan,10,TAMPER,TRACTION_ISOLATION,REVIEW,TRUE
REQ01571,JOB01571,S&T,SEC_DAD_THA,21-03-2026,15.21,17.21,120,1,preventive plan,3,LIFTING_UNIT,NONE,REJECTED,TRUE
REQ01572,JOB01572,TRD,SEC_SHI_PUN,10-02-2026,19.36,21.43,127,4,preventive plan,3,TAMPER,TRACTION_ISOLATION,REVIEW,TRUE
REQ01573,JOB01573,TRD,SEC_THA_KAL,06-01-2026,14.15,16.30,135,2,safety correction,6,OHE_TEST_KIT,SIGNAL_TEST_DEPENDENCY,REVIEW,TRUE
REQ01574,JOB01574,TRD,SEC_KAR_KHA,22-03-2026,11.54,14.21,147,3,overdue defect,5,TAMPER,ACCESS_REQUIRED,REVIEW,TRUE
REQ01575,JOB01575,TRD,SEC_CHI_SHI,24-03-2026,16.00,17.23,83,3,coordination opportunity,5,LIFTING_UNIT,TRACTION_ISOLATION,SUBMITTED,TRUE
REQ01576,JOB01576,TRD,SEC_KHA_LON,08-01-2026,17.52,20.09,137,1,safety correction,5,HAND_TOOLS,NONE,SUBMITTED,TRUE
REQ01577,JOB01577,S&T,SEC_LON_TAL,22-03-2026,11.54,12.35,41,3,overdue defect,6,TAMPER,SIGNAL_TEST_DEPENDENCY,SUBMITTED,TRUE
REQ01578,JOB01578,Engineering,SEC_LON_TAL,31-03-2026,16.41,17.55,74,3,preventive plan,9,OHE_TEST_KIT,TRACTION_ISOLATION,REVIEW,TRUE
REQ01579,JOB01579,TRD,SEC_THA_KAL,15-03-2026,19.41,20.29,48,3,overdue defect,6,HAND_TOOLS,NONE,SUBMITTED,TRUE
REQ01580,JOB01580,TRD,SEC_KHA_LON,25-01-2026,8.32,10.56,144,1,safety correction,4,HAND_TOOLS,NONE,APPROVED,TRUE
REQ01581,JOB01581,TRD,SEC_KAL_KAR,08-02-2026,10.37,12.19,102,2,safety correction,9,TAMPER,SIGNAL_TEST_DEPENDENCY,REJECTED,TRUE
REQ01582,JOB01582,S&T,SEC_MUM_DAD,25-02-2026,19.00,20.25,85,1,coordination opportunity,8,LIFTING_UNIT,TRACTION_ISOLATION,REJECTED,TRUE
REQ01583,JOB01583,TRD,SEC_THA_KAL,17-03-2026,13.23,14.27,64,2,overdue defect,5,OHE_TEST_KIT,ACCESS_REQUIRED,APPROVED,TRUE
REQ01584,JOB01584,Engineering,SEC_KHA_LON,18-03-2026,16.20,17.43,83,2,safety correction,10,OHE_TEST_KIT,ACCESS_REQUIRED,REVIEW,TRUE
REQ01585,JOB01585,S&T,SEC_KAR_KHA,28-01-2026,6.32,7.33,61,1,safety correction,8,HAND_TOOLS,NONE,REVIEW,TRUE
REQ01586,JOB01586,S&T,SEC_KHA_LON,11-01-2026,6.41,7.15,34,4,safety correction,4,HAND_TOOLS,NONE,APPROVED,TRUE
REQ01587,JOB01587,Engineering,SEC_THA_KAL,23-03-2026,18.18,20.24,126,1,coordination opportunity,7,LIFTING_UNIT,TRACTION_ISOLATION,SUBMITTED,TRUE
REQ01588,JOB01588,TRD,SEC_MUM_DAD,19-02-2026,8.06,10.10,124,3,preventive plan,8,OHE_TEST_KIT,ACCESS_REQUIRED,SUBMITTED,TRUE
REQ01589,JOB01589,S&T,SEC_KAL_KAR,26-02-2026,9.19,9.51,32,3,coordination opportunity,8,SIGNAL_TEST_SET,SIGNAL_TEST_DEPENDENCY,APPROVED,TRUE
REQ01590,JOB01590,Engineering,SEC_MUM_DAD,14-03-2026,7.14,9.30,136,4,preventive plan,5,LIFTING_UNIT,NONE,REVIEW,TRUE
REQ01591,JOB01591,S&T,SEC_TAL_CHI,06-01-2026,7.13,9.18,125,4,overdue defect,10,TAMPER,SIGNAL_TEST_DEPENDENCY,SUBMITTED,TRUE
REQ01592,JOB01592,S&T,SEC_THA_KAL,04-01-2026,8.35,9.50,75,2,overdue defect,6,TAMPER,SIGNAL_TEST_DEPENDENCY,APPROVED,TRUE
REQ01593,JOB01593,Engineering,SEC_LON_TAL,08-02-2026,16.31,17.45,74,3,preventive plan,9,TAMPER,SIGNAL_TEST_DEPENDENCY,REVIEW,TRUE
REQ01594,JOB01594,TRD,SEC_THA_KAL,27-03-2026,13.55,15.22,87,4,safety correction,5,HAND_TOOLS,ACCESS_REQUIRED,SUBMITTED,TRUE
REQ01595,JOB01595,TRD,SEC_KAR_KHA,27-01-2026,9.29,11.52,143,2,overdue defect,5,SIGNAL_TEST_SET,TRACTION_ISOLATION,REJECTED,TRUE
REQ01596,JOB01596,S&T,SEC_MUM_DAD,07-01-2026,7.02,7.53,51,1,safety correction,8,HAND_TOOLS,ACCESS_REQUIRED,APPROVED,TRUE
REQ01597,JOB01597,Engineering,SEC_TAL_CHI,09-01-2026,14.00,15.11,71,1,preventive plan,10,TAMPER,SIGNAL_TEST_DEPENDENCY,APPROVED,TRUE
REQ01598,JOB01598,S&T,SEC_KAL_KAR,15-01-2026,11.13,12.06,53,1,coordination opportunity,4,SIGNAL_TEST_SET,TRACTION_ISOLATION,REVIEW,TRUE
REQ01599,JOB01599,Engineering,SEC_DAD_THA,26-02-2026,8.20,10.19,119,1,safety correction,7,TAMPER,SIGNAL_TEST_DEPENDENCY,REJECTED,TRUE
REQ01600,JOB01600,Engineering,SEC_KAR_KHA,19-01-2026,16.36,17.38,62,3,preventive plan,10,HAND_TOOLS,ACCESS_REQUIRED,REJECTED,TRUE
REQ01601,JOB01601,Engineering,SEC_MUM_DAD,13-02-2026,9.39,10.29,50,4,safety correction,3,SIGNAL_TEST_SET,TRACTION_ISOLATION,REVIEW,TRUE
REQ01602,JOB01602,S&T,SEC_THA_KAL,11-03-2026,16.55,19.14,139,2,preventive plan,7,OHE_TEST_KIT,SIGNAL_TEST_DEPENDENCY,REJECTED,TRUE
REQ01603,JOB01603,TRD,SEC_KAR_KHA,26-03-2026,13.38,14.33,55,3,safety correction,10,HAND_TOOLS,ACCESS_REQUIRED,REVIEW,TRUE
REQ01604,JOB01604,S&T,SEC_LON_TAL,06-01-2026,12.06,12.37,31,3,safety correction,5,OHE_TEST_KIT,ACCESS_REQUIRED,REVIEW,TRUE
REQ01605,JOB01605,Engineering,SEC_CHI_SHI,30-01-2026,6.53,8.41,108,4,overdue defect,6,TAMPER,TRACTION_ISOLATION,APPROVED,TRUE
REQ01606,JOB01606,Engineering,SEC_TAL_CHI,27-03-2026,8.51,9.47,56,2,preventive plan,6,TAMPER,TRACTION_ISOLATION,REVIEW,TRUE
REQ01607,JOB01607,TRD,SEC_MUM_DAD,14-01-2026,18.52,20.15,83,2,preventive plan,5,SIGNAL_TEST_SET,SIGNAL_TEST_DEPENDENCY,SUBMITTED,TRUE
REQ01608,JOB01608,Engineering,SEC_THA_KAL,17-03-2026,14.46,15.22,36,2,overdue defect,10,LIFTING_UNIT,TRACTION_ISOLATION,REJECTED,TRUE
REQ01609,JOB01609,TRD,SEC_KHA_LON,25-03-2026,19.32,20.30,58,4,safety correction,10,HAND_TOOLS,NONE,SUBMITTED,TRUE
REQ01610,JOB01610,S&T,SEC_KAL_KAR,03-02-2026,16.34,18.06,92,2,preventive plan,3,HAND_TOOLS,SIGNAL_TEST_DEPENDENCY,REVIEW,TRUE
REQ01611,JOB01611,TRD,SEC_DAD_THA,21-01-2026,19.33,21.28,115,2,coordination opportunity,8,TAMPER,ACCESS_REQUIRED,APPROVED,TRUE
REQ01612,JOB01612,S&T,SEC_DAD_THA,01-03-2026,16.57,18.11,74,3,preventive plan,10,HAND_TOOLS,SIGNAL_TEST_DEPENDENCY,APPROVED,TRUE
REQ01613,JOB01613,Engineering,SEC_THA_KAL,17-01-2026,17.11,18.37,86,2,preventive plan,3,TAMPER,TRACTION_ISOLATION,REVIEW,TRUE
REQ01614,JOB01614,TRD,SEC_KHA_LON,25-01-2026,11.53,13.17,84,2,preventive plan,9,SIGNAL_TEST_SET,ACCESS_REQUIRED,SUBMITTED,TRUE
REQ01615,JOB01615,Engineering,SEC_THA_KAL,13-01-2026,13.48,15.53,125,2,coordination opportunity,3,LIFTING_UNIT,SIGNAL_TEST_DEPENDENCY,APPROVED,TRUE
REQ01616,JOB01616,Engineering,SEC_DAD_THA,18-01-2026,7.46,8.58,72,1,coordination opportunity,5,TAMPER,ACCESS_REQUIRED,REVIEW,TRUE
REQ01617,JOB01617,S&T,SEC_MUM_DAD,14-01-2026,19.32,20.22,50,2,safety correction,9,OHE_TEST_KIT,TRACTION_ISOLATION,REJECTED,TRUE
REQ01618,JOB01618,S&T,SEC_TAL_CHI,30-01-2026,10.44,11.38,54,4,preventive plan,4,TAMPER,SIGNAL_TEST_DEPENDENCY,SUBMITTED,TRUE
REQ01619,JOB01619,TRD,SEC_KHA_LON,07-01-2026,12.27,13.48,81,2,coordination opportunity,8,TAMPER,SIGNAL_TEST_DEPENDENCY,APPROVED,TRUE
REQ01620,JOB01620,S&T,SEC_DAD_THA,08-03-2026,7.38,9.32,114,4,coordination opportunity,10,LIFTING_UNIT,ACCESS_REQUIRED,APPROVED,TRUE
REQ01621,JOB01621,Engineering,SEC_MUM_DAD,10-01-2026,6.30,7.09,39,3,safety correction,6,TAMPER,SIGNAL_TEST_DEPENDENCY,APPROVED,TRUE
REQ01622,JOB01622,TRD,SEC_KAL_KAR,27-02-2026,16.42,19.10,148,1,safety correction,5,OHE_TEST_KIT,SIGNAL_TEST_DEPENDENCY,REJECTED,TRUE
REQ01623,JOB01623,S&T,SEC_SHI_PUN,17-02-2026,13.20,15.07,107,4,coordination opportunity,8,LIFTING_UNIT,NONE,REJECTED,TRUE
REQ01624,JOB01624,S&T,SEC_TAL_CHI,09-01-2026,12.07,13.55,108,4,safety correction,3,LIFTING_UNIT,TRACTION_ISOLATION,SUBMITTED,TRUE
REQ01625,JOB01625,TRD,SEC_DAD_THA,24-02-2026,13.22,15.34,132,2,preventive plan,8,LIFTING_UNIT,SIGNAL_TEST_DEPENDENCY,APPROVED,TRUE
REQ01626,JOB01626,TRD,SEC_SHI_PUN,29-01-2026,14.21,15.20,59,2,preventive plan,10,LIFTING_UNIT,TRACTION_ISOLATION,SUBMITTED,TRUE
REQ01627,JOB01627,TRD,SEC_MUM_DAD,08-03-2026,16.31,18.54,143,4,preventive plan,9,OHE_TEST_KIT,TRACTION_ISOLATION,SUBMITTED,TRUE
REQ01628,JOB01628,TRD,SEC_DAD_THA,08-03-2026,11.47,13.08,81,4,overdue defect,6,TAMPER,TRACTION_ISOLATION,APPROVED,TRUE
REQ01629,JOB01629,S&T,SEC_TAL_CHI,29-01-2026,15.10,16.09,59,4,safety correction,5,TAMPER,ACCESS_REQUIRED,APPROVED,TRUE
REQ01630,JOB01630,S&T,SEC_TAL_CHI,28-01-2026,15.50,17.35,105,2,coordination opportunity,4,LIFTING_UNIT,SIGNAL_TEST_DEPENDENCY,APPROVED,TRUE
REQ01631,JOB01631,Engineering,SEC_MUM_DAD,15-01-2026,7.38,10.00,142,2,safety correction,10,OHE_TEST_KIT,SIGNAL_TEST_DEPENDENCY,SUBMITTED,TRUE
REQ01632,JOB01632,Engineering,SEC_TAL_CHI,27-02-2026,18.46,20.25,99,1,safety correction,3,SIGNAL_TEST_SET,NONE,APPROVED,TRUE
REQ01633,JOB01633,TRD,SEC_TAL_CHI,13-03-2026,10.48,11.43,55,4,safety correction,4,LIFTING_UNIT,TRACTION_ISOLATION,REVIEW,TRUE
REQ01634,JOB01634,S&T,SEC_SHI_PUN,03-01-2026,7.02,8.46,104,4,overdue defect,3,TAMPER,ACCESS_REQUIRED,REVIEW,TRUE
REQ01635,JOB01635,S&T,SEC_DAD_THA,14-03-2026,8.18,9.00,42,3,coordination opportunity,7,SIGNAL_TEST_SET,SIGNAL_TEST_DEPENDENCY,REJECTED,TRUE
REQ01636,JOB01636,Engineering,SEC_LON_TAL,15-03-2026,13.36,14.27,51,4,safety correction,8,LIFTING_UNIT,TRACTION_ISOLATION,REJECTED,TRUE
REQ01637,JOB01637,S&T,SEC_DAD_THA,09-02-2026,6.47,8.52,125,3,coordination opportunity,6,LIFTING_UNIT,ACCESS_REQUIRED,APPROVED,TRUE
REQ01638,JOB01638,Engineering,SEC_CHI_SHI,27-01-2026,16.22,17.59,97,2,overdue defect,9,LIFTING_UNIT,TRACTION_ISOLATION,APPROVED,TRUE
REQ01639,JOB01639,Engineering,SEC_LON_TAL,11-02-2026,12.34,13.15,41,4,coordination opportunity,6,OHE_TEST_KIT,TRACTION_ISOLATION,REJECTED,TRUE
REQ01640,JOB01640,TRD,SEC_MUM_DAD,19-03-2026,11.13,13.00,107,4,overdue defect,3,HAND_TOOLS,NONE,SUBMITTED,TRUE
REQ01641,JOB01641,S&T,SEC_KAR_KHA,09-02-2026,8.33,10.44,131,1,safety correction,8,HAND_TOOLS,SIGNAL_TEST_DEPENDENCY,SUBMITTED,TRUE
REQ01642,JOB01642,Engineering,SEC_THA_KAL,17-01-2026,12.18,13.16,58,2,safety correction,8,HAND_TOOLS,NONE,REVIEW,TRUE
REQ01643,JOB01643,S&T,SEC_KHA_LON,22-02-2026,17.56,19.03,67,3,coordination opportunity,8,OHE_TEST_KIT,TRACTION_ISOLATION,REJECTED,TRUE
REQ01644,JOB01644,Engineering,SEC_KAR_KHA,25-01-2026,12.48,15.13,145,4,preventive plan,7,OHE_TEST_KIT,SIGNAL_TEST_DEPENDENCY,REJECTED,TRUE
REQ01645,JOB01645,Engineering,SEC_DAD_THA,01-02-2026,11.07,12.16,69,2,safety correction,10,OHE_TEST_KIT,SIGNAL_TEST_DEPENDENCY,APPROVED,TRUE
REQ01646,JOB01646,TRD,SEC_MUM_DAD,27-01-2026,9.21,10.51,90,2,safety correction,9,HAND_TOOLS,SIGNAL_TEST_DEPENDENCY,APPROVED,TRUE
REQ01647,JOB01647,Engineering,SEC_KAL_KAR,24-02-2026,8.00,9.52,112,2,preventive plan,5,HAND_TOOLS,NONE,APPROVED,TRUE
REQ01648,JOB01648,Engineering,SEC_DAD_THA,28-01-2026,14.05,16.12,127,4,preventive plan,8,HAND_TOOLS,SIGNAL_TEST_DEPENDENCY,REVIEW,TRUE
REQ01649,JOB01649,TRD,SEC_MUM_DAD,01-03-2026,8.14,10.22,128,2,overdue defect,4,SIGNAL_TEST_SET,NONE,SUBMITTED,TRUE
REQ01650,JOB01650,Engineering,SEC_THA_KAL,21-01-2026,14.15,15.55,100,3,preventive plan,4,SIGNAL_TEST_SET,TRACTION_ISOLATION,REJECTED,TRUE
REQ01651,JOB01651,S&T,SEC_SHI_PUN,07-01-2026,17.10,17.58,48,3,coordination opportunity,7,TAMPER,ACCESS_REQUIRED,REJECTED,TRUE
REQ01652,JOB01652,S&T,SEC_KAL_KAR,02-03-2026,14.22,16.35,133,4,preventive plan,5,OHE_TEST_KIT,ACCESS_REQUIRED,SUBMITTED,TRUE
REQ01653,JOB01653,Engineering,SEC_KAL_KAR,25-03-2026,14.35,15.48,73,1,overdue defect,10,HAND_TOOLS,NONE,REVIEW,TRUE
REQ01654,JOB01654,TRD,SEC_TAL_CHI,27-03-2026,14.23,15.26,63,4,coordination opportunity,8,TAMPER,NONE,APPROVED,TRUE
REQ01655,JOB01655,S&T,SEC_SHI_PUN,03-03-2026,6.43,8.31,108,4,overdue defect,9,LIFTING_UNIT,TRACTION_ISOLATION,REJECTED,TRUE
REQ01656,JOB01656,Engineering,SEC_MUM_DAD,13-02-2026,19.23,20.03,40,2,safety correction,3,TAMPER,NONE,APPROVED,TRUE
REQ01657,JOB01657,TRD,SEC_MUM_DAD,07-02-2026,13.44,14.33,49,3,safety correction,6,SIGNAL_TEST_SET,SIGNAL_TEST_DEPENDENCY,REVIEW,TRUE
REQ01658,JOB01658,S&T,SEC_CHI_SHI,21-03-2026,11.14,12.55,101,4,overdue defect,4,OHE_TEST_KIT,SIGNAL_TEST_DEPENDENCY,SUBMITTED,TRUE
REQ01659,JOB01659,TRD,SEC_TAL_CHI,10-01-2026,7.54,10.13,139,2,coordination opportunity,8,OHE_TEST_KIT,NONE,REJECTED,TRUE
REQ01660,JOB01660,Engineering,SEC_KAR_KHA,09-03-2026,8.35,10.30,115,4,safety correction,8,SIGNAL_TEST_SET,NONE,APPROVED,TRUE
REQ01661,JOB01661,S&T,SEC_KAL_KAR,18-02-2026,8.21,9.30,69,1,overdue defect,9,SIGNAL_TEST_SET,TRACTION_ISOLATION,SUBMITTED,TRUE
REQ01662,JOB01662,Engineering,SEC_KAL_KAR,11-02-2026,10.42,11.53,71,2,coordination opportunity,6,SIGNAL_TEST_SET,NONE,REJECTED,TRUE
REQ01663,JOB01663,S&T,SEC_KAL_KAR,03-03-2026,15.52,17.01,69,2,overdue defect,10,SIGNAL_TEST_SET,TRACTION_ISOLATION,REVIEW,TRUE
REQ01664,JOB01664,TRD,SEC_KHA_LON,27-03-2026,18.19,20.25,126,3,safety correction,4,SIGNAL_TEST_SET,TRACTION_ISOLATION,REJECTED,TRUE
REQ01665,JOB01665,TRD,SEC_KAL_KAR,31-03-2026,12.46,14.12,86,1,preventive plan,7,LIFTING_UNIT,SIGNAL_TEST_DEPENDENCY,REVIEW,TRUE
REQ01666,JOB01666,Engineering,SEC_TAL_CHI,29-03-2026,7.30,8.43,73,2,coordination opportunity,5,SIGNAL_TEST_SET,ACCESS_REQUIRED,APPROVED,TRUE
REQ01667,JOB01667,TRD,SEC_DAD_THA,12-03-2026,6.54,9.24,150,3,preventive plan,9,SIGNAL_TEST_SET,TRACTION_ISOLATION,REJECTED,TRUE
REQ01668,JOB01668,Engineering,SEC_SHI_PUN,23-01-2026,7.02,8.30,88,2,preventive plan,5,TAMPER,NONE,REJECTED,TRUE
REQ01669,JOB01669,S&T,SEC_SHI_PUN,21-01-2026,6.50,7.25,35,1,coordination opportunity,4,OHE_TEST_KIT,ACCESS_REQUIRED,APPROVED,TRUE
REQ01670,JOB01670,Engineering,SEC_LON_TAL,06-02-2026,11.04,11.51,47,4,safety correction,3,HAND_TOOLS,NONE,APPROVED,TRUE
REQ01671,JOB01671,TRD,SEC_THA_KAL,17-01-2026,11.10,11.56,46,3,overdue defect,5,OHE_TEST_KIT,TRACTION_ISOLATION,REVIEW,TRUE
REQ01672,JOB01672,TRD,SEC_SHI_PUN,21-02-2026,16.00,17.15,75,2,overdue defect,3,OHE_TEST_KIT,SIGNAL_TEST_DEPENDENCY,REVIEW,TRUE
REQ01673,JOB01673,Engineering,SEC_KHA_LON,26-01-2026,6.59,7.47,48,2,coordination opportunity,9,SIGNAL_TEST_SET,TRACTION_ISOLATION,APPROVED,TRUE
REQ01674,JOB01674,Engineering,SEC_LON_TAL,20-02-2026,9.25,10.31,66,2,preventive plan,8,OHE_TEST_KIT,TRACTION_ISOLATION,REJECTED,TRUE
REQ01675,JOB01675,S&T,SEC_TAL_CHI,01-01-2026,17.24,18.44,80,2,overdue defect,10,OHE_TEST_KIT,ACCESS_REQUIRED,REJECTED,TRUE
REQ01676,JOB01676,TRD,SEC_DAD_THA,26-03-2026,19.44,21.59,135,3,safety correction,3,LIFTING_UNIT,SIGNAL_TEST_DEPENDENCY,REJECTED,TRUE
REQ01677,JOB01677,TRD,SEC_SHI_PUN,08-02-2026,15.54,17.57,123,1,overdue defect,8,HAND_TOOLS,TRACTION_ISOLATION,APPROVED,TRUE
REQ01678,JOB01678,S&T,SEC_KHA_LON,08-03-2026,14.39,17.05,146,1,preventive plan,8,LIFTING_UNIT,NONE,APPROVED,TRUE
REQ01679,JOB01679,S&T,SEC_CHI_SHI,25-03-2026,17.15,19.21,126,1,overdue defect,10,TAMPER,ACCESS_REQUIRED,REVIEW,TRUE
REQ01680,JOB01680,S&T,SEC_KHA_LON,14-01-2026,13.20,14.25,65,3,preventive plan,3,SIGNAL_TEST_SET,ACCESS_REQUIRED,SUBMITTED,TRUE
REQ01681,JOB01681,S&T,SEC_THA_KAL,23-01-2026,15.10,16.09,59,1,coordination opportunity,4,OHE_TEST_KIT,ACCESS_REQUIRED,SUBMITTED,TRUE
REQ01682,JOB01682,Engineering,SEC_KAL_KAR,17-01-2026,14.52,16.42,110,2,safety correction,9,SIGNAL_TEST_SET,SIGNAL_TEST_DEPENDENCY,REJECTED,TRUE
REQ01683,JOB01683,Engineering,SEC_KAR_KHA,25-01-2026,18.02,18.56,54,3,preventive plan,5,LIFTING_UNIT,SIGNAL_TEST_DEPENDENCY,APPROVED,TRUE
REQ01684,JOB01684,Engineering,SEC_KAR_KHA,14-03-2026,13.50,15.50,120,3,preventive plan,10,LIFTING_UNIT,NONE,APPROVED,TRUE
REQ01685,JOB01685,S&T,SEC_CHI_SHI,18-01-2026,16.07,17.20,73,3,coordination opportunity,10,SIGNAL_TEST_SET,ACCESS_REQUIRED,SUBMITTED,TRUE
REQ01686,JOB01686,S&T,SEC_KAR_KHA,30-01-2026,16.34,17.53,79,1,preventive plan,10,SIGNAL_TEST_SET,TRACTION_ISOLATION,REJECTED,TRUE
REQ01687,JOB01687,Engineering,SEC_TAL_CHI,14-01-2026,8.49,9.34,45,4,preventive plan,3,LIFTING_UNIT,NONE,REVIEW,TRUE
REQ01688,JOB01688,Engineering,SEC_DAD_THA,02-02-2026,10.11,12.04,113,2,coordination opportunity,9,LIFTING_UNIT,NONE,REVIEW,TRUE
REQ01689,JOB01689,S&T,SEC_KHA_LON,06-02-2026,7.59,8.31,32,3,preventive plan,8,TAMPER,TRACTION_ISOLATION,REJECTED,TRUE
REQ01690,JOB01690,S&T,SEC_KHA_LON,10-01-2026,12.43,13.42,59,4,overdue defect,5,HAND_TOOLS,TRACTION_ISOLATION,REVIEW,TRUE
REQ01691,JOB01691,Engineering,SEC_KAR_KHA,29-03-2026,18.45,20.05,80,1,coordination opportunity,3,LIFTING_UNIT,NONE,REVIEW,TRUE
REQ01692,JOB01692,S&T,SEC_DAD_THA,10-03-2026,19.21,20.48,87,1,preventive plan,6,LIFTING_UNIT,ACCESS_REQUIRED,REVIEW,TRUE
REQ01693,JOB01693,TRD,SEC_CHI_SHI,03-03-2026,18.10,19.21,71,3,coordination opportunity,9,LIFTING_UNIT,TRACTION_ISOLATION,REJECTED,TRUE
REQ01694,JOB01694,Engineering,SEC_KAR_KHA,02-03-2026,19.27,20.27,60,3,safety correction,4,SIGNAL_TEST_SET,SIGNAL_TEST_DEPENDENCY,SUBMITTED,TRUE
REQ01695,JOB01695,Engineering,SEC_KAR_KHA,26-03-2026,9.37,10.12,35,3,overdue defect,4,LIFTING_UNIT,TRACTION_ISOLATION,SUBMITTED,TRUE
REQ01696,JOB01696,TRD,SEC_DAD_THA,01-01-2026,16.33,17.07,34,1,preventive plan,7,SIGNAL_TEST_SET,NONE,APPROVED,TRUE
REQ01697,JOB01697,S&T,SEC_KAL_KAR,08-02-2026,15.14,16.13,59,1,safety correction,4,HAND_TOOLS,SIGNAL_TEST_DEPENDENCY,REJECTED,TRUE
REQ01698,JOB01698,TRD,SEC_KAL_KAR,10-02-2026,9.58,11.07,69,2,coordination opportunity,7,LIFTING_UNIT,TRACTION_ISOLATION,SUBMITTED,TRUE
REQ01699,JOB01699,TRD,SEC_THA_KAL,05-02-2026,6.13,7.02,49,1,overdue defect,6,LIFTING_UNIT,ACCESS_REQUIRED,REVIEW,TRUE
REQ01700,JOB01700,S&T,SEC_THA_KAL,09-03-2026,10.53,12.16,83,4,preventive plan,8,TAMPER,SIGNAL_TEST_DEPENDENCY,APPROVED,TRUE
REQ01701,JOB01701,Engineering,SEC_KAR_KHA,03-03-2026,11.00,12.35,95,1,overdue defect,5,TAMPER,NONE,REJECTED,TRUE
REQ01702,JOB01702,TRD,SEC_KHA_LON,21-03-2026,11.38,13.24,106,1,preventive plan,4,HAND_TOOLS,TRACTION_ISOLATION,APPROVED,TRUE
REQ01703,JOB01703,TRD,SEC_SHI_PUN,04-02-2026,18.50,20.26,96,2,overdue defect,3,HAND_TOOLS,ACCESS_REQUIRED,REVIEW,TRUE
REQ01704,JOB01704,Engineering,SEC_MUM_DAD,13-01-2026,15.46,17.45,119,2,coordination opportunity,5,HAND_TOOLS,NONE,REJECTED,TRUE
REQ01705,JOB01705,Engineering,SEC_SHI_PUN,25-02-2026,17.42,20.00,138,3,coordination opportunity,5,HAND_TOOLS,ACCESS_REQUIRED,SUBMITTED,TRUE
REQ01706,JOB01706,TRD,SEC_THA_KAL,15-01-2026,16.08,17.13,65,4,safety correction,6,LIFTING_UNIT,NONE,SUBMITTED,TRUE
REQ01707,JOB01707,TRD,SEC_LON_TAL,20-03-2026,14.10,16.14,124,2,overdue defect,7,LIFTING_UNIT,TRACTION_ISOLATION,REVIEW,TRUE
REQ01708,JOB01708,Engineering,SEC_TAL_CHI,12-02-2026,13.02,15.21,139,3,safety correction,5,HAND_TOOLS,TRACTION_ISOLATION,REJECTED,TRUE
REQ01709,JOB01709,TRD,SEC_TAL_CHI,22-01-2026,12.11,14.38,147,2,coordination opportunity,10,HAND_TOOLS,SIGNAL_TEST_DEPENDENCY,SUBMITTED,TRUE
REQ01710,JOB01710,Engineering,SEC_KHA_LON,17-03-2026,19.39,21.28,109,2,overdue defect,7,SIGNAL_TEST_SET,ACCESS_REQUIRED,REJECTED,TRUE
REQ01711,JOB01711,TRD,SEC_KAR_KHA,17-01-2026,17.54,20.20,146,2,overdue defect,5,HAND_TOOLS,TRACTION_ISOLATION,REVIEW,TRUE
REQ01712,JOB01712,TRD,SEC_KHA_LON,16-03-2026,15.43,16.13,30,3,overdue defect,10,HAND_TOOLS,NONE,REJECTED,TRUE
REQ01713,JOB01713,TRD,SEC_MUM_DAD,17-02-2026,16.43,17.13,30,2,preventive plan,10,HAND_TOOLS,TRACTION_ISOLATION,APPROVED,TRUE
REQ01714,JOB01714,Engineering,SEC_SHI_PUN,10-02-2026,7.49,8.34,45,4,overdue defect,9,HAND_TOOLS,SIGNAL_TEST_DEPENDENCY,SUBMITTED,TRUE
REQ01715,JOB01715,TRD,SEC_KHA_LON,24-02-2026,6.26,7.21,55,2,preventive plan,5,SIGNAL_TEST_SET,TRACTION_ISOLATION,REJECTED,TRUE
REQ01716,JOB01716,Engineering,SEC_THA_KAL,18-03-2026,7.45,8.15,30,3,safety correction,9,HAND_TOOLS,SIGNAL_TEST_DEPENDENCY,REVIEW,TRUE
REQ01717,JOB01717,TRD,SEC_THA_KAL,30-03-2026,12.52,13.38,46,3,safety correction,8,SIGNAL_TEST_SET,NONE,SUBMITTED,TRUE
REQ01718,JOB01718,S&T,SEC_LON_TAL,17-02-2026,11.49,14.17,148,1,preventive plan,4,HAND_TOOLS,SIGNAL_TEST_DEPENDENCY,REJECTED,TRUE
REQ01719,JOB01719,TRD,SEC_TAL_CHI,24-02-2026,16.14,16.52,38,2,safety correction,10,HAND_TOOLS,ACCESS_REQUIRED,REJECTED,TRUE
REQ01720,JOB01720,Engineering,SEC_TAL_CHI,28-02-2026,15.26,17.05,99,1,safety correction,8,HAND_TOOLS,NONE,REVIEW,TRUE
REQ01721,JOB01721,Engineering,SEC_DAD_THA,07-01-2026,7.26,9.35,129,1,overdue defect,3,OHE_TEST_KIT,NONE,APPROVED,TRUE
REQ01722,JOB01722,TRD,SEC_SHI_PUN,01-02-2026,17.06,17.37,31,1,preventive plan,9,HAND_TOOLS,NONE,SUBMITTED,TRUE
REQ01723,JOB01723,S&T,SEC_SHI_PUN,12-01-2026,9.11,10.33,82,2,preventive plan,7,TAMPER,SIGNAL_TEST_DEPENDENCY,SUBMITTED,TRUE
REQ01724,JOB01724,TRD,SEC_THA_KAL,14-02-2026,13.09,15.38,149,3,overdue defect,5,SIGNAL_TEST_SET,SIGNAL_TEST_DEPENDENCY,REJECTED,TRUE
REQ01725,JOB01725,S&T,SEC_TAL_CHI,18-01-2026,10.48,12.14,86,2,preventive plan,5,OHE_TEST_KIT,TRACTION_ISOLATION,REJECTED,TRUE
REQ01726,JOB01726,S&T,SEC_SHI_PUN,14-03-2026,13.17,14.53,96,2,overdue defect,5,HAND_TOOLS,ACCESS_REQUIRED,REJECTED,TRUE
REQ01727,JOB01727,S&T,SEC_KHA_LON,03-03-2026,8.23,9.41,78,1,overdue defect,6,SIGNAL_TEST_SET,SIGNAL_TEST_DEPENDENCY,REVIEW,TRUE
REQ01728,JOB01728,S&T,SEC_DAD_THA,25-01-2026,9.36,10.27,51,2,overdue defect,9,TAMPER,SIGNAL_TEST_DEPENDENCY,REJECTED,TRUE
REQ01729,JOB01729,S&T,SEC_TAL_CHI,04-01-2026,8.21,10.30,129,2,coordination opportunity,7,LIFTING_UNIT,SIGNAL_TEST_DEPENDENCY,SUBMITTED,TRUE
REQ01730,JOB01730,Engineering,SEC_TAL_CHI,24-01-2026,10.08,12.08,120,1,overdue defect,6,HAND_TOOLS,SIGNAL_TEST_DEPENDENCY,SUBMITTED,TRUE
REQ01731,JOB01731,S&T,SEC_DAD_THA,31-03-2026,19.32,21.20,108,3,overdue defect,5,TAMPER,NONE,APPROVED,TRUE
REQ01732,JOB01732,Engineering,SEC_LON_TAL,25-01-2026,9.22,11.42,140,2,coordination opportunity,4,SIGNAL_TEST_SET,SIGNAL_TEST_DEPENDENCY,REJECTED,TRUE
REQ01733,JOB01733,Engineering,SEC_CHI_SHI,19-02-2026,15.14,17.30,136,4,coordination opportunity,9,SIGNAL_TEST_SET,SIGNAL_TEST_DEPENDENCY,SUBMITTED,TRUE
REQ01734,JOB01734,Engineering,SEC_TAL_CHI,14-01-2026,11.11,13.33,142,3,coordination opportunity,8,HAND_TOOLS,NONE,REJECTED,TRUE
REQ01735,JOB01735,TRD,SEC_DAD_THA,04-02-2026,19.09,20.00,51,1,overdue defect,8,TAMPER,TRACTION_ISOLATION,APPROVED,TRUE
REQ01736,JOB01736,TRD,SEC_KAL_KAR,23-03-2026,9.18,10.06,48,4,coordination opportunity,6,TAMPER,ACCESS_REQUIRED,SUBMITTED,TRUE
REQ01737,JOB01737,Engineering,SEC_THA_KAL,28-01-2026,10.56,12.02,66,4,coordination opportunity,9,OHE_TEST_KIT,TRACTION_ISOLATION,REVIEW,TRUE
REQ01738,JOB01738,TRD,SEC_MUM_DAD,24-03-2026,7.35,8.14,39,3,overdue defect,6,LIFTING_UNIT,SIGNAL_TEST_DEPENDENCY,APPROVED,TRUE
REQ01739,JOB01739,S&T,SEC_SHI_PUN,02-01-2026,9.29,11.28,119,3,overdue defect,7,HAND_TOOLS,NONE,APPROVED,TRUE
REQ01740,JOB01740,Engineering,SEC_THA_KAL,16-03-2026,6.51,7.42,51,2,preventive plan,3,LIFTING_UNIT,SIGNAL_TEST_DEPENDENCY,REJECTED,TRUE
REQ01741,JOB01741,S&T,SEC_TAL_CHI,03-03-2026,11.23,12.10,47,3,preventive plan,5,SIGNAL_TEST_SET,TRACTION_ISOLATION,APPROVED,TRUE
REQ01742,JOB01742,S&T,SEC_KHA_LON,12-02-2026,14.29,16.38,129,4,preventive plan,4,TAMPER,NONE,REJECTED,TRUE
REQ01743,JOB01743,Engineering,SEC_SHI_PUN,29-01-2026,15.12,16.58,106,4,safety correction,8,SIGNAL_TEST_SET,NONE,REVIEW,TRUE
REQ01744,JOB01744,TRD,SEC_MUM_DAD,14-03-2026,16.16,18.14,118,3,preventive plan,7,LIFTING_UNIT,NONE,SUBMITTED,TRUE
REQ01745,JOB01745,TRD,SEC_THA_KAL,22-02-2026,7.21,8.24,63,4,coordination opportunity,4,SIGNAL_TEST_SET,TRACTION_ISOLATION,SUBMITTED,TRUE
REQ01746,JOB01746,TRD,SEC_MUM_DAD,15-01-2026,10.43,13.04,141,4,coordination opportunity,4,HAND_TOOLS,ACCESS_REQUIRED,SUBMITTED,TRUE
REQ01747,JOB01747,TRD,SEC_KHA_LON,02-01-2026,13.09,15.12,123,2,coordination opportunity,9,SIGNAL_TEST_SET,ACCESS_REQUIRED,REVIEW,TRUE
REQ01748,JOB01748,S&T,SEC_SHI_PUN,15-01-2026,19.42,20.35,53,1,coordination opportunity,10,OHE_TEST_KIT,SIGNAL_TEST_DEPENDENCY,REVIEW,TRUE
REQ01749,JOB01749,S&T,SEC_LON_TAL,11-02-2026,7.44,8.44,60,3,safety correction,4,TAMPER,ACCESS_REQUIRED,APPROVED,TRUE
REQ01750,JOB01750,TRD,SEC_MUM_DAD,15-01-2026,7.19,9.20,121,1,overdue defect,9,TAMPER,TRACTION_ISOLATION,REJECTED,TRUE
REQ01751,JOB01751,TRD,SEC_THA_KAL,05-01-2026,13.23,15.07,104,1,coordination opportunity,5,TAMPER,ACCESS_REQUIRED,APPROVED,TRUE
REQ01752,JOB01752,S&T,SEC_KAL_KAR,04-02-2026,12.35,14.18,103,1,overdue defect,7,LIFTING_UNIT,NONE,REJECTED,TRUE
REQ01753,JOB01753,TRD,SEC_TAL_CHI,10-02-2026,15.55,17.10,75,1,safety correction,4,SIGNAL_TEST_SET,ACCESS_REQUIRED,REJECTED,TRUE
REQ01754,JOB01754,Engineering,SEC_KHA_LON,14-03-2026,6.43,8.46,123,4,safety correction,4,TAMPER,ACCESS_REQUIRED,REJECTED,TRUE
REQ01755,JOB01755,TRD,SEC_MUM_DAD,23-01-2026,17.41,19.41,120,4,coordination opportunity,6,SIGNAL_TEST_SET,NONE,REJECTED,TRUE
REQ01756,JOB01756,TRD,SEC_SHI_PUN,02-03-2026,16.51,18.13,82,4,safety correction,9,LIFTING_UNIT,NONE,REVIEW,TRUE
REQ01757,JOB01757,Engineering,SEC_KAL_KAR,17-03-2026,11.34,12.08,34,3,overdue defect,5,SIGNAL_TEST_SET,TRACTION_ISOLATION,REJECTED,TRUE
REQ01758,JOB01758,Engineering,SEC_TAL_CHI,23-02-2026,11.28,12.34,66,4,preventive plan,10,HAND_TOOLS,TRACTION_ISOLATION,REVIEW,TRUE
REQ01759,JOB01759,Engineering,SEC_KHA_LON,19-03-2026,16.39,18.34,115,4,overdue defect,7,LIFTING_UNIT,TRACTION_ISOLATION,APPROVED,TRUE
REQ01760,JOB01760,TRD,SEC_LON_TAL,08-02-2026,16.05,17.41,96,1,coordination opportunity,7,OHE_TEST_KIT,SIGNAL_TEST_DEPENDENCY,REJECTED,TRUE
REQ01761,JOB01761,Engineering,SEC_KAR_KHA,24-01-2026,12.03,13.17,74,4,safety correction,6,OHE_TEST_KIT,ACCESS_REQUIRED,APPROVED,TRUE
REQ01762,JOB01762,Engineering,SEC_KAL_KAR,06-01-2026,14.51,15.48,57,2,overdue defect,5,OHE_TEST_KIT,NONE,REVIEW,TRUE
REQ01763,JOB01763,S&T,SEC_CHI_SHI,09-01-2026,11.25,13.11,106,3,preventive plan,5,TAMPER,SIGNAL_TEST_DEPENDENCY,REVIEW,TRUE
REQ01764,JOB01764,Engineering,SEC_KAR_KHA,21-01-2026,9.35,11.33,118,4,preventive plan,10,OHE_TEST_KIT,ACCESS_REQUIRED,APPROVED,TRUE
REQ01765,JOB01765,TRD,SEC_CHI_SHI,04-02-2026,19.31,20.25,54,2,overdue defect,4,HAND_TOOLS,SIGNAL_TEST_DEPENDENCY,REVIEW,TRUE
REQ01766,JOB01766,S&T,SEC_LON_TAL,07-01-2026,8.30,10.20,110,4,safety correction,10,TAMPER,SIGNAL_TEST_DEPENDENCY,REJECTED,TRUE
REQ01767,JOB01767,Engineering,SEC_DAD_THA,22-03-2026,8.46,10.14,88,2,preventive plan,7,SIGNAL_TEST_SET,SIGNAL_TEST_DEPENDENCY,REVIEW,TRUE
REQ01768,JOB01768,Engineering,SEC_KHA_LON,07-02-2026,16.19,18.33,134,1,coordination opportunity,5,OHE_TEST_KIT,NONE,REJECTED,TRUE
REQ01769,JOB01769,S&T,SEC_MUM_DAD,07-03-2026,14.14,16.02,108,2,overdue defect,5,SIGNAL_TEST_SET,SIGNAL_TEST_DEPENDENCY,REVIEW,TRUE
REQ01770,JOB01770,TRD,SEC_KHA_LON,01-03-2026,18.37,20.25,108,4,overdue defect,6,LIFTING_UNIT,SIGNAL_TEST_DEPENDENCY,APPROVED,TRUE
REQ01771,JOB01771,Engineering,SEC_MUM_DAD,14-03-2026,14.47,16.15,88,3,safety correction,9,SIGNAL_TEST_SET,NONE,REVIEW,TRUE
REQ01772,JOB01772,Engineering,SEC_SHI_PUN,08-03-2026,15.35,16.38,63,4,coordination opportunity,6,HAND_TOOLS,SIGNAL_TEST_DEPENDENCY,REVIEW,TRUE
REQ01773,JOB01773,TRD,SEC_DAD_THA,24-02-2026,19.57,22.16,139,2,coordination opportunity,6,HAND_TOOLS,ACCESS_REQUIRED,REVIEW,TRUE
REQ01774,JOB01774,S&T,SEC_DAD_THA,17-02-2026,9.36,11.25,109,4,coordination opportunity,8,SIGNAL_TEST_SET,TRACTION_ISOLATION,REJECTED,TRUE
REQ01775,JOB01775,Engineering,SEC_SHI_PUN,24-01-2026,13.03,14.50,107,4,safety correction,9,HAND_TOOLS,SIGNAL_TEST_DEPENDENCY,REJECTED,TRUE
REQ01776,JOB01776,S&T,SEC_KAL_KAR,09-02-2026,8.10,8.54,44,1,coordination opportunity,6,TAMPER,ACCESS_REQUIRED,REVIEW,TRUE
REQ01777,JOB01777,S&T,SEC_DAD_THA,25-02-2026,16.16,18.35,139,1,preventive plan,10,SIGNAL_TEST_SET,NONE,REJECTED,TRUE
REQ01778,JOB01778,Engineering,SEC_LON_TAL,17-02-2026,16.07,18.37,150,3,safety correction,7,SIGNAL_TEST_SET,SIGNAL_TEST_DEPENDENCY,REJECTED,TRUE
REQ01779,JOB01779,S&T,SEC_CHI_SHI,17-02-2026,9.55,11.50,115,1,overdue defect,10,OHE_TEST_KIT,NONE,REVIEW,TRUE
REQ01780,JOB01780,TRD,SEC_THA_KAL,22-02-2026,11.49,14.13,144,4,safety correction,10,TAMPER,SIGNAL_TEST_DEPENDENCY,REVIEW,TRUE
REQ01781,JOB01781,Engineering,SEC_DAD_THA,20-01-2026,15.02,16.17,75,2,safety correction,3,HAND_TOOLS,ACCESS_REQUIRED,SUBMITTED,TRUE
REQ01782,JOB01782,TRD,SEC_MUM_DAD,19-02-2026,12.43,14.55,132,3,safety correction,10,HAND_TOOLS,ACCESS_REQUIRED,REJECTED,TRUE
REQ01783,JOB01783,TRD,SEC_KHA_LON,26-02-2026,18.36,20.27,111,2,overdue defect,5,OHE_TEST_KIT,TRACTION_ISOLATION,REVIEW,TRUE
REQ01784,JOB01784,TRD,SEC_SHI_PUN,19-02-2026,12.29,14.21,112,3,preventive plan,3,HAND_TOOLS,NONE,REVIEW,TRUE
REQ01785,JOB01785,TRD,SEC_THA_KAL,01-03-2026,8.21,9.21,60,4,overdue defect,8,HAND_TOOLS,NONE,APPROVED,TRUE
REQ01786,JOB01786,S&T,SEC_MUM_DAD,02-03-2026,16.33,17.46,73,3,coordination opportunity,8,TAMPER,SIGNAL_TEST_DEPENDENCY,REJECTED,TRUE
REQ01787,JOB01787,TRD,SEC_THA_KAL,30-03-2026,7.26,9.41,135,4,safety correction,3,SIGNAL_TEST_SET,SIGNAL_TEST_DEPENDENCY,SUBMITTED,TRUE
REQ01788,JOB01788,S&T,SEC_SHI_PUN,15-03-2026,10.51,12.19,88,3,preventive plan,10,SIGNAL_TEST_SET,SIGNAL_TEST_DEPENDENCY,REVIEW,TRUE
REQ01789,JOB01789,Engineering,SEC_KAL_KAR,14-02-2026,6.39,9.00,141,2,preventive plan,4,LIFTING_UNIT,NONE,SUBMITTED,TRUE
REQ01790,JOB01790,TRD,SEC_LON_TAL,26-03-2026,17.24,19.08,104,4,overdue defect,4,LIFTING_UNIT,NONE,SUBMITTED,TRUE
REQ01791,JOB01791,Engineering,SEC_KAL_KAR,01-03-2026,7.24,9.25,121,3,coordination opportunity,9,SIGNAL_TEST_SET,TRACTION_ISOLATION,SUBMITTED,TRUE
REQ01792,JOB01792,TRD,SEC_KAR_KHA,12-03-2026,18.07,19.08,61,1,overdue defect,5,LIFTING_UNIT,ACCESS_REQUIRED,APPROVED,TRUE
REQ01793,JOB01793,Engineering,SEC_DAD_THA,11-03-2026,7.45,10.01,136,1,overdue defect,8,TAMPER,NONE,REJECTED,TRUE
REQ01794,JOB01794,Engineering,SEC_THA_KAL,23-03-2026,9.20,9.50,30,1,preventive plan,3,OHE_TEST_KIT,SIGNAL_TEST_DEPENDENCY,SUBMITTED,TRUE
REQ01795,JOB01795,TRD,SEC_KAR_KHA,26-02-2026,19.45,22.03,138,3,coordination opportunity,9,SIGNAL_TEST_SET,TRACTION_ISOLATION,SUBMITTED,TRUE
REQ01796,JOB01796,Engineering,SEC_KAR_KHA,05-01-2026,7.44,9.15,91,1,coordination opportunity,4,HAND_TOOLS,TRACTION_ISOLATION,REVIEW,TRUE
REQ01797,JOB01797,Engineering,SEC_MUM_DAD,22-01-2026,14.25,15.39,74,1,preventive plan,8,HAND_TOOLS,TRACTION_ISOLATION,APPROVED,TRUE
REQ01798,JOB01798,S&T,SEC_KAL_KAR,26-03-2026,17.59,19.16,77,3,safety correction,6,OHE_TEST_KIT,NONE,REJECTED,TRUE
REQ01799,JOB01799,Engineering,SEC_THA_KAL,25-03-2026,16.22,18.01,99,4,overdue defect,4,OHE_TEST_KIT,NONE,REJECTED,TRUE
REQ01800,JOB01800,Engineering,SEC_KHA_LON,06-03-2026,13.24,13.56,32,1,overdue defect,10,SIGNAL_TEST_SET,SIGNAL_TEST_DEPENDENCY,APPROVED,TRUE
REQ01801,JOB01801,S&T,SEC_DAD_THA,01-02-2026,9.21,10.12,51,4,safety correction,9,HAND_TOOLS,TRACTION_ISOLATION,REJECTED,TRUE
REQ01802,JOB01802,TRD,SEC_MUM_DAD,11-01-2026,6.57,8.28,91,3,coordination opportunity,3,TAMPER,SIGNAL_TEST_DEPENDENCY,REVIEW,TRUE
REQ01803,JOB01803,Engineering,SEC_SHI_PUN,16-01-2026,15.15,15.59,44,4,coordination opportunity,10,OHE_TEST_KIT,SIGNAL_TEST_DEPENDENCY,REVIEW,TRUE
REQ01804,JOB01804,TRD,SEC_CHI_SHI,26-01-2026,14.59,16.42,103,2,safety correction,7,LIFTING_UNIT,SIGNAL_TEST_DEPENDENCY,REVIEW,TRUE
REQ01805,JOB01805,TRD,SEC_CHI_SHI,21-01-2026,10.36,12.17,101,3,coordination opportunity,10,HAND_TOOLS,SIGNAL_TEST_DEPENDENCY,SUBMITTED,TRUE
REQ01806,JOB01806,S&T,SEC_MUM_DAD,29-01-2026,7.27,8.05,38,1,coordination opportunity,10,SIGNAL_TEST_SET,ACCESS_REQUIRED,SUBMITTED,TRUE
REQ01807,JOB01807,S&T,SEC_TAL_CHI,10-03-2026,7.28,9.39,131,2,safety correction,3,OHE_TEST_KIT,SIGNAL_TEST_DEPENDENCY,APPROVED,TRUE
REQ01808,JOB01808,TRD,SEC_KAL_KAR,14-01-2026,18.07,19.52,105,4,safety correction,4,SIGNAL_TEST_SET,SIGNAL_TEST_DEPENDENCY,SUBMITTED,TRUE
REQ01809,JOB01809,TRD,SEC_MUM_DAD,28-03-2026,8.45,9.25,40,1,preventive plan,4,TAMPER,SIGNAL_TEST_DEPENDENCY,APPROVED,TRUE
REQ01810,JOB01810,S&T,SEC_MUM_DAD,13-01-2026,19.23,21.12,109,2,overdue defect,8,LIFTING_UNIT,SIGNAL_TEST_DEPENDENCY,REVIEW,TRUE
REQ01811,JOB01811,TRD,SEC_DAD_THA,03-02-2026,15.00,17.13,133,4,overdue defect,7,TAMPER,NONE,REJECTED,TRUE
REQ01812,JOB01812,TRD,SEC_CHI_SHI,07-02-2026,7.06,9.26,140,3,safety correction,10,HAND_TOOLS,SIGNAL_TEST_DEPENDENCY,REVIEW,TRUE
REQ01813,JOB01813,S&T,SEC_DAD_THA,19-03-2026,16.41,18.41,120,2,safety correction,9,LIFTING_UNIT,TRACTION_ISOLATION,REJECTED,TRUE
REQ01814,JOB01814,TRD,SEC_CHI_SHI,05-02-2026,9.21,11.31,130,4,preventive plan,5,OHE_TEST_KIT,ACCESS_REQUIRED,SUBMITTED,TRUE
REQ01815,JOB01815,S&T,SEC_SHI_PUN,01-03-2026,11.44,13.48,124,2,coordination opportunity,6,OHE_TEST_KIT,SIGNAL_TEST_DEPENDENCY,APPROVED,TRUE
REQ01816,JOB01816,Engineering,SEC_LON_TAL,26-03-2026,16.49,17.21,32,3,overdue defect,6,TAMPER,SIGNAL_TEST_DEPENDENCY,REJECTED,TRUE
REQ01817,JOB01817,S&T,SEC_KHA_LON,25-01-2026,16.50,19.00,130,3,overdue defect,8,TAMPER,ACCESS_REQUIRED,APPROVED,TRUE
REQ01818,JOB01818,TRD,SEC_CHI_SHI,30-01-2026,11.58,13.15,77,4,preventive plan,3,SIGNAL_TEST_SET,TRACTION_ISOLATION,SUBMITTED,TRUE
REQ01819,JOB01819,Engineering,SEC_LON_TAL,14-01-2026,12.26,13.55,89,4,preventive plan,7,OHE_TEST_KIT,ACCESS_REQUIRED,REJECTED,TRUE
REQ01820,JOB01820,TRD,SEC_DAD_THA,14-03-2026,15.40,16.39,59,2,preventive plan,7,HAND_TOOLS,ACCESS_REQUIRED,SUBMITTED,TRUE
REQ01821,JOB01821,S&T,SEC_MUM_DAD,17-01-2026,9.13,11.26,133,3,safety correction,9,LIFTING_UNIT,ACCESS_REQUIRED,REVIEW,TRUE
REQ01822,JOB01822,S&T,SEC_SHI_PUN,29-01-2026,13.33,15.49,136,3,coordination opportunity,4,TAMPER,ACCESS_REQUIRED,REJECTED,TRUE
REQ01823,JOB01823,Engineering,SEC_KAR_KHA,12-01-2026,6.48,9.05,137,4,preventive plan,6,TAMPER,SIGNAL_TEST_DEPENDENCY,REJECTED,TRUE
REQ01824,JOB01824,TRD,SEC_THA_KAL,27-02-2026,16.21,18.06,105,1,preventive plan,7,OHE_TEST_KIT,SIGNAL_TEST_DEPENDENCY,APPROVED,TRUE
REQ01825,JOB01825,TRD,SEC_MUM_DAD,19-03-2026,13.02,14.57,115,3,safety correction,5,OHE_TEST_KIT,ACCESS_REQUIRED,APPROVED,TRUE
REQ01826,JOB01826,S&T,SEC_SHI_PUN,25-02-2026,12.51,14.23,92,1,coordination opportunity,10,LIFTING_UNIT,ACCESS_REQUIRED,REVIEW,TRUE
REQ01827,JOB01827,Engineering,SEC_SHI_PUN,05-01-2026,19.57,20.55,58,3,overdue defect,9,SIGNAL_TEST_SET,TRACTION_ISOLATION,APPROVED,TRUE
REQ01828,JOB01828,TRD,SEC_KAL_KAR,22-02-2026,15.27,17.05,98,4,preventive plan,6,TAMPER,ACCESS_REQUIRED,REVIEW,TRUE
REQ01829,JOB01829,Engineering,SEC_CHI_SHI,27-03-2026,12.04,14.20,136,3,safety correction,5,SIGNAL_TEST_SET,NONE,REJECTED,TRUE
REQ01830,JOB01830,S&T,SEC_KHA_LON,27-03-2026,17.06,18.46,100,1,safety correction,9,SIGNAL_TEST_SET,NONE,APPROVED,TRUE
REQ01831,JOB01831,Engineering,SEC_KAR_KHA,07-03-2026,18.37,19.10,33,4,safety correction,9,LIFTING_UNIT,ACCESS_REQUIRED,REVIEW,TRUE
REQ01832,JOB01832,Engineering,SEC_THA_KAL,14-02-2026,16.11,18.04,113,1,overdue defect,7,SIGNAL_TEST_SET,SIGNAL_TEST_DEPENDENCY,REJECTED,TRUE
REQ01833,JOB01833,S&T,SEC_THA_KAL,31-01-2026,8.24,9.42,78,4,safety correction,5,OHE_TEST_KIT,ACCESS_REQUIRED,APPROVED,TRUE
REQ01834,JOB01834,Engineering,SEC_THA_KAL,09-01-2026,8.25,9.11,46,4,safety correction,3,TAMPER,TRACTION_ISOLATION,REJECTED,TRUE
REQ01835,JOB01835,TRD,SEC_TAL_CHI,27-03-2026,19.40,20.12,32,2,safety correction,3,LIFTING_UNIT,ACCESS_REQUIRED,SUBMITTED,TRUE
REQ01836,JOB01836,S&T,SEC_LON_TAL,26-01-2026,7.50,8.49,59,4,preventive plan,8,SIGNAL_TEST_SET,ACCESS_REQUIRED,APPROVED,TRUE
REQ01837,JOB01837,TRD,SEC_KAR_KHA,31-01-2026,17.10,18.29,79,2,coordination opportunity,6,SIGNAL_TEST_SET,ACCESS_REQUIRED,SUBMITTED,TRUE
REQ01838,JOB01838,Engineering,SEC_DAD_THA,31-03-2026,17.24,19.14,110,3,overdue defect,10,HAND_TOOLS,SIGNAL_TEST_DEPENDENCY,REVIEW,TRUE
REQ01839,JOB01839,Engineering,SEC_KHA_LON,07-03-2026,12.01,13.31,90,1,preventive plan,10,OHE_TEST_KIT,ACCESS_REQUIRED,APPROVED,TRUE
REQ01840,JOB01840,Engineering,SEC_THA_KAL,25-02-2026,10.33,12.50,137,3,preventive plan,7,LIFTING_UNIT,SIGNAL_TEST_DEPENDENCY,SUBMITTED,TRUE
REQ01841,JOB01841,S&T,SEC_CHI_SHI,01-01-2026,7.58,9.52,114,4,safety correction,3,HAND_TOOLS,TRACTION_ISOLATION,SUBMITTED,TRUE
REQ01842,JOB01842,Engineering,SEC_MUM_DAD,28-03-2026,18.41,19.34,53,2,coordination opportunity,3,SIGNAL_TEST_SET,NONE,SUBMITTED,TRUE
REQ01843,JOB01843,S&T,SEC_KAL_KAR,19-03-2026,6.01,7.21,80,3,preventive plan,3,OHE_TEST_KIT,ACCESS_REQUIRED,APPROVED,TRUE
REQ01844,JOB01844,TRD,SEC_MUM_DAD,09-03-2026,19.38,21.41,123,1,coordination opportunity,4,TAMPER,NONE,SUBMITTED,TRUE
REQ01845,JOB01845,S&T,SEC_SHI_PUN,15-02-2026,9.05,10.19,74,1,coordination opportunity,5,LIFTING_UNIT,ACCESS_REQUIRED,SUBMITTED,TRUE
REQ01846,JOB01846,S&T,SEC_LON_TAL,12-03-2026,17.06,17.53,47,4,coordination opportunity,6,LIFTING_UNIT,TRACTION_ISOLATION,SUBMITTED,TRUE
REQ01847,JOB01847,S&T,SEC_DAD_THA,25-03-2026,14.17,16.13,116,3,safety correction,10,LIFTING_UNIT,ACCESS_REQUIRED,REVIEW,TRUE
REQ01848,JOB01848,TRD,SEC_MUM_DAD,30-01-2026,19.42,20.32,50,2,overdue defect,9,HAND_TOOLS,NONE,REVIEW,TRUE
REQ01849,JOB01849,S&T,SEC_MUM_DAD,27-03-2026,12.43,13.48,65,4,overdue defect,8,TAMPER,SIGNAL_TEST_DEPENDENCY,REVIEW,TRUE
REQ01850,JOB01850,Engineering,SEC_SHI_PUN,28-02-2026,13.09,13.46,37,1,overdue defect,5,TAMPER,ACCESS_REQUIRED,REVIEW,TRUE
REQ01851,JOB01851,TRD,SEC_THA_KAL,15-01-2026,15.53,16.28,35,1,preventive plan,9,OHE_TEST_KIT,ACCESS_REQUIRED,REJECTED,TRUE
REQ01852,JOB01852,TRD,SEC_MUM_DAD,29-03-2026,6.55,8.31,96,4,overdue defect,8,HAND_TOOLS,TRACTION_ISOLATION,SUBMITTED,TRUE
REQ01853,JOB01853,Engineering,SEC_KAR_KHA,25-03-2026,8.35,9.17,42,2,coordination opportunity,7,HAND_TOOLS,ACCESS_REQUIRED,REJECTED,TRUE
REQ01854,JOB01854,TRD,SEC_KAR_KHA,24-02-2026,16.55,19.23,148,2,safety correction,9,OHE_TEST_KIT,NONE,APPROVED,TRUE
REQ01855,JOB01855,S&T,SEC_SHI_PUN,04-03-2026,13.02,15.27,145,2,preventive plan,4,LIFTING_UNIT,ACCESS_REQUIRED,APPROVED,TRUE
REQ01856,JOB01856,Engineering,SEC_LON_TAL,20-01-2026,8.49,10.28,99,2,preventive plan,6,TAMPER,ACCESS_REQUIRED,APPROVED,TRUE
REQ01857,JOB01857,S&T,SEC_THA_KAL,13-01-2026,17.37,18.58,81,4,preventive plan,5,SIGNAL_TEST_SET,ACCESS_REQUIRED,APPROVED,TRUE
REQ01858,JOB01858,TRD,SEC_CHI_SHI,19-02-2026,12.45,14.37,112,1,overdue defect,5,HAND_TOOLS,NONE,SUBMITTED,TRUE
REQ01859,JOB01859,Engineering,SEC_LON_TAL,18-03-2026,8.36,11.06,150,1,overdue defect,7,LIFTING_UNIT,TRACTION_ISOLATION,APPROVED,TRUE
REQ01860,JOB01860,S&T,SEC_TAL_CHI,13-02-2026,18.45,19.40,55,3,coordination opportunity,7,SIGNAL_TEST_SET,ACCESS_REQUIRED,REVIEW,TRUE
REQ01861,JOB01861,TRD,SEC_MUM_DAD,07-02-2026,6.16,8.33,137,3,coordination opportunity,6,LIFTING_UNIT,ACCESS_REQUIRED,APPROVED,TRUE
REQ01862,JOB01862,TRD,SEC_MUM_DAD,14-02-2026,18.44,21.00,136,1,coordination opportunity,4,OHE_TEST_KIT,NONE,APPROVED,TRUE
REQ01863,JOB01863,Engineering,SEC_MUM_DAD,02-01-2026,8.40,10.45,125,4,coordination opportunity,8,TAMPER,NONE,REVIEW,TRUE
REQ01864,JOB01864,Engineering,SEC_CHI_SHI,06-02-2026,13.10,14.17,67,1,coordination opportunity,6,TAMPER,ACCESS_REQUIRED,REVIEW,TRUE
REQ01865,JOB01865,TRD,SEC_KAR_KHA,05-01-2026,7.09,8.40,91,1,coordination opportunity,10,TAMPER,ACCESS_REQUIRED,APPROVED,TRUE
REQ01866,JOB01866,TRD,SEC_THA_KAL,23-03-2026,7.27,9.41,134,4,safety correction,4,HAND_TOOLS,ACCESS_REQUIRED,REJECTED,TRUE
REQ01867,JOB01867,TRD,SEC_MUM_DAD,04-03-2026,14.37,15.37,60,4,safety correction,8,SIGNAL_TEST_SET,SIGNAL_TEST_DEPENDENCY,REVIEW,TRUE
REQ01868,JOB01868,Engineering,SEC_KAL_KAR,23-03-2026,6.47,8.40,113,2,preventive plan,9,SIGNAL_TEST_SET,TRACTION_ISOLATION,REVIEW,TRUE
REQ01869,JOB01869,Engineering,SEC_THA_KAL,17-01-2026,6.29,7.12,43,3,overdue defect,9,TAMPER,NONE,REVIEW,TRUE
REQ01870,JOB01870,Engineering,SEC_LON_TAL,30-01-2026,16.01,18.26,145,3,overdue defect,7,LIFTING_UNIT,TRACTION_ISOLATION,APPROVED,TRUE
REQ01871,JOB01871,TRD,SEC_SHI_PUN,22-02-2026,10.37,12.35,118,1,coordination opportunity,5,SIGNAL_TEST_SET,NONE,REJECTED,TRUE
REQ01872,JOB01872,Engineering,SEC_KAL_KAR,22-02-2026,14.37,16.22,105,1,safety correction,5,LIFTING_UNIT,ACCESS_REQUIRED,SUBMITTED,TRUE
REQ01873,JOB01873,TRD,SEC_KHA_LON,02-03-2026,14.27,15.58,91,4,overdue defect,9,OHE_TEST_KIT,SIGNAL_TEST_DEPENDENCY,SUBMITTED,TRUE
REQ01874,JOB01874,Engineering,SEC_LON_TAL,31-03-2026,19.36,20.46,70,3,safety correction,9,LIFTING_UNIT,NONE,REVIEW,TRUE
REQ01875,JOB01875,TRD,SEC_KAR_KHA,21-03-2026,11.27,12.57,90,1,overdue defect,3,SIGNAL_TEST_SET,TRACTION_ISOLATION,SUBMITTED,TRUE
REQ01876,JOB01876,TRD,SEC_TAL_CHI,07-01-2026,16.08,18.14,126,2,safety correction,8,HAND_TOOLS,TRACTION_ISOLATION,REJECTED,TRUE
REQ01877,JOB01877,Engineering,SEC_THA_KAL,10-03-2026,12.41,13.37,56,2,overdue defect,6,TAMPER,SIGNAL_TEST_DEPENDENCY,SUBMITTED,TRUE
REQ01878,JOB01878,S&T,SEC_MUM_DAD,06-01-2026,17.18,19.26,128,4,preventive plan,10,LIFTING_UNIT,SIGNAL_TEST_DEPENDENCY,REVIEW,TRUE
REQ01879,JOB01879,S&T,SEC_KAR_KHA,17-02-2026,13.05,14.52,107,2,overdue defect,3,TAMPER,ACCESS_REQUIRED,REJECTED,TRUE
REQ01880,JOB01880,Engineering,SEC_SHI_PUN,12-03-2026,6.25,8.21,116,3,coordination opportunity,8,OHE_TEST_KIT,ACCESS_REQUIRED,APPROVED,TRUE
REQ01881,JOB01881,Engineering,SEC_TAL_CHI,06-02-2026,12.53,14.38,105,2,safety correction,5,LIFTING_UNIT,ACCESS_REQUIRED,SUBMITTED,TRUE
REQ01882,JOB01882,TRD,SEC_THA_KAL,09-02-2026,13.45,15.13,88,1,coordination opportunity,5,TAMPER,ACCESS_REQUIRED,REVIEW,TRUE
REQ01883,JOB01883,TRD,SEC_KHA_LON,06-01-2026,10.16,12.05,109,2,overdue defect,7,OHE_TEST_KIT,NONE,REVIEW,TRUE
REQ01884,JOB01884,TRD,SEC_THA_KAL,08-02-2026,18.44,20.48,124,1,safety correction,9,SIGNAL_TEST_SET,TRACTION_ISOLATION,REVIEW,TRUE
REQ01885,JOB01885,TRD,SEC_TAL_CHI,19-03-2026,16.35,18.12,97,2,preventive plan,6,LIFTING_UNIT,SIGNAL_TEST_DEPENDENCY,APPROVED,TRUE
REQ01886,JOB01886,S&T,SEC_LON_TAL,15-01-2026,14.45,15.40,55,1,safety correction,4,HAND_TOOLS,TRACTION_ISOLATION,APPROVED,TRUE
REQ01887,JOB01887,Engineering,SEC_KHA_LON,17-02-2026,6.32,8.57,145,2,preventive plan,4,LIFTING_UNIT,TRACTION_ISOLATION,SUBMITTED,TRUE
REQ01888,JOB01888,Engineering,SEC_CHI_SHI,26-03-2026,10.47,11.49,62,1,coordination opportunity,9,HAND_TOOLS,ACCESS_REQUIRED,REJECTED,TRUE
REQ01889,JOB01889,Engineering,SEC_KHA_LON,27-03-2026,16.04,17.34,90,4,coordination opportunity,5,TAMPER,SIGNAL_TEST_DEPENDENCY,REVIEW,TRUE
REQ01890,JOB01890,TRD,SEC_LON_TAL,16-03-2026,16.32,18.22,110,3,safety correction,10,LIFTING_UNIT,NONE,REJECTED,TRUE
REQ01891,JOB01891,S&T,SEC_MUM_DAD,28-03-2026,15.59,18.02,123,1,safety correction,8,OHE_TEST_KIT,SIGNAL_TEST_DEPENDENCY,REVIEW,TRUE
REQ01892,JOB01892,TRD,SEC_LON_TAL,01-03-2026,14.05,16.02,117,4,safety correction,8,OHE_TEST_KIT,TRACTION_ISOLATION,SUBMITTED,TRUE
REQ01893,JOB01893,Engineering,SEC_KAR_KHA,10-03-2026,7.17,7.58,41,4,preventive plan,5,OHE_TEST_KIT,NONE,APPROVED,TRUE
REQ01894,JOB01894,Engineering,SEC_LON_TAL,10-02-2026,18.04,20.01,117,3,coordination opportunity,8,TAMPER,NONE,SUBMITTED,TRUE
REQ01895,JOB01895,Engineering,SEC_SHI_PUN,26-02-2026,10.17,12.46,149,1,safety correction,8,HAND_TOOLS,ACCESS_REQUIRED,REVIEW,TRUE
REQ01896,JOB01896,S&T,SEC_CHI_SHI,02-02-2026,11.48,13.29,101,1,preventive plan,8,OHE_TEST_KIT,ACCESS_REQUIRED,REVIEW,TRUE
REQ01897,JOB01897,Engineering,SEC_MUM_DAD,09-01-2026,13.46,14.38,52,4,preventive plan,7,HAND_TOOLS,SIGNAL_TEST_DEPENDENCY,SUBMITTED,TRUE
REQ01898,JOB01898,Engineering,SEC_KHA_LON,14-02-2026,18.18,19.12,54,2,overdue defect,4,SIGNAL_TEST_SET,NONE,SUBMITTED,TRUE
REQ01899,JOB01899,TRD,SEC_TAL_CHI,02-03-2026,19.08,20.54,106,2,preventive plan,10,TAMPER,TRACTION_ISOLATION,APPROVED,TRUE
REQ01900,JOB01900,Engineering,SEC_TAL_CHI,13-02-2026,17.38,20.02,144,3,preventive plan,9,LIFTING_UNIT,SIGNAL_TEST_DEPENDENCY,SUBMITTED,TRUE
REQ01901,JOB01901,TRD,SEC_KAR_KHA,03-02-2026,8.25,9.06,41,3,safety correction,7,LIFTING_UNIT,SIGNAL_TEST_DEPENDENCY,SUBMITTED,TRUE
REQ01902,JOB01902,Engineering,SEC_DAD_THA,27-02-2026,12.12,14.16,124,2,coordination opportunity,5,TAMPER,NONE,SUBMITTED,TRUE
REQ01903,JOB01903,Engineering,SEC_TAL_CHI,18-01-2026,16.56,18.53,117,2,overdue defect,7,OHE_TEST_KIT,ACCESS_REQUIRED,APPROVED,TRUE
REQ01904,JOB01904,S&T,SEC_MUM_DAD,28-01-2026,14.03,15.32,89,1,overdue defect,6,OHE_TEST_KIT,NONE,REJECTED,TRUE
REQ01905,JOB01905,S&T,SEC_LON_TAL,26-01-2026,15.18,16.06,48,1,overdue defect,8,SIGNAL_TEST_SET,SIGNAL_TEST_DEPENDENCY,SUBMITTED,TRUE
REQ01906,JOB01906,Engineering,SEC_TAL_CHI,26-01-2026,14.13,15.31,78,3,preventive plan,5,LIFTING_UNIT,ACCESS_REQUIRED,SUBMITTED,TRUE
REQ01907,JOB01907,Engineering,SEC_KAR_KHA,20-03-2026,10.46,13.12,146,2,preventive plan,10,TAMPER,ACCESS_REQUIRED,SUBMITTED,TRUE
REQ01908,JOB01908,TRD,SEC_MUM_DAD,14-02-2026,14.38,15.16,38,2,coordination opportunity,7,LIFTING_UNIT,NONE,SUBMITTED,TRUE
REQ01909,JOB01909,Engineering,SEC_KAR_KHA,22-03-2026,12.32,13.56,84,2,preventive plan,10,TAMPER,SIGNAL_TEST_DEPENDENCY,APPROVED,TRUE
REQ01910,JOB01910,Engineering,SEC_KAR_KHA,11-03-2026,12.56,14.36,100,4,overdue defect,8,LIFTING_UNIT,SIGNAL_TEST_DEPENDENCY,APPROVED,TRUE
REQ01911,JOB01911,S&T,SEC_MUM_DAD,15-03-2026,9.52,12.11,139,1,safety correction,10,OHE_TEST_KIT,ACCESS_REQUIRED,APPROVED,TRUE
REQ01912,JOB01912,S&T,SEC_TAL_CHI,11-01-2026,10.32,12.58,146,4,coordination opportunity,5,SIGNAL_TEST_SET,NONE,APPROVED,TRUE
REQ01913,JOB01913,Engineering,SEC_SHI_PUN,24-02-2026,14.44,16.14,90,4,safety correction,7,HAND_TOOLS,NONE,APPROVED,TRUE
REQ01914,JOB01914,TRD,SEC_KAL_KAR,04-02-2026,16.42,18.59,137,3,overdue defect,5,TAMPER,NONE,SUBMITTED,TRUE
REQ01915,JOB01915,Engineering,SEC_KHA_LON,01-02-2026,10.22,10.54,32,3,coordination opportunity,4,LIFTING_UNIT,TRACTION_ISOLATION,REJECTED,TRUE
REQ01916,JOB01916,S&T,SEC_KHA_LON,22-01-2026,15.26,17.27,121,1,safety correction,4,SIGNAL_TEST_SET,ACCESS_REQUIRED,SUBMITTED,TRUE
REQ01917,JOB01917,S&T,SEC_LON_TAL,24-03-2026,14.40,16.28,108,4,safety correction,10,TAMPER,SIGNAL_TEST_DEPENDENCY,SUBMITTED,TRUE
REQ01918,JOB01918,Engineering,SEC_LON_TAL,15-01-2026,15.46,16.33,47,2,coordination opportunity,4,LIFTING_UNIT,NONE,REVIEW,TRUE
REQ01919,JOB01919,Engineering,SEC_KAR_KHA,02-01-2026,8.20,8.59,39,4,coordination opportunity,10,HAND_TOOLS,ACCESS_REQUIRED,REJECTED,TRUE
REQ01920,JOB01920,Engineering,SEC_TAL_CHI,08-02-2026,10.30,12.14,104,4,coordination opportunity,10,OHE_TEST_KIT,NONE,APPROVED,TRUE
REQ01921,JOB01921,Engineering,SEC_THA_KAL,04-02-2026,12.53,15.12,139,3,overdue defect,5,TAMPER,NONE,SUBMITTED,TRUE
REQ01922,JOB01922,S&T,SEC_SHI_PUN,10-01-2026,12.50,13.30,40,4,coordination opportunity,6,LIFTING_UNIT,ACCESS_REQUIRED,REJECTED,TRUE
REQ01923,JOB01923,Engineering,SEC_CHI_SHI,06-01-2026,12.45,13.58,73,4,safety correction,9,HAND_TOOLS,NONE,REVIEW,TRUE
REQ01924,JOB01924,S&T,SEC_KAR_KHA,01-03-2026,12.29,13.57,88,3,safety correction,6,LIFTING_UNIT,SIGNAL_TEST_DEPENDENCY,REJECTED,TRUE
REQ01925,JOB01925,TRD,SEC_THA_KAL,23-03-2026,17.59,20.07,128,4,preventive plan,10,TAMPER,TRACTION_ISOLATION,APPROVED,TRUE
REQ01926,JOB01926,Engineering,SEC_CHI_SHI,22-02-2026,14.12,15.09,57,1,preventive plan,4,TAMPER,NONE,REVIEW,TRUE
REQ01927,JOB01927,Engineering,SEC_THA_KAL,03-02-2026,13.45,14.15,30,3,coordination opportunity,7,TAMPER,NONE,SUBMITTED,TRUE
REQ01928,JOB01928,Engineering,SEC_MUM_DAD,31-01-2026,15.58,18.09,131,4,overdue defect,3,SIGNAL_TEST_SET,TRACTION_ISOLATION,SUBMITTED,TRUE
REQ01929,JOB01929,S&T,SEC_SHI_PUN,10-02-2026,19.12,21.10,118,1,safety correction,3,SIGNAL_TEST_SET,TRACTION_ISOLATION,REJECTED,TRUE
REQ01930,JOB01930,S&T,SEC_TAL_CHI,14-02-2026,10.25,12.35,130,3,coordination opportunity,7,OHE_TEST_KIT,SIGNAL_TEST_DEPENDENCY,REVIEW,TRUE
REQ01931,JOB01931,Engineering,SEC_KAR_KHA,25-03-2026,16.17,18.35,138,2,safety correction,6,OHE_TEST_KIT,ACCESS_REQUIRED,REJECTED,TRUE
REQ01932,JOB01932,S&T,SEC_KHA_LON,28-02-2026,8.49,9.25,36,4,coordination opportunity,7,OHE_TEST_KIT,TRACTION_ISOLATION,REJECTED,TRUE
REQ01933,JOB01933,Engineering,SEC_SHI_PUN,13-03-2026,16.17,18.13,116,4,preventive plan,5,HAND_TOOLS,TRACTION_ISOLATION,APPROVED,TRUE
REQ01934,JOB01934,S&T,SEC_TAL_CHI,08-03-2026,16.36,17.26,50,2,overdue defect,7,TAMPER,TRACTION_ISOLATION,REVIEW,TRUE
REQ01935,JOB01935,TRD,SEC_KAL_KAR,06-01-2026,18.08,20.00,112,1,safety correction,9,HAND_TOOLS,SIGNAL_TEST_DEPENDENCY,APPROVED,TRUE
REQ01936,JOB01936,TRD,SEC_KHA_LON,10-02-2026,15.42,18.07,145,4,preventive plan,10,LIFTING_UNIT,NONE,APPROVED,TRUE
REQ01937,JOB01937,S&T,SEC_TAL_CHI,25-03-2026,17.50,19.29,99,3,coordination opportunity,4,LIFTING_UNIT,ACCESS_REQUIRED,SUBMITTED,TRUE
REQ01938,JOB01938,TRD,SEC_LON_TAL,20-01-2026,13.29,14.57,88,4,overdue defect,8,HAND_TOOLS,ACCESS_REQUIRED,SUBMITTED,TRUE
REQ01939,JOB01939,Engineering,SEC_THA_KAL,01-02-2026,11.55,13.19,84,3,safety correction,3,OHE_TEST_KIT,ACCESS_REQUIRED,APPROVED,TRUE
REQ01940,JOB01940,TRD,SEC_DAD_THA,31-01-2026,17.01,17.57,56,3,coordination opportunity,5,LIFTING_UNIT,ACCESS_REQUIRED,APPROVED,TRUE
REQ01941,JOB01941,TRD,SEC_DAD_THA,22-01-2026,10.34,11.53,79,3,overdue defect,3,HAND_TOOLS,ACCESS_REQUIRED,SUBMITTED,TRUE
REQ01942,JOB01942,TRD,SEC_THA_KAL,09-03-2026,17.18,19.20,122,4,preventive plan,8,HAND_TOOLS,NONE,REVIEW,TRUE
REQ01943,JOB01943,S&T,SEC_SHI_PUN,25-03-2026,11.44,13.05,81,3,coordination opportunity,10,OHE_TEST_KIT,TRACTION_ISOLATION,SUBMITTED,TRUE
REQ01944,JOB01944,Engineering,SEC_THA_KAL,09-03-2026,19.05,20.00,55,4,preventive plan,7,LIFTING_UNIT,ACCESS_REQUIRED,APPROVED,TRUE
REQ01945,JOB01945,TRD,SEC_KAL_KAR,22-02-2026,10.07,12.31,144,3,coordination opportunity,5,OHE_TEST_KIT,ACCESS_REQUIRED,REJECTED,TRUE
REQ01946,JOB01946,TRD,SEC_CHI_SHI,17-01-2026,8.33,10.40,127,2,preventive plan,10,SIGNAL_TEST_SET,SIGNAL_TEST_DEPENDENCY,REVIEW,TRUE
REQ01947,JOB01947,Engineering,SEC_CHI_SHI,16-02-2026,19.46,20.23,37,4,coordination opportunity,8,TAMPER,SIGNAL_TEST_DEPENDENCY,SUBMITTED,TRUE
REQ01948,JOB01948,S&T,SEC_KAL_KAR,15-03-2026,15.24,17.14,110,2,safety correction,10,LIFTING_UNIT,ACCESS_REQUIRED,REVIEW,TRUE
REQ01949,JOB01949,TRD,SEC_THA_KAL,16-02-2026,17.41,18.12,31,4,safety correction,5,SIGNAL_TEST_SET,ACCESS_REQUIRED,APPROVED,TRUE
REQ01950,JOB01950,TRD,SEC_SHI_PUN,24-03-2026,16.06,16.36,30,2,safety correction,10,TAMPER,NONE,SUBMITTED,TRUE
REQ01951,JOB01951,Engineering,SEC_DAD_THA,12-01-2026,18.09,19.51,102,4,preventive plan,3,TAMPER,TRACTION_ISOLATION,SUBMITTED,TRUE
REQ01952,JOB01952,TRD,SEC_KHA_LON,11-03-2026,8.03,8.37,34,3,safety correction,9,TAMPER,ACCESS_REQUIRED,SUBMITTED,TRUE
REQ01953,JOB01953,TRD,SEC_KAL_KAR,24-02-2026,13.15,15.08,113,2,coordination opportunity,7,HAND_TOOLS,NONE,REJECTED,TRUE
REQ01954,JOB01954,TRD,SEC_DAD_THA,26-03-2026,13.52,16.00,128,4,overdue defect,8,SIGNAL_TEST_SET,ACCESS_REQUIRED,REVIEW,TRUE
REQ01955,JOB01955,TRD,SEC_SHI_PUN,22-01-2026,13.34,15.49,135,1,overdue defect,6,OHE_TEST_KIT,NONE,APPROVED,TRUE
REQ01956,JOB01956,TRD,SEC_CHI_SHI,13-03-2026,9.37,11.05,88,2,coordination opportunity,4,SIGNAL_TEST_SET,NONE,SUBMITTED,TRUE
REQ01957,JOB01957,S&T,SEC_KAR_KHA,20-02-2026,11.33,13.45,132,2,safety correction,5,HAND_TOOLS,NONE,SUBMITTED,TRUE
REQ01958,JOB01958,Engineering,SEC_KHA_LON,16-02-2026,14.21,14.51,30,3,preventive plan,10,HAND_TOOLS,ACCESS_REQUIRED,REJECTED,TRUE
REQ01959,JOB01959,Engineering,SEC_TAL_CHI,05-01-2026,14.23,15.15,52,4,safety correction,5,SIGNAL_TEST_SET,SIGNAL_TEST_DEPENDENCY,APPROVED,TRUE
REQ01960,JOB01960,TRD,SEC_THA_KAL,13-01-2026,13.18,13.55,37,4,safety correction,9,HAND_TOOLS,NONE,REJECTED,TRUE
REQ01961,JOB01961,TRD,SEC_TAL_CHI,20-03-2026,8.52,10.48,116,3,overdue defect,5,SIGNAL_TEST_SET,TRACTION_ISOLATION,APPROVED,TRUE
REQ01962,JOB01962,Engineering,SEC_THA_KAL,16-02-2026,8.57,11.07,130,3,overdue defect,5,SIGNAL_TEST_SET,SIGNAL_TEST_DEPENDENCY,SUBMITTED,TRUE
REQ01963,JOB01963,S&T,SEC_DAD_THA,06-01-2026,8.47,10.37,110,4,safety correction,6,HAND_TOOLS,TRACTION_ISOLATION,REJECTED,TRUE
REQ01964,JOB01964,S&T,SEC_THA_KAL,12-01-2026,7.22,9.19,117,2,coordination opportunity,3,LIFTING_UNIT,TRACTION_ISOLATION,REVIEW,TRUE
REQ01965,JOB01965,Engineering,SEC_THA_KAL,15-01-2026,13.24,15.32,128,2,overdue defect,7,TAMPER,NONE,APPROVED,TRUE
REQ01966,JOB01966,Engineering,SEC_THA_KAL,07-03-2026,17.46,18.25,39,4,coordination opportunity,5,OHE_TEST_KIT,NONE,APPROVED,TRUE
REQ01967,JOB01967,TRD,SEC_KAL_KAR,14-02-2026,9.28,11.51,143,2,preventive plan,10,TAMPER,NONE,SUBMITTED,TRUE
REQ01968,JOB01968,TRD,SEC_KHA_LON,24-03-2026,17.47,19.01,74,3,overdue defect,9,SIGNAL_TEST_SET,ACCESS_REQUIRED,SUBMITTED,TRUE
REQ01969,JOB01969,TRD,SEC_KAL_KAR,24-01-2026,10.26,11.05,39,1,coordination opportunity,7,HAND_TOOLS,SIGNAL_TEST_DEPENDENCY,APPROVED,TRUE
REQ01970,JOB01970,TRD,SEC_MUM_DAD,25-01-2026,16.00,17.08,68,2,preventive plan,4,LIFTING_UNIT,TRACTION_ISOLATION,APPROVED,TRUE
REQ01971,JOB01971,S&T,SEC_DAD_THA,09-01-2026,11.21,12.15,54,4,preventive plan,6,OHE_TEST_KIT,SIGNAL_TEST_DEPENDENCY,REJECTED,TRUE
REQ01972,JOB01972,TRD,SEC_MUM_DAD,18-01-2026,13.02,15.04,122,3,safety correction,4,LIFTING_UNIT,SIGNAL_TEST_DEPENDENCY,APPROVED,TRUE
REQ01973,JOB01973,TRD,SEC_KAL_KAR,02-01-2026,11.41,14.11,150,1,coordination opportunity,6,SIGNAL_TEST_SET,TRACTION_ISOLATION,REVIEW,TRUE
REQ01974,JOB01974,TRD,SEC_KAR_KHA,03-02-2026,14.56,15.32,36,3,overdue defect,10,SIGNAL_TEST_SET,TRACTION_ISOLATION,SUBMITTED,TRUE
REQ01975,JOB01975,Engineering,SEC_TAL_CHI,25-01-2026,12.57,14.51,114,4,overdue defect,3,LIFTING_UNIT,SIGNAL_TEST_DEPENDENCY,APPROVED,TRUE
REQ01976,JOB01976,Engineering,SEC_LON_TAL,02-01-2026,15.33,16.06,33,1,coordination opportunity,4,TAMPER,ACCESS_REQUIRED,SUBMITTED,TRUE
REQ01977,JOB01977,Engineering,SEC_KAR_KHA,10-03-2026,8.53,10.44,111,4,safety correction,3,OHE_TEST_KIT,NONE,APPROVED,TRUE
REQ01978,JOB01978,Engineering,SEC_DAD_THA,05-01-2026,13.09,14.44,95,2,coordination opportunity,8,TAMPER,NONE,SUBMITTED,TRUE
REQ01979,JOB01979,S&T,SEC_DAD_THA,17-02-2026,9.27,10.40,73,4,safety correction,6,OHE_TEST_KIT,ACCESS_REQUIRED,REVIEW,TRUE
REQ01980,JOB01980,TRD,SEC_KAR_KHA,18-01-2026,18.55,19.32,37,4,coordination opportunity,10,HAND_TOOLS,SIGNAL_TEST_DEPENDENCY,APPROVED,TRUE
REQ01981,JOB01981,Engineering,SEC_KAR_KHA,03-03-2026,19.24,20.36,72,2,safety correction,3,OHE_TEST_KIT,SIGNAL_TEST_DEPENDENCY,REVIEW,TRUE
REQ01982,JOB01982,Engineering,SEC_LON_TAL,09-01-2026,6.45,7.25,40,4,preventive plan,10,LIFTING_UNIT,SIGNAL_TEST_DEPENDENCY,REVIEW,TRUE
REQ01983,JOB01983,TRD,SEC_SHI_PUN,13-03-2026,6.38,8.35,117,4,safety correction,4,LIFTING_UNIT,NONE,SUBMITTED,TRUE
REQ01984,JOB01984,S&T,SEC_KAL_KAR,12-03-2026,12.12,13.07,55,4,overdue defect,7,LIFTING_UNIT,SIGNAL_TEST_DEPENDENCY,REVIEW,TRUE
REQ01985,JOB01985,S&T,SEC_THA_KAL,18-01-2026,11.32,13.27,115,2,preventive plan,3,OHE_TEST_KIT,SIGNAL_TEST_DEPENDENCY,REVIEW,TRUE
REQ01986,JOB01986,S&T,SEC_KAR_KHA,18-03-2026,19.39,21.40,121,1,overdue defect,6,SIGNAL_TEST_SET,TRACTION_ISOLATION,REVIEW,TRUE
REQ01987,JOB01987,Engineering,SEC_LON_TAL,14-02-2026,18.07,19.13,66,1,preventive plan,10,HAND_TOOLS,NONE,SUBMITTED,TRUE
REQ01988,JOB01988,TRD,SEC_THA_KAL,06-03-2026,10.01,10.47,46,4,preventive plan,8,TAMPER,SIGNAL_TEST_DEPENDENCY,REVIEW,TRUE
REQ01989,JOB01989,S&T,SEC_MUM_DAD,27-03-2026,6.33,7.16,43,4,coordination opportunity,5,LIFTING_UNIT,NONE,REVIEW,TRUE
REQ01990,JOB01990,Engineering,SEC_THA_KAL,05-02-2026,19.41,20.36,55,1,overdue defect,10,OHE_TEST_KIT,SIGNAL_TEST_DEPENDENCY,REVIEW,TRUE
REQ01991,JOB01991,Engineering,SEC_LON_TAL,28-01-2026,12.52,14.43,111,3,overdue defect,5,TAMPER,TRACTION_ISOLATION,REVIEW,TRUE
REQ01992,JOB01992,S&T,SEC_DAD_THA,30-03-2026,10.56,11.44,48,1,coordination opportunity,10,SIGNAL_TEST_SET,SIGNAL_TEST_DEPENDENCY,REJECTED,TRUE
REQ01993,JOB01993,TRD,SEC_SHI_PUN,26-03-2026,18.36,20.26,110,4,preventive plan,5,TAMPER,SIGNAL_TEST_DEPENDENCY,REVIEW,TRUE
REQ01994,JOB01994,TRD,SEC_KHA_LON,07-02-2026,7.20,8.00,40,3,coordination opportunity,6,OHE_TEST_KIT,NONE,REVIEW,TRUE
REQ01995,JOB01995,S&T,SEC_TAL_CHI,07-03-2026,11.14,12.43,89,1,overdue defect,9,OHE_TEST_KIT,SIGNAL_TEST_DEPENDENCY,REVIEW,TRUE
REQ01996,JOB01996,Engineering,SEC_LON_TAL,23-01-2026,6.35,7.53,78,4,safety correction,10,HAND_TOOLS,ACCESS_REQUIRED,APPROVED,TRUE
REQ01997,JOB01997,TRD,SEC_MUM_DAD,01-02-2026,6.58,7.51,53,2,preventive plan,6,SIGNAL_TEST_SET,ACCESS_REQUIRED,SUBMITTED,TRUE
REQ01998,JOB01998,TRD,SEC_DAD_THA,08-02-2026,12.49,14.51,122,4,coordination opportunity,4,SIGNAL_TEST_SET,ACCESS_REQUIRED,APPROVED,TRUE
REQ01999,JOB01999,TRD,SEC_THA_KAL,21-02-2026,14.22,15.23,61,4,overdue defect,9,TAMPER,SIGNAL_TEST_DEPENDENCY,SUBMITTED,TRUE
REQ02000,JOB02000,S&T,SEC_LON_TAL,26-02-2026,15.24,16.09,45,3,coordination opportunity,3,HAND_TOOLS,ACCESS_REQUIRED,APPROVED,TRUE
REQ02001,JOB02001,TRD,SEC_TAL_CHI,10-03-2026,18.12,19.07,55,1,coordination opportunity,5,TAMPER,NONE,REVIEW,TRUE
REQ02002,JOB02002,Engineering,SEC_THA_KAL,20-01-2026,14.41,15.11,30,2,overdue defect,6,HAND_TOOLS,SIGNAL_TEST_DEPENDENCY,REVIEW,TRUE
REQ02003,JOB02003,TRD,SEC_LON_TAL,15-02-2026,17.51,18.49,58,4,safety correction,4,LIFTING_UNIT,ACCESS_REQUIRED,SUBMITTED,TRUE
REQ02004,JOB02004,Engineering,SEC_LON_TAL,16-01-2026,16.45,17.35,50,4,overdue defect,8,HAND_TOOLS,SIGNAL_TEST_DEPENDENCY,REVIEW,TRUE
REQ02005,JOB02005,S&T,SEC_CHI_SHI,22-01-2026,17.39,18.17,38,2,overdue defect,7,OHE_TEST_KIT,TRACTION_ISOLATION,REJECTED,TRUE
REQ02006,JOB02006,TRD,SEC_DAD_THA,23-03-2026,11.36,12.51,75,3,preventive plan,9,SIGNAL_TEST_SET,ACCESS_REQUIRED,REJECTED,TRUE
REQ02007,JOB02007,Engineering,SEC_SHI_PUN,22-01-2026,19.16,21.40,144,2,safety correction,3,LIFTING_UNIT,SIGNAL_TEST_DEPENDENCY,APPROVED,TRUE
REQ02008,JOB02008,Engineering,SEC_KHA_LON,03-02-2026,14.54,17.09,135,3,safety correction,6,OHE_TEST_KIT,NONE,SUBMITTED,TRUE
REQ02009,JOB02009,TRD,SEC_DAD_THA,24-01-2026,16.07,17.05,58,4,overdue defect,3,SIGNAL_TEST_SET,SIGNAL_TEST_DEPENDENCY,REVIEW,TRUE
REQ02010,JOB02010,TRD,SEC_SHI_PUN,16-03-2026,14.33,16.21,108,3,overdue defect,8,TAMPER,NONE,REVIEW,TRUE
REQ02011,JOB02011,Engineering,SEC_SHI_PUN,11-03-2026,18.04,19.51,107,2,coordination opportunity,5,OHE_TEST_KIT,NONE,REJECTED,TRUE
REQ02012,JOB02012,TRD,SEC_LON_TAL,11-01-2026,18.38,19.43,65,4,safety correction,5,OHE_TEST_KIT,ACCESS_REQUIRED,REJECTED,TRUE
REQ02013,JOB02013,Engineering,SEC_THA_KAL,15-01-2026,19.19,20.54,95,2,coordination opportunity,8,TAMPER,TRACTION_ISOLATION,REJECTED,TRUE
REQ02014,JOB02014,S&T,SEC_DAD_THA,11-01-2026,15.22,16.17,55,1,overdue defect,5,OHE_TEST_KIT,SIGNAL_TEST_DEPENDENCY,SUBMITTED,TRUE
REQ02015,JOB02015,Engineering,SEC_MUM_DAD,29-01-2026,14.18,15.47,89,3,overdue defect,8,SIGNAL_TEST_SET,TRACTION_ISOLATION,REVIEW,TRUE
REQ02016,JOB02016,Engineering,SEC_LON_TAL,12-03-2026,12.22,13.21,59,4,safety correction,9,HAND_TOOLS,SIGNAL_TEST_DEPENDENCY,REVIEW,TRUE
REQ02017,JOB02017,S&T,SEC_DAD_THA,19-02-2026,10.00,10.37,37,3,safety correction,5,OHE_TEST_KIT,ACCESS_REQUIRED,SUBMITTED,TRUE
REQ02018,JOB02018,S&T,SEC_SHI_PUN,18-02-2026,9.03,9.53,50,1,coordination opportunity,10,SIGNAL_TEST_SET,SIGNAL_TEST_DEPENDENCY,SUBMITTED,TRUE
REQ02019,JOB02019,TRD,SEC_SHI_PUN,05-02-2026,14.45,15.35,50,4,preventive plan,5,OHE_TEST_KIT,TRACTION_ISOLATION,REVIEW,TRUE
REQ02020,JOB02020,S&T,SEC_KHA_LON,05-02-2026,19.11,20.02,51,2,preventive plan,3,HAND_TOOLS,TRACTION_ISOLATION,REJECTED,TRUE
REQ02021,JOB02021,TRD,SEC_DAD_THA,20-01-2026,15.11,16.25,74,3,safety correction,10,HAND_TOOLS,TRACTION_ISOLATION,APPROVED,TRUE
REQ02022,JOB02022,TRD,SEC_KAR_KHA,09-03-2026,7.34,9.10,96,1,preventive plan,8,LIFTING_UNIT,SIGNAL_TEST_DEPENDENCY,APPROVED,TRUE
REQ02023,JOB02023,TRD,SEC_KHA_LON,17-03-2026,17.55,19.23,88,3,safety correction,8,SIGNAL_TEST_SET,SIGNAL_TEST_DEPENDENCY,REJECTED,TRUE
REQ02024,JOB02024,TRD,SEC_SHI_PUN,23-02-2026,11.39,12.20,41,2,coordination opportunity,6,OHE_TEST_KIT,SIGNAL_TEST_DEPENDENCY,REJECTED,TRUE
REQ02025,JOB02025,S&T,SEC_MUM_DAD,08-01-2026,16.27,18.56,149,2,safety correction,6,LIFTING_UNIT,NONE,APPROVED,TRUE
REQ02026,JOB02026,S&T,SEC_TAL_CHI,20-01-2026,19.44,21.51,127,1,preventive plan,4,HAND_TOOLS,NONE,REJECTED,TRUE
REQ02027,JOB02027,TRD,SEC_CHI_SHI,28-03-2026,14.44,15.43,59,4,coordination opportunity,8,TAMPER,ACCESS_REQUIRED,SUBMITTED,TRUE
REQ02028,JOB02028,S&T,SEC_TAL_CHI,18-01-2026,17.15,18.48,93,4,coordination opportunity,6,OHE_TEST_KIT,SIGNAL_TEST_DEPENDENCY,REJECTED,TRUE
REQ02029,JOB02029,S&T,SEC_MUM_DAD,04-01-2026,9.02,10.44,102,3,coordination opportunity,10,SIGNAL_TEST_SET,NONE,SUBMITTED,TRUE
REQ02030,JOB02030,Engineering,SEC_TAL_CHI,08-02-2026,14.14,16.33,139,4,overdue defect,5,SIGNAL_TEST_SET,TRACTION_ISOLATION,APPROVED,TRUE
REQ02031,JOB02031,S&T,SEC_TAL_CHI,09-01-2026,7.54,9.37,103,1,safety correction,5,TAMPER,SIGNAL_TEST_DEPENDENCY,SUBMITTED,TRUE
REQ02032,JOB02032,TRD,SEC_MUM_DAD,16-03-2026,15.07,15.52,45,4,preventive plan,10,HAND_TOOLS,NONE,APPROVED,TRUE
REQ02033,JOB02033,S&T,SEC_TAL_CHI,19-03-2026,9.23,10.37,74,2,safety correction,10,TAMPER,ACCESS_REQUIRED,REVIEW,TRUE
REQ02034,JOB02034,TRD,SEC_SHI_PUN,03-03-2026,18.39,21.07,148,1,coordination opportunity,9,LIFTING_UNIT,TRACTION_ISOLATION,APPROVED,TRUE
REQ02035,JOB02035,S&T,SEC_THA_KAL,16-01-2026,7.27,8.30,63,4,safety correction,10,SIGNAL_TEST_SET,ACCESS_REQUIRED,SUBMITTED,TRUE
REQ02036,JOB02036,S&T,SEC_SHI_PUN,02-02-2026,16.39,18.22,103,1,overdue defect,4,SIGNAL_TEST_SET,NONE,APPROVED,TRUE
REQ02037,JOB02037,S&T,SEC_MUM_DAD,01-01-2026,9.03,11.11,128,1,safety correction,9,TAMPER,ACCESS_REQUIRED,SUBMITTED,TRUE
REQ02038,JOB02038,Engineering,SEC_DAD_THA,22-03-2026,19.15,21.22,127,2,coordination opportunity,10,TAMPER,ACCESS_REQUIRED,REVIEW,TRUE
REQ02039,JOB02039,TRD,SEC_KHA_LON,25-01-2026,7.24,8.12,48,3,preventive plan,6,OHE_TEST_KIT,TRACTION_ISOLATION,REJECTED,TRUE
REQ02040,JOB02040,Engineering,SEC_KHA_LON,03-03-2026,10.56,13.10,134,1,coordination opportunity,10,SIGNAL_TEST_SET,NONE,REVIEW,TRUE
REQ02041,JOB02041,Engineering,SEC_SHI_PUN,19-03-2026,15.07,15.44,37,3,overdue defect,9,SIGNAL_TEST_SET,SIGNAL_TEST_DEPENDENCY,REVIEW,TRUE
REQ02042,JOB02042,S&T,SEC_KAL_KAR,05-03-2026,9.21,9.55,34,2,preventive plan,4,OHE_TEST_KIT,TRACTION_ISOLATION,APPROVED,TRUE
REQ02043,JOB02043,Engineering,SEC_SHI_PUN,21-01-2026,17.28,18.01,33,3,coordination opportunity,3,HAND_TOOLS,ACCESS_REQUIRED,REJECTED,TRUE
REQ02044,JOB02044,Engineering,SEC_CHI_SHI,18-02-2026,17.55,18.51,56,4,preventive plan,6,OHE_TEST_KIT,ACCESS_REQUIRED,SUBMITTED,TRUE
REQ02045,JOB02045,TRD,SEC_DAD_THA,17-01-2026,11.02,13.08,126,4,coordination opportunity,9,LIFTING_UNIT,NONE,APPROVED,TRUE
REQ02046,JOB02046,S&T,SEC_LON_TAL,12-01-2026,17.38,19.41,123,2,safety correction,8,TAMPER,TRACTION_ISOLATION,SUBMITTED,TRUE
REQ02047,JOB02047,TRD,SEC_MUM_DAD,06-01-2026,9.10,10.36,86,4,preventive plan,10,SIGNAL_TEST_SET,SIGNAL_TEST_DEPENDENCY,SUBMITTED,TRUE
REQ02048,JOB02048,S&T,SEC_SHI_PUN,31-03-2026,10.05,11.44,99,1,preventive plan,10,SIGNAL_TEST_SET,NONE,APPROVED,TRUE
REQ02049,JOB02049,S&T,SEC_DAD_THA,24-01-2026,17.17,19.04,107,4,preventive plan,3,LIFTING_UNIT,SIGNAL_TEST_DEPENDENCY,APPROVED,TRUE
REQ02050,JOB02050,Engineering,SEC_MUM_DAD,21-01-2026,16.44,18.55,131,2,overdue defect,4,SIGNAL_TEST_SET,TRACTION_ISOLATION,SUBMITTED,TRUE
REQ02051,JOB02051,Engineering,SEC_DAD_THA,16-02-2026,15.44,17.01,77,3,overdue defect,8,TAMPER,NONE,APPROVED,TRUE
REQ02052,JOB02052,TRD,SEC_LON_TAL,11-03-2026,18.22,19.34,72,3,overdue defect,4,LIFTING_UNIT,NONE,APPROVED,TRUE
REQ02053,JOB02053,TRD,SEC_DAD_THA,31-01-2026,14.22,15.05,43,3,coordination opportunity,8,TAMPER,NONE,REVIEW,TRUE
REQ02054,JOB02054,S&T,SEC_THA_KAL,20-03-2026,19.06,21.22,136,1,safety correction,5,OHE_TEST_KIT,TRACTION_ISOLATION,SUBMITTED,TRUE
REQ02055,JOB02055,TRD,SEC_SHI_PUN,12-03-2026,13.13,14.27,74,2,coordination opportunity,6,TAMPER,NONE,REJECTED,TRUE
REQ02056,JOB02056,Engineering,SEC_MUM_DAD,19-03-2026,9.43,11.54,131,1,coordination opportunity,3,SIGNAL_TEST_SET,ACCESS_REQUIRED,REVIEW,TRUE
REQ02057,JOB02057,S&T,SEC_KAR_KHA,25-03-2026,10.42,11.58,76,2,overdue defect,9,TAMPER,SIGNAL_TEST_DEPENDENCY,REJECTED,TRUE
REQ02058,JOB02058,Engineering,SEC_DAD_THA,07-03-2026,11.18,13.07,109,1,preventive plan,7,OHE_TEST_KIT,ACCESS_REQUIRED,REVIEW,TRUE
REQ02059,JOB02059,S&T,SEC_KAR_KHA,26-01-2026,15.12,17.16,124,1,preventive plan,3,SIGNAL_TEST_SET,SIGNAL_TEST_DEPENDENCY,REVIEW,TRUE
REQ02060,JOB02060,TRD,SEC_THA_KAL,10-03-2026,8.00,8.48,48,1,overdue defect,4,LIFTING_UNIT,NONE,SUBMITTED,TRUE
REQ02061,JOB02061,Engineering,SEC_KHA_LON,05-03-2026,10.15,11.36,81,3,safety correction,7,LIFTING_UNIT,SIGNAL_TEST_DEPENDENCY,REJECTED,TRUE
REQ02062,JOB02062,Engineering,SEC_SHI_PUN,25-01-2026,12.51,13.49,58,1,coordination opportunity,9,HAND_TOOLS,NONE,APPROVED,TRUE
REQ02063,JOB02063,S&T,SEC_THA_KAL,16-02-2026,15.25,16.17,52,2,coordination opportunity,9,SIGNAL_TEST_SET,TRACTION_ISOLATION,SUBMITTED,TRUE
REQ02064,JOB02064,TRD,SEC_THA_KAL,27-01-2026,18.36,19.55,79,1,coordination opportunity,7,SIGNAL_TEST_SET,ACCESS_REQUIRED,REJECTED,TRUE
REQ02065,JOB02065,TRD,SEC_KHA_LON,21-03-2026,12.09,13.15,66,3,coordination opportunity,10,SIGNAL_TEST_SET,TRACTION_ISOLATION,APPROVED,TRUE
REQ02066,JOB02066,TRD,SEC_KAR_KHA,06-02-2026,9.32,10.40,68,4,safety correction,4,TAMPER,ACCESS_REQUIRED,APPROVED,TRUE
REQ02067,JOB02067,TRD,SEC_KAL_KAR,03-01-2026,15.24,16.42,78,1,coordination opportunity,3,SIGNAL_TEST_SET,NONE,SUBMITTED,TRUE
REQ02068,JOB02068,Engineering,SEC_CHI_SHI,24-01-2026,10.50,11.41,51,3,overdue defect,7,HAND_TOOLS,SIGNAL_TEST_DEPENDENCY,APPROVED,TRUE
REQ02069,JOB02069,Engineering,SEC_KAR_KHA,19-01-2026,11.21,13.30,129,2,coordination opportunity,10,LIFTING_UNIT,ACCESS_REQUIRED,REJECTED,TRUE
REQ02070,JOB02070,Engineering,SEC_DAD_THA,23-03-2026,10.04,12.05,121,2,coordination opportunity,3,TAMPER,NONE,SUBMITTED,TRUE
REQ02071,JOB02071,Engineering,SEC_THA_KAL,26-01-2026,17.26,19.42,136,3,safety correction,10,LIFTING_UNIT,ACCESS_REQUIRED,SUBMITTED,TRUE
REQ02072,JOB02072,S&T,SEC_THA_KAL,04-03-2026,12.26,13.45,79,2,preventive plan,4,OHE_TEST_KIT,NONE,REJECTED,TRUE
REQ02073,JOB02073,Engineering,SEC_LON_TAL,09-02-2026,15.24,16.44,80,3,overdue defect,10,TAMPER,SIGNAL_TEST_DEPENDENCY,REVIEW,TRUE
REQ02074,JOB02074,S&T,SEC_KAR_KHA,18-02-2026,12.16,13.20,64,4,preventive plan,9,HAND_TOOLS,TRACTION_ISOLATION,SUBMITTED,TRUE
REQ02075,JOB02075,TRD,SEC_TAL_CHI,17-01-2026,11.15,11.57,42,4,overdue defect,3,TAMPER,SIGNAL_TEST_DEPENDENCY,REVIEW,TRUE
REQ02076,JOB02076,TRD,SEC_DAD_THA,25-02-2026,13.15,13.56,41,4,overdue defect,3,HAND_TOOLS,ACCESS_REQUIRED,REJECTED,TRUE
REQ02077,JOB02077,TRD,SEC_MUM_DAD,06-01-2026,7.58,9.57,119,3,safety correction,3,TAMPER,SIGNAL_TEST_DEPENDENCY,SUBMITTED,TRUE
REQ02078,JOB02078,Engineering,SEC_CHI_SHI,24-03-2026,7.02,7.52,50,3,coordination opportunity,10,HAND_TOOLS,SIGNAL_TEST_DEPENDENCY,REVIEW,TRUE
REQ02079,JOB02079,S&T,SEC_DAD_THA,12-01-2026,8.15,9.09,54,4,coordination opportunity,4,TAMPER,SIGNAL_TEST_DEPENDENCY,APPROVED,TRUE
REQ02080,JOB02080,Engineering,SEC_KHA_LON,05-03-2026,18.31,20.59,148,2,coordination opportunity,5,OHE_TEST_KIT,ACCESS_REQUIRED,REJECTED,TRUE
REQ02081,JOB02081,S&T,SEC_LON_TAL,10-03-2026,13.17,15.18,121,4,overdue defect,5,TAMPER,TRACTION_ISOLATION,SUBMITTED,TRUE
REQ02082,JOB02082,Engineering,SEC_KAL_KAR,14-02-2026,6.49,8.44,115,4,preventive plan,8,SIGNAL_TEST_SET,ACCESS_REQUIRED,REJECTED,TRUE
REQ02083,JOB02083,Engineering,SEC_KAR_KHA,14-03-2026,16.58,18.29,91,3,preventive plan,4,TAMPER,ACCESS_REQUIRED,APPROVED,TRUE
REQ02084,JOB02084,S&T,SEC_SHI_PUN,08-03-2026,13.29,15.49,140,4,coordination opportunity,3,OHE_TEST_KIT,NONE,REJECTED,TRUE
REQ02085,JOB02085,S&T,SEC_KHA_LON,07-03-2026,19.09,21.18,129,3,overdue defect,9,SIGNAL_TEST_SET,ACCESS_REQUIRED,APPROVED,TRUE
REQ02086,JOB02086,S&T,SEC_DAD_THA,31-03-2026,12.35,14.11,96,4,coordination opportunity,4,OHE_TEST_KIT,SIGNAL_TEST_DEPENDENCY,APPROVED,TRUE
REQ02087,JOB02087,TRD,SEC_KAL_KAR,12-01-2026,10.26,11.17,51,4,overdue defect,4,HAND_TOOLS,ACCESS_REQUIRED,REJECTED,TRUE
REQ02088,JOB02088,S&T,SEC_THA_KAL,20-02-2026,11.56,13.18,82,2,overdue defect,6,HAND_TOOLS,ACCESS_REQUIRED,REJECTED,TRUE
REQ02089,JOB02089,S&T,SEC_DAD_THA,11-02-2026,10.51,12.40,109,4,preventive plan,10,OHE_TEST_KIT,ACCESS_REQUIRED,SUBMITTED,TRUE
REQ02090,JOB02090,Engineering,SEC_KAR_KHA,03-02-2026,8.41,11.00,139,1,overdue defect,10,HAND_TOOLS,TRACTION_ISOLATION,APPROVED,TRUE
REQ02091,JOB02091,Engineering,SEC_THA_KAL,10-03-2026,17.27,18.52,85,2,safety correction,10,HAND_TOOLS,TRACTION_ISOLATION,REVIEW,TRUE
REQ02092,JOB02092,S&T,SEC_THA_KAL,15-02-2026,13.20,14.25,65,1,overdue defect,3,TAMPER,TRACTION_ISOLATION,SUBMITTED,TRUE
REQ02093,JOB02093,TRD,SEC_LON_TAL,10-01-2026,11.54,12.38,44,1,safety correction,7,HAND_TOOLS,ACCESS_REQUIRED,REVIEW,TRUE
REQ02094,JOB02094,TRD,SEC_KAL_KAR,23-01-2026,8.46,9.55,69,4,coordination opportunity,8,TAMPER,SIGNAL_TEST_DEPENDENCY,SUBMITTED,TRUE
REQ02095,JOB02095,S&T,SEC_TAL_CHI,26-02-2026,19.07,19.52,45,3,safety correction,4,OHE_TEST_KIT,NONE,SUBMITTED,TRUE
REQ02096,JOB02096,Engineering,SEC_KAR_KHA,21-02-2026,14.42,15.18,36,3,overdue defect,6,SIGNAL_TEST_SET,ACCESS_REQUIRED,SUBMITTED,TRUE
REQ02097,JOB02097,TRD,SEC_TAL_CHI,21-03-2026,17.31,19.07,96,2,coordination opportunity,4,TAMPER,TRACTION_ISOLATION,SUBMITTED,TRUE
REQ02098,JOB02098,TRD,SEC_TAL_CHI,22-03-2026,6.46,7.48,62,2,overdue defect,5,OHE_TEST_KIT,NONE,APPROVED,TRUE
REQ02099,JOB02099,S&T,SEC_CHI_SHI,13-02-2026,6.37,8.59,142,1,safety correction,4,HAND_TOOLS,ACCESS_REQUIRED,APPROVED,TRUE
REQ02100,JOB02100,TRD,SEC_THA_KAL,24-03-2026,15.29,16.08,39,4,overdue defect,6,SIGNAL_TEST_SET,TRACTION_ISOLATION,SUBMITTED,TRUE
REQ02101,JOB02101,TRD,SEC_LON_TAL,22-03-2026,19.35,21.49,134,2,safety correction,10,OHE_TEST_KIT,ACCESS_REQUIRED,APPROVED,TRUE
REQ02102,JOB02102,S&T,SEC_DAD_THA,13-03-2026,15.07,16.09,62,2,coordination opportunity,4,HAND_TOOLS,SIGNAL_TEST_DEPENDENCY,APPROVED,TRUE
REQ02103,JOB02103,Engineering,SEC_KAL_KAR,25-03-2026,18.48,20.54,126,3,safety correction,6,TAMPER,NONE,SUBMITTED,TRUE
REQ02104,JOB02104,TRD,SEC_LON_TAL,03-02-2026,9.03,9.41,38,4,coordination opportunity,9,TAMPER,SIGNAL_TEST_DEPENDENCY,REJECTED,TRUE
REQ02105,JOB02105,TRD,SEC_CHI_SHI,03-02-2026,14.45,15.39,54,1,coordination opportunity,8,OHE_TEST_KIT,ACCESS_REQUIRED,REJECTED,TRUE
REQ02106,JOB02106,TRD,SEC_SHI_PUN,21-03-2026,14.27,16.50,143,1,preventive plan,9,TAMPER,SIGNAL_TEST_DEPENDENCY,REVIEW,TRUE
REQ02107,JOB02107,TRD,SEC_SHI_PUN,08-02-2026,8.56,11.15,139,3,preventive plan,7,TAMPER,ACCESS_REQUIRED,APPROVED,TRUE
REQ02108,JOB02108,S&T,SEC_KAR_KHA,26-02-2026,11.58,14.18,140,1,safety correction,9,SIGNAL_TEST_SET,ACCESS_REQUIRED,REJECTED,TRUE
REQ02109,JOB02109,S&T,SEC_TAL_CHI,16-01-2026,18.49,19.36,47,4,coordination opportunity,5,SIGNAL_TEST_SET,SIGNAL_TEST_DEPENDENCY,REJECTED,TRUE
REQ02110,JOB02110,Engineering,SEC_KHA_LON,09-01-2026,7.01,9.05,124,2,coordination opportunity,3,TAMPER,NONE,REVIEW,TRUE
REQ02111,JOB02111,S&T,SEC_KHA_LON,22-03-2026,19.22,20.53,91,4,overdue defect,10,SIGNAL_TEST_SET,NONE,REJECTED,TRUE
REQ02112,JOB02112,S&T,SEC_THA_KAL,03-02-2026,18.53,20.24,91,4,overdue defect,8,HAND_TOOLS,NONE,APPROVED,TRUE
REQ02113,JOB02113,S&T,SEC_CHI_SHI,18-01-2026,9.30,11.21,111,3,coordination opportunity,10,LIFTING_UNIT,NONE,REJECTED,TRUE
REQ02114,JOB02114,S&T,SEC_TAL_CHI,12-02-2026,17.21,18.25,64,3,safety correction,8,OHE_TEST_KIT,SIGNAL_TEST_DEPENDENCY,REVIEW,TRUE
REQ02115,JOB02115,TRD,SEC_CHI_SHI,05-03-2026,19.30,20.54,84,2,coordination opportunity,9,SIGNAL_TEST_SET,TRACTION_ISOLATION,REVIEW,TRUE
REQ02116,JOB02116,S&T,SEC_KAL_KAR,08-03-2026,18.33,19.57,84,1,overdue defect,5,LIFTING_UNIT,NONE,SUBMITTED,TRUE
REQ02117,JOB02117,Engineering,SEC_SHI_PUN,11-02-2026,19.18,20.09,51,4,preventive plan,3,HAND_TOOLS,ACCESS_REQUIRED,SUBMITTED,TRUE
REQ02118,JOB02118,Engineering,SEC_KAL_KAR,25-03-2026,13.35,14.53,78,3,preventive plan,7,HAND_TOOLS,NONE,APPROVED,TRUE
REQ02119,JOB02119,TRD,SEC_MUM_DAD,22-01-2026,10.18,12.39,141,3,safety correction,9,SIGNAL_TEST_SET,SIGNAL_TEST_DEPENDENCY,REJECTED,TRUE
REQ02120,JOB02120,Engineering,SEC_DAD_THA,06-01-2026,12.25,13.27,62,1,coordination opportunity,9,TAMPER,ACCESS_REQUIRED,REVIEW,TRUE
REQ02121,JOB02121,S&T,SEC_SHI_PUN,08-03-2026,6.11,7.06,55,4,preventive plan,6,TAMPER,NONE,SUBMITTED,TRUE
REQ02122,JOB02122,S&T,SEC_MUM_DAD,30-03-2026,13.48,15.25,97,2,coordination opportunity,10,SIGNAL_TEST_SET,SIGNAL_TEST_DEPENDENCY,APPROVED,TRUE
REQ02123,JOB02123,TRD,SEC_THA_KAL,31-01-2026,7.52,9.31,99,1,overdue defect,4,TAMPER,TRACTION_ISOLATION,REJECTED,TRUE
REQ02124,JOB02124,Engineering,SEC_THA_KAL,15-03-2026,13.17,14.06,49,3,preventive plan,6,LIFTING_UNIT,SIGNAL_TEST_DEPENDENCY,REVIEW,TRUE
REQ02125,JOB02125,TRD,SEC_DAD_THA,15-01-2026,9.29,11.50,141,3,safety correction,8,OHE_TEST_KIT,TRACTION_ISOLATION,REVIEW,TRUE
REQ02126,JOB02126,Engineering,SEC_KAR_KHA,26-03-2026,17.29,18.33,64,3,preventive plan,9,TAMPER,TRACTION_ISOLATION,REVIEW,TRUE
REQ02127,JOB02127,S&T,SEC_SHI_PUN,10-01-2026,18.55,21.15,140,3,safety correction,9,LIFTING_UNIT,TRACTION_ISOLATION,SUBMITTED,TRUE
REQ02128,JOB02128,TRD,SEC_CHI_SHI,28-02-2026,19.05,20.43,98,1,overdue defect,9,HAND_TOOLS,NONE,APPROVED,TRUE
REQ02129,JOB02129,TRD,SEC_KHA_LON,26-01-2026,12.02,13.58,116,2,coordination opportunity,8,LIFTING_UNIT,NONE,REVIEW,TRUE
REQ02130,JOB02130,TRD,SEC_CHI_SHI,06-03-2026,7.02,8.13,71,4,overdue defect,3,LIFTING_UNIT,NONE,REJECTED,TRUE
REQ02131,JOB02131,Engineering,SEC_MUM_DAD,05-01-2026,15.46,16.21,35,2,preventive plan,6,TAMPER,TRACTION_ISOLATION,REJECTED,TRUE
REQ02132,JOB02132,Engineering,SEC_CHI_SHI,14-02-2026,16.34,18.46,132,1,coordination opportunity,10,TAMPER,ACCESS_REQUIRED,SUBMITTED,TRUE
REQ02133,JOB02133,Engineering,SEC_THA_KAL,27-01-2026,14.51,17.16,145,4,preventive plan,3,SIGNAL_TEST_SET,SIGNAL_TEST_DEPENDENCY,REJECTED,TRUE
REQ02134,JOB02134,TRD,SEC_MUM_DAD,29-03-2026,14.05,16.12,127,4,coordination opportunity,3,HAND_TOOLS,NONE,SUBMITTED,TRUE
REQ02135,JOB02135,TRD,SEC_CHI_SHI,16-01-2026,19.56,22.17,141,3,preventive plan,6,OHE_TEST_KIT,TRACTION_ISOLATION,APPROVED,TRUE
REQ02136,JOB02136,S&T,SEC_DAD_THA,01-03-2026,7.25,8.32,67,1,overdue defect,8,HAND_TOOLS,SIGNAL_TEST_DEPENDENCY,REVIEW,TRUE
REQ02137,JOB02137,S&T,SEC_MUM_DAD,16-02-2026,10.50,12.25,95,2,safety correction,10,HAND_TOOLS,NONE,APPROVED,TRUE
REQ02138,JOB02138,TRD,SEC_DAD_THA,04-01-2026,8.09,10.22,133,1,safety correction,6,LIFTING_UNIT,ACCESS_REQUIRED,REVIEW,TRUE
REQ02139,JOB02139,S&T,SEC_MUM_DAD,24-03-2026,7.45,9.36,111,3,coordination opportunity,7,LIFTING_UNIT,ACCESS_REQUIRED,REVIEW,TRUE
REQ02140,JOB02140,Engineering,SEC_TAL_CHI,13-01-2026,8.27,10.23,116,3,safety correction,7,TAMPER,NONE,SUBMITTED,TRUE
REQ02141,JOB02141,S&T,SEC_THA_KAL,18-02-2026,7.47,8.53,66,1,overdue defect,9,OHE_TEST_KIT,NONE,REVIEW,TRUE
REQ02142,JOB02142,TRD,SEC_KAL_KAR,04-01-2026,16.21,17.16,55,2,preventive plan,3,LIFTING_UNIT,TRACTION_ISOLATION,APPROVED,TRUE
REQ02143,JOB02143,TRD,SEC_SHI_PUN,11-01-2026,18.29,20.31,122,2,safety correction,3,OHE_TEST_KIT,SIGNAL_TEST_DEPENDENCY,REJECTED,TRUE
REQ02144,JOB02144,Engineering,SEC_KHA_LON,30-01-2026,9.42,11.01,79,2,coordination opportunity,7,SIGNAL_TEST_SET,SIGNAL_TEST_DEPENDENCY,REVIEW,TRUE
REQ02145,JOB02145,S&T,SEC_LON_TAL,20-03-2026,7.46,8.22,36,3,preventive plan,7,SIGNAL_TEST_SET,TRACTION_ISOLATION,APPROVED,TRUE
REQ02146,JOB02146,TRD,SEC_SHI_PUN,30-03-2026,12.04,13.45,101,1,safety correction,3,LIFTING_UNIT,SIGNAL_TEST_DEPENDENCY,APPROVED,TRUE
REQ02147,JOB02147,TRD,SEC_DAD_THA,01-02-2026,7.19,8.39,80,4,safety correction,8,TAMPER,SIGNAL_TEST_DEPENDENCY,APPROVED,TRUE
REQ02148,JOB02148,TRD,SEC_THA_KAL,14-01-2026,16.22,17.08,46,1,preventive plan,6,SIGNAL_TEST_SET,TRACTION_ISOLATION,REVIEW,TRUE
REQ02149,JOB02149,Engineering,SEC_CHI_SHI,29-01-2026,14.40,15.44,64,1,overdue defect,7,HAND_TOOLS,SIGNAL_TEST_DEPENDENCY,SUBMITTED,TRUE
REQ02150,JOB02150,S&T,SEC_SHI_PUN,24-03-2026,19.14,20.04,50,3,preventive plan,5,TAMPER,ACCESS_REQUIRED,APPROVED,TRUE
REQ02151,JOB02151,TRD,SEC_LON_TAL,11-02-2026,15.36,16.40,64,1,safety correction,5,SIGNAL_TEST_SET,ACCESS_REQUIRED,REVIEW,TRUE
REQ02152,JOB02152,Engineering,SEC_TAL_CHI,17-01-2026,17.59,20.10,131,4,overdue defect,10,SIGNAL_TEST_SET,NONE,REJECTED,TRUE
REQ02153,JOB02153,Engineering,SEC_MUM_DAD,20-02-2026,13.02,14.26,84,3,safety correction,9,OHE_TEST_KIT,ACCESS_REQUIRED,REVIEW,TRUE
REQ02154,JOB02154,S&T,SEC_TAL_CHI,06-02-2026,15.49,16.53,64,1,safety correction,4,SIGNAL_TEST_SET,SIGNAL_TEST_DEPENDENCY,APPROVED,TRUE
REQ02155,JOB02155,Engineering,SEC_CHI_SHI,17-03-2026,10.06,12.12,126,2,preventive plan,10,TAMPER,SIGNAL_TEST_DEPENDENCY,REJECTED,TRUE
REQ02156,JOB02156,Engineering,SEC_THA_KAL,01-01-2026,6.57,7.36,39,2,coordination opportunity,7,LIFTING_UNIT,NONE,REJECTED,TRUE
REQ02157,JOB02157,S&T,SEC_MUM_DAD,05-01-2026,15.26,17.12,106,4,coordination opportunity,4,TAMPER,SIGNAL_TEST_DEPENDENCY,REJECTED,TRUE
REQ02158,JOB02158,S&T,SEC_KAL_KAR,07-03-2026,11.53,14.19,146,2,preventive plan,5,HAND_TOOLS,ACCESS_REQUIRED,SUBMITTED,TRUE
REQ02159,JOB02159,S&T,SEC_DAD_THA,19-02-2026,6.23,7.30,67,3,coordination opportunity,6,SIGNAL_TEST_SET,SIGNAL_TEST_DEPENDENCY,APPROVED,TRUE
REQ02160,JOB02160,Engineering,SEC_THA_KAL,05-01-2026,18.22,19.44,82,1,preventive plan,8,LIFTING_UNIT,ACCESS_REQUIRED,REJECTED,TRUE
REQ02161,JOB02161,Engineering,SEC_SHI_PUN,20-03-2026,19.16,21.22,126,3,safety correction,9,LIFTING_UNIT,ACCESS_REQUIRED,REVIEW,TRUE
REQ02162,JOB02162,Engineering,SEC_MUM_DAD,08-02-2026,13.11,14.19,68,4,coordination opportunity,6,HAND_TOOLS,TRACTION_ISOLATION,SUBMITTED,TRUE
REQ02163,JOB02163,S&T,SEC_SHI_PUN,01-03-2026,17.18,19.48,150,1,coordination opportunity,5,LIFTING_UNIT,ACCESS_REQUIRED,SUBMITTED,TRUE
REQ02164,JOB02164,S&T,SEC_MUM_DAD,10-03-2026,6.46,8.28,102,4,overdue defect,6,SIGNAL_TEST_SET,TRACTION_ISOLATION,REJECTED,TRUE
REQ02165,JOB02165,S&T,SEC_CHI_SHI,27-01-2026,6.26,8.15,109,3,coordination opportunity,8,HAND_TOOLS,ACCESS_REQUIRED,REJECTED,TRUE
REQ02166,JOB02166,S&T,SEC_MUM_DAD,28-01-2026,14.18,16.40,142,2,coordination opportunity,9,HAND_TOOLS,TRACTION_ISOLATION,REVIEW,TRUE
REQ02167,JOB02167,Engineering,SEC_DAD_THA,10-01-2026,15.03,16.19,76,2,preventive plan,3,OHE_TEST_KIT,ACCESS_REQUIRED,APPROVED,TRUE
REQ02168,JOB02168,TRD,SEC_KAL_KAR,11-03-2026,10.28,12.03,95,2,preventive plan,8,HAND_TOOLS,NONE,APPROVED,TRUE
REQ02169,JOB02169,TRD,SEC_DAD_THA,07-02-2026,16.27,17.07,40,3,safety correction,8,HAND_TOOLS,TRACTION_ISOLATION,REVIEW,TRUE
REQ02170,JOB02170,TRD,SEC_DAD_THA,09-03-2026,14.10,16.32,142,2,overdue defect,8,LIFTING_UNIT,SIGNAL_TEST_DEPENDENCY,APPROVED,TRUE
REQ02171,JOB02171,Engineering,SEC_KAR_KHA,26-02-2026,14.19,16.24,125,2,coordination opportunity,3,LIFTING_UNIT,TRACTION_ISOLATION,APPROVED,TRUE
REQ02172,JOB02172,S&T,SEC_THA_KAL,17-02-2026,13.29,14.04,35,4,overdue defect,7,HAND_TOOLS,SIGNAL_TEST_DEPENDENCY,SUBMITTED,TRUE
REQ02173,JOB02173,S&T,SEC_KAR_KHA,16-03-2026,16.20,17.42,82,3,preventive plan,5,HAND_TOOLS,ACCESS_REQUIRED,REVIEW,TRUE
REQ02174,JOB02174,Engineering,SEC_CHI_SHI,26-01-2026,15.04,15.56,52,3,preventive plan,9,OHE_TEST_KIT,NONE,REVIEW,TRUE
REQ02175,JOB02175,TRD,SEC_LON_TAL,19-01-2026,16.19,17.16,57,2,preventive plan,5,LIFTING_UNIT,TRACTION_ISOLATION,APPROVED,TRUE
REQ02176,JOB02176,TRD,SEC_THA_KAL,07-02-2026,11.38,13.02,84,3,preventive plan,6,LIFTING_UNIT,ACCESS_REQUIRED,SUBMITTED,TRUE
REQ02177,JOB02177,TRD,SEC_DAD_THA,19-03-2026,18.59,20.26,87,2,safety correction,4,LIFTING_UNIT,SIGNAL_TEST_DEPENDENCY,APPROVED,TRUE
REQ02178,JOB02178,S&T,SEC_SHI_PUN,10-03-2026,15.16,15.59,43,3,preventive plan,8,TAMPER,TRACTION_ISOLATION,SUBMITTED,TRUE
REQ02179,JOB02179,S&T,SEC_TAL_CHI,14-02-2026,8.05,9.53,108,4,safety correction,4,OHE_TEST_KIT,SIGNAL_TEST_DEPENDENCY,APPROVED,TRUE
REQ02180,JOB02180,TRD,SEC_KHA_LON,19-03-2026,14.17,16.11,114,3,safety correction,10,OHE_TEST_KIT,TRACTION_ISOLATION,REVIEW,TRUE
REQ02181,JOB02181,TRD,SEC_TAL_CHI,21-03-2026,6.09,8.27,138,3,overdue defect,4,OHE_TEST_KIT,SIGNAL_TEST_DEPENDENCY,SUBMITTED,TRUE
REQ02182,JOB02182,Engineering,SEC_DAD_THA,09-01-2026,6.25,8.42,137,1,preventive plan,6,TAMPER,NONE,SUBMITTED,TRUE
REQ02183,JOB02183,S&T,SEC_DAD_THA,12-02-2026,6.15,8.37,142,1,preventive plan,7,LIFTING_UNIT,ACCESS_REQUIRED,SUBMITTED,TRUE
REQ02184,JOB02184,TRD,SEC_KAR_KHA,11-01-2026,12.59,14.07,68,2,coordination opportunity,8,OHE_TEST_KIT,SIGNAL_TEST_DEPENDENCY,APPROVED,TRUE
REQ02185,JOB02185,TRD,SEC_MUM_DAD,14-02-2026,19.53,20.59,66,3,safety correction,7,SIGNAL_TEST_SET,SIGNAL_TEST_DEPENDENCY,SUBMITTED,TRUE
REQ02186,JOB02186,S&T,SEC_KAL_KAR,28-02-2026,15.01,17.27,146,2,overdue defect,10,SIGNAL_TEST_SET,SIGNAL_TEST_DEPENDENCY,REVIEW,TRUE
REQ02187,JOB02187,Engineering,SEC_KAL_KAR,04-02-2026,14.31,15.39,68,2,preventive plan,10,TAMPER,NONE,SUBMITTED,TRUE
REQ02188,JOB02188,TRD,SEC_KAR_KHA,14-02-2026,13.39,15.05,86,1,safety correction,6,HAND_TOOLS,TRACTION_ISOLATION,REVIEW,TRUE
REQ02189,JOB02189,S&T,SEC_THA_KAL,01-03-2026,6.53,7.48,55,1,coordination opportunity,7,SIGNAL_TEST_SET,SIGNAL_TEST_DEPENDENCY,REVIEW,TRUE
REQ02190,JOB02190,TRD,SEC_KAR_KHA,28-01-2026,15.52,18.08,136,1,coordination opportunity,5,SIGNAL_TEST_SET,ACCESS_REQUIRED,SUBMITTED,TRUE
REQ02191,JOB02191,Engineering,SEC_KAL_KAR,22-01-2026,17.36,20.03,147,2,overdue defect,6,HAND_TOOLS,ACCESS_REQUIRED,REJECTED,TRUE
REQ02192,JOB02192,TRD,SEC_DAD_THA,26-02-2026,11.41,12.44,63,3,overdue defect,3,LIFTING_UNIT,NONE,REJECTED,TRUE
REQ02193,JOB02193,Engineering,SEC_SHI_PUN,16-01-2026,14.27,15.30,63,3,overdue defect,8,HAND_TOOLS,ACCESS_REQUIRED,APPROVED,TRUE
REQ02194,JOB02194,TRD,SEC_THA_KAL,15-02-2026,18.58,20.44,106,3,preventive plan,4,LIFTING_UNIT,ACCESS_REQUIRED,REJECTED,TRUE
REQ02195,JOB02195,Engineering,SEC_CHI_SHI,26-02-2026,11.27,13.29,122,1,safety correction,9,OHE_TEST_KIT,NONE,REVIEW,TRUE
REQ02196,JOB02196,Engineering,SEC_KAR_KHA,08-02-2026,18.24,20.07,103,3,preventive plan,6,LIFTING_UNIT,SIGNAL_TEST_DEPENDENCY,SUBMITTED,TRUE
REQ02197,JOB02197,Engineering,SEC_THA_KAL,03-01-2026,14.46,16.51,125,1,overdue defect,7,LIFTING_UNIT,ACCESS_REQUIRED,SUBMITTED,TRUE
REQ02198,JOB02198,Engineering,SEC_DAD_THA,06-03-2026,18.21,18.56,35,1,overdue defect,4,TAMPER,SIGNAL_TEST_DEPENDENCY,REVIEW,TRUE
REQ02199,JOB02199,S&T,SEC_KHA_LON,19-03-2026,6.12,8.37,145,3,coordination opportunity,10,SIGNAL_TEST_SET,TRACTION_ISOLATION,REVIEW,TRUE
REQ02200,JOB02200,S&T,SEC_DAD_THA,01-01-2026,14.54,15.53,59,1,safety correction,9,TAMPER,ACCESS_REQUIRED,APPROVED,TRUE
REQ02201,JOB02201,Engineering,SEC_KAL_KAR,12-01-2026,12.04,13.08,64,3,overdue defect,6,OHE_TEST_KIT,SIGNAL_TEST_DEPENDENCY,APPROVED,TRUE
REQ02202,JOB02202,Engineering,SEC_TAL_CHI,19-03-2026,17.22,18.27,65,1,safety correction,4,TAMPER,SIGNAL_TEST_DEPENDENCY,SUBMITTED,TRUE
REQ02203,JOB02203,S&T,SEC_SHI_PUN,17-01-2026,11.28,12.07,39,1,preventive plan,4,LIFTING_UNIT,TRACTION_ISOLATION,APPROVED,TRUE
REQ02204,JOB02204,Engineering,SEC_THA_KAL,15-01-2026,17.35,19.57,142,3,overdue defect,7,LIFTING_UNIT,NONE,REVIEW,TRUE
REQ02205,JOB02205,Engineering,SEC_THA_KAL,18-03-2026,14.07,16.29,142,3,overdue defect,8,HAND_TOOLS,TRACTION_ISOLATION,REVIEW,TRUE
REQ02206,JOB02206,Engineering,SEC_THA_KAL,15-02-2026,19.14,21.06,112,2,preventive plan,8,TAMPER,SIGNAL_TEST_DEPENDENCY,SUBMITTED,TRUE
REQ02207,JOB02207,TRD,SEC_CHI_SHI,05-02-2026,18.58,19.29,31,2,coordination opportunity,8,SIGNAL_TEST_SET,TRACTION_ISOLATION,REJECTED,TRUE
REQ02208,JOB02208,TRD,SEC_CHI_SHI,23-03-2026,13.31,15.51,140,1,safety correction,4,OHE_TEST_KIT,ACCESS_REQUIRED,SUBMITTED,TRUE
REQ02209,JOB02209,S&T,SEC_KAL_KAR,28-03-2026,9.57,11.39,102,2,preventive plan,9,HAND_TOOLS,NONE,REJECTED,TRUE
REQ02210,JOB02210,Engineering,SEC_LON_TAL,18-03-2026,9.14,9.46,32,4,overdue defect,9,TAMPER,ACCESS_REQUIRED,SUBMITTED,TRUE
REQ02211,JOB02211,TRD,SEC_KHA_LON,12-02-2026,14.34,16.44,130,1,preventive plan,10,HAND_TOOLS,TRACTION_ISOLATION,REJECTED,TRUE
REQ02212,JOB02212,Engineering,SEC_TAL_CHI,23-03-2026,10.31,11.19,48,2,preventive plan,9,OHE_TEST_KIT,NONE,APPROVED,TRUE
REQ02213,JOB02213,TRD,SEC_SHI_PUN,18-02-2026,12.30,14.24,114,2,safety correction,8,LIFTING_UNIT,NONE,SUBMITTED,TRUE
REQ02214,JOB02214,TRD,SEC_MUM_DAD,05-02-2026,7.30,9.01,91,3,safety correction,4,OHE_TEST_KIT,NONE,REJECTED,TRUE
REQ02215,JOB02215,Engineering,SEC_LON_TAL,07-03-2026,15.56,16.44,48,1,safety correction,7,TAMPER,NONE,SUBMITTED,TRUE
REQ02216,JOB02216,TRD,SEC_KAL_KAR,20-01-2026,16.05,18.32,147,2,overdue defect,4,HAND_TOOLS,SIGNAL_TEST_DEPENDENCY,REJECTED,TRUE
REQ02217,JOB02217,Engineering,SEC_MUM_DAD,20-02-2026,6.44,8.32,108,1,safety correction,5,HAND_TOOLS,SIGNAL_TEST_DEPENDENCY,REVIEW,TRUE
REQ02218,JOB02218,Engineering,SEC_DAD_THA,05-02-2026,7.14,9.15,121,3,coordination opportunity,8,SIGNAL_TEST_SET,ACCESS_REQUIRED,REVIEW,TRUE
REQ02219,JOB02219,S&T,SEC_DAD_THA,02-01-2026,11.34,13.35,121,1,coordination opportunity,4,HAND_TOOLS,ACCESS_REQUIRED,REVIEW,TRUE
REQ02220,JOB02220,Engineering,SEC_SHI_PUN,12-02-2026,13.08,15.05,117,2,preventive plan,9,LIFTING_UNIT,SIGNAL_TEST_DEPENDENCY,REJECTED,TRUE
REQ02221,JOB02221,TRD,SEC_KHA_LON,01-02-2026,7.07,8.05,58,2,coordination opportunity,7,SIGNAL_TEST_SET,ACCESS_REQUIRED,REVIEW,TRUE
REQ02222,JOB02222,TRD,SEC_KAR_KHA,25-01-2026,19.53,21.26,93,4,overdue defect,3,HAND_TOOLS,ACCESS_REQUIRED,REJECTED,TRUE
REQ02223,JOB02223,S&T,SEC_THA_KAL,05-02-2026,15.34,17.09,95,3,preventive plan,4,OHE_TEST_KIT,TRACTION_ISOLATION,SUBMITTED,TRUE
REQ02224,JOB02224,S&T,SEC_KAR_KHA,12-03-2026,7.45,9.59,134,4,overdue defect,5,TAMPER,TRACTION_ISOLATION,SUBMITTED,TRUE
REQ02225,JOB02225,TRD,SEC_CHI_SHI,16-02-2026,10.40,12.22,102,3,safety correction,5,LIFTING_UNIT,TRACTION_ISOLATION,SUBMITTED,TRUE
REQ02226,JOB02226,S&T,SEC_LON_TAL,28-01-2026,13.10,14.22,72,1,overdue defect,7,OHE_TEST_KIT,TRACTION_ISOLATION,APPROVED,TRUE
REQ02227,JOB02227,S&T,SEC_MUM_DAD,11-02-2026,14.36,15.15,39,4,preventive plan,5,SIGNAL_TEST_SET,TRACTION_ISOLATION,REJECTED,TRUE
REQ02228,JOB02228,TRD,SEC_TAL_CHI,06-02-2026,17.56,18.33,37,3,coordination opportunity,9,OHE_TEST_KIT,TRACTION_ISOLATION,SUBMITTED,TRUE
REQ02229,JOB02229,S&T,SEC_KAL_KAR,23-01-2026,17.59,19.34,95,1,overdue defect,6,TAMPER,SIGNAL_TEST_DEPENDENCY,SUBMITTED,TRUE
REQ02230,JOB02230,S&T,SEC_MUM_DAD,20-02-2026,9.26,10.44,78,2,overdue defect,8,TAMPER,SIGNAL_TEST_DEPENDENCY,SUBMITTED,TRUE
REQ02231,JOB02231,S&T,SEC_LON_TAL,22-02-2026,13.44,15.10,86,3,coordination opportunity,9,SIGNAL_TEST_SET,SIGNAL_TEST_DEPENDENCY,SUBMITTED,TRUE
REQ02232,JOB02232,Engineering,SEC_KHA_LON,22-02-2026,17.46,18.59,73,2,overdue defect,3,LIFTING_UNIT,ACCESS_REQUIRED,REVIEW,TRUE
REQ02233,JOB02233,Engineering,SEC_KAR_KHA,16-03-2026,12.18,13.57,99,2,preventive plan,3,HAND_TOOLS,TRACTION_ISOLATION,REVIEW,TRUE
REQ02234,JOB02234,S&T,SEC_DAD_THA,18-01-2026,12.13,13.35,82,2,safety correction,10,SIGNAL_TEST_SET,SIGNAL_TEST_DEPENDENCY,REVIEW,TRUE
REQ02235,JOB02235,S&T,SEC_THA_KAL,14-03-2026,12.55,13.43,48,1,safety correction,5,LIFTING_UNIT,TRACTION_ISOLATION,REVIEW,TRUE
REQ02236,JOB02236,S&T,SEC_LON_TAL,22-03-2026,12.46,14.18,92,3,coordination opportunity,4,OHE_TEST_KIT,NONE,APPROVED,TRUE
REQ02237,JOB02237,S&T,SEC_DAD_THA,21-01-2026,8.55,9.27,32,3,safety correction,6,OHE_TEST_KIT,SIGNAL_TEST_DEPENDENCY,APPROVED,TRUE
REQ02238,JOB02238,S&T,SEC_KAR_KHA,11-01-2026,17.14,19.16,122,2,coordination opportunity,9,TAMPER,NONE,APPROVED,TRUE
REQ02239,JOB02239,Engineering,SEC_MUM_DAD,24-01-2026,12.36,14.01,85,3,coordination opportunity,4,LIFTING_UNIT,ACCESS_REQUIRED,APPROVED,TRUE
REQ02240,JOB02240,Engineering,SEC_THA_KAL,16-01-2026,19.10,20.15,65,4,coordination opportunity,3,LIFTING_UNIT,SIGNAL_TEST_DEPENDENCY,REJECTED,TRUE
REQ02241,JOB02241,TRD,SEC_KHA_LON,02-01-2026,12.59,14.15,76,2,coordination opportunity,3,OHE_TEST_KIT,TRACTION_ISOLATION,REVIEW,TRUE
REQ02242,JOB02242,Engineering,SEC_LON_TAL,17-02-2026,11.25,12.37,72,1,coordination opportunity,9,SIGNAL_TEST_SET,ACCESS_REQUIRED,REVIEW,TRUE
REQ02243,JOB02243,TRD,SEC_KHA_LON,15-02-2026,13.48,14.59,71,4,preventive plan,4,LIFTING_UNIT,SIGNAL_TEST_DEPENDENCY,REVIEW,TRUE
REQ02244,JOB02244,Engineering,SEC_THA_KAL,10-01-2026,13.53,15.44,111,2,coordination opportunity,6,LIFTING_UNIT,SIGNAL_TEST_DEPENDENCY,APPROVED,TRUE
REQ02245,JOB02245,S&T,SEC_TAL_CHI,04-01-2026,10.18,12.16,118,1,coordination opportunity,3,LIFTING_UNIT,TRACTION_ISOLATION,SUBMITTED,TRUE
REQ02246,JOB02246,TRD,SEC_DAD_THA,03-02-2026,18.08,19.16,68,3,coordination opportunity,6,TAMPER,SIGNAL_TEST_DEPENDENCY,SUBMITTED,TRUE
REQ02247,JOB02247,TRD,SEC_CHI_SHI,26-03-2026,14.55,17.12,137,3,preventive plan,4,OHE_TEST_KIT,SIGNAL_TEST_DEPENDENCY,SUBMITTED,TRUE
REQ02248,JOB02248,S&T,SEC_KAL_KAR,13-01-2026,18.52,21.13,141,4,overdue defect,8,LIFTING_UNIT,NONE,SUBMITTED,TRUE
REQ02249,JOB02249,TRD,SEC_DAD_THA,05-02-2026,9.25,10.47,82,3,safety correction,5,HAND_TOOLS,TRACTION_ISOLATION,APPROVED,TRUE
REQ02250,JOB02250,S&T,SEC_SHI_PUN,07-01-2026,9.19,10.22,63,4,safety correction,5,SIGNAL_TEST_SET,ACCESS_REQUIRED,SUBMITTED,TRUE
REQ02251,JOB02251,S&T,SEC_KHA_LON,09-01-2026,10.50,13.00,130,3,preventive plan,4,OHE_TEST_KIT,NONE,REVIEW,TRUE
REQ02252,JOB02252,Engineering,SEC_SHI_PUN,24-02-2026,15.00,15.38,38,3,coordination opportunity,8,OHE_TEST_KIT,ACCESS_REQUIRED,REJECTED,TRUE
REQ02253,JOB02253,Engineering,SEC_TAL_CHI,27-02-2026,12.29,13.03,34,1,overdue defect,7,TAMPER,SIGNAL_TEST_DEPENDENCY,REVIEW,TRUE
REQ02254,JOB02254,TRD,SEC_TAL_CHI,07-01-2026,7.36,9.31,115,2,safety correction,10,OHE_TEST_KIT,NONE,SUBMITTED,TRUE
REQ02255,JOB02255,TRD,SEC_KHA_LON,06-03-2026,17.11,17.49,38,1,preventive plan,4,SIGNAL_TEST_SET,SIGNAL_TEST_DEPENDENCY,SUBMITTED,TRUE
REQ02256,JOB02256,S&T,SEC_TAL_CHI,15-03-2026,18.16,18.46,30,1,overdue defect,5,LIFTING_UNIT,ACCESS_REQUIRED,REJECTED,TRUE
REQ02257,JOB02257,Engineering,SEC_KHA_LON,02-02-2026,10.40,13.09,149,2,preventive plan,10,OHE_TEST_KIT,SIGNAL_TEST_DEPENDENCY,APPROVED,TRUE
REQ02258,JOB02258,TRD,SEC_KAL_KAR,13-03-2026,12.23,14.48,145,3,safety correction,9,LIFTING_UNIT,ACCESS_REQUIRED,APPROVED,TRUE
REQ02259,JOB02259,TRD,SEC_LON_TAL,09-02-2026,9.37,10.13,36,2,coordination opportunity,4,OHE_TEST_KIT,ACCESS_REQUIRED,REJECTED,TRUE
REQ02260,JOB02260,Engineering,SEC_SHI_PUN,10-03-2026,17.51,18.23,32,3,coordination opportunity,9,OHE_TEST_KIT,ACCESS_REQUIRED,SUBMITTED,TRUE
REQ02261,JOB02261,S&T,SEC_KAR_KHA,26-03-2026,18.17,19.32,75,2,coordination opportunity,3,SIGNAL_TEST_SET,ACCESS_REQUIRED,REJECTED,TRUE
REQ02262,JOB02262,S&T,SEC_LON_TAL,03-02-2026,11.07,12.49,102,2,overdue defect,7,LIFTING_UNIT,TRACTION_ISOLATION,APPROVED,TRUE
REQ02263,JOB02263,TRD,SEC_CHI_SHI,28-02-2026,7.08,8.18,70,1,coordination opportunity,8,SIGNAL_TEST_SET,ACCESS_REQUIRED,APPROVED,TRUE
REQ02264,JOB02264,Engineering,SEC_SHI_PUN,03-02-2026,12.52,15.14,142,2,safety correction,7,TAMPER,NONE,APPROVED,TRUE
REQ02265,JOB02265,TRD,SEC_THA_KAL,12-03-2026,16.59,19.14,135,3,coordination opportunity,8,LIFTING_UNIT,NONE,REVIEW,TRUE
REQ02266,JOB02266,S&T,SEC_MUM_DAD,18-01-2026,11.39,13.19,100,1,safety correction,9,TAMPER,NONE,APPROVED,TRUE
REQ02267,JOB02267,Engineering,SEC_TAL_CHI,25-03-2026,9.10,11.13,123,3,safety correction,9,SIGNAL_TEST_SET,NONE,REJECTED,TRUE
REQ02268,JOB02268,TRD,SEC_TAL_CHI,18-01-2026,14.38,15.17,39,3,safety correction,7,OHE_TEST_KIT,TRACTION_ISOLATION,SUBMITTED,TRUE
REQ02269,JOB02269,S&T,SEC_DAD_THA,30-01-2026,7.08,8.58,110,2,overdue defect,6,SIGNAL_TEST_SET,SIGNAL_TEST_DEPENDENCY,SUBMITTED,TRUE
REQ02270,JOB02270,S&T,SEC_THA_KAL,27-01-2026,14.27,16.52,145,4,overdue defect,8,HAND_TOOLS,NONE,REVIEW,TRUE
REQ02271,JOB02271,Engineering,SEC_DAD_THA,07-02-2026,11.17,12.56,99,4,safety correction,7,HAND_TOOLS,ACCESS_REQUIRED,REVIEW,TRUE
REQ02272,JOB02272,TRD,SEC_MUM_DAD,11-03-2026,16.23,17.48,85,3,overdue defect,3,TAMPER,TRACTION_ISOLATION,SUBMITTED,TRUE
REQ02273,JOB02273,TRD,SEC_DAD_THA,13-03-2026,7.57,9.05,68,1,coordination opportunity,3,HAND_TOOLS,SIGNAL_TEST_DEPENDENCY,REJECTED,TRUE
REQ02274,JOB02274,S&T,SEC_THA_KAL,30-03-2026,12.37,14.40,123,2,safety correction,8,OHE_TEST_KIT,SIGNAL_TEST_DEPENDENCY,REJECTED,TRUE
REQ02275,JOB02275,Engineering,SEC_KHA_LON,06-01-2026,16.14,18.41,147,4,safety correction,9,OHE_TEST_KIT,ACCESS_REQUIRED,REJECTED,TRUE
REQ02276,JOB02276,TRD,SEC_THA_KAL,18-02-2026,13.11,14.10,59,2,overdue defect,9,OHE_TEST_KIT,ACCESS_REQUIRED,APPROVED,TRUE
REQ02277,JOB02277,TRD,SEC_KHA_LON,28-02-2026,17.51,19.01,70,2,coordination opportunity,10,HAND_TOOLS,SIGNAL_TEST_DEPENDENCY,APPROVED,TRUE
REQ02278,JOB02278,TRD,SEC_KAL_KAR,20-02-2026,8.17,10.38,141,4,coordination opportunity,10,LIFTING_UNIT,TRACTION_ISOLATION,APPROVED,TRUE
REQ02279,JOB02279,TRD,SEC_LON_TAL,04-02-2026,11.15,13.27,132,4,safety correction,7,SIGNAL_TEST_SET,TRACTION_ISOLATION,SUBMITTED,TRUE
REQ02280,JOB02280,Engineering,SEC_DAD_THA,02-03-2026,9.06,10.18,72,3,safety correction,3,OHE_TEST_KIT,SIGNAL_TEST_DEPENDENCY,SUBMITTED,TRUE
REQ02281,JOB02281,TRD,SEC_KAL_KAR,28-03-2026,8.33,9.48,75,4,coordination opportunity,3,TAMPER,NONE,APPROVED,TRUE
REQ02282,JOB02282,Engineering,SEC_DAD_THA,12-03-2026,19.19,21.00,101,4,overdue defect,5,OHE_TEST_KIT,NONE,REVIEW,TRUE
REQ02283,JOB02283,TRD,SEC_THA_KAL,09-02-2026,15.26,16.27,61,3,overdue defect,10,HAND_TOOLS,ACCESS_REQUIRED,REJECTED,TRUE
REQ02284,JOB02284,Engineering,SEC_KHA_LON,03-03-2026,15.12,16.43,91,2,safety correction,5,SIGNAL_TEST_SET,TRACTION_ISOLATION,REVIEW,TRUE
REQ02285,JOB02285,TRD,SEC_TAL_CHI,16-02-2026,18.35,20.54,139,2,overdue defect,8,TAMPER,TRACTION_ISOLATION,SUBMITTED,TRUE
REQ02286,JOB02286,Engineering,SEC_SHI_PUN,07-02-2026,10.09,11.17,68,2,preventive plan,5,OHE_TEST_KIT,TRACTION_ISOLATION,REJECTED,TRUE
REQ02287,JOB02287,S&T,SEC_MUM_DAD,06-01-2026,9.53,10.43,50,2,overdue defect,3,OHE_TEST_KIT,NONE,REJECTED,TRUE
REQ02288,JOB02288,S&T,SEC_TAL_CHI,10-03-2026,12.23,14.16,113,4,safety correction,6,SIGNAL_TEST_SET,ACCESS_REQUIRED,APPROVED,TRUE
REQ02289,JOB02289,S&T,SEC_TAL_CHI,25-03-2026,15.38,16.49,71,1,preventive plan,8,LIFTING_UNIT,TRACTION_ISOLATION,REJECTED,TRUE
REQ02290,JOB02290,S&T,SEC_CHI_SHI,07-02-2026,16.18,16.59,41,4,overdue defect,10,LIFTING_UNIT,SIGNAL_TEST_DEPENDENCY,REVIEW,TRUE
REQ02291,JOB02291,Engineering,SEC_SHI_PUN,04-01-2026,8.57,10.18,81,4,overdue defect,7,HAND_TOOLS,NONE,REJECTED,TRUE
REQ02292,JOB02292,TRD,SEC_TAL_CHI,07-01-2026,11.25,12.17,52,3,coordination opportunity,3,TAMPER,ACCESS_REQUIRED,SUBMITTED,TRUE
REQ02293,JOB02293,TRD,SEC_MUM_DAD,13-03-2026,14.53,17.05,132,4,preventive plan,7,OHE_TEST_KIT,TRACTION_ISOLATION,SUBMITTED,TRUE
REQ02294,JOB02294,TRD,SEC_CHI_SHI,21-02-2026,15.31,16.47,76,3,coordination opportunity,9,HAND_TOOLS,TRACTION_ISOLATION,APPROVED,TRUE
REQ02295,JOB02295,Engineering,SEC_SHI_PUN,07-03-2026,12.24,14.06,102,4,overdue defect,8,OHE_TEST_KIT,ACCESS_REQUIRED,REJECTED,TRUE
REQ02296,JOB02296,TRD,SEC_KHA_LON,14-03-2026,8.54,9.54,60,2,overdue defect,10,TAMPER,ACCESS_REQUIRED,APPROVED,TRUE
REQ02297,JOB02297,Engineering,SEC_THA_KAL,01-03-2026,8.42,9.23,41,1,preventive plan,8,OHE_TEST_KIT,SIGNAL_TEST_DEPENDENCY,SUBMITTED,TRUE
REQ02298,JOB02298,TRD,SEC_SHI_PUN,23-01-2026,11.51,13.00,69,4,safety correction,5,TAMPER,TRACTION_ISOLATION,SUBMITTED,TRUE
REQ02299,JOB02299,S&T,SEC_THA_KAL,14-01-2026,9.05,11.01,116,2,safety correction,6,LIFTING_UNIT,ACCESS_REQUIRED,SUBMITTED,TRUE
REQ02300,JOB02300,Engineering,SEC_TAL_CHI,26-01-2026,13.32,15.02,90,2,safety correction,10,SIGNAL_TEST_SET,SIGNAL_TEST_DEPENDENCY,REJECTED,TRUE
REQ02301,JOB02301,TRD,SEC_DAD_THA,13-01-2026,11.40,12.32,52,1,coordination opportunity,7,TAMPER,ACCESS_REQUIRED,APPROVED,TRUE
REQ02302,JOB02302,S&T,SEC_DAD_THA,26-02-2026,11.39,13.36,117,4,preventive plan,6,SIGNAL_TEST_SET,ACCESS_REQUIRED,SUBMITTED,TRUE
REQ02303,JOB02303,Engineering,SEC_MUM_DAD,11-03-2026,6.16,8.09,113,2,preventive plan,5,HAND_TOOLS,TRACTION_ISOLATION,SUBMITTED,TRUE
REQ02304,JOB02304,S&T,SEC_TAL_CHI,13-01-2026,12.10,13.23,73,2,preventive plan,8,TAMPER,SIGNAL_TEST_DEPENDENCY,APPROVED,TRUE
REQ02305,JOB02305,Engineering,SEC_CHI_SHI,25-03-2026,19.24,21.20,116,4,overdue defect,7,TAMPER,TRACTION_ISOLATION,REVIEW,TRUE
REQ02306,JOB02306,Engineering,SEC_KAR_KHA,13-01-2026,6.38,8.09,91,4,safety correction,7,HAND_TOOLS,ACCESS_REQUIRED,REJECTED,TRUE
REQ02307,JOB02307,TRD,SEC_THA_KAL,10-03-2026,15.09,17.20,131,3,preventive plan,4,HAND_TOOLS,NONE,REJECTED,TRUE
REQ02308,JOB02308,TRD,SEC_SHI_PUN,04-02-2026,8.28,9.55,87,4,coordination opportunity,7,HAND_TOOLS,SIGNAL_TEST_DEPENDENCY,REVIEW,TRUE
REQ02309,JOB02309,TRD,SEC_KAR_KHA,02-02-2026,17.10,18.06,56,4,preventive plan,9,HAND_TOOLS,NONE,REJECTED,TRUE
REQ02310,JOB02310,S&T,SEC_KHA_LON,16-01-2026,10.00,10.33,33,3,safety correction,10,HAND_TOOLS,SIGNAL_TEST_DEPENDENCY,SUBMITTED,TRUE
REQ02311,JOB02311,S&T,SEC_SHI_PUN,30-01-2026,13.05,13.42,37,4,coordination opportunity,4,TAMPER,NONE,REJECTED,TRUE
REQ02312,JOB02312,TRD,SEC_KAL_KAR,14-01-2026,19.08,19.57,49,2,preventive plan,6,TAMPER,NONE,REVIEW,TRUE
REQ02313,JOB02313,Engineering,SEC_KHA_LON,11-01-2026,14.44,16.15,91,3,coordination opportunity,9,HAND_TOOLS,SIGNAL_TEST_DEPENDENCY,REVIEW,TRUE
REQ02314,JOB02314,S&T,SEC_THA_KAL,10-03-2026,16.52,17.57,65,4,safety correction,8,TAMPER,TRACTION_ISOLATION,REVIEW,TRUE
REQ02315,JOB02315,Engineering,SEC_LON_TAL,02-03-2026,17.35,19.34,119,1,safety correction,8,OHE_TEST_KIT,SIGNAL_TEST_DEPENDENCY,REVIEW,TRUE
REQ02316,JOB02316,S&T,SEC_THA_KAL,20-01-2026,7.27,8.52,85,1,safety correction,4,SIGNAL_TEST_SET,TRACTION_ISOLATION,REVIEW,TRUE
REQ02317,JOB02317,Engineering,SEC_LON_TAL,18-02-2026,10.06,11.49,103,2,preventive plan,8,HAND_TOOLS,TRACTION_ISOLATION,REVIEW,TRUE
REQ02318,JOB02318,TRD,SEC_KHA_LON,13-01-2026,7.58,8.54,56,4,overdue defect,3,LIFTING_UNIT,TRACTION_ISOLATION,REJECTED,TRUE
REQ02319,JOB02319,S&T,SEC_KAR_KHA,19-02-2026,13.23,14.42,79,4,safety correction,3,LIFTING_UNIT,SIGNAL_TEST_DEPENDENCY,APPROVED,TRUE
REQ02320,JOB02320,Engineering,SEC_KAL_KAR,13-02-2026,11.44,12.55,71,3,preventive plan,4,HAND_TOOLS,SIGNAL_TEST_DEPENDENCY,APPROVED,TRUE
REQ02321,JOB02321,Engineering,SEC_DAD_THA,06-03-2026,12.11,13.53,102,1,safety correction,8,LIFTING_UNIT,ACCESS_REQUIRED,APPROVED,TRUE
REQ02322,JOB02322,S&T,SEC_SHI_PUN,20-03-2026,14.16,16.36,140,3,coordination opportunity,10,OHE_TEST_KIT,SIGNAL_TEST_DEPENDENCY,SUBMITTED,TRUE
REQ02323,JOB02323,TRD,SEC_SHI_PUN,01-01-2026,8.29,9.28,59,1,coordination opportunity,7,OHE_TEST_KIT,SIGNAL_TEST_DEPENDENCY,SUBMITTED,TRUE
REQ02324,JOB02324,TRD,SEC_CHI_SHI,21-02-2026,17.21,18.25,64,4,preventive plan,5,HAND_TOOLS,ACCESS_REQUIRED,REVIEW,TRUE
REQ02325,JOB02325,TRD,SEC_SHI_PUN,15-02-2026,11.37,12.47,70,2,coordination opportunity,9,HAND_TOOLS,NONE,SUBMITTED,TRUE
REQ02326,JOB02326,S&T,SEC_DAD_THA,20-03-2026,7.58,10.22,144,1,safety correction,9,TAMPER,ACCESS_REQUIRED,REVIEW,TRUE
REQ02327,JOB02327,S&T,SEC_MUM_DAD,05-02-2026,6.34,7.53,79,2,coordination opportunity,4,LIFTING_UNIT,SIGNAL_TEST_DEPENDENCY,APPROVED,TRUE
REQ02328,JOB02328,S&T,SEC_DAD_THA,25-03-2026,6.38,8.46,128,2,overdue defect,7,OHE_TEST_KIT,NONE,REVIEW,TRUE
REQ02329,JOB02329,Engineering,SEC_TAL_CHI,10-03-2026,14.57,15.38,41,3,coordination opportunity,4,LIFTING_UNIT,ACCESS_REQUIRED,APPROVED,TRUE
REQ02330,JOB02330,Engineering,SEC_DAD_THA,14-02-2026,7.55,10.18,143,1,safety correction,3,LIFTING_UNIT,SIGNAL_TEST_DEPENDENCY,SUBMITTED,TRUE
REQ02331,JOB02331,Engineering,SEC_KAR_KHA,28-03-2026,6.17,7.29,72,3,preventive plan,8,LIFTING_UNIT,SIGNAL_TEST_DEPENDENCY,REVIEW,TRUE
REQ02332,JOB02332,S&T,SEC_LON_TAL,29-03-2026,7.46,9.38,112,2,preventive plan,5,OHE_TEST_KIT,ACCESS_REQUIRED,APPROVED,TRUE
REQ02333,JOB02333,Engineering,SEC_KHA_LON,07-03-2026,6.42,7.39,57,2,overdue defect,8,LIFTING_UNIT,TRACTION_ISOLATION,REJECTED,TRUE
REQ02334,JOB02334,S&T,SEC_THA_KAL,17-01-2026,15.00,15.37,37,2,overdue defect,3,OHE_TEST_KIT,ACCESS_REQUIRED,APPROVED,TRUE
REQ02335,JOB02335,S&T,SEC_TAL_CHI,01-03-2026,16.23,18.09,106,1,overdue defect,6,SIGNAL_TEST_SET,SIGNAL_TEST_DEPENDENCY,APPROVED,TRUE
REQ02336,JOB02336,Engineering,SEC_KAR_KHA,07-02-2026,6.17,8.18,121,3,preventive plan,6,SIGNAL_TEST_SET,TRACTION_ISOLATION,REVIEW,TRUE
REQ02337,JOB02337,S&T,SEC_KHA_LON,02-01-2026,14.40,16.21,101,3,coordination opportunity,10,TAMPER,ACCESS_REQUIRED,APPROVED,TRUE
REQ02338,JOB02338,S&T,SEC_LON_TAL,29-03-2026,17.45,19.53,128,3,overdue defect,9,SIGNAL_TEST_SET,ACCESS_REQUIRED,REVIEW,TRUE
REQ02339,JOB02339,S&T,SEC_MUM_DAD,17-01-2026,17.50,18.27,37,3,coordination opportunity,6,SIGNAL_TEST_SET,TRACTION_ISOLATION,REJECTED,TRUE
REQ02340,JOB02340,TRD,SEC_SHI_PUN,24-03-2026,10.18,10.49,31,4,preventive plan,9,LIFTING_UNIT,NONE,REVIEW,TRUE
REQ02341,JOB02341,TRD,SEC_TAL_CHI,23-02-2026,11.55,14.25,150,2,preventive plan,4,SIGNAL_TEST_SET,TRACTION_ISOLATION,SUBMITTED,TRUE
REQ02342,JOB02342,Engineering,SEC_SHI_PUN,01-03-2026,10.11,11.53,102,3,preventive plan,3,LIFTING_UNIT,NONE,APPROVED,TRUE
REQ02343,JOB02343,Engineering,SEC_LON_TAL,26-02-2026,17.49,19.22,93,1,safety correction,7,TAMPER,TRACTION_ISOLATION,REJECTED,TRUE
REQ02344,JOB02344,TRD,SEC_KAR_KHA,13-02-2026,8.58,10.43,105,1,preventive plan,6,HAND_TOOLS,SIGNAL_TEST_DEPENDENCY,APPROVED,TRUE
REQ02345,JOB02345,S&T,SEC_KAL_KAR,07-02-2026,17.54,19.42,108,1,safety correction,10,OHE_TEST_KIT,NONE,APPROVED,TRUE
REQ02346,JOB02346,TRD,SEC_KHA_LON,09-03-2026,14.23,15.06,43,3,coordination opportunity,9,OHE_TEST_KIT,NONE,REVIEW,TRUE
REQ02347,JOB02347,TRD,SEC_KHA_LON,31-01-2026,10.58,13.24,146,4,overdue defect,5,HAND_TOOLS,TRACTION_ISOLATION,APPROVED,TRUE
REQ02348,JOB02348,TRD,SEC_DAD_THA,13-03-2026,8.35,9.42,67,4,coordination opportunity,5,OHE_TEST_KIT,SIGNAL_TEST_DEPENDENCY,APPROVED,TRUE
REQ02349,JOB02349,Engineering,SEC_TAL_CHI,31-01-2026,9.05,11.28,143,1,preventive plan,5,LIFTING_UNIT,SIGNAL_TEST_DEPENDENCY,SUBMITTED,TRUE
REQ02350,JOB02350,Engineering,SEC_DAD_THA,25-03-2026,16.15,17.14,59,2,coordination opportunity,4,HAND_TOOLS,NONE,APPROVED,TRUE
REQ02351,JOB02351,TRD,SEC_LON_TAL,11-03-2026,11.12,12.41,89,1,overdue defect,10,OHE_TEST_KIT,ACCESS_REQUIRED,REVIEW,TRUE
REQ02352,JOB02352,S&T,SEC_CHI_SHI,02-03-2026,10.37,11.48,71,1,safety correction,6,HAND_TOOLS,TRACTION_ISOLATION,APPROVED,TRUE
REQ02353,JOB02353,Engineering,SEC_KAR_KHA,17-03-2026,12.48,14.26,98,2,overdue defect,3,OHE_TEST_KIT,NONE,REVIEW,TRUE
REQ02354,JOB02354,Engineering,SEC_TAL_CHI,04-03-2026,10.50,13.06,136,3,overdue defect,6,LIFTING_UNIT,SIGNAL_TEST_DEPENDENCY,APPROVED,TRUE
REQ02355,JOB02355,TRD,SEC_TAL_CHI,14-02-2026,6.49,8.18,89,3,preventive plan,6,TAMPER,NONE,SUBMITTED,TRUE
REQ02356,JOB02356,S&T,SEC_CHI_SHI,21-02-2026,8.10,9.14,64,1,overdue defect,8,LIFTING_UNIT,NONE,SUBMITTED,TRUE
REQ02357,JOB02357,TRD,SEC_TAL_CHI,31-03-2026,9.44,11.18,94,2,coordination opportunity,4,HAND_TOOLS,NONE,REJECTED,TRUE
REQ02358,JOB02358,S&T,SEC_CHI_SHI,22-02-2026,10.46,13.16,150,1,coordination opportunity,9,SIGNAL_TEST_SET,SIGNAL_TEST_DEPENDENCY,APPROVED,TRUE
REQ02359,JOB02359,TRD,SEC_KAR_KHA,04-03-2026,17.30,19.33,123,3,safety correction,6,HAND_TOOLS,TRACTION_ISOLATION,SUBMITTED,TRUE
REQ02360,JOB02360,Engineering,SEC_TAL_CHI,16-01-2026,14.35,15.26,51,3,preventive plan,4,SIGNAL_TEST_SET,TRACTION_ISOLATION,SUBMITTED,TRUE
REQ02361,JOB02361,S&T,SEC_SHI_PUN,31-01-2026,11.53,13.09,76,1,preventive plan,10,LIFTING_UNIT,ACCESS_REQUIRED,REVIEW,TRUE
REQ02362,JOB02362,TRD,SEC_KAR_KHA,28-02-2026,13.52,14.58,66,4,preventive plan,9,SIGNAL_TEST_SET,SIGNAL_TEST_DEPENDENCY,SUBMITTED,TRUE
REQ02363,JOB02363,TRD,SEC_THA_KAL,14-02-2026,14.45,15.56,71,1,preventive plan,8,TAMPER,TRACTION_ISOLATION,SUBMITTED,TRUE
REQ02364,JOB02364,TRD,SEC_SHI_PUN,14-02-2026,16.23,17.56,93,2,coordination opportunity,7,LIFTING_UNIT,TRACTION_ISOLATION,REVIEW,TRUE
REQ02365,JOB02365,Engineering,SEC_THA_KAL,26-02-2026,6.44,8.30,106,1,preventive plan,5,TAMPER,TRACTION_ISOLATION,REVIEW,TRUE
REQ02366,JOB02366,Engineering,SEC_TAL_CHI,12-02-2026,17.18,19.28,130,1,coordination opportunity,5,TAMPER,NONE,REJECTED,TRUE
REQ02367,JOB02367,TRD,SEC_SHI_PUN,04-02-2026,6.31,8.57,146,3,coordination opportunity,7,HAND_TOOLS,ACCESS_REQUIRED,REJECTED,TRUE
REQ02368,JOB02368,TRD,SEC_CHI_SHI,17-03-2026,8.35,9.46,71,4,overdue defect,9,SIGNAL_TEST_SET,NONE,REVIEW,TRUE
REQ02369,JOB02369,TRD,SEC_THA_KAL,25-02-2026,15.59,16.39,40,1,overdue defect,3,HAND_TOOLS,NONE,APPROVED,TRUE
REQ02370,JOB02370,Engineering,SEC_LON_TAL,10-01-2026,16.50,17.20,30,3,preventive plan,7,TAMPER,SIGNAL_TEST_DEPENDENCY,SUBMITTED,TRUE
REQ02371,JOB02371,TRD,SEC_MUM_DAD,03-01-2026,11.22,12.27,65,2,coordination opportunity,10,LIFTING_UNIT,SIGNAL_TEST_DEPENDENCY,REJECTED,TRUE
REQ02372,JOB02372,TRD,SEC_KAL_KAR,13-01-2026,16.46,18.34,108,1,overdue defect,8,LIFTING_UNIT,ACCESS_REQUIRED,REJECTED,TRUE
REQ02373,JOB02373,S&T,SEC_CHI_SHI,20-02-2026,8.34,11.00,146,4,safety correction,10,OHE_TEST_KIT,TRACTION_ISOLATION,SUBMITTED,TRUE
REQ02374,JOB02374,TRD,SEC_LON_TAL,02-03-2026,12.58,15.15,137,1,preventive plan,7,HAND_TOOLS,NONE,REVIEW,TRUE
REQ02375,JOB02375,S&T,SEC_KHA_LON,22-01-2026,18.01,18.57,56,4,coordination opportunity,8,LIFTING_UNIT,NONE,SUBMITTED,TRUE
REQ02376,JOB02376,S&T,SEC_CHI_SHI,10-03-2026,8.40,10.41,121,4,coordination opportunity,10,HAND_TOOLS,TRACTION_ISOLATION,SUBMITTED,TRUE
REQ02377,JOB02377,S&T,SEC_CHI_SHI,15-02-2026,12.20,13.57,97,3,preventive plan,7,LIFTING_UNIT,TRACTION_ISOLATION,APPROVED,TRUE
REQ02378,JOB02378,Engineering,SEC_LON_TAL,20-03-2026,15.18,17.25,127,2,preventive plan,8,HAND_TOOLS,TRACTION_ISOLATION,SUBMITTED,TRUE
REQ02379,JOB02379,S&T,SEC_TAL_CHI,30-03-2026,15.52,17.11,79,3,overdue defect,4,SIGNAL_TEST_SET,TRACTION_ISOLATION,APPROVED,TRUE
REQ02380,JOB02380,Engineering,SEC_KAL_KAR,04-03-2026,7.25,8.51,86,2,safety correction,8,LIFTING_UNIT,ACCESS_REQUIRED,APPROVED,TRUE
REQ02381,JOB02381,S&T,SEC_MUM_DAD,23-03-2026,13.46,14.31,45,4,safety correction,7,OHE_TEST_KIT,SIGNAL_TEST_DEPENDENCY,APPROVED,TRUE
REQ02382,JOB02382,Engineering,SEC_DAD_THA,05-01-2026,9.44,11.53,129,3,preventive plan,6,SIGNAL_TEST_SET,TRACTION_ISOLATION,SUBMITTED,TRUE
REQ02383,JOB02383,TRD,SEC_TAL_CHI,01-02-2026,19.53,22.07,134,2,coordination opportunity,4,OHE_TEST_KIT,SIGNAL_TEST_DEPENDENCY,APPROVED,TRUE
REQ02384,JOB02384,S&T,SEC_KAL_KAR,30-01-2026,7.04,7.48,44,3,overdue defect,7,LIFTING_UNIT,SIGNAL_TEST_DEPENDENCY,APPROVED,TRUE
REQ02385,JOB02385,Engineering,SEC_TAL_CHI,04-02-2026,19.04,20.37,93,1,overdue defect,8,TAMPER,SIGNAL_TEST_DEPENDENCY,APPROVED,TRUE
REQ02386,JOB02386,S&T,SEC_MUM_DAD,17-03-2026,14.56,15.55,59,1,coordination opportunity,3,HAND_TOOLS,NONE,APPROVED,TRUE
REQ02387,JOB02387,S&T,SEC_SHI_PUN,04-02-2026,15.02,16.11,69,2,safety correction,4,LIFTING_UNIT,TRACTION_ISOLATION,REVIEW,TRUE
REQ02388,JOB02388,S&T,SEC_KAR_KHA,22-03-2026,14.34,16.01,87,4,coordination opportunity,5,LIFTING_UNIT,ACCESS_REQUIRED,SUBMITTED,TRUE
REQ02389,JOB02389,S&T,SEC_CHI_SHI,20-03-2026,16.42,18.33,111,4,safety correction,5,OHE_TEST_KIT,ACCESS_REQUIRED,REVIEW,TRUE
REQ02390,JOB02390,S&T,SEC_KHA_LON,24-01-2026,15.57,17.12,75,3,safety correction,7,TAMPER,SIGNAL_TEST_DEPENDENCY,SUBMITTED,TRUE
REQ02391,JOB02391,Engineering,SEC_KAR_KHA,25-01-2026,14.54,16.16,82,4,overdue defect,7,SIGNAL_TEST_SET,SIGNAL_TEST_DEPENDENCY,REVIEW,TRUE
REQ02392,JOB02392,S&T,SEC_CHI_SHI,20-02-2026,11.47,13.22,95,3,overdue defect,4,OHE_TEST_KIT,TRACTION_ISOLATION,SUBMITTED,TRUE
REQ02393,JOB02393,TRD,SEC_KHA_LON,03-02-2026,6.25,8.18,113,4,safety correction,3,HAND_TOOLS,TRACTION_ISOLATION,REVIEW,TRUE
REQ02394,JOB02394,TRD,SEC_MUM_DAD,17-03-2026,14.01,15.42,101,3,safety correction,9,LIFTING_UNIT,NONE,APPROVED,TRUE
REQ02395,JOB02395,TRD,SEC_DAD_THA,23-02-2026,16.38,17.08,30,2,overdue defect,8,SIGNAL_TEST_SET,NONE,APPROVED,TRUE
REQ02396,JOB02396,S&T,SEC_CHI_SHI,22-03-2026,10.25,11.21,56,2,safety correction,5,SIGNAL_TEST_SET,SIGNAL_TEST_DEPENDENCY,APPROVED,TRUE
REQ02397,JOB02397,TRD,SEC_KHA_LON,03-03-2026,9.37,10.52,75,1,preventive plan,10,HAND_TOOLS,TRACTION_ISOLATION,REVIEW,TRUE
REQ02398,JOB02398,TRD,SEC_THA_KAL,31-03-2026,8.28,10.31,123,3,overdue defect,8,SIGNAL_TEST_SET,ACCESS_REQUIRED,APPROVED,TRUE
REQ02399,JOB02399,TRD,SEC_MUM_DAD,26-01-2026,11.04,13.00,116,4,safety correction,10,TAMPER,ACCESS_REQUIRED,REVIEW,TRUE
REQ02400,JOB02400,S&T,SEC_TAL_CHI,02-02-2026,18.20,18.55,35,4,coordination opportunity,8,SIGNAL_TEST_SET,ACCESS_REQUIRED,REJECTED,TRUE
REQ02401,JOB02401,TRD,SEC_KAL_KAR,18-02-2026,8.27,10.41,134,4,preventive plan,4,TAMPER,ACCESS_REQUIRED,REVIEW,TRUE
REQ02402,JOB02402,TRD,SEC_DAD_THA,30-01-2026,19.54,20.37,43,4,coordination opportunity,9,OHE_TEST_KIT,NONE,APPROVED,TRUE
REQ02403,JOB02403,S&T,SEC_SHI_PUN,14-03-2026,13.40,16.04,144,2,preventive plan,3,TAMPER,NONE,REVIEW,TRUE
REQ02404,JOB02404,S&T,SEC_KHA_LON,14-02-2026,12.20,13.21,61,1,overdue defect,5,HAND_TOOLS,SIGNAL_TEST_DEPENDENCY,REVIEW,TRUE
REQ02405,JOB02405,TRD,SEC_MUM_DAD,16-01-2026,16.21,16.55,34,4,preventive plan,6,OHE_TEST_KIT,NONE,REVIEW,TRUE
REQ02406,JOB02406,Engineering,SEC_LON_TAL,14-03-2026,7.54,9.52,118,2,safety correction,6,TAMPER,TRACTION_ISOLATION,REJECTED,TRUE
REQ02407,JOB02407,S&T,SEC_TAL_CHI,29-03-2026,14.48,16.13,85,1,preventive plan,4,OHE_TEST_KIT,SIGNAL_TEST_DEPENDENCY,REVIEW,TRUE
REQ02408,JOB02408,Engineering,SEC_CHI_SHI,07-01-2026,10.42,12.51,129,1,overdue defect,8,HAND_TOOLS,TRACTION_ISOLATION,SUBMITTED,TRUE
REQ02409,JOB02409,S&T,SEC_KAL_KAR,29-01-2026,18.05,19.07,62,4,preventive plan,9,HAND_TOOLS,ACCESS_REQUIRED,APPROVED,TRUE
REQ02410,JOB02410,S&T,SEC_DAD_THA,22-03-2026,15.17,17.38,141,1,preventive plan,8,SIGNAL_TEST_SET,SIGNAL_TEST_DEPENDENCY,SUBMITTED,TRUE
REQ02411,JOB02411,S&T,SEC_MUM_DAD,22-03-2026,16.08,16.59,51,3,preventive plan,8,LIFTING_UNIT,SIGNAL_TEST_DEPENDENCY,REVIEW,TRUE
REQ02412,JOB02412,S&T,SEC_DAD_THA,15-01-2026,7.15,7.54,39,4,preventive plan,8,HAND_TOOLS,TRACTION_ISOLATION,APPROVED,TRUE
REQ02413,JOB02413,TRD,SEC_MUM_DAD,17-03-2026,9.54,12.23,149,2,preventive plan,5,HAND_TOOLS,SIGNAL_TEST_DEPENDENCY,SUBMITTED,TRUE
REQ02414,JOB02414,Engineering,SEC_KAR_KHA,03-03-2026,14.25,15.59,94,2,overdue defect,10,OHE_TEST_KIT,NONE,APPROVED,TRUE
REQ02415,JOB02415,TRD,SEC_TAL_CHI,22-03-2026,16.52,18.22,90,3,preventive plan,10,TAMPER,NONE,SUBMITTED,TRUE
REQ02416,JOB02416,TRD,SEC_THA_KAL,15-03-2026,9.35,10.09,34,2,preventive plan,9,TAMPER,ACCESS_REQUIRED,SUBMITTED,TRUE
REQ02417,JOB02417,Engineering,SEC_THA_KAL,07-01-2026,8.38,10.02,84,1,preventive plan,5,SIGNAL_TEST_SET,NONE,REVIEW,TRUE
REQ02418,JOB02418,Engineering,SEC_KAR_KHA,12-03-2026,17.21,18.51,90,3,coordination opportunity,10,SIGNAL_TEST_SET,ACCESS_REQUIRED,APPROVED,TRUE
REQ02419,JOB02419,TRD,SEC_SHI_PUN,26-03-2026,7.21,9.38,137,4,coordination opportunity,5,OHE_TEST_KIT,NONE,APPROVED,TRUE
REQ02420,JOB02420,TRD,SEC_THA_KAL,27-01-2026,18.15,18.55,40,1,safety correction,3,LIFTING_UNIT,TRACTION_ISOLATION,REJECTED,TRUE
REQ02421,JOB02421,Engineering,SEC_THA_KAL,06-02-2026,13.22,15.51,149,3,safety correction,5,SIGNAL_TEST_SET,NONE,REJECTED,TRUE
REQ02422,JOB02422,Engineering,SEC_KAR_KHA,05-01-2026,18.55,21.09,134,4,coordination opportunity,10,OHE_TEST_KIT,TRACTION_ISOLATION,SUBMITTED,TRUE
REQ02423,JOB02423,S&T,SEC_CHI_SHI,03-02-2026,14.11,16.09,118,4,overdue defect,6,TAMPER,SIGNAL_TEST_DEPENDENCY,SUBMITTED,TRUE
REQ02424,JOB02424,Engineering,SEC_KAR_KHA,24-02-2026,8.46,10.13,87,2,safety correction,8,SIGNAL_TEST_SET,NONE,APPROVED,TRUE
REQ02425,JOB02425,TRD,SEC_KAR_KHA,09-02-2026,6.10,8.01,111,2,safety correction,10,SIGNAL_TEST_SET,NONE,SUBMITTED,TRUE
REQ02426,JOB02426,S&T,SEC_THA_KAL,26-02-2026,11.48,12.36,48,1,coordination opportunity,9,LIFTING_UNIT,ACCESS_REQUIRED,REVIEW,TRUE
REQ02427,JOB02427,TRD,SEC_TAL_CHI,16-01-2026,13.24,14.09,45,2,coordination opportunity,3,TAMPER,ACCESS_REQUIRED,SUBMITTED,TRUE
REQ02428,JOB02428,Engineering,SEC_KAR_KHA,14-03-2026,13.26,15.53,147,4,preventive plan,8,TAMPER,NONE,REVIEW,TRUE
REQ02429,JOB02429,S&T,SEC_KAR_KHA,07-01-2026,13.37,14.34,57,1,preventive plan,10,TAMPER,TRACTION_ISOLATION,APPROVED,TRUE
REQ02430,JOB02430,TRD,SEC_MUM_DAD,13-03-2026,9.02,9.45,43,4,preventive plan,6,HAND_TOOLS,NONE,REVIEW,TRUE
REQ02431,JOB02431,TRD,SEC_KAL_KAR,14-03-2026,8.41,10.08,87,1,overdue defect,7,SIGNAL_TEST_SET,NONE,SUBMITTED,TRUE
REQ02432,JOB02432,Engineering,SEC_TAL_CHI,11-02-2026,10.36,11.23,47,3,preventive plan,9,TAMPER,SIGNAL_TEST_DEPENDENCY,REVIEW,TRUE
REQ02433,JOB02433,Engineering,SEC_KAR_KHA,22-02-2026,15.38,16.56,78,1,overdue defect,10,SIGNAL_TEST_SET,NONE,SUBMITTED,TRUE
REQ02434,JOB02434,Engineering,SEC_KAR_KHA,24-01-2026,19.44,20.14,30,1,coordination opportunity,4,OHE_TEST_KIT,TRACTION_ISOLATION,SUBMITTED,TRUE
REQ02435,JOB02435,Engineering,SEC_LON_TAL,25-02-2026,13.49,15.34,105,2,coordination opportunity,7,SIGNAL_TEST_SET,NONE,REJECTED,TRUE
REQ02436,JOB02436,TRD,SEC_THA_KAL,19-02-2026,15.46,17.03,77,1,preventive plan,8,SIGNAL_TEST_SET,ACCESS_REQUIRED,REVIEW,TRUE
REQ02437,JOB02437,S&T,SEC_LON_TAL,06-03-2026,14.35,16.21,106,3,coordination opportunity,4,OHE_TEST_KIT,SIGNAL_TEST_DEPENDENCY,SUBMITTED,TRUE
REQ02438,JOB02438,Engineering,SEC_KAL_KAR,26-01-2026,9.40,10.17,37,1,overdue defect,9,TAMPER,TRACTION_ISOLATION,REJECTED,TRUE
REQ02439,JOB02439,TRD,SEC_DAD_THA,31-03-2026,15.43,16.58,75,3,preventive plan,8,HAND_TOOLS,NONE,REVIEW,TRUE
REQ02440,JOB02440,TRD,SEC_KHA_LON,23-03-2026,17.42,18.29,47,4,preventive plan,4,SIGNAL_TEST_SET,SIGNAL_TEST_DEPENDENCY,REJECTED,TRUE
REQ02441,JOB02441,TRD,SEC_DAD_THA,11-02-2026,8.22,8.57,35,3,preventive plan,10,HAND_TOOLS,ACCESS_REQUIRED,APPROVED,TRUE
REQ02442,JOB02442,Engineering,SEC_THA_KAL,10-01-2026,16.10,17.50,100,4,overdue defect,9,SIGNAL_TEST_SET,NONE,SUBMITTED,TRUE
REQ02443,JOB02443,S&T,SEC_MUM_DAD,12-03-2026,7.34,8.42,68,4,coordination opportunity,7,SIGNAL_TEST_SET,TRACTION_ISOLATION,REJECTED,TRUE
REQ02444,JOB02444,Engineering,SEC_THA_KAL,27-03-2026,6.18,7.29,71,3,safety correction,3,SIGNAL_TEST_SET,TRACTION_ISOLATION,REVIEW,TRUE
REQ02445,JOB02445,S&T,SEC_MUM_DAD,18-01-2026,19.44,22.08,144,4,overdue defect,5,OHE_TEST_KIT,SIGNAL_TEST_DEPENDENCY,REJECTED,TRUE
REQ02446,JOB02446,Engineering,SEC_MUM_DAD,28-01-2026,12.26,13.40,74,4,preventive plan,9,TAMPER,SIGNAL_TEST_DEPENDENCY,SUBMITTED,TRUE
REQ02447,JOB02447,Engineering,SEC_KAR_KHA,25-02-2026,16.15,17.26,71,3,coordination opportunity,8,TAMPER,SIGNAL_TEST_DEPENDENCY,REVIEW,TRUE
REQ02448,JOB02448,S&T,SEC_KAR_KHA,20-02-2026,12.18,14.15,117,2,overdue defect,4,LIFTING_UNIT,SIGNAL_TEST_DEPENDENCY,APPROVED,TRUE
REQ02449,JOB02449,S&T,SEC_MUM_DAD,02-03-2026,15.04,15.40,36,2,overdue defect,4,HAND_TOOLS,SIGNAL_TEST_DEPENDENCY,APPROVED,TRUE
REQ02450,JOB02450,TRD,SEC_DAD_THA,30-03-2026,16.02,17.56,114,2,safety correction,3,SIGNAL_TEST_SET,SIGNAL_TEST_DEPENDENCY,REJECTED,TRUE
REQ02451,JOB02451,TRD,SEC_TAL_CHI,30-03-2026,17.52,19.21,89,2,coordination opportunity,3,SIGNAL_TEST_SET,NONE,APPROVED,TRUE
REQ02452,JOB02452,Engineering,SEC_CHI_SHI,22-01-2026,12.02,13.56,114,3,coordination opportunity,4,TAMPER,SIGNAL_TEST_DEPENDENCY,APPROVED,TRUE
REQ02453,JOB02453,TRD,SEC_KAL_KAR,15-02-2026,10.16,11.46,90,2,overdue defect,3,HAND_TOOLS,SIGNAL_TEST_DEPENDENCY,SUBMITTED,TRUE
REQ02454,JOB02454,Engineering,SEC_THA_KAL,08-03-2026,8.26,9.04,38,3,overdue defect,6,HAND_TOOLS,SIGNAL_TEST_DEPENDENCY,REVIEW,TRUE
REQ02455,JOB02455,TRD,SEC_CHI_SHI,27-01-2026,15.39,17.18,99,1,preventive plan,10,TAMPER,NONE,REJECTED,TRUE
REQ02456,JOB02456,TRD,SEC_CHI_SHI,11-02-2026,17.33,18.53,80,3,safety correction,10,LIFTING_UNIT,SIGNAL_TEST_DEPENDENCY,SUBMITTED,TRUE
REQ02457,JOB02457,Engineering,SEC_KAR_KHA,10-02-2026,14.04,16.11,127,4,coordination opportunity,5,LIFTING_UNIT,TRACTION_ISOLATION,SUBMITTED,TRUE
REQ02458,JOB02458,TRD,SEC_KHA_LON,15-02-2026,18.13,18.52,39,3,safety correction,9,LIFTING_UNIT,NONE,APPROVED,TRUE
REQ02459,JOB02459,Engineering,SEC_MUM_DAD,07-01-2026,16.45,17.42,57,3,preventive plan,6,LIFTING_UNIT,TRACTION_ISOLATION,REJECTED,TRUE
REQ02460,JOB02460,Engineering,SEC_KAR_KHA,06-02-2026,15.32,16.28,56,2,overdue defect,9,SIGNAL_TEST_SET,TRACTION_ISOLATION,APPROVED,TRUE
REQ02461,JOB02461,TRD,SEC_CHI_SHI,01-01-2026,16.54,18.40,106,1,safety correction,10,OHE_TEST_KIT,NONE,SUBMITTED,TRUE
REQ02462,JOB02462,TRD,SEC_LON_TAL,27-02-2026,19.35,20.49,74,1,preventive plan,10,HAND_TOOLS,NONE,APPROVED,TRUE
REQ02463,JOB02463,S&T,SEC_DAD_THA,10-01-2026,12.29,13.23,54,4,safety correction,8,HAND_TOOLS,SIGNAL_TEST_DEPENDENCY,REVIEW,TRUE
REQ02464,JOB02464,Engineering,SEC_MUM_DAD,07-02-2026,12.50,14.29,99,3,safety correction,4,HAND_TOOLS,TRACTION_ISOLATION,APPROVED,TRUE
REQ02465,JOB02465,TRD,SEC_SHI_PUN,31-01-2026,6.57,7.46,49,1,overdue defect,7,LIFTING_UNIT,SIGNAL_TEST_DEPENDENCY,REVIEW,TRUE
REQ02466,JOB02466,TRD,SEC_KHA_LON,24-01-2026,6.45,8.43,118,3,coordination opportunity,10,TAMPER,ACCESS_REQUIRED,REVIEW,TRUE
REQ02467,JOB02467,Engineering,SEC_THA_KAL,22-01-2026,9.05,10.18,73,1,preventive plan,5,OHE_TEST_KIT,ACCESS_REQUIRED,REJECTED,TRUE
REQ02468,JOB02468,Engineering,SEC_CHI_SHI,23-01-2026,18.12,19.22,70,4,coordination opportunity,6,HAND_TOOLS,ACCESS_REQUIRED,SUBMITTED,TRUE
REQ02469,JOB02469,TRD,SEC_DAD_THA,10-03-2026,19.08,20.27,79,4,coordination opportunity,4,OHE_TEST_KIT,SIGNAL_TEST_DEPENDENCY,REJECTED,TRUE
REQ02470,JOB02470,S&T,SEC_SHI_PUN,25-03-2026,7.19,9.08,109,1,coordination opportunity,7,LIFTING_UNIT,SIGNAL_TEST_DEPENDENCY,REJECTED,TRUE
REQ02471,JOB02471,S&T,SEC_LON_TAL,13-02-2026,12.49,13.32,43,2,safety correction,4,OHE_TEST_KIT,TRACTION_ISOLATION,REJECTED,TRUE
REQ02472,JOB02472,Engineering,SEC_TAL_CHI,14-01-2026,11.14,13.09,115,2,safety correction,5,HAND_TOOLS,TRACTION_ISOLATION,SUBMITTED,TRUE
REQ02473,JOB02473,Engineering,SEC_DAD_THA,10-02-2026,15.08,16.03,55,3,coordination opportunity,5,HAND_TOOLS,NONE,SUBMITTED,TRUE
REQ02474,JOB02474,S&T,SEC_KAR_KHA,18-03-2026,18.04,20.22,138,2,overdue defect,3,SIGNAL_TEST_SET,ACCESS_REQUIRED,REVIEW,TRUE
REQ02475,JOB02475,Engineering,SEC_LON_TAL,19-01-2026,16.36,18.07,91,1,overdue defect,8,TAMPER,SIGNAL_TEST_DEPENDENCY,REJECTED,TRUE
REQ02476,JOB02476,S&T,SEC_KAR_KHA,27-02-2026,9.19,10.35,76,4,preventive plan,7,SIGNAL_TEST_SET,NONE,SUBMITTED,TRUE
REQ02477,JOB02477,S&T,SEC_TAL_CHI,10-03-2026,17.44,20.00,136,3,safety correction,8,TAMPER,SIGNAL_TEST_DEPENDENCY,REVIEW,TRUE
REQ02478,JOB02478,S&T,SEC_LON_TAL,20-03-2026,10.28,12.02,94,4,overdue defect,5,SIGNAL_TEST_SET,ACCESS_REQUIRED,REJECTED,TRUE
REQ02479,JOB02479,S&T,SEC_THA_KAL,24-01-2026,19.17,20.47,90,2,safety correction,3,LIFTING_UNIT,ACCESS_REQUIRED,REJECTED,TRUE
REQ02480,JOB02480,Engineering,SEC_LON_TAL,23-03-2026,7.25,9.03,98,3,coordination opportunity,10,OHE_TEST_KIT,SIGNAL_TEST_DEPENDENCY,REJECTED,TRUE
REQ02481,JOB02481,Engineering,SEC_LON_TAL,23-02-2026,18.34,20.11,97,4,safety correction,8,LIFTING_UNIT,SIGNAL_TEST_DEPENDENCY,SUBMITTED,TRUE
REQ02482,JOB02482,Engineering,SEC_TAL_CHI,11-02-2026,11.06,13.23,137,3,overdue defect,9,OHE_TEST_KIT,TRACTION_ISOLATION,REVIEW,TRUE
REQ02483,JOB02483,TRD,SEC_KAR_KHA,29-01-2026,18.15,20.41,146,1,safety correction,9,LIFTING_UNIT,NONE,REVIEW,TRUE
REQ02484,JOB02484,Engineering,SEC_KAL_KAR,21-01-2026,11.47,12.23,36,1,safety correction,5,LIFTING_UNIT,TRACTION_ISOLATION,APPROVED,TRUE
REQ02485,JOB02485,Engineering,SEC_KHA_LON,15-03-2026,16.22,18.27,125,4,safety correction,4,OHE_TEST_KIT,SIGNAL_TEST_DEPENDENCY,REJECTED,TRUE
REQ02486,JOB02486,Engineering,SEC_CHI_SHI,01-03-2026,13.53,14.39,46,3,overdue defect,7,HAND_TOOLS,SIGNAL_TEST_DEPENDENCY,REVIEW,TRUE
REQ02487,JOB02487,Engineering,SEC_KAL_KAR,11-03-2026,16.48,19.00,132,4,overdue defect,7,LIFTING_UNIT,SIGNAL_TEST_DEPENDENCY,APPROVED,TRUE
REQ02488,JOB02488,TRD,SEC_KAL_KAR,17-01-2026,15.26,17.38,132,2,coordination opportunity,8,OHE_TEST_KIT,NONE,REVIEW,TRUE
REQ02489,JOB02489,TRD,SEC_MUM_DAD,17-01-2026,15.04,17.20,136,2,overdue defect,3,LIFTING_UNIT,SIGNAL_TEST_DEPENDENCY,APPROVED,TRUE
REQ02490,JOB02490,Engineering,SEC_KHA_LON,09-03-2026,8.07,9.49,102,2,safety correction,4,HAND_TOOLS,ACCESS_REQUIRED,SUBMITTED,TRUE
REQ02491,JOB02491,S&T,SEC_TAL_CHI,10-03-2026,11.41,14.01,140,3,coordination opportunity,6,LIFTING_UNIT,TRACTION_ISOLATION,REVIEW,TRUE
REQ02492,JOB02492,TRD,SEC_MUM_DAD,26-02-2026,17.43,19.00,77,1,safety correction,8,HAND_TOOLS,ACCESS_REQUIRED,REJECTED,TRUE
REQ02493,JOB02493,TRD,SEC_KHA_LON,20-02-2026,9.37,12.02,145,2,coordination opportunity,3,HAND_TOOLS,NONE,REJECTED,TRUE
REQ02494,JOB02494,S&T,SEC_THA_KAL,04-01-2026,19.09,19.53,44,3,preventive plan,7,HAND_TOOLS,TRACTION_ISOLATION,SUBMITTED,TRUE
REQ02495,JOB02495,Engineering,SEC_THA_KAL,21-03-2026,7.31,9.45,134,1,coordination opportunity,6,HAND_TOOLS,ACCESS_REQUIRED,SUBMITTED,TRUE
REQ02496,JOB02496,TRD,SEC_KAR_KHA,22-03-2026,8.25,10.20,115,1,preventive plan,7,SIGNAL_TEST_SET,ACCESS_REQUIRED,REVIEW,TRUE
REQ02497,JOB02497,Engineering,SEC_LON_TAL,21-03-2026,12.36,13.57,81,4,overdue defect,3,SIGNAL_TEST_SET,ACCESS_REQUIRED,REJECTED,TRUE
REQ02498,JOB02498,TRD,SEC_TAL_CHI,12-01-2026,14.43,16.33,110,2,safety correction,6,OHE_TEST_KIT,TRACTION_ISOLATION,SUBMITTED,TRUE
REQ02499,JOB02499,S&T,SEC_KHA_LON,08-02-2026,19.20,21.28,128,4,overdue defect,3,SIGNAL_TEST_SET,TRACTION_ISOLATION,REVIEW,TRUE
REQ02500,JOB02500,S&T,SEC_TAL_CHI,16-02-2026,11.18,11.54,36,2,preventive plan,10,HAND_TOOLS,TRACTION_ISOLATION,REJECTED,TRUE
REQ02501,JOB02501,Engineering,SEC_THA_KAL,14-01-2026,7.22,7.53,31,2,overdue defect,9,TAMPER,NONE,REVIEW,TRUE
REQ02502,JOB02502,TRD,SEC_MUM_DAD,05-02-2026,11.28,12.08,40,4,safety correction,6,TAMPER,TRACTION_ISOLATION,REVIEW,TRUE
REQ02503,JOB02503,Engineering,SEC_KHA_LON,22-01-2026,17.36,18.52,76,4,preventive plan,6,TAMPER,TRACTION_ISOLATION,SUBMITTED,TRUE
REQ02504,JOB02504,TRD,SEC_SHI_PUN,05-03-2026,19.56,21.53,117,1,preventive plan,6,LIFTING_UNIT,ACCESS_REQUIRED,REJECTED,TRUE
REQ02505,JOB02505,Engineering,SEC_MUM_DAD,13-01-2026,7.35,9.39,124,4,safety correction,7,HAND_TOOLS,SIGNAL_TEST_DEPENDENCY,REVIEW,TRUE
REQ02506,JOB02506,TRD,SEC_KAL_KAR,29-01-2026,10.26,12.45,139,4,overdue defect,9,SIGNAL_TEST_SET,NONE,REJECTED,TRUE
REQ02507,JOB02507,TRD,SEC_KHA_LON,20-02-2026,15.22,17.29,127,3,overdue defect,5,SIGNAL_TEST_SET,SIGNAL_TEST_DEPENDENCY,REJECTED,TRUE
REQ02508,JOB02508,Engineering,SEC_MUM_DAD,31-01-2026,15.15,16.04,49,2,safety correction,4,LIFTING_UNIT,SIGNAL_TEST_DEPENDENCY,REVIEW,TRUE
REQ02509,JOB02509,Engineering,SEC_KHA_LON,30-03-2026,7.12,8.55,103,2,coordination opportunity,10,HAND_TOOLS,NONE,APPROVED,TRUE
REQ02510,JOB02510,S&T,SEC_KHA_LON,15-01-2026,15.48,17.35,107,3,preventive plan,10,HAND_TOOLS,ACCESS_REQUIRED,APPROVED,TRUE
REQ02511,JOB02511,Engineering,SEC_KHA_LON,27-03-2026,10.25,12.15,110,1,coordination opportunity,5,HAND_TOOLS,TRACTION_ISOLATION,REJECTED,TRUE
REQ02512,JOB02512,Engineering,SEC_TAL_CHI,14-03-2026,7.58,10.09,131,4,coordination opportunity,8,OHE_TEST_KIT,ACCESS_REQUIRED,APPROVED,TRUE
REQ02513,JOB02513,TRD,SEC_LON_TAL,29-03-2026,17.24,19.16,112,4,safety correction,3,TAMPER,TRACTION_ISOLATION,APPROVED,TRUE
REQ02514,JOB02514,Engineering,SEC_SHI_PUN,20-01-2026,14.55,17.22,147,2,coordination opportunity,8,TAMPER,TRACTION_ISOLATION,APPROVED,TRUE
REQ02515,JOB02515,TRD,SEC_KAR_KHA,06-02-2026,8.19,9.12,53,3,safety correction,3,OHE_TEST_KIT,SIGNAL_TEST_DEPENDENCY,REJECTED,TRUE
REQ02516,JOB02516,TRD,SEC_MUM_DAD,07-02-2026,9.58,11.59,121,2,safety correction,4,TAMPER,TRACTION_ISOLATION,SUBMITTED,TRUE
REQ02517,JOB02517,S&T,SEC_MUM_DAD,18-01-2026,8.39,10.12,93,2,coordination opportunity,7,HAND_TOOLS,ACCESS_REQUIRED,REJECTED,TRUE
REQ02518,JOB02518,Engineering,SEC_TAL_CHI,01-03-2026,14.51,15.44,53,4,overdue defect,8,LIFTING_UNIT,TRACTION_ISOLATION,SUBMITTED,TRUE
REQ02519,JOB02519,TRD,SEC_SHI_PUN,20-03-2026,17.17,18.42,85,4,safety correction,8,LIFTING_UNIT,TRACTION_ISOLATION,APPROVED,TRUE
REQ02520,JOB02520,TRD,SEC_THA_KAL,22-01-2026,10.39,12.11,92,3,overdue defect,8,LIFTING_UNIT,ACCESS_REQUIRED,SUBMITTED,TRUE
REQ02521,JOB02521,S&T,SEC_SHI_PUN,06-01-2026,18.53,19.25,32,2,safety correction,9,OHE_TEST_KIT,TRACTION_ISOLATION,APPROVED,TRUE
REQ02522,JOB02522,S&T,SEC_KAR_KHA,22-02-2026,11.01,13.16,135,4,overdue defect,5,TAMPER,ACCESS_REQUIRED,SUBMITTED,TRUE
REQ02523,JOB02523,TRD,SEC_MUM_DAD,24-03-2026,10.57,13.05,128,3,preventive plan,8,OHE_TEST_KIT,ACCESS_REQUIRED,REVIEW,TRUE
REQ02524,JOB02524,Engineering,SEC_DAD_THA,15-01-2026,13.31,15.40,129,1,overdue defect,8,SIGNAL_TEST_SET,SIGNAL_TEST_DEPENDENCY,SUBMITTED,TRUE
REQ02525,JOB02525,S&T,SEC_LON_TAL,17-02-2026,16.59,17.59,60,1,overdue defect,9,SIGNAL_TEST_SET,TRACTION_ISOLATION,SUBMITTED,TRUE
REQ02526,JOB02526,S&T,SEC_SHI_PUN,11-01-2026,16.28,17.08,40,2,overdue defect,6,TAMPER,SIGNAL_TEST_DEPENDENCY,SUBMITTED,TRUE
REQ02527,JOB02527,Engineering,SEC_SHI_PUN,26-02-2026,14.56,15.50,54,2,preventive plan,6,HAND_TOOLS,ACCESS_REQUIRED,SUBMITTED,TRUE
REQ02528,JOB02528,Engineering,SEC_KHA_LON,27-03-2026,18.18,20.27,129,4,safety correction,9,LIFTING_UNIT,SIGNAL_TEST_DEPENDENCY,APPROVED,TRUE
REQ02529,JOB02529,Engineering,SEC_KAR_KHA,01-02-2026,10.14,10.50,36,2,preventive plan,6,HAND_TOOLS,NONE,SUBMITTED,TRUE
REQ02530,JOB02530,Engineering,SEC_SHI_PUN,02-02-2026,19.18,20.39,81,4,overdue defect,10,HAND_TOOLS,TRACTION_ISOLATION,APPROVED,TRUE
REQ02531,JOB02531,Engineering,SEC_SHI_PUN,08-01-2026,14.14,16.36,142,3,safety correction,7,SIGNAL_TEST_SET,TRACTION_ISOLATION,APPROVED,TRUE
REQ02532,JOB02532,Engineering,SEC_LON_TAL,02-03-2026,8.51,10.26,95,2,coordination opportunity,7,HAND_TOOLS,NONE,REJECTED,TRUE
REQ02533,JOB02533,Engineering,SEC_MUM_DAD,03-03-2026,18.16,19.59,103,2,overdue defect,3,TAMPER,TRACTION_ISOLATION,REJECTED,TRUE
REQ02534,JOB02534,Engineering,SEC_LON_TAL,15-03-2026,12.34,14.44,130,4,safety correction,7,SIGNAL_TEST_SET,ACCESS_REQUIRED,REJECTED,TRUE
REQ02535,JOB02535,TRD,SEC_LON_TAL,19-02-2026,10.29,11.55,86,3,safety correction,5,SIGNAL_TEST_SET,SIGNAL_TEST_DEPENDENCY,SUBMITTED,TRUE
REQ02536,JOB02536,S&T,SEC_CHI_SHI,29-01-2026,15.11,16.14,63,4,overdue defect,5,OHE_TEST_KIT,NONE,SUBMITTED,TRUE
REQ02537,JOB02537,TRD,SEC_KAR_KHA,12-02-2026,7.47,10.16,149,1,preventive plan,6,LIFTING_UNIT,SIGNAL_TEST_DEPENDENCY,REVIEW,TRUE
REQ02538,JOB02538,S&T,SEC_DAD_THA,04-01-2026,16.15,17.24,69,3,safety correction,8,TAMPER,SIGNAL_TEST_DEPENDENCY,APPROVED,TRUE
REQ02539,JOB02539,Engineering,SEC_THA_KAL,17-02-2026,17.47,19.09,82,3,overdue defect,6,HAND_TOOLS,ACCESS_REQUIRED,REJECTED,TRUE
REQ02540,JOB02540,Engineering,SEC_THA_KAL,31-01-2026,13.31,15.59,148,3,coordination opportunity,7,HAND_TOOLS,SIGNAL_TEST_DEPENDENCY,SUBMITTED,TRUE
REQ02541,JOB02541,TRD,SEC_KAR_KHA,03-02-2026,8.56,11.03,127,1,preventive plan,8,TAMPER,TRACTION_ISOLATION,APPROVED,TRUE
REQ02542,JOB02542,Engineering,SEC_DAD_THA,02-01-2026,16.52,17.51,59,2,coordination opportunity,9,TAMPER,NONE,APPROVED,TRUE
REQ02543,JOB02543,Engineering,SEC_SHI_PUN,04-02-2026,13.30,15.56,146,4,overdue defect,10,SIGNAL_TEST_SET,NONE,SUBMITTED,TRUE
REQ02544,JOB02544,S&T,SEC_DAD_THA,26-01-2026,18.31,20.30,119,2,preventive plan,9,OHE_TEST_KIT,SIGNAL_TEST_DEPENDENCY,REJECTED,TRUE
REQ02545,JOB02545,Engineering,SEC_THA_KAL,25-03-2026,17.27,19.31,124,1,coordination opportunity,6,OHE_TEST_KIT,SIGNAL_TEST_DEPENDENCY,REVIEW,TRUE
REQ02546,JOB02546,S&T,SEC_KHA_LON,27-02-2026,13.32,14.17,45,4,coordination opportunity,10,SIGNAL_TEST_SET,ACCESS_REQUIRED,REJECTED,TRUE
REQ02547,JOB02547,TRD,SEC_KHA_LON,18-03-2026,9.29,10.46,77,4,overdue defect,10,TAMPER,SIGNAL_TEST_DEPENDENCY,REVIEW,TRUE
REQ02548,JOB02548,S&T,SEC_CHI_SHI,16-01-2026,19.39,20.42,63,2,coordination opportunity,6,LIFTING_UNIT,SIGNAL_TEST_DEPENDENCY,REVIEW,TRUE
REQ02549,JOB02549,Engineering,SEC_TAL_CHI,22-02-2026,6.45,8.54,129,4,safety correction,7,HAND_TOOLS,SIGNAL_TEST_DEPENDENCY,REVIEW,TRUE
REQ02550,JOB02550,Engineering,SEC_KAR_KHA,07-02-2026,19.18,21.38,140,3,safety correction,10,TAMPER,NONE,APPROVED,TRUE
REQ02551,JOB02551,TRD,SEC_KAL_KAR,12-01-2026,14.48,16.06,78,1,overdue defect,6,OHE_TEST_KIT,SIGNAL_TEST_DEPENDENCY,REJECTED,TRUE
REQ02552,JOB02552,TRD,SEC_KHA_LON,18-02-2026,14.02,16.04,122,2,preventive plan,8,HAND_TOOLS,SIGNAL_TEST_DEPENDENCY,REJECTED,TRUE
REQ02553,JOB02553,S&T,SEC_SHI_PUN,26-01-2026,15.02,16.50,108,4,overdue defect,8,SIGNAL_TEST_SET,NONE,APPROVED,TRUE
REQ02554,JOB02554,TRD,SEC_THA_KAL,21-02-2026,18.52,20.57,125,3,coordination opportunity,3,HAND_TOOLS,NONE,APPROVED,TRUE
REQ02555,JOB02555,S&T,SEC_MUM_DAD,13-01-2026,10.29,11.25,56,2,coordination opportunity,4,HAND_TOOLS,SIGNAL_TEST_DEPENDENCY,REVIEW,TRUE
REQ02556,JOB02556,Engineering,SEC_KAL_KAR,02-01-2026,10.40,11.44,64,4,safety correction,7,OHE_TEST_KIT,SIGNAL_TEST_DEPENDENCY,APPROVED,TRUE
REQ02557,JOB02557,TRD,SEC_KAL_KAR,10-01-2026,19.58,22.16,138,3,overdue defect,5,OHE_TEST_KIT,NONE,REJECTED,TRUE
REQ02558,JOB02558,S&T,SEC_SHI_PUN,15-03-2026,19.16,21.36,140,2,preventive plan,9,HAND_TOOLS,SIGNAL_TEST_DEPENDENCY,REJECTED,TRUE
REQ02559,JOB02559,Engineering,SEC_THA_KAL,06-01-2026,7.12,8.12,60,2,safety correction,9,TAMPER,SIGNAL_TEST_DEPENDENCY,SUBMITTED,TRUE
REQ02560,JOB02560,S&T,SEC_THA_KAL,16-02-2026,14.07,15.39,92,1,preventive plan,10,SIGNAL_TEST_SET,ACCESS_REQUIRED,APPROVED,TRUE
REQ02561,JOB02561,TRD,SEC_THA_KAL,23-02-2026,12.08,13.34,86,2,preventive plan,7,LIFTING_UNIT,NONE,SUBMITTED,TRUE
REQ02562,JOB02562,TRD,SEC_KAR_KHA,15-03-2026,12.59,13.36,37,4,coordination opportunity,3,OHE_TEST_KIT,ACCESS_REQUIRED,SUBMITTED,TRUE
REQ02563,JOB02563,TRD,SEC_DAD_THA,22-02-2026,8.27,9.49,82,4,safety correction,9,SIGNAL_TEST_SET,TRACTION_ISOLATION,REJECTED,TRUE
REQ02564,JOB02564,TRD,SEC_CHI_SHI,06-01-2026,7.22,9.28,126,4,coordination opportunity,10,OHE_TEST_KIT,NONE,REVIEW,TRUE
REQ02565,JOB02565,S&T,SEC_LON_TAL,28-02-2026,9.46,11.13,87,1,coordination opportunity,3,HAND_TOOLS,NONE,APPROVED,TRUE
REQ02566,JOB02566,S&T,SEC_TAL_CHI,01-01-2026,9.56,10.32,36,4,preventive plan,8,LIFTING_UNIT,NONE,APPROVED,TRUE
REQ02567,JOB02567,Engineering,SEC_KAL_KAR,15-01-2026,8.59,10.18,79,2,overdue defect,8,OHE_TEST_KIT,TRACTION_ISOLATION,SUBMITTED,TRUE
REQ02568,JOB02568,S&T,SEC_SHI_PUN,17-01-2026,8.46,9.44,58,1,coordination opportunity,9,SIGNAL_TEST_SET,NONE,APPROVED,TRUE
REQ02569,JOB02569,Engineering,SEC_TAL_CHI,23-03-2026,18.17,19.48,91,2,coordination opportunity,8,SIGNAL_TEST_SET,ACCESS_REQUIRED,REJECTED,TRUE
REQ02570,JOB02570,TRD,SEC_MUM_DAD,05-01-2026,10.47,12.49,122,4,overdue defect,10,LIFTING_UNIT,NONE,SUBMITTED,TRUE
REQ02571,JOB02571,TRD,SEC_SHI_PUN,22-03-2026,9.35,10.38,63,1,coordination opportunity,4,TAMPER,SIGNAL_TEST_DEPENDENCY,REJECTED,TRUE
REQ02572,JOB02572,S&T,SEC_MUM_DAD,16-01-2026,11.23,13.24,121,4,preventive plan,7,TAMPER,ACCESS_REQUIRED,SUBMITTED,TRUE
REQ02573,JOB02573,TRD,SEC_MUM_DAD,17-02-2026,18.18,20.20,122,1,overdue defect,10,OHE_TEST_KIT,SIGNAL_TEST_DEPENDENCY,SUBMITTED,TRUE
REQ02574,JOB02574,S&T,SEC_MUM_DAD,07-03-2026,16.30,17.57,87,1,overdue defect,4,SIGNAL_TEST_SET,TRACTION_ISOLATION,APPROVED,TRUE
REQ02575,JOB02575,TRD,SEC_THA_KAL,22-03-2026,14.50,15.33,43,2,coordination opportunity,4,TAMPER,NONE,APPROVED,TRUE
REQ02576,JOB02576,TRD,SEC_SHI_PUN,07-03-2026,9.22,10.26,64,3,safety correction,8,SIGNAL_TEST_SET,SIGNAL_TEST_DEPENDENCY,SUBMITTED,TRUE
REQ02577,JOB02577,Engineering,SEC_KAL_KAR,09-01-2026,9.48,10.57,69,1,coordination opportunity,4,OHE_TEST_KIT,ACCESS_REQUIRED,REVIEW,TRUE
REQ02578,JOB02578,S&T,SEC_TAL_CHI,13-03-2026,7.17,8.47,90,2,overdue defect,6,LIFTING_UNIT,SIGNAL_TEST_DEPENDENCY,SUBMITTED,TRUE
REQ02579,JOB02579,Engineering,SEC_KHA_LON,12-03-2026,10.25,12.28,123,4,overdue defect,9,OHE_TEST_KIT,NONE,REVIEW,TRUE
REQ02580,JOB02580,TRD,SEC_SHI_PUN,05-03-2026,10.30,11.48,78,4,coordination opportunity,8,TAMPER,SIGNAL_TEST_DEPENDENCY,APPROVED,TRUE
REQ02581,JOB02581,S&T,SEC_TAL_CHI,17-01-2026,9.24,11.00,96,2,coordination opportunity,5,SIGNAL_TEST_SET,SIGNAL_TEST_DEPENDENCY,REVIEW,TRUE
REQ02582,JOB02582,TRD,SEC_KHA_LON,26-01-2026,20.00,21.51,111,3,coordination opportunity,7,HAND_TOOLS,NONE,SUBMITTED,TRUE
REQ02583,JOB02583,Engineering,SEC_CHI_SHI,10-01-2026,19.25,21.25,120,3,overdue defect,8,SIGNAL_TEST_SET,ACCESS_REQUIRED,REVIEW,TRUE
REQ02584,JOB02584,Engineering,SEC_SHI_PUN,25-01-2026,13.23,15.03,100,3,preventive plan,6,LIFTING_UNIT,NONE,REVIEW,TRUE
REQ02585,JOB02585,TRD,SEC_KAL_KAR,07-01-2026,8.14,10.10,116,2,overdue defect,6,OHE_TEST_KIT,ACCESS_REQUIRED,REJECTED,TRUE
REQ02586,JOB02586,TRD,SEC_KAL_KAR,03-03-2026,16.42,17.35,53,1,safety correction,9,TAMPER,SIGNAL_TEST_DEPENDENCY,SUBMITTED,TRUE
REQ02587,JOB02587,S&T,SEC_KHA_LON,07-02-2026,8.09,10.12,123,1,coordination opportunity,5,SIGNAL_TEST_SET,NONE,REVIEW,TRUE
REQ02588,JOB02588,S&T,SEC_LON_TAL,30-03-2026,6.52,9.10,138,1,overdue defect,9,HAND_TOOLS,ACCESS_REQUIRED,REVIEW,TRUE
REQ02589,JOB02589,Engineering,SEC_CHI_SHI,25-03-2026,9.43,11.50,127,3,coordination opportunity,4,SIGNAL_TEST_SET,ACCESS_REQUIRED,SUBMITTED,TRUE
REQ02590,JOB02590,Engineering,SEC_KHA_LON,02-01-2026,18.58,21.25,147,3,preventive plan,9,HAND_TOOLS,TRACTION_ISOLATION,APPROVED,TRUE
REQ02591,JOB02591,Engineering,SEC_TAL_CHI,02-03-2026,14.49,15.37,48,1,safety correction,8,SIGNAL_TEST_SET,NONE,REVIEW,TRUE
REQ02592,JOB02592,S&T,SEC_CHI_SHI,02-03-2026,12.05,13.46,101,2,preventive plan,5,LIFTING_UNIT,TRACTION_ISOLATION,REVIEW,TRUE
REQ02593,JOB02593,Engineering,SEC_TAL_CHI,19-03-2026,17.11,18.59,108,1,preventive plan,9,TAMPER,SIGNAL_TEST_DEPENDENCY,SUBMITTED,TRUE
REQ02594,JOB02594,Engineering,SEC_TAL_CHI,30-01-2026,10.06,10.47,41,4,preventive plan,9,TAMPER,TRACTION_ISOLATION,REJECTED,TRUE
REQ02595,JOB02595,TRD,SEC_DAD_THA,10-03-2026,11.35,12.34,59,3,coordination opportunity,7,OHE_TEST_KIT,NONE,APPROVED,TRUE
REQ02596,JOB02596,Engineering,SEC_CHI_SHI,11-01-2026,12.55,13.31,36,3,overdue defect,5,LIFTING_UNIT,NONE,REJECTED,TRUE
REQ02597,JOB02597,S&T,SEC_THA_KAL,22-01-2026,7.46,9.43,117,4,coordination opportunity,9,HAND_TOOLS,SIGNAL_TEST_DEPENDENCY,SUBMITTED,TRUE
REQ02598,JOB02598,S&T,SEC_TAL_CHI,17-02-2026,13.09,14.02,53,1,safety correction,4,OHE_TEST_KIT,ACCESS_REQUIRED,REVIEW,TRUE
REQ02599,JOB02599,Engineering,SEC_LON_TAL,03-02-2026,19.07,19.51,44,3,safety correction,5,OHE_TEST_KIT,ACCESS_REQUIRED,SUBMITTED,TRUE
REQ02600,JOB02600,TRD,SEC_KHA_LON,17-01-2026,7.48,9.45,117,1,safety correction,4,HAND_TOOLS,NONE,APPROVED,TRUE
REQ02601,JOB02601,TRD,SEC_KAL_KAR,24-01-2026,15.10,15.55,45,2,coordination opportunity,4,OHE_TEST_KIT,ACCESS_REQUIRED,REJECTED,TRUE
REQ02602,JOB02602,S&T,SEC_SHI_PUN,15-02-2026,18.21,19.39,78,4,coordination opportunity,5,OHE_TEST_KIT,ACCESS_REQUIRED,SUBMITTED,TRUE
REQ02603,JOB02603,Engineering,SEC_SHI_PUN,04-02-2026,17.51,19.01,70,3,preventive plan,8,LIFTING_UNIT,TRACTION_ISOLATION,REVIEW,TRUE
REQ02604,JOB02604,Engineering,SEC_DAD_THA,16-03-2026,9.01,10.09,68,2,coordination opportunity,4,LIFTING_UNIT,SIGNAL_TEST_DEPENDENCY,APPROVED,TRUE
REQ02605,JOB02605,TRD,SEC_LON_TAL,28-03-2026,19.27,21.08,101,1,safety correction,4,SIGNAL_TEST_SET,SIGNAL_TEST_DEPENDENCY,APPROVED,TRUE
REQ02606,JOB02606,S&T,SEC_KAL_KAR,10-02-2026,15.16,16.20,64,4,preventive plan,5,TAMPER,SIGNAL_TEST_DEPENDENCY,REVIEW,TRUE
REQ02607,JOB02607,S&T,SEC_KHA_LON,27-02-2026,8.14,9.39,85,3,safety correction,6,LIFTING_UNIT,NONE,SUBMITTED,TRUE
REQ02608,JOB02608,TRD,SEC_TAL_CHI,27-03-2026,6.20,7.01,41,2,overdue defect,5,TAMPER,SIGNAL_TEST_DEPENDENCY,REJECTED,TRUE
REQ02609,JOB02609,Engineering,SEC_LON_TAL,18-03-2026,10.48,11.28,40,1,coordination opportunity,9,SIGNAL_TEST_SET,SIGNAL_TEST_DEPENDENCY,APPROVED,TRUE
REQ02610,JOB02610,Engineering,SEC_SHI_PUN,05-01-2026,12.16,14.40,144,2,safety correction,9,TAMPER,TRACTION_ISOLATION,REVIEW,TRUE
REQ02611,JOB02611,TRD,SEC_DAD_THA,30-01-2026,9.27,11.12,105,3,safety correction,4,LIFTING_UNIT,SIGNAL_TEST_DEPENDENCY,SUBMITTED,TRUE
REQ02612,JOB02612,S&T,SEC_KAR_KHA,19-03-2026,14.43,17.10,147,4,overdue defect,4,OHE_TEST_KIT,TRACTION_ISOLATION,REVIEW,TRUE
REQ02613,JOB02613,S&T,SEC_KAL_KAR,06-02-2026,19.02,20.37,95,1,coordination opportunity,10,OHE_TEST_KIT,ACCESS_REQUIRED,REVIEW,TRUE
REQ02614,JOB02614,TRD,SEC_LON_TAL,19-02-2026,11.49,12.46,57,2,coordination opportunity,10,SIGNAL_TEST_SET,ACCESS_REQUIRED,APPROVED,TRUE
REQ02615,JOB02615,Engineering,SEC_LON_TAL,03-03-2026,12.35,13.18,43,4,preventive plan,8,LIFTING_UNIT,TRACTION_ISOLATION,REVIEW,TRUE
REQ02616,JOB02616,TRD,SEC_MUM_DAD,04-02-2026,18.04,20.27,143,3,overdue defect,3,LIFTING_UNIT,TRACTION_ISOLATION,SUBMITTED,TRUE
REQ02617,JOB02617,S&T,SEC_TAL_CHI,02-01-2026,13.27,14.12,45,2,safety correction,9,OHE_TEST_KIT,ACCESS_REQUIRED,REJECTED,TRUE
REQ02618,JOB02618,S&T,SEC_MUM_DAD,15-02-2026,13.15,13.49,34,1,coordination opportunity,5,HAND_TOOLS,NONE,REVIEW,TRUE
REQ02619,JOB02619,S&T,SEC_CHI_SHI,27-01-2026,8.36,10.02,86,4,safety correction,9,OHE_TEST_KIT,SIGNAL_TEST_DEPENDENCY,REVIEW,TRUE
REQ02620,JOB02620,TRD,SEC_DAD_THA,14-02-2026,19.13,19.50,37,3,safety correction,3,OHE_TEST_KIT,TRACTION_ISOLATION,REVIEW,TRUE
REQ02621,JOB02621,S&T,SEC_CHI_SHI,04-01-2026,19.06,20.18,72,4,preventive plan,5,OHE_TEST_KIT,TRACTION_ISOLATION,REVIEW,TRUE
REQ02622,JOB02622,Engineering,SEC_LON_TAL,02-01-2026,17.59,19.29,90,3,coordination opportunity,3,LIFTING_UNIT,SIGNAL_TEST_DEPENDENCY,REVIEW,TRUE
REQ02623,JOB02623,TRD,SEC_LON_TAL,23-03-2026,9.09,11.14,125,2,preventive plan,7,LIFTING_UNIT,SIGNAL_TEST_DEPENDENCY,APPROVED,TRUE
REQ02624,JOB02624,S&T,SEC_KHA_LON,24-03-2026,19.12,21.41,149,1,overdue defect,6,LIFTING_UNIT,TRACTION_ISOLATION,REVIEW,TRUE
REQ02625,JOB02625,Engineering,SEC_KHA_LON,20-03-2026,19.00,20.36,96,2,coordination opportunity,6,SIGNAL_TEST_SET,TRACTION_ISOLATION,SUBMITTED,TRUE
REQ02626,JOB02626,TRD,SEC_CHI_SHI,22-02-2026,18.44,19.46,62,3,overdue defect,4,HAND_TOOLS,TRACTION_ISOLATION,REVIEW,TRUE
REQ02627,JOB02627,TRD,SEC_THA_KAL,16-03-2026,6.54,8.43,109,4,overdue defect,9,TAMPER,SIGNAL_TEST_DEPENDENCY,SUBMITTED,TRUE
REQ02628,JOB02628,Engineering,SEC_SHI_PUN,02-02-2026,12.44,13.27,43,4,overdue defect,3,TAMPER,TRACTION_ISOLATION,SUBMITTED,TRUE
REQ02629,JOB02629,Engineering,SEC_KHA_LON,16-02-2026,18.04,19.53,109,2,safety correction,3,TAMPER,ACCESS_REQUIRED,SUBMITTED,TRUE
REQ02630,JOB02630,S&T,SEC_TAL_CHI,15-03-2026,18.21,20.10,109,1,overdue defect,8,OHE_TEST_KIT,TRACTION_ISOLATION,REJECTED,TRUE
REQ02631,JOB02631,Engineering,SEC_TAL_CHI,20-03-2026,12.07,13.14,67,2,preventive plan,6,OHE_TEST_KIT,ACCESS_REQUIRED,SUBMITTED,TRUE
REQ02632,JOB02632,Engineering,SEC_THA_KAL,29-01-2026,18.18,20.44,146,4,overdue defect,8,LIFTING_UNIT,NONE,REJECTED,TRUE
REQ02633,JOB02633,TRD,SEC_TAL_CHI,17-02-2026,7.53,9.04,71,4,safety correction,9,OHE_TEST_KIT,TRACTION_ISOLATION,REVIEW,TRUE
REQ02634,JOB02634,Engineering,SEC_THA_KAL,27-02-2026,11.59,13.53,114,2,overdue defect,9,LIFTING_UNIT,TRACTION_ISOLATION,REJECTED,TRUE
REQ02635,JOB02635,Engineering,SEC_KAR_KHA,05-02-2026,9.21,11.29,128,1,coordination opportunity,9,SIGNAL_TEST_SET,TRACTION_ISOLATION,REVIEW,TRUE
REQ02636,JOB02636,Engineering,SEC_SHI_PUN,20-01-2026,14.08,14.43,35,3,overdue defect,6,SIGNAL_TEST_SET,SIGNAL_TEST_DEPENDENCY,REJECTED,TRUE
REQ02637,JOB02637,S&T,SEC_KAL_KAR,27-02-2026,13.49,14.28,39,1,coordination opportunity,8,OHE_TEST_KIT,SIGNAL_TEST_DEPENDENCY,APPROVED,TRUE
REQ02638,JOB02638,S&T,SEC_DAD_THA,18-02-2026,7.47,9.10,83,4,safety correction,6,OHE_TEST_KIT,ACCESS_REQUIRED,REVIEW,TRUE
REQ02639,JOB02639,TRD,SEC_LON_TAL,10-01-2026,15.53,16.46,53,3,preventive plan,7,TAMPER,ACCESS_REQUIRED,REJECTED,TRUE
REQ02640,JOB02640,S&T,SEC_KHA_LON,06-01-2026,14.13,15.39,86,3,preventive plan,3,TAMPER,SIGNAL_TEST_DEPENDENCY,REVIEW,TRUE
REQ02641,JOB02641,Engineering,SEC_CHI_SHI,19-03-2026,9.02,10.08,66,2,coordination opportunity,3,LIFTING_UNIT,TRACTION_ISOLATION,APPROVED,TRUE
REQ02642,JOB02642,TRD,SEC_TAL_CHI,03-01-2026,9.56,10.55,59,2,overdue defect,5,LIFTING_UNIT,ACCESS_REQUIRED,REJECTED,TRUE
REQ02643,JOB02643,Engineering,SEC_KAR_KHA,20-03-2026,16.18,18.06,108,2,coordination opportunity,5,LIFTING_UNIT,SIGNAL_TEST_DEPENDENCY,REJECTED,TRUE
REQ02644,JOB02644,TRD,SEC_CHI_SHI,18-01-2026,13.04,14.39,95,4,safety correction,4,TAMPER,NONE,REVIEW,TRUE
REQ02645,JOB02645,Engineering,SEC_DAD_THA,13-01-2026,7.00,9.11,131,1,safety correction,5,TAMPER,NONE,APPROVED,TRUE
REQ02646,JOB02646,Engineering,SEC_KHA_LON,28-01-2026,17.56,18.54,58,1,overdue defect,8,TAMPER,ACCESS_REQUIRED,SUBMITTED,TRUE
REQ02647,JOB02647,Engineering,SEC_KHA_LON,17-02-2026,12.18,12.50,32,1,preventive plan,4,LIFTING_UNIT,SIGNAL_TEST_DEPENDENCY,SUBMITTED,TRUE
REQ02648,JOB02648,TRD,SEC_SHI_PUN,30-01-2026,6.55,9.20,145,3,overdue defect,5,SIGNAL_TEST_SET,TRACTION_ISOLATION,REVIEW,TRUE
REQ02649,JOB02649,Engineering,SEC_TAL_CHI,09-01-2026,15.07,17.10,123,4,preventive plan,7,HAND_TOOLS,SIGNAL_TEST_DEPENDENCY,APPROVED,TRUE
REQ02650,JOB02650,Engineering,SEC_THA_KAL,01-01-2026,14.28,16.28,120,4,coordination opportunity,8,OHE_TEST_KIT,TRACTION_ISOLATION,APPROVED,TRUE
REQ02651,JOB02651,Engineering,SEC_KAR_KHA,22-03-2026,11.25,13.20,115,3,overdue defect,7,OHE_TEST_KIT,SIGNAL_TEST_DEPENDENCY,APPROVED,TRUE
REQ02652,JOB02652,S&T,SEC_KHA_LON,16-02-2026,6.24,7.44,80,3,safety correction,5,TAMPER,TRACTION_ISOLATION,SUBMITTED,TRUE
REQ02653,JOB02653,S&T,SEC_DAD_THA,20-03-2026,7.40,8.23,43,3,coordination opportunity,5,LIFTING_UNIT,ACCESS_REQUIRED,REVIEW,TRUE
REQ02654,JOB02654,Engineering,SEC_SHI_PUN,17-02-2026,14.20,15.18,58,4,safety correction,6,HAND_TOOLS,ACCESS_REQUIRED,REVIEW,TRUE
REQ02655,JOB02655,S&T,SEC_TAL_CHI,07-01-2026,8.43,9.25,42,1,overdue defect,5,TAMPER,SIGNAL_TEST_DEPENDENCY,REJECTED,TRUE
REQ02656,JOB02656,TRD,SEC_MUM_DAD,22-02-2026,7.24,9.13,109,2,safety correction,3,HAND_TOOLS,ACCESS_REQUIRED,REJECTED,TRUE
REQ02657,JOB02657,S&T,SEC_SHI_PUN,07-02-2026,13.36,14.55,79,3,safety correction,8,LIFTING_UNIT,TRACTION_ISOLATION,APPROVED,TRUE
REQ02658,JOB02658,S&T,SEC_DAD_THA,09-02-2026,7.12,8.15,63,1,coordination opportunity,10,HAND_TOOLS,SIGNAL_TEST_DEPENDENCY,APPROVED,TRUE
REQ02659,JOB02659,Engineering,SEC_KHA_LON,11-03-2026,19.48,22.18,150,3,coordination opportunity,9,SIGNAL_TEST_SET,NONE,REVIEW,TRUE
REQ02660,JOB02660,S&T,SEC_MUM_DAD,18-03-2026,13.52,16.08,136,3,safety correction,8,LIFTING_UNIT,TRACTION_ISOLATION,SUBMITTED,TRUE
REQ02661,JOB02661,TRD,SEC_TAL_CHI,12-01-2026,14.00,15.51,111,2,safety correction,8,HAND_TOOLS,TRACTION_ISOLATION,REJECTED,TRUE
REQ02662,JOB02662,Engineering,SEC_KHA_LON,11-01-2026,16.17,18.03,106,1,preventive plan,3,OHE_TEST_KIT,ACCESS_REQUIRED,REJECTED,TRUE
REQ02663,JOB02663,S&T,SEC_MUM_DAD,19-03-2026,15.02,15.40,38,2,coordination opportunity,3,LIFTING_UNIT,SIGNAL_TEST_DEPENDENCY,REJECTED,TRUE
REQ02664,JOB02664,TRD,SEC_THA_KAL,18-01-2026,11.11,12.21,70,2,coordination opportunity,9,OHE_TEST_KIT,ACCESS_REQUIRED,REVIEW,TRUE
REQ02665,JOB02665,Engineering,SEC_KAR_KHA,09-02-2026,6.43,7.20,37,2,safety correction,6,TAMPER,TRACTION_ISOLATION,REVIEW,TRUE
REQ02666,JOB02666,TRD,SEC_KAR_KHA,19-02-2026,16.06,17.23,77,1,overdue defect,3,TAMPER,SIGNAL_TEST_DEPENDENCY,REVIEW,TRUE
REQ02667,JOB02667,S&T,SEC_TAL_CHI,06-02-2026,11.01,12.18,77,1,coordination opportunity,8,LIFTING_UNIT,NONE,SUBMITTED,TRUE
REQ02668,JOB02668,S&T,SEC_SHI_PUN,21-01-2026,6.20,7.04,44,1,safety correction,5,HAND_TOOLS,SIGNAL_TEST_DEPENDENCY,REVIEW,TRUE
REQ02669,JOB02669,S&T,SEC_TAL_CHI,02-01-2026,8.01,9.34,93,4,preventive plan,8,OHE_TEST_KIT,ACCESS_REQUIRED,SUBMITTED,TRUE
REQ02670,JOB02670,TRD,SEC_CHI_SHI,17-01-2026,16.27,17.31,64,2,overdue defect,9,TAMPER,ACCESS_REQUIRED,APPROVED,TRUE
REQ02671,JOB02671,Engineering,SEC_KAR_KHA,02-03-2026,9.42,11.24,102,3,overdue defect,4,OHE_TEST_KIT,NONE,SUBMITTED,TRUE
REQ02672,JOB02672,Engineering,SEC_SHI_PUN,06-01-2026,19.55,22.21,146,4,safety correction,3,OHE_TEST_KIT,NONE,REVIEW,TRUE
REQ02673,JOB02673,S&T,SEC_KAR_KHA,22-02-2026,10.25,12.47,142,4,overdue defect,10,LIFTING_UNIT,NONE,REJECTED,TRUE
REQ02674,JOB02674,S&T,SEC_KAR_KHA,24-01-2026,17.02,18.06,64,1,safety correction,4,SIGNAL_TEST_SET,SIGNAL_TEST_DEPENDENCY,SUBMITTED,TRUE
REQ02675,JOB02675,Engineering,SEC_CHI_SHI,08-01-2026,8.05,9.59,114,4,preventive plan,9,TAMPER,TRACTION_ISOLATION,APPROVED,TRUE
REQ02676,JOB02676,Engineering,SEC_THA_KAL,29-01-2026,19.09,20.05,56,4,coordination opportunity,6,SIGNAL_TEST_SET,SIGNAL_TEST_DEPENDENCY,SUBMITTED,TRUE
REQ02677,JOB02677,Engineering,SEC_CHI_SHI,10-03-2026,15.54,17.45,111,3,safety correction,8,LIFTING_UNIT,NONE,REJECTED,TRUE
REQ02678,JOB02678,Engineering,SEC_LON_TAL,26-01-2026,8.03,9.16,73,3,safety correction,7,HAND_TOOLS,NONE,REJECTED,TRUE
REQ02679,JOB02679,Engineering,SEC_LON_TAL,29-03-2026,13.07,15.19,132,2,safety correction,10,HAND_TOOLS,NONE,APPROVED,TRUE
REQ02680,JOB02680,Engineering,SEC_TAL_CHI,07-01-2026,7.57,10.11,134,1,safety correction,4,TAMPER,TRACTION_ISOLATION,APPROVED,TRUE
REQ02681,JOB02681,TRD,SEC_KAR_KHA,04-02-2026,13.57,15.48,111,1,coordination opportunity,9,TAMPER,TRACTION_ISOLATION,REVIEW,TRUE
REQ02682,JOB02682,TRD,SEC_DAD_THA,01-03-2026,13.52,15.05,73,3,safety correction,4,OHE_TEST_KIT,NONE,SUBMITTED,TRUE
REQ02683,JOB02683,Engineering,SEC_KAR_KHA,24-03-2026,7.50,9.01,71,3,overdue defect,9,OHE_TEST_KIT,SIGNAL_TEST_DEPENDENCY,SUBMITTED,TRUE
REQ02684,JOB02684,Engineering,SEC_KHA_LON,19-02-2026,19.40,21.56,136,3,overdue defect,8,TAMPER,NONE,REVIEW,TRUE
REQ02685,JOB02685,S&T,SEC_KHA_LON,21-01-2026,11.16,13.08,112,1,preventive plan,7,SIGNAL_TEST_SET,TRACTION_ISOLATION,REVIEW,TRUE
REQ02686,JOB02686,S&T,SEC_KAL_KAR,15-03-2026,7.41,9.08,87,1,safety correction,5,SIGNAL_TEST_SET,NONE,REVIEW,TRUE
REQ02687,JOB02687,TRD,SEC_KHA_LON,21-03-2026,6.23,7.57,94,4,coordination opportunity,9,LIFTING_UNIT,NONE,SUBMITTED,TRUE
REQ02688,JOB02688,S&T,SEC_CHI_SHI,22-03-2026,13.24,15.40,136,2,safety correction,6,HAND_TOOLS,TRACTION_ISOLATION,REJECTED,TRUE
REQ02689,JOB02689,S&T,SEC_CHI_SHI,25-03-2026,16.38,18.03,85,1,preventive plan,10,HAND_TOOLS,SIGNAL_TEST_DEPENDENCY,REJECTED,TRUE
REQ02690,JOB02690,TRD,SEC_MUM_DAD,04-03-2026,19.29,20.51,82,3,safety correction,3,HAND_TOOLS,NONE,SUBMITTED,TRUE
REQ02691,JOB02691,Engineering,SEC_KHA_LON,08-02-2026,9.20,10.08,48,4,coordination opportunity,4,HAND_TOOLS,ACCESS_REQUIRED,APPROVED,TRUE
REQ02692,JOB02692,TRD,SEC_CHI_SHI,28-01-2026,9.38,11.37,119,1,overdue defect,6,SIGNAL_TEST_SET,TRACTION_ISOLATION,SUBMITTED,TRUE
REQ02693,JOB02693,S&T,SEC_SHI_PUN,23-01-2026,15.35,16.06,31,2,safety correction,9,TAMPER,SIGNAL_TEST_DEPENDENCY,REJECTED,TRUE
REQ02694,JOB02694,Engineering,SEC_TAL_CHI,14-03-2026,18.23,20.39,136,1,overdue defect,9,SIGNAL_TEST_SET,NONE,REJECTED,TRUE
REQ02695,JOB02695,S&T,SEC_THA_KAL,27-03-2026,19.21,20.26,65,4,safety correction,8,SIGNAL_TEST_SET,ACCESS_REQUIRED,APPROVED,TRUE
REQ02696,JOB02696,Engineering,SEC_KAR_KHA,08-03-2026,15.17,16.07,50,4,overdue defect,8,HAND_TOOLS,SIGNAL_TEST_DEPENDENCY,REJECTED,TRUE
REQ02697,JOB02697,S&T,SEC_DAD_THA,08-03-2026,6.42,8.11,89,1,overdue defect,5,SIGNAL_TEST_SET,ACCESS_REQUIRED,REJECTED,TRUE
REQ02698,JOB02698,Engineering,SEC_LON_TAL,16-03-2026,14.02,15.30,88,4,coordination opportunity,5,LIFTING_UNIT,ACCESS_REQUIRED,SUBMITTED,TRUE
REQ02699,JOB02699,Engineering,SEC_CHI_SHI,22-02-2026,15.56,17.09,73,4,preventive plan,10,OHE_TEST_KIT,ACCESS_REQUIRED,REVIEW,TRUE
REQ02700,JOB02700,Engineering,SEC_THA_KAL,06-03-2026,10.43,12.27,104,3,coordination opportunity,8,OHE_TEST_KIT,TRACTION_ISOLATION,REVIEW,TRUE
REQ02701,JOB02701,TRD,SEC_CHI_SHI,09-03-2026,9.41,10.58,77,3,safety correction,4,TAMPER,TRACTION_ISOLATION,REVIEW,TRUE
REQ02702,JOB02702,TRD,SEC_TAL_CHI,02-03-2026,17.22,17.57,35,1,preventive plan,10,SIGNAL_TEST_SET,ACCESS_REQUIRED,APPROVED,TRUE
REQ02703,JOB02703,Engineering,SEC_DAD_THA,01-02-2026,17.03,17.42,39,3,overdue defect,9,OHE_TEST_KIT,SIGNAL_TEST_DEPENDENCY,SUBMITTED,TRUE
REQ02704,JOB02704,TRD,SEC_THA_KAL,09-03-2026,16.43,18.18,95,1,safety correction,10,TAMPER,ACCESS_REQUIRED,APPROVED,TRUE
REQ02705,JOB02705,S&T,SEC_KAR_KHA,07-01-2026,10.57,12.03,66,1,preventive plan,7,HAND_TOOLS,ACCESS_REQUIRED,APPROVED,TRUE
REQ02706,JOB02706,Engineering,SEC_LON_TAL,17-02-2026,8.47,10.09,82,4,safety correction,6,TAMPER,SIGNAL_TEST_DEPENDENCY,REJECTED,TRUE
REQ02707,JOB02707,Engineering,SEC_SHI_PUN,27-02-2026,10.21,12.26,125,4,safety correction,8,LIFTING_UNIT,NONE,REVIEW,TRUE
REQ02708,JOB02708,TRD,SEC_DAD_THA,29-01-2026,14.27,15.18,51,1,overdue defect,5,HAND_TOOLS,SIGNAL_TEST_DEPENDENCY,APPROVED,TRUE
REQ02709,JOB02709,S&T,SEC_DAD_THA,27-01-2026,6.16,7.28,72,3,safety correction,8,HAND_TOOLS,ACCESS_REQUIRED,REVIEW,TRUE
REQ02710,JOB02710,Engineering,SEC_KAR_KHA,09-03-2026,13.54,15.24,90,2,coordination opportunity,6,LIFTING_UNIT,ACCESS_REQUIRED,SUBMITTED,TRUE
REQ02711,JOB02711,TRD,SEC_MUM_DAD,04-02-2026,9.36,10.52,76,4,safety correction,9,SIGNAL_TEST_SET,NONE,APPROVED,TRUE
REQ02712,JOB02712,TRD,SEC_CHI_SHI,01-02-2026,8.55,10.56,121,3,overdue defect,9,SIGNAL_TEST_SET,TRACTION_ISOLATION,REVIEW,TRUE
REQ02713,JOB02713,Engineering,SEC_SHI_PUN,22-01-2026,11.20,12.44,84,4,safety correction,8,SIGNAL_TEST_SET,TRACTION_ISOLATION,SUBMITTED,TRUE
REQ02714,JOB02714,Engineering,SEC_KHA_LON,28-02-2026,11.36,12.44,68,4,coordination opportunity,3,LIFTING_UNIT,TRACTION_ISOLATION,APPROVED,TRUE
REQ02715,JOB02715,TRD,SEC_KHA_LON,10-02-2026,17.27,18.01,34,4,overdue defect,5,SIGNAL_TEST_SET,ACCESS_REQUIRED,APPROVED,TRUE
REQ02716,JOB02716,Engineering,SEC_MUM_DAD,29-03-2026,18.31,20.05,94,4,safety correction,9,HAND_TOOLS,TRACTION_ISOLATION,REVIEW,TRUE
REQ02717,JOB02717,S&T,SEC_TAL_CHI,30-01-2026,15.48,16.56,68,1,safety correction,3,OHE_TEST_KIT,TRACTION_ISOLATION,REJECTED,TRUE
REQ02718,JOB02718,Engineering,SEC_TAL_CHI,24-03-2026,14.48,16.11,83,1,overdue defect,10,TAMPER,SIGNAL_TEST_DEPENDENCY,APPROVED,TRUE
REQ02719,JOB02719,Engineering,SEC_LON_TAL,12-02-2026,12.04,13.23,79,4,overdue defect,6,HAND_TOOLS,TRACTION_ISOLATION,REVIEW,TRUE
REQ02720,JOB02720,Engineering,SEC_SHI_PUN,15-02-2026,9.02,11.25,143,3,safety correction,3,HAND_TOOLS,NONE,REJECTED,TRUE
REQ02721,JOB02721,Engineering,SEC_KHA_LON,15-02-2026,8.27,10.18,111,3,coordination opportunity,7,TAMPER,ACCESS_REQUIRED,APPROVED,TRUE
REQ02722,JOB02722,TRD,SEC_KAL_KAR,28-02-2026,10.59,12.12,73,2,safety correction,9,OHE_TEST_KIT,TRACTION_ISOLATION,REJECTED,TRUE
REQ02723,JOB02723,TRD,SEC_MUM_DAD,24-01-2026,10.35,13.03,148,1,preventive plan,4,OHE_TEST_KIT,TRACTION_ISOLATION,APPROVED,TRUE
REQ02724,JOB02724,TRD,SEC_DAD_THA,02-02-2026,7.16,8.16,60,3,coordination opportunity,7,SIGNAL_TEST_SET,TRACTION_ISOLATION,SUBMITTED,TRUE
REQ02725,JOB02725,Engineering,SEC_KAL_KAR,20-01-2026,19.26,20.09,43,4,coordination opportunity,7,LIFTING_UNIT,ACCESS_REQUIRED,REJECTED,TRUE
REQ02726,JOB02726,S&T,SEC_DAD_THA,05-02-2026,7.02,7.59,57,4,safety correction,7,SIGNAL_TEST_SET,ACCESS_REQUIRED,APPROVED,TRUE
REQ02727,JOB02727,TRD,SEC_DAD_THA,12-01-2026,11.10,11.53,43,1,safety correction,10,OHE_TEST_KIT,TRACTION_ISOLATION,APPROVED,TRUE
REQ02728,JOB02728,S&T,SEC_SHI_PUN,24-03-2026,13.45,15.00,75,2,safety correction,9,HAND_TOOLS,SIGNAL_TEST_DEPENDENCY,APPROVED,TRUE
REQ02729,JOB02729,Engineering,SEC_CHI_SHI,12-01-2026,9.09,10.03,54,2,overdue defect,9,OHE_TEST_KIT,ACCESS_REQUIRED,APPROVED,TRUE
REQ02730,JOB02730,Engineering,SEC_TAL_CHI,20-01-2026,18.38,20.40,122,3,coordination opportunity,8,OHE_TEST_KIT,SIGNAL_TEST_DEPENDENCY,REJECTED,TRUE
REQ02731,JOB02731,Engineering,SEC_CHI_SHI,30-01-2026,7.41,8.32,51,3,overdue defect,10,OHE_TEST_KIT,SIGNAL_TEST_DEPENDENCY,SUBMITTED,TRUE
REQ02732,JOB02732,Engineering,SEC_TAL_CHI,16-01-2026,9.13,10.16,63,2,coordination opportunity,10,OHE_TEST_KIT,ACCESS_REQUIRED,REVIEW,TRUE
REQ02733,JOB02733,S&T,SEC_KAR_KHA,10-02-2026,19.11,21.15,124,2,coordination opportunity,5,HAND_TOOLS,SIGNAL_TEST_DEPENDENCY,REJECTED,TRUE
REQ02734,JOB02734,S&T,SEC_CHI_SHI,06-03-2026,13.41,14.28,47,1,coordination opportunity,10,OHE_TEST_KIT,TRACTION_ISOLATION,REJECTED,TRUE
REQ02735,JOB02735,S&T,SEC_LON_TAL,13-01-2026,12.18,14.10,112,3,safety correction,4,SIGNAL_TEST_SET,ACCESS_REQUIRED,REVIEW,TRUE
REQ02736,JOB02736,TRD,SEC_KHA_LON,11-02-2026,7.22,9.03,101,4,safety correction,10,SIGNAL_TEST_SET,TRACTION_ISOLATION,REVIEW,TRUE
REQ02737,JOB02737,TRD,SEC_KHA_LON,19-01-2026,6.26,8.56,150,3,preventive plan,8,HAND_TOOLS,TRACTION_ISOLATION,REJECTED,TRUE
REQ02738,JOB02738,S&T,SEC_THA_KAL,04-01-2026,13.24,14.46,82,3,coordination opportunity,7,OHE_TEST_KIT,TRACTION_ISOLATION,APPROVED,TRUE
REQ02739,JOB02739,S&T,SEC_LON_TAL,31-01-2026,12.15,13.00,45,4,preventive plan,10,HAND_TOOLS,SIGNAL_TEST_DEPENDENCY,REJECTED,TRUE
REQ02740,JOB02740,TRD,SEC_MUM_DAD,20-01-2026,7.28,9.09,101,3,coordination opportunity,3,TAMPER,TRACTION_ISOLATION,REVIEW,TRUE
REQ02741,JOB02741,Engineering,SEC_DAD_THA,24-01-2026,10.58,12.16,78,4,overdue defect,7,OHE_TEST_KIT,NONE,SUBMITTED,TRUE
REQ02742,JOB02742,S&T,SEC_DAD_THA,28-03-2026,11.49,13.34,105,4,safety correction,10,SIGNAL_TEST_SET,NONE,REVIEW,TRUE
REQ02743,JOB02743,TRD,SEC_THA_KAL,11-01-2026,16.27,17.15,48,1,safety correction,3,TAMPER,ACCESS_REQUIRED,REJECTED,TRUE
REQ02744,JOB02744,Engineering,SEC_KAR_KHA,27-01-2026,8.53,10.29,96,1,safety correction,7,LIFTING_UNIT,SIGNAL_TEST_DEPENDENCY,SUBMITTED,TRUE
REQ02745,JOB02745,S&T,SEC_LON_TAL,21-01-2026,7.43,8.59,76,4,overdue defect,9,SIGNAL_TEST_SET,SIGNAL_TEST_DEPENDENCY,SUBMITTED,TRUE
REQ02746,JOB02746,Engineering,SEC_KAL_KAR,15-01-2026,10.19,12.38,139,3,safety correction,8,LIFTING_UNIT,SIGNAL_TEST_DEPENDENCY,SUBMITTED,TRUE
REQ02747,JOB02747,Engineering,SEC_DAD_THA,02-02-2026,11.41,13.22,101,1,safety correction,7,OHE_TEST_KIT,TRACTION_ISOLATION,REJECTED,TRUE
REQ02748,JOB02748,Engineering,SEC_KHA_LON,21-01-2026,10.45,12.59,134,4,safety correction,6,LIFTING_UNIT,NONE,SUBMITTED,TRUE
REQ02749,JOB02749,TRD,SEC_LON_TAL,06-01-2026,17.07,19.05,118,4,coordination opportunity,7,LIFTING_UNIT,NONE,APPROVED,TRUE
REQ02750,JOB02750,Engineering,SEC_LON_TAL,20-03-2026,19.44,21.43,119,1,overdue defect,4,TAMPER,ACCESS_REQUIRED,APPROVED,TRUE
REQ02751,JOB02751,S&T,SEC_THA_KAL,17-03-2026,13.53,14.51,58,4,safety correction,3,HAND_TOOLS,ACCESS_REQUIRED,SUBMITTED,TRUE
REQ02752,JOB02752,S&T,SEC_DAD_THA,05-01-2026,10.57,12.34,97,4,coordination opportunity,6,TAMPER,NONE,REVIEW,TRUE
REQ02753,JOB02753,Engineering,SEC_KAR_KHA,23-01-2026,19.35,20.18,43,1,coordination opportunity,4,SIGNAL_TEST_SET,SIGNAL_TEST_DEPENDENCY,REVIEW,TRUE
REQ02754,JOB02754,TRD,SEC_KHA_LON,02-03-2026,17.20,19.40,140,4,overdue defect,6,LIFTING_UNIT,TRACTION_ISOLATION,REJECTED,TRUE
REQ02755,JOB02755,S&T,SEC_KHA_LON,11-02-2026,10.23,11.59,96,2,coordination opportunity,7,HAND_TOOLS,TRACTION_ISOLATION,SUBMITTED,TRUE
REQ02756,JOB02756,S&T,SEC_LON_TAL,12-01-2026,12.16,13.10,54,3,overdue defect,5,HAND_TOOLS,TRACTION_ISOLATION,REJECTED,TRUE
REQ02757,JOB02757,S&T,SEC_TAL_CHI,11-02-2026,13.53,15.14,81,3,coordination opportunity,5,OHE_TEST_KIT,NONE,APPROVED,TRUE
REQ02758,JOB02758,S&T,SEC_TAL_CHI,16-03-2026,15.00,15.37,37,2,preventive plan,7,LIFTING_UNIT,SIGNAL_TEST_DEPENDENCY,REVIEW,TRUE
REQ02759,JOB02759,Engineering,SEC_TAL_CHI,07-01-2026,17.06,18.44,98,4,coordination opportunity,3,HAND_TOOLS,TRACTION_ISOLATION,REJECTED,TRUE
REQ02760,JOB02760,Engineering,SEC_TAL_CHI,25-02-2026,14.34,17.04,150,4,safety correction,3,OHE_TEST_KIT,NONE,REJECTED,TRUE
REQ02761,JOB02761,S&T,SEC_KHA_LON,16-01-2026,6.22,7.24,62,2,overdue defect,6,SIGNAL_TEST_SET,SIGNAL_TEST_DEPENDENCY,REVIEW,TRUE
REQ02762,JOB02762,TRD,SEC_DAD_THA,27-02-2026,10.31,11.46,75,4,safety correction,8,OHE_TEST_KIT,TRACTION_ISOLATION,APPROVED,TRUE
REQ02763,JOB02763,TRD,SEC_DAD_THA,25-03-2026,19.36,20.31,55,2,safety correction,7,SIGNAL_TEST_SET,ACCESS_REQUIRED,REJECTED,TRUE
REQ02764,JOB02764,S&T,SEC_THA_KAL,04-01-2026,14.20,15.27,67,4,overdue defect,5,SIGNAL_TEST_SET,SIGNAL_TEST_DEPENDENCY,REVIEW,TRUE
REQ02765,JOB02765,TRD,SEC_LON_TAL,14-01-2026,14.35,15.10,35,2,coordination opportunity,6,LIFTING_UNIT,NONE,REVIEW,TRUE
REQ02766,JOB02766,Engineering,SEC_THA_KAL,19-03-2026,14.25,16.46,141,1,coordination opportunity,10,LIFTING_UNIT,TRACTION_ISOLATION,APPROVED,TRUE
REQ02767,JOB02767,TRD,SEC_KAR_KHA,07-02-2026,10.49,12.32,103,1,preventive plan,4,HAND_TOOLS,NONE,REJECTED,TRUE
REQ02768,JOB02768,Engineering,SEC_KAL_KAR,22-02-2026,10.16,12.24,128,1,safety correction,10,HAND_TOOLS,ACCESS_REQUIRED,REJECTED,TRUE
REQ02769,JOB02769,TRD,SEC_CHI_SHI,11-02-2026,10.25,11.43,78,4,safety correction,3,HAND_TOOLS,NONE,REJECTED,TRUE
REQ02770,JOB02770,S&T,SEC_DAD_THA,17-02-2026,6.46,7.47,61,4,overdue defect,8,TAMPER,NONE,REJECTED,TRUE
REQ02771,JOB02771,S&T,SEC_TAL_CHI,29-03-2026,17.16,19.00,104,1,preventive plan,7,LIFTING_UNIT,SIGNAL_TEST_DEPENDENCY,REVIEW,TRUE
REQ02772,JOB02772,Engineering,SEC_LON_TAL,20-03-2026,6.03,6.36,33,1,safety correction,10,HAND_TOOLS,TRACTION_ISOLATION,REVIEW,TRUE
REQ02773,JOB02773,S&T,SEC_KHA_LON,23-01-2026,18.25,18.58,33,2,preventive plan,4,TAMPER,ACCESS_REQUIRED,REJECTED,TRUE
REQ02774,JOB02774,S&T,SEC_THA_KAL,19-03-2026,7.57,8.28,31,3,preventive plan,4,OHE_TEST_KIT,TRACTION_ISOLATION,SUBMITTED,TRUE
REQ02775,JOB02775,Engineering,SEC_SHI_PUN,27-01-2026,19.49,21.21,92,3,coordination opportunity,9,SIGNAL_TEST_SET,NONE,SUBMITTED,TRUE
REQ02776,JOB02776,S&T,SEC_MUM_DAD,25-03-2026,11.47,13.59,132,1,overdue defect,9,LIFTING_UNIT,SIGNAL_TEST_DEPENDENCY,REJECTED,TRUE
REQ02777,JOB02777,TRD,SEC_DAD_THA,07-01-2026,15.08,16.55,107,3,safety correction,3,TAMPER,SIGNAL_TEST_DEPENDENCY,REJECTED,TRUE
REQ02778,JOB02778,TRD,SEC_THA_KAL,16-02-2026,15.44,17.40,116,1,overdue defect,9,TAMPER,TRACTION_ISOLATION,SUBMITTED,TRUE
REQ02779,JOB02779,Engineering,SEC_THA_KAL,27-02-2026,18.48,20.07,79,2,preventive plan,6,LIFTING_UNIT,NONE,REJECTED,TRUE
REQ02780,JOB02780,Engineering,SEC_THA_KAL,14-03-2026,11.40,12.26,46,2,overdue defect,7,HAND_TOOLS,TRACTION_ISOLATION,REVIEW,TRUE
REQ02781,JOB02781,Engineering,SEC_CHI_SHI,01-01-2026,19.37,20.56,79,1,overdue defect,8,OHE_TEST_KIT,ACCESS_REQUIRED,SUBMITTED,TRUE
REQ02782,JOB02782,Engineering,SEC_SHI_PUN,02-02-2026,19.45,20.31,46,1,safety correction,4,OHE_TEST_KIT,SIGNAL_TEST_DEPENDENCY,REJECTED,TRUE
REQ02783,JOB02783,Engineering,SEC_LON_TAL,01-01-2026,10.20,12.01,101,2,overdue defect,8,HAND_TOOLS,NONE,REJECTED,TRUE
REQ02784,JOB02784,Engineering,SEC_KHA_LON,20-02-2026,19.45,21.29,104,2,safety correction,5,LIFTING_UNIT,NONE,SUBMITTED,TRUE
REQ02785,JOB02785,TRD,SEC_LON_TAL,09-03-2026,12.10,14.21,131,2,safety correction,10,LIFTING_UNIT,ACCESS_REQUIRED,REJECTED,TRUE
REQ02786,JOB02786,Engineering,SEC_SHI_PUN,14-01-2026,12.36,14.38,122,2,coordination opportunity,6,LIFTING_UNIT,ACCESS_REQUIRED,REVIEW,TRUE
REQ02787,JOB02787,Engineering,SEC_TAL_CHI,24-01-2026,18.59,21.08,129,4,preventive plan,7,OHE_TEST_KIT,ACCESS_REQUIRED,REJECTED,TRUE
REQ02788,JOB02788,TRD,SEC_KAL_KAR,06-02-2026,10.27,11.53,86,4,overdue defect,4,OHE_TEST_KIT,NONE,REJECTED,TRUE
REQ02789,JOB02789,S&T,SEC_KAL_KAR,27-02-2026,16.19,18.15,116,4,overdue defect,10,SIGNAL_TEST_SET,NONE,REJECTED,TRUE
REQ02790,JOB02790,S&T,SEC_THA_KAL,07-01-2026,17.54,20.10,136,1,safety correction,8,LIFTING_UNIT,SIGNAL_TEST_DEPENDENCY,REVIEW,TRUE
REQ02791,JOB02791,TRD,SEC_KAL_KAR,19-02-2026,8.12,10.34,142,2,coordination opportunity,5,LIFTING_UNIT,ACCESS_REQUIRED,REVIEW,TRUE
REQ02792,JOB02792,TRD,SEC_CHI_SHI,30-03-2026,10.56,12.43,107,1,safety correction,7,TAMPER,TRACTION_ISOLATION,APPROVED,TRUE
REQ02793,JOB02793,S&T,SEC_LON_TAL,03-03-2026,15.47,17.28,101,1,overdue defect,6,OHE_TEST_KIT,TRACTION_ISOLATION,REVIEW,TRUE
REQ02794,JOB02794,TRD,SEC_KAL_KAR,14-01-2026,18.55,19.33,38,2,preventive plan,7,OHE_TEST_KIT,TRACTION_ISOLATION,REJECTED,TRUE
REQ02795,JOB02795,TRD,SEC_TAL_CHI,18-01-2026,16.18,18.41,143,3,coordination opportunity,6,HAND_TOOLS,ACCESS_REQUIRED,REVIEW,TRUE
REQ02796,JOB02796,TRD,SEC_TAL_CHI,19-03-2026,12.13,12.46,33,3,preventive plan,5,OHE_TEST_KIT,NONE,APPROVED,TRUE
REQ02797,JOB02797,TRD,SEC_THA_KAL,19-01-2026,7.57,9.48,111,2,preventive plan,10,OHE_TEST_KIT,NONE,REJECTED,TRUE
REQ02798,JOB02798,Engineering,SEC_SHI_PUN,24-02-2026,10.45,12.39,114,1,coordination opportunity,10,SIGNAL_TEST_SET,SIGNAL_TEST_DEPENDENCY,REVIEW,TRUE
REQ02799,JOB02799,TRD,SEC_TAL_CHI,01-03-2026,12.39,15.06,147,2,overdue defect,9,LIFTING_UNIT,TRACTION_ISOLATION,APPROVED,TRUE
REQ02800,JOB02800,Engineering,SEC_KAR_KHA,24-01-2026,17.06,17.55,49,2,safety correction,8,TAMPER,NONE,REVIEW,TRUE
REQ02801,JOB02801,S&T,SEC_KAL_KAR,06-02-2026,15.36,16.54,78,3,safety correction,7,SIGNAL_TEST_SET,TRACTION_ISOLATION,REJECTED,TRUE
REQ02802,JOB02802,TRD,SEC_LON_TAL,08-01-2026,14.15,15.56,101,2,preventive plan,4,TAMPER,SIGNAL_TEST_DEPENDENCY,APPROVED,TRUE
REQ02803,JOB02803,TRD,SEC_MUM_DAD,11-02-2026,12.38,13.37,59,2,coordination opportunity,7,LIFTING_UNIT,ACCESS_REQUIRED,APPROVED,TRUE
REQ02804,JOB02804,Engineering,SEC_SHI_PUN,25-01-2026,12.48,13.39,51,2,coordination opportunity,4,SIGNAL_TEST_SET,ACCESS_REQUIRED,REJECTED,TRUE
REQ02805,JOB02805,S&T,SEC_DAD_THA,01-03-2026,9.33,12.01,148,3,safety correction,6,TAMPER,SIGNAL_TEST_DEPENDENCY,REJECTED,TRUE
REQ02806,JOB02806,TRD,SEC_LON_TAL,06-01-2026,8.29,10.00,91,4,preventive plan,5,LIFTING_UNIT,SIGNAL_TEST_DEPENDENCY,REJECTED,TRUE
REQ02807,JOB02807,Engineering,SEC_TAL_CHI,14-02-2026,15.44,17.47,123,4,safety correction,6,TAMPER,ACCESS_REQUIRED,REJECTED,TRUE
REQ02808,JOB02808,Engineering,SEC_SHI_PUN,03-03-2026,7.06,9.24,138,1,safety correction,10,OHE_TEST_KIT,NONE,SUBMITTED,TRUE
REQ02809,JOB02809,TRD,SEC_LON_TAL,18-03-2026,16.03,16.57,54,4,safety correction,5,HAND_TOOLS,TRACTION_ISOLATION,REJECTED,TRUE
REQ02810,JOB02810,Engineering,SEC_KAL_KAR,19-03-2026,14.49,16.02,73,1,overdue defect,6,SIGNAL_TEST_SET,ACCESS_REQUIRED,REVIEW,TRUE
REQ02811,JOB02811,Engineering,SEC_KHA_LON,20-01-2026,9.17,11.19,122,3,overdue defect,9,OHE_TEST_KIT,ACCESS_REQUIRED,REVIEW,TRUE
REQ02812,JOB02812,TRD,SEC_TAL_CHI,19-01-2026,14.27,16.09,102,2,coordination opportunity,7,HAND_TOOLS,TRACTION_ISOLATION,REJECTED,TRUE
REQ02813,JOB02813,S&T,SEC_THA_KAL,15-02-2026,14.50,16.25,95,2,overdue defect,7,SIGNAL_TEST_SET,ACCESS_REQUIRED,REJECTED,TRUE
REQ02814,JOB02814,TRD,SEC_KHA_LON,16-03-2026,19.04,19.48,44,1,safety correction,4,HAND_TOOLS,ACCESS_REQUIRED,SUBMITTED,TRUE
REQ02815,JOB02815,S&T,SEC_DAD_THA,06-03-2026,7.59,10.07,128,2,overdue defect,8,LIFTING_UNIT,ACCESS_REQUIRED,REJECTED,TRUE
REQ02816,JOB02816,Engineering,SEC_CHI_SHI,04-02-2026,16.42,17.18,36,1,preventive plan,7,OHE_TEST_KIT,TRACTION_ISOLATION,REVIEW,TRUE
REQ02817,JOB02817,TRD,SEC_MUM_DAD,05-03-2026,7.32,8.36,64,2,safety correction,3,LIFTING_UNIT,SIGNAL_TEST_DEPENDENCY,SUBMITTED,TRUE
REQ02818,JOB02818,TRD,SEC_CHI_SHI,16-02-2026,9.25,11.10,105,2,overdue defect,6,TAMPER,TRACTION_ISOLATION,APPROVED,TRUE
REQ02819,JOB02819,Engineering,SEC_SHI_PUN,06-01-2026,10.43,12.04,81,1,overdue defect,5,TAMPER,ACCESS_REQUIRED,REJECTED,TRUE
REQ02820,JOB02820,TRD,SEC_KAR_KHA,10-03-2026,8.45,11.11,146,3,coordination opportunity,3,OHE_TEST_KIT,NONE,SUBMITTED,TRUE
REQ02821,JOB02821,Engineering,SEC_SHI_PUN,20-01-2026,15.31,16.08,37,4,safety correction,9,LIFTING_UNIT,SIGNAL_TEST_DEPENDENCY,APPROVED,TRUE
REQ02822,JOB02822,TRD,SEC_SHI_PUN,10-03-2026,16.34,18.04,90,1,preventive plan,3,LIFTING_UNIT,ACCESS_REQUIRED,REJECTED,TRUE
REQ02823,JOB02823,Engineering,SEC_CHI_SHI,19-03-2026,15.07,15.51,44,3,preventive plan,7,LIFTING_UNIT,TRACTION_ISOLATION,SUBMITTED,TRUE
REQ02824,JOB02824,S&T,SEC_LON_TAL,14-03-2026,19.10,20.20,70,3,overdue defect,8,TAMPER,ACCESS_REQUIRED,SUBMITTED,TRUE
REQ02825,JOB02825,TRD,SEC_KAR_KHA,13-01-2026,8.46,10.47,121,3,overdue defect,5,TAMPER,NONE,SUBMITTED,TRUE
REQ02826,JOB02826,Engineering,SEC_KAR_KHA,15-03-2026,8.21,9.03,42,4,preventive plan,8,SIGNAL_TEST_SET,NONE,APPROVED,TRUE
REQ02827,JOB02827,S&T,SEC_TAL_CHI,24-01-2026,12.19,13.18,59,1,safety correction,4,LIFTING_UNIT,SIGNAL_TEST_DEPENDENCY,APPROVED,TRUE
REQ02828,JOB02828,TRD,SEC_KAR_KHA,15-03-2026,13.19,15.47,148,3,safety correction,3,TAMPER,ACCESS_REQUIRED,APPROVED,TRUE
REQ02829,JOB02829,S&T,SEC_LON_TAL,05-03-2026,8.00,10.02,122,1,preventive plan,5,HAND_TOOLS,NONE,REJECTED,TRUE
REQ02830,JOB02830,TRD,SEC_LON_TAL,28-03-2026,14.25,16.48,143,4,preventive plan,6,HAND_TOOLS,NONE,SUBMITTED,TRUE
REQ02831,JOB02831,Engineering,SEC_TAL_CHI,18-03-2026,10.18,12.22,124,4,safety correction,6,HAND_TOOLS,SIGNAL_TEST_DEPENDENCY,REJECTED,TRUE
REQ02832,JOB02832,S&T,SEC_KAR_KHA,25-02-2026,10.23,11.44,81,2,safety correction,7,OHE_TEST_KIT,TRACTION_ISOLATION,REJECTED,TRUE
REQ02833,JOB02833,Engineering,SEC_KAL_KAR,10-01-2026,14.08,15.01,53,3,safety correction,6,HAND_TOOLS,ACCESS_REQUIRED,SUBMITTED,TRUE
REQ02834,JOB02834,Engineering,SEC_SHI_PUN,12-02-2026,14.28,15.19,51,1,coordination opportunity,6,SIGNAL_TEST_SET,SIGNAL_TEST_DEPENDENCY,SUBMITTED,TRUE
REQ02835,JOB02835,S&T,SEC_KAR_KHA,19-03-2026,12.46,14.47,121,4,safety correction,4,HAND_TOOLS,TRACTION_ISOLATION,SUBMITTED,TRUE
REQ02836,JOB02836,TRD,SEC_SHI_PUN,03-03-2026,19.43,20.15,32,4,safety correction,4,LIFTING_UNIT,NONE,REVIEW,TRUE
REQ02837,JOB02837,TRD,SEC_THA_KAL,12-02-2026,19.02,21.04,122,4,coordination opportunity,5,HAND_TOOLS,NONE,SUBMITTED,TRUE
REQ02838,JOB02838,Engineering,SEC_KAR_KHA,22-02-2026,18.57,20.38,101,1,preventive plan,5,LIFTING_UNIT,NONE,SUBMITTED,TRUE
REQ02839,JOB02839,Engineering,SEC_MUM_DAD,03-02-2026,13.56,14.36,40,1,safety correction,6,OHE_TEST_KIT,NONE,APPROVED,TRUE
REQ02840,JOB02840,Engineering,SEC_KHA_LON,20-03-2026,14.27,14.57,30,2,preventive plan,10,SIGNAL_TEST_SET,ACCESS_REQUIRED,REVIEW,TRUE
REQ02841,JOB02841,TRD,SEC_CHI_SHI,03-03-2026,15.47,17.24,97,4,overdue defect,3,LIFTING_UNIT,SIGNAL_TEST_DEPENDENCY,REVIEW,TRUE
REQ02842,JOB02842,Engineering,SEC_SHI_PUN,31-03-2026,8.45,9.49,64,3,safety correction,9,TAMPER,ACCESS_REQUIRED,SUBMITTED,TRUE
REQ02843,JOB02843,Engineering,SEC_THA_KAL,23-03-2026,14.00,16.27,147,4,coordination opportunity,10,SIGNAL_TEST_SET,SIGNAL_TEST_DEPENDENCY,REJECTED,TRUE
REQ02844,JOB02844,S&T,SEC_LON_TAL,16-03-2026,11.00,12.25,85,3,coordination opportunity,9,TAMPER,SIGNAL_TEST_DEPENDENCY,SUBMITTED,TRUE
REQ02845,JOB02845,TRD,SEC_DAD_THA,16-03-2026,8.06,10.25,139,4,overdue defect,10,TAMPER,TRACTION_ISOLATION,APPROVED,TRUE
REQ02846,JOB02846,S&T,SEC_KHA_LON,19-03-2026,12.45,14.00,75,4,safety correction,9,HAND_TOOLS,NONE,REJECTED,TRUE
REQ02847,JOB02847,TRD,SEC_KHA_LON,12-02-2026,7.34,8.35,61,2,overdue defect,9,HAND_TOOLS,TRACTION_ISOLATION,APPROVED,TRUE
REQ02848,JOB02848,TRD,SEC_DAD_THA,14-01-2026,15.43,17.24,101,3,safety correction,5,TAMPER,ACCESS_REQUIRED,SUBMITTED,TRUE
REQ02849,JOB02849,S&T,SEC_MUM_DAD,22-03-2026,17.23,19.14,111,3,overdue defect,3,SIGNAL_TEST_SET,ACCESS_REQUIRED,REVIEW,TRUE
REQ02850,JOB02850,TRD,SEC_MUM_DAD,05-02-2026,11.26,12.17,51,2,safety correction,10,TAMPER,SIGNAL_TEST_DEPENDENCY,REJECTED,TRUE
REQ02851,JOB02851,S&T,SEC_LON_TAL,19-01-2026,10.57,13.04,127,3,coordination opportunity,5,TAMPER,SIGNAL_TEST_DEPENDENCY,REJECTED,TRUE
REQ02852,JOB02852,S&T,SEC_TAL_CHI,01-02-2026,12.46,13.46,60,1,preventive plan,3,OHE_TEST_KIT,SIGNAL_TEST_DEPENDENCY,APPROVED,TRUE
REQ02853,JOB02853,TRD,SEC_THA_KAL,22-01-2026,11.01,12.11,70,1,preventive plan,8,OHE_TEST_KIT,TRACTION_ISOLATION,APPROVED,TRUE
REQ02854,JOB02854,Engineering,SEC_SHI_PUN,27-02-2026,7.33,8.29,56,1,safety correction,6,OHE_TEST_KIT,TRACTION_ISOLATION,SUBMITTED,TRUE
REQ02855,JOB02855,TRD,SEC_KAR_KHA,31-03-2026,11.05,12.52,107,4,safety correction,8,LIFTING_UNIT,ACCESS_REQUIRED,REJECTED,TRUE
REQ02856,JOB02856,Engineering,SEC_SHI_PUN,22-03-2026,18.44,20.43,119,2,preventive plan,8,OHE_TEST_KIT,TRACTION_ISOLATION,SUBMITTED,TRUE
REQ02857,JOB02857,TRD,SEC_THA_KAL,12-01-2026,15.45,16.39,54,2,coordination opportunity,6,SIGNAL_TEST_SET,SIGNAL_TEST_DEPENDENCY,APPROVED,TRUE
REQ02858,JOB02858,Engineering,SEC_CHI_SHI,10-02-2026,10.39,11.39,60,2,safety correction,4,TAMPER,SIGNAL_TEST_DEPENDENCY,SUBMITTED,TRUE
REQ02859,JOB02859,Engineering,SEC_TAL_CHI,31-01-2026,15.49,18.06,137,2,coordination opportunity,6,TAMPER,TRACTION_ISOLATION,SUBMITTED,TRUE
REQ02860,JOB02860,S&T,SEC_THA_KAL,31-03-2026,19.29,21.36,127,4,safety correction,3,HAND_TOOLS,TRACTION_ISOLATION,REVIEW,TRUE
REQ02861,JOB02861,TRD,SEC_CHI_SHI,03-03-2026,15.31,16.40,69,1,overdue defect,9,OHE_TEST_KIT,ACCESS_REQUIRED,REJECTED,TRUE
REQ02862,JOB02862,S&T,SEC_DAD_THA,19-01-2026,17.28,19.35,127,4,overdue defect,5,TAMPER,ACCESS_REQUIRED,REJECTED,TRUE
REQ02863,JOB02863,Engineering,SEC_MUM_DAD,06-03-2026,16.29,18.10,101,3,safety correction,9,TAMPER,SIGNAL_TEST_DEPENDENCY,SUBMITTED,TRUE
REQ02864,JOB02864,S&T,SEC_KHA_LON,03-02-2026,13.28,15.41,133,4,safety correction,7,TAMPER,ACCESS_REQUIRED,REVIEW,TRUE
REQ02865,JOB02865,Engineering,SEC_KAL_KAR,05-01-2026,8.13,10.26,133,3,coordination opportunity,7,HAND_TOOLS,SIGNAL_TEST_DEPENDENCY,APPROVED,TRUE
REQ02866,JOB02866,Engineering,SEC_KAR_KHA,17-03-2026,18.02,20.13,131,1,preventive plan,4,OHE_TEST_KIT,ACCESS_REQUIRED,SUBMITTED,TRUE
REQ02867,JOB02867,S&T,SEC_LON_TAL,11-01-2026,16.16,18.16,120,2,preventive plan,8,OHE_TEST_KIT,SIGNAL_TEST_DEPENDENCY,SUBMITTED,TRUE
REQ02868,JOB02868,TRD,SEC_KAR_KHA,11-03-2026,18.27,20.38,131,3,overdue defect,9,OHE_TEST_KIT,TRACTION_ISOLATION,APPROVED,TRUE
REQ02869,JOB02869,S&T,SEC_THA_KAL,24-02-2026,9.19,10.59,100,4,overdue defect,5,HAND_TOOLS,SIGNAL_TEST_DEPENDENCY,REVIEW,TRUE
REQ02870,JOB02870,Engineering,SEC_SHI_PUN,28-01-2026,16.00,17.35,95,1,safety correction,3,HAND_TOOLS,SIGNAL_TEST_DEPENDENCY,APPROVED,TRUE
REQ02871,JOB02871,Engineering,SEC_KHA_LON,25-01-2026,15.09,16.21,72,1,safety correction,3,HAND_TOOLS,TRACTION_ISOLATION,REVIEW,TRUE
REQ02872,JOB02872,Engineering,SEC_DAD_THA,29-03-2026,11.59,14.14,135,4,coordination opportunity,9,OHE_TEST_KIT,TRACTION_ISOLATION,REVIEW,TRUE
REQ02873,JOB02873,TRD,SEC_KHA_LON,25-01-2026,16.25,17.07,42,4,overdue defect,4,HAND_TOOLS,SIGNAL_TEST_DEPENDENCY,SUBMITTED,TRUE
REQ02874,JOB02874,Engineering,SEC_CHI_SHI,29-01-2026,10.58,12.26,88,4,coordination opportunity,6,SIGNAL_TEST_SET,NONE,REVIEW,TRUE
REQ02875,JOB02875,Engineering,SEC_THA_KAL,13-01-2026,10.42,12.03,81,3,preventive plan,7,SIGNAL_TEST_SET,TRACTION_ISOLATION,REJECTED,TRUE
REQ02876,JOB02876,S&T,SEC_SHI_PUN,07-02-2026,12.50,14.24,94,2,coordination opportunity,3,TAMPER,SIGNAL_TEST_DEPENDENCY,SUBMITTED,TRUE
REQ02877,JOB02877,Engineering,SEC_KAL_KAR,23-01-2026,12.55,15.00,125,3,overdue defect,8,SIGNAL_TEST_SET,NONE,SUBMITTED,TRUE
REQ02878,JOB02878,TRD,SEC_THA_KAL,24-03-2026,10.50,11.34,44,1,overdue defect,9,LIFTING_UNIT,SIGNAL_TEST_DEPENDENCY,APPROVED,TRUE
REQ02879,JOB02879,Engineering,SEC_MUM_DAD,11-03-2026,15.16,17.26,130,1,overdue defect,7,LIFTING_UNIT,ACCESS_REQUIRED,SUBMITTED,TRUE
REQ02880,JOB02880,TRD,SEC_CHI_SHI,09-03-2026,15.25,16.04,39,4,coordination opportunity,7,OHE_TEST_KIT,NONE,APPROVED,TRUE
REQ02881,JOB02881,Engineering,SEC_CHI_SHI,20-01-2026,15.35,16.51,76,4,coordination opportunity,6,HAND_TOOLS,NONE,REVIEW,TRUE
REQ02882,JOB02882,TRD,SEC_MUM_DAD,16-01-2026,9.52,10.51,59,4,coordination opportunity,6,OHE_TEST_KIT,SIGNAL_TEST_DEPENDENCY,SUBMITTED,TRUE
REQ02883,JOB02883,Engineering,SEC_MUM_DAD,23-03-2026,9.23,10.15,52,1,preventive plan,3,SIGNAL_TEST_SET,TRACTION_ISOLATION,REVIEW,TRUE
REQ02884,JOB02884,Engineering,SEC_SHI_PUN,06-02-2026,19.20,20.11,51,2,preventive plan,5,TAMPER,SIGNAL_TEST_DEPENDENCY,REVIEW,TRUE
REQ02885,JOB02885,S&T,SEC_LON_TAL,24-01-2026,13.43,14.39,56,2,preventive plan,6,OHE_TEST_KIT,ACCESS_REQUIRED,APPROVED,TRUE
REQ02886,JOB02886,S&T,SEC_CHI_SHI,16-03-2026,13.46,15.48,122,4,coordination opportunity,3,LIFTING_UNIT,SIGNAL_TEST_DEPENDENCY,SUBMITTED,TRUE
REQ02887,JOB02887,TRD,SEC_DAD_THA,18-01-2026,6.30,7.21,51,2,coordination opportunity,10,LIFTING_UNIT,NONE,SUBMITTED,TRUE
REQ02888,JOB02888,Engineering,SEC_KAL_KAR,08-02-2026,8.45,9.55,70,4,safety correction,6,HAND_TOOLS,ACCESS_REQUIRED,APPROVED,TRUE
REQ02889,JOB02889,TRD,SEC_LON_TAL,30-01-2026,18.17,20.41,144,3,safety correction,4,LIFTING_UNIT,SIGNAL_TEST_DEPENDENCY,REVIEW,TRUE
REQ02890,JOB02890,S&T,SEC_SHI_PUN,11-02-2026,13.49,15.32,103,4,safety correction,9,SIGNAL_TEST_SET,NONE,APPROVED,TRUE
REQ02891,JOB02891,TRD,SEC_TAL_CHI,01-03-2026,12.52,14.32,100,3,preventive plan,8,LIFTING_UNIT,SIGNAL_TEST_DEPENDENCY,REJECTED,TRUE
REQ02892,JOB02892,S&T,SEC_MUM_DAD,05-03-2026,8.21,10.03,102,1,safety correction,7,SIGNAL_TEST_SET,SIGNAL_TEST_DEPENDENCY,REJECTED,TRUE
REQ02893,JOB02893,TRD,SEC_TAL_CHI,19-01-2026,7.13,8.10,57,4,preventive plan,8,OHE_TEST_KIT,ACCESS_REQUIRED,REVIEW,TRUE
REQ02894,JOB02894,S&T,SEC_CHI_SHI,02-01-2026,7.58,9.37,99,1,coordination opportunity,5,LIFTING_UNIT,NONE,REJECTED,TRUE
REQ02895,JOB02895,Engineering,SEC_KAL_KAR,11-03-2026,18.13,20.43,150,2,overdue defect,4,OHE_TEST_KIT,TRACTION_ISOLATION,REVIEW,TRUE
REQ02896,JOB02896,TRD,SEC_KAR_KHA,12-02-2026,19.47,21.07,80,2,safety correction,4,SIGNAL_TEST_SET,ACCESS_REQUIRED,REVIEW,TRUE
REQ02897,JOB02897,Engineering,SEC_THA_KAL,20-01-2026,19.01,21.25,144,3,coordination opportunity,4,OHE_TEST_KIT,ACCESS_REQUIRED,REJECTED,TRUE
REQ02898,JOB02898,TRD,SEC_TAL_CHI,01-02-2026,11.58,13.10,72,2,safety correction,4,TAMPER,NONE,APPROVED,TRUE
REQ02899,JOB02899,S&T,SEC_TAL_CHI,07-03-2026,15.55,18.21,146,3,safety correction,3,HAND_TOOLS,SIGNAL_TEST_DEPENDENCY,APPROVED,TRUE
REQ02900,JOB02900,Engineering,SEC_KAR_KHA,31-01-2026,11.53,13.41,108,1,coordination opportunity,7,OHE_TEST_KIT,NONE,SUBMITTED,TRUE
REQ02901,JOB02901,Engineering,SEC_LON_TAL,22-02-2026,16.06,18.35,149,1,preventive plan,3,SIGNAL_TEST_SET,TRACTION_ISOLATION,APPROVED,TRUE
REQ02902,JOB02902,S&T,SEC_CHI_SHI,17-02-2026,18.54,21.04,130,3,preventive plan,7,SIGNAL_TEST_SET,SIGNAL_TEST_DEPENDENCY,REVIEW,TRUE
REQ02903,JOB02903,S&T,SEC_KHA_LON,12-03-2026,13.37,14.19,42,3,safety correction,7,TAMPER,TRACTION_ISOLATION,APPROVED,TRUE
REQ02904,JOB02904,S&T,SEC_THA_KAL,17-02-2026,12.31,13.25,54,4,coordination opportunity,4,HAND_TOOLS,SIGNAL_TEST_DEPENDENCY,REVIEW,TRUE
REQ02905,JOB02905,TRD,SEC_KHA_LON,05-03-2026,17.00,18.33,93,2,preventive plan,3,TAMPER,SIGNAL_TEST_DEPENDENCY,SUBMITTED,TRUE
REQ02906,JOB02906,TRD,SEC_LON_TAL,19-03-2026,17.31,19.32,121,3,coordination opportunity,6,TAMPER,SIGNAL_TEST_DEPENDENCY,REVIEW,TRUE
REQ02907,JOB02907,TRD,SEC_THA_KAL,16-02-2026,14.54,16.50,116,1,safety correction,7,TAMPER,TRACTION_ISOLATION,APPROVED,TRUE
REQ02908,JOB02908,TRD,SEC_KAL_KAR,23-02-2026,12.37,14.22,105,1,safety correction,7,LIFTING_UNIT,NONE,REVIEW,TRUE
REQ02909,JOB02909,S&T,SEC_MUM_DAD,24-01-2026,11.34,13.23,109,1,safety correction,9,LIFTING_UNIT,ACCESS_REQUIRED,APPROVED,TRUE
REQ02910,JOB02910,Engineering,SEC_LON_TAL,05-02-2026,7.00,8.37,97,1,preventive plan,8,TAMPER,TRACTION_ISOLATION,SUBMITTED,TRUE
REQ02911,JOB02911,TRD,SEC_KHA_LON,06-02-2026,6.12,6.49,37,1,overdue defect,7,OHE_TEST_KIT,ACCESS_REQUIRED,REVIEW,TRUE
REQ02912,JOB02912,Engineering,SEC_LON_TAL,30-01-2026,7.35,8.08,33,3,preventive plan,6,LIFTING_UNIT,TRACTION_ISOLATION,APPROVED,TRUE
REQ02913,JOB02913,TRD,SEC_KAR_KHA,12-03-2026,6.44,7.18,34,3,preventive plan,6,SIGNAL_TEST_SET,TRACTION_ISOLATION,APPROVED,TRUE
REQ02914,JOB02914,S&T,SEC_SHI_PUN,23-02-2026,19.26,21.00,94,3,coordination opportunity,7,OHE_TEST_KIT,NONE,APPROVED,TRUE
REQ02915,JOB02915,TRD,SEC_KHA_LON,12-01-2026,10.10,10.55,45,3,coordination opportunity,4,LIFTING_UNIT,SIGNAL_TEST_DEPENDENCY,REVIEW,TRUE
REQ02916,JOB02916,S&T,SEC_DAD_THA,31-01-2026,6.36,8.30,114,1,coordination opportunity,6,SIGNAL_TEST_SET,NONE,SUBMITTED,TRUE
REQ02917,JOB02917,Engineering,SEC_MUM_DAD,22-03-2026,14.18,15.51,93,1,preventive plan,10,LIFTING_UNIT,TRACTION_ISOLATION,REJECTED,TRUE
REQ02918,JOB02918,Engineering,SEC_LON_TAL,08-03-2026,9.03,11.27,144,1,safety correction,6,HAND_TOOLS,NONE,REVIEW,TRUE
REQ02919,JOB02919,S&T,SEC_THA_KAL,29-03-2026,17.38,18.31,53,4,safety correction,7,HAND_TOOLS,TRACTION_ISOLATION,SUBMITTED,TRUE
REQ02920,JOB02920,TRD,SEC_MUM_DAD,05-02-2026,16.10,17.58,108,1,preventive plan,3,SIGNAL_TEST_SET,NONE,REJECTED,TRUE
REQ02921,JOB02921,Engineering,SEC_LON_TAL,02-03-2026,15.42,16.44,62,1,overdue defect,10,SIGNAL_TEST_SET,ACCESS_REQUIRED,REJECTED,TRUE
REQ02922,JOB02922,TRD,SEC_DAD_THA,07-01-2026,7.38,9.03,85,3,preventive plan,4,TAMPER,ACCESS_REQUIRED,SUBMITTED,TRUE
REQ02923,JOB02923,Engineering,SEC_THA_KAL,02-01-2026,18.36,20.26,110,1,safety correction,5,OHE_TEST_KIT,SIGNAL_TEST_DEPENDENCY,REVIEW,TRUE
REQ02924,JOB02924,S&T,SEC_DAD_THA,19-01-2026,16.54,19.05,131,1,overdue defect,7,SIGNAL_TEST_SET,TRACTION_ISOLATION,REVIEW,TRUE
REQ02925,JOB02925,Engineering,SEC_TAL_CHI,11-01-2026,15.33,16.36,63,1,safety correction,9,LIFTING_UNIT,TRACTION_ISOLATION,REJECTED,TRUE
REQ02926,JOB02926,Engineering,SEC_MUM_DAD,28-03-2026,12.15,13.53,98,4,overdue defect,4,OHE_TEST_KIT,SIGNAL_TEST_DEPENDENCY,REVIEW,TRUE
REQ02927,JOB02927,S&T,SEC_TAL_CHI,28-01-2026,11.59,14.20,141,1,coordination opportunity,9,LIFTING_UNIT,SIGNAL_TEST_DEPENDENCY,APPROVED,TRUE
REQ02928,JOB02928,Engineering,SEC_KHA_LON,18-03-2026,13.05,15.18,133,2,preventive plan,10,HAND_TOOLS,NONE,REJECTED,TRUE
REQ02929,JOB02929,Engineering,SEC_TAL_CHI,15-03-2026,7.19,9.24,125,2,overdue defect,3,SIGNAL_TEST_SET,TRACTION_ISOLATION,APPROVED,TRUE
REQ02930,JOB02930,Engineering,SEC_SHI_PUN,10-02-2026,7.48,8.45,57,4,preventive plan,10,HAND_TOOLS,ACCESS_REQUIRED,REJECTED,TRUE
REQ02931,JOB02931,TRD,SEC_CHI_SHI,12-02-2026,13.08,14.37,89,3,overdue defect,9,LIFTING_UNIT,ACCESS_REQUIRED,REVIEW,TRUE
REQ02932,JOB02932,TRD,SEC_KAL_KAR,31-03-2026,19.58,21.29,91,2,preventive plan,8,TAMPER,ACCESS_REQUIRED,REJECTED,TRUE
REQ02933,JOB02933,TRD,SEC_CHI_SHI,24-02-2026,12.50,14.17,87,3,coordination opportunity,8,LIFTING_UNIT,NONE,SUBMITTED,TRUE
REQ02934,JOB02934,TRD,SEC_THA_KAL,08-01-2026,12.58,15.04,126,2,coordination opportunity,8,SIGNAL_TEST_SET,SIGNAL_TEST_DEPENDENCY,REVIEW,TRUE
REQ02935,JOB02935,Engineering,SEC_DAD_THA,20-02-2026,8.36,9.41,65,2,overdue defect,9,SIGNAL_TEST_SET,NONE,REVIEW,TRUE
REQ02936,JOB02936,TRD,SEC_LON_TAL,22-03-2026,15.52,16.30,38,1,coordination opportunity,10,TAMPER,ACCESS_REQUIRED,APPROVED,TRUE
REQ02937,JOB02937,Engineering,SEC_THA_KAL,03-03-2026,18.21,19.47,86,4,safety correction,4,TAMPER,SIGNAL_TEST_DEPENDENCY,REJECTED,TRUE
REQ02938,JOB02938,S&T,SEC_DAD_THA,06-02-2026,17.46,18.25,39,1,overdue defect,3,HAND_TOOLS,NONE,SUBMITTED,TRUE
REQ02939,JOB02939,Engineering,SEC_THA_KAL,28-01-2026,13.24,14.55,91,4,safety correction,8,HAND_TOOLS,ACCESS_REQUIRED,SUBMITTED,TRUE
REQ02940,JOB02940,TRD,SEC_THA_KAL,05-02-2026,11.45,12.51,66,3,coordination opportunity,6,SIGNAL_TEST_SET,ACCESS_REQUIRED,APPROVED,TRUE
REQ02941,JOB02941,Engineering,SEC_SHI_PUN,16-02-2026,7.22,9.01,99,4,preventive plan,7,SIGNAL_TEST_SET,NONE,APPROVED,TRUE
REQ02942,JOB02942,S&T,SEC_SHI_PUN,19-03-2026,11.24,12.38,74,4,coordination opportunity,5,TAMPER,ACCESS_REQUIRED,SUBMITTED,TRUE
REQ02943,JOB02943,TRD,SEC_THA_KAL,04-02-2026,19.46,22.09,143,3,preventive plan,8,SIGNAL_TEST_SET,ACCESS_REQUIRED,REJECTED,TRUE
REQ02944,JOB02944,Engineering,SEC_LON_TAL,13-03-2026,9.41,11.44,123,4,preventive plan,6,TAMPER,ACCESS_REQUIRED,SUBMITTED,TRUE
REQ02945,JOB02945,Engineering,SEC_KAR_KHA,03-01-2026,13.21,14.44,83,2,overdue defect,8,HAND_TOOLS,ACCESS_REQUIRED,REJECTED,TRUE
REQ02946,JOB02946,TRD,SEC_LON_TAL,03-03-2026,11.19,12.54,95,3,coordination opportunity,3,HAND_TOOLS,TRACTION_ISOLATION,APPROVED,TRUE
REQ02947,JOB02947,TRD,SEC_MUM_DAD,30-03-2026,16.19,18.33,134,2,overdue defect,7,HAND_TOOLS,TRACTION_ISOLATION,REJECTED,TRUE
REQ02948,JOB02948,TRD,SEC_LON_TAL,18-02-2026,10.43,12.04,81,2,overdue defect,7,LIFTING_UNIT,SIGNAL_TEST_DEPENDENCY,APPROVED,TRUE
REQ02949,JOB02949,Engineering,SEC_MUM_DAD,07-02-2026,17.45,18.56,71,3,coordination opportunity,3,SIGNAL_TEST_SET,NONE,REVIEW,TRUE
REQ02950,JOB02950,TRD,SEC_DAD_THA,09-02-2026,14.31,15.58,87,3,coordination opportunity,8,SIGNAL_TEST_SET,SIGNAL_TEST_DEPENDENCY,APPROVED,TRUE
REQ02951,JOB02951,S&T,SEC_SHI_PUN,22-01-2026,9.42,11.10,88,2,preventive plan,9,HAND_TOOLS,ACCESS_REQUIRED,REJECTED,TRUE
REQ02952,JOB02952,TRD,SEC_LON_TAL,04-02-2026,14.25,15.04,39,2,coordination opportunity,5,SIGNAL_TEST_SET,TRACTION_ISOLATION,SUBMITTED,TRUE
REQ02953,JOB02953,S&T,SEC_LON_TAL,17-03-2026,14.57,15.59,62,3,preventive plan,4,HAND_TOOLS,NONE,REJECTED,TRUE
REQ02954,JOB02954,S&T,SEC_DAD_THA,27-02-2026,17.36,19.47,131,4,preventive plan,7,SIGNAL_TEST_SET,TRACTION_ISOLATION,SUBMITTED,TRUE
REQ02955,JOB02955,Engineering,SEC_DAD_THA,21-03-2026,16.56,17.36,40,3,safety correction,7,HAND_TOOLS,SIGNAL_TEST_DEPENDENCY,REVIEW,TRUE
REQ02956,JOB02956,S&T,SEC_THA_KAL,16-03-2026,14.34,15.23,49,2,coordination opportunity,8,OHE_TEST_KIT,ACCESS_REQUIRED,APPROVED,TRUE
REQ02957,JOB02957,S&T,SEC_LON_TAL,03-03-2026,17.46,19.07,81,2,coordination opportunity,4,TAMPER,NONE,APPROVED,TRUE
REQ02958,JOB02958,S&T,SEC_KHA_LON,28-02-2026,8.48,9.50,62,2,overdue defect,4,SIGNAL_TEST_SET,SIGNAL_TEST_DEPENDENCY,REJECTED,TRUE
REQ02959,JOB02959,TRD,SEC_MUM_DAD,23-02-2026,19.34,20.22,48,2,preventive plan,4,OHE_TEST_KIT,SIGNAL_TEST_DEPENDENCY,SUBMITTED,TRUE
REQ02960,JOB02960,TRD,SEC_CHI_SHI,21-03-2026,12.34,14.36,122,4,safety correction,4,SIGNAL_TEST_SET,SIGNAL_TEST_DEPENDENCY,REJECTED,TRUE
REQ02961,JOB02961,Engineering,SEC_KAL_KAR,18-03-2026,13.41,15.21,100,2,safety correction,7,TAMPER,NONE,REVIEW,TRUE
REQ02962,JOB02962,S&T,SEC_LON_TAL,01-01-2026,15.50,17.54,124,3,overdue defect,10,LIFTING_UNIT,ACCESS_REQUIRED,SUBMITTED,TRUE
REQ02963,JOB02963,TRD,SEC_MUM_DAD,01-02-2026,9.26,10.04,38,3,coordination opportunity,6,OHE_TEST_KIT,NONE,REJECTED,TRUE
REQ02964,JOB02964,TRD,SEC_KAR_KHA,13-02-2026,7.29,9.00,91,2,preventive plan,4,LIFTING_UNIT,SIGNAL_TEST_DEPENDENCY,SUBMITTED,TRUE
REQ02965,JOB02965,Engineering,SEC_THA_KAL,14-02-2026,11.13,13.08,115,4,safety correction,8,SIGNAL_TEST_SET,NONE,REJECTED,TRUE
REQ02966,JOB02966,TRD,SEC_TAL_CHI,13-01-2026,15.43,17.00,77,4,safety correction,8,TAMPER,ACCESS_REQUIRED,REVIEW,TRUE
REQ02967,JOB02967,S&T,SEC_LON_TAL,27-02-2026,13.08,15.34,146,4,overdue defect,7,HAND_TOOLS,NONE,SUBMITTED,TRUE
REQ02968,JOB02968,TRD,SEC_TAL_CHI,15-03-2026,12.17,13.00,43,4,coordination opportunity,6,OHE_TEST_KIT,ACCESS_REQUIRED,REJECTED,TRUE
REQ02969,JOB02969,TRD,SEC_KHA_LON,26-03-2026,8.41,9.34,53,4,overdue defect,4,TAMPER,ACCESS_REQUIRED,REJECTED,TRUE
REQ02970,JOB02970,Engineering,SEC_SHI_PUN,27-03-2026,10.26,12.32,126,1,coordination opportunity,10,TAMPER,TRACTION_ISOLATION,SUBMITTED,TRUE
REQ02971,JOB02971,Engineering,SEC_MUM_DAD,16-01-2026,18.36,20.35,119,1,safety correction,3,TAMPER,NONE,APPROVED,TRUE
REQ02972,JOB02972,Engineering,SEC_TAL_CHI,22-03-2026,6.24,7.09,45,4,coordination opportunity,8,TAMPER,NONE,APPROVED,TRUE
REQ02973,JOB02973,S&T,SEC_TAL_CHI,24-02-2026,10.05,11.33,88,4,coordination opportunity,10,HAND_TOOLS,SIGNAL_TEST_DEPENDENCY,REVIEW,TRUE
REQ02974,JOB02974,Engineering,SEC_SHI_PUN,09-01-2026,6.34,8.35,121,2,safety correction,5,LIFTING_UNIT,ACCESS_REQUIRED,APPROVED,TRUE
REQ02975,JOB02975,S&T,SEC_KHA_LON,19-03-2026,9.02,10.52,110,2,safety correction,4,SIGNAL_TEST_SET,NONE,REVIEW,TRUE
REQ02976,JOB02976,S&T,SEC_MUM_DAD,28-03-2026,7.40,9.45,125,3,overdue defect,10,LIFTING_UNIT,ACCESS_REQUIRED,REVIEW,TRUE
REQ02977,JOB02977,Engineering,SEC_KHA_LON,13-01-2026,11.34,13.13,99,2,coordination opportunity,7,TAMPER,ACCESS_REQUIRED,APPROVED,TRUE
REQ02978,JOB02978,TRD,SEC_SHI_PUN,04-02-2026,12.02,13.50,108,3,overdue defect,8,HAND_TOOLS,TRACTION_ISOLATION,SUBMITTED,TRUE
REQ02979,JOB02979,S&T,SEC_SHI_PUN,14-01-2026,10.57,11.58,61,2,overdue defect,4,LIFTING_UNIT,ACCESS_REQUIRED,APPROVED,TRUE
REQ02980,JOB02980,TRD,SEC_KAR_KHA,24-01-2026,10.12,11.30,78,3,preventive plan,4,TAMPER,NONE,REVIEW,TRUE
REQ02981,JOB02981,S&T,SEC_KAR_KHA,01-03-2026,12.46,15.05,139,4,preventive plan,8,TAMPER,NONE,REJECTED,TRUE
REQ02982,JOB02982,TRD,SEC_CHI_SHI,26-02-2026,18.56,19.27,31,3,safety correction,7,HAND_TOOLS,TRACTION_ISOLATION,SUBMITTED,TRUE
REQ02983,JOB02983,S&T,SEC_TAL_CHI,24-02-2026,17.21,18.42,81,3,safety correction,7,SIGNAL_TEST_SET,NONE,APPROVED,TRUE
REQ02984,JOB02984,TRD,SEC_MUM_DAD,24-02-2026,12.49,14.39,110,1,coordination opportunity,7,OHE_TEST_KIT,SIGNAL_TEST_DEPENDENCY,APPROVED,TRUE
REQ02985,JOB02985,TRD,SEC_DAD_THA,06-03-2026,15.47,17.51,124,3,overdue defect,6,HAND_TOOLS,SIGNAL_TEST_DEPENDENCY,REVIEW,TRUE
REQ02986,JOB02986,S&T,SEC_KHA_LON,12-02-2026,8.48,9.48,60,4,coordination opportunity,3,SIGNAL_TEST_SET,NONE,SUBMITTED,TRUE
REQ02987,JOB02987,TRD,SEC_TAL_CHI,08-02-2026,8.26,9.07,41,1,coordination opportunity,8,HAND_TOOLS,SIGNAL_TEST_DEPENDENCY,REJECTED,TRUE
REQ02988,JOB02988,Engineering,SEC_THA_KAL,20-01-2026,11.09,11.53,44,3,coordination opportunity,3,LIFTING_UNIT,TRACTION_ISOLATION,SUBMITTED,TRUE
REQ02989,JOB02989,Engineering,SEC_LON_TAL,04-02-2026,15.32,16.21,49,3,safety correction,4,LIFTING_UNIT,SIGNAL_TEST_DEPENDENCY,REJECTED,TRUE
REQ02990,JOB02990,Engineering,SEC_SHI_PUN,20-02-2026,15.19,17.02,103,1,safety correction,8,SIGNAL_TEST_SET,NONE,APPROVED,TRUE
REQ02991,JOB02991,S&T,SEC_KAR_KHA,21-02-2026,6.17,8.22,125,1,coordination opportunity,4,LIFTING_UNIT,TRACTION_ISOLATION,APPROVED,TRUE
REQ02992,JOB02992,TRD,SEC_SHI_PUN,26-02-2026,11.51,14.04,133,4,overdue defect,8,HAND_TOOLS,TRACTION_ISOLATION,REJECTED,TRUE
REQ02993,JOB02993,S&T,SEC_KAL_KAR,01-03-2026,7.56,9.38,102,4,overdue defect,10,TAMPER,SIGNAL_TEST_DEPENDENCY,REJECTED,TRUE
REQ02994,JOB02994,TRD,SEC_SHI_PUN,08-03-2026,9.14,10.24,70,3,preventive plan,6,OHE_TEST_KIT,NONE,APPROVED,TRUE
REQ02995,JOB02995,TRD,SEC_LON_TAL,03-03-2026,13.56,15.59,123,2,coordination opportunity,6,OHE_TEST_KIT,TRACTION_ISOLATION,APPROVED,TRUE
REQ02996,JOB02996,Engineering,SEC_THA_KAL,19-01-2026,12.35,13.36,61,2,coordination opportunity,9,SIGNAL_TEST_SET,TRACTION_ISOLATION,REJECTED,TRUE
REQ02997,JOB02997,Engineering,SEC_SHI_PUN,03-03-2026,18.50,20.28,98,2,overdue defect,9,LIFTING_UNIT,TRACTION_ISOLATION,REJECTED,TRUE
REQ02998,JOB02998,TRD,SEC_KHA_LON,31-03-2026,14.42,16.56,134,4,coordination opportunity,6,OHE_TEST_KIT,ACCESS_REQUIRED,REJECTED,TRUE
REQ02999,JOB02999,Engineering,SEC_THA_KAL,25-03-2026,19.38,21.26,108,3,overdue defect,3,OHE_TEST_KIT,TRACTION_ISOLATION,SUBMITTED,TRUE
REQ03000,JOB03000,TRD,SEC_LON_TAL,01-03-2026,9.36,10.25,49,1,safety correction,7,SIGNAL_TEST_SET,NONE,REVIEW,TRUE
REQ03001,JOB03001,S&T,SEC_DAD_THA,31-01-2026,16.51,19.13,142,2,coordination opportunity,3,HAND_TOOLS,NONE,SUBMITTED,TRUE
REQ03002,JOB03002,TRD,SEC_MUM_DAD,03-02-2026,13.34,15.27,113,3,overdue defect,10,TAMPER,ACCESS_REQUIRED,REJECTED,TRUE
REQ03003,JOB03003,S&T,SEC_KAL_KAR,26-01-2026,10.39,12.54,135,1,overdue defect,8,HAND_TOOLS,ACCESS_REQUIRED,SUBMITTED,TRUE
REQ03004,JOB03004,Engineering,SEC_SHI_PUN,07-03-2026,6.53,9.18,145,3,preventive plan,8,OHE_TEST_KIT,TRACTION_ISOLATION,SUBMITTED,TRUE
REQ03005,JOB03005,TRD,SEC_TAL_CHI,09-01-2026,17.38,19.40,122,3,coordination opportunity,8,HAND_TOOLS,SIGNAL_TEST_DEPENDENCY,SUBMITTED,TRUE
REQ03006,JOB03006,TRD,SEC_THA_KAL,20-01-2026,6.06,7.39,93,1,safety correction,4,LIFTING_UNIT,NONE,SUBMITTED,TRUE
REQ03007,JOB03007,S&T,SEC_MUM_DAD,08-02-2026,12.23,13.48,85,1,overdue defect,6,LIFTING_UNIT,SIGNAL_TEST_DEPENDENCY,REVIEW,TRUE
REQ03008,JOB03008,Engineering,SEC_KHA_LON,11-01-2026,8.05,9.25,80,3,coordination opportunity,5,OHE_TEST_KIT,ACCESS_REQUIRED,SUBMITTED,TRUE
REQ03009,JOB03009,Engineering,SEC_THA_KAL,09-01-2026,18.44,20.48,124,1,safety correction,6,HAND_TOOLS,NONE,SUBMITTED,TRUE
REQ03010,JOB03010,TRD,SEC_THA_KAL,03-03-2026,7.29,8.29,60,1,overdue defect,5,TAMPER,ACCESS_REQUIRED,SUBMITTED,TRUE
REQ03011,JOB03011,TRD,SEC_DAD_THA,22-01-2026,12.40,14.05,85,4,safety correction,7,TAMPER,NONE,SUBMITTED,TRUE
REQ03012,JOB03012,Engineering,SEC_KAR_KHA,08-03-2026,11.51,14.02,131,1,safety correction,10,OHE_TEST_KIT,SIGNAL_TEST_DEPENDENCY,REJECTED,TRUE
REQ03013,JOB03013,S&T,SEC_DAD_THA,19-01-2026,14.17,16.26,129,2,overdue defect,10,TAMPER,ACCESS_REQUIRED,REJECTED,TRUE
REQ03014,JOB03014,S&T,SEC_LON_TAL,24-02-2026,6.46,9.13,147,1,coordination opportunity,4,SIGNAL_TEST_SET,TRACTION_ISOLATION,REVIEW,TRUE
REQ03015,JOB03015,S&T,SEC_KAR_KHA,10-01-2026,14.28,15.42,74,1,preventive plan,5,HAND_TOOLS,ACCESS_REQUIRED,SUBMITTED,TRUE
REQ03016,JOB03016,Engineering,SEC_THA_KAL,07-03-2026,15.24,16.04,40,3,preventive plan,7,LIFTING_UNIT,NONE,SUBMITTED,TRUE
REQ03017,JOB03017,Engineering,SEC_MUM_DAD,08-03-2026,8.04,8.49,45,1,overdue defect,7,HAND_TOOLS,SIGNAL_TEST_DEPENDENCY,APPROVED,TRUE
REQ03018,JOB03018,TRD,SEC_DAD_THA,21-03-2026,7.42,8.24,42,4,coordination opportunity,8,SIGNAL_TEST_SET,SIGNAL_TEST_DEPENDENCY,APPROVED,TRUE
REQ03019,JOB03019,TRD,SEC_LON_TAL,03-03-2026,6.16,7.37,81,2,coordination opportunity,8,SIGNAL_TEST_SET,TRACTION_ISOLATION,REVIEW,TRUE
REQ03020,JOB03020,TRD,SEC_TAL_CHI,07-02-2026,14.49,15.46,57,4,overdue defect,8,OHE_TEST_KIT,ACCESS_REQUIRED,SUBMITTED,TRUE
REQ03021,JOB03021,TRD,SEC_THA_KAL,07-01-2026,9.16,10.12,56,3,coordination opportunity,8,LIFTING_UNIT,NONE,REVIEW,TRUE
REQ03022,JOB03022,TRD,SEC_TAL_CHI,24-02-2026,14.17,15.32,75,4,overdue defect,3,TAMPER,SIGNAL_TEST_DEPENDENCY,REVIEW,TRUE
REQ03023,JOB03023,S&T,SEC_LON_TAL,28-03-2026,8.59,11.25,146,3,coordination opportunity,6,HAND_TOOLS,SIGNAL_TEST_DEPENDENCY,SUBMITTED,TRUE
REQ03024,JOB03024,Engineering,SEC_MUM_DAD,07-03-2026,7.23,8.00,37,1,coordination opportunity,10,HAND_TOOLS,ACCESS_REQUIRED,REVIEW,TRUE
REQ03025,JOB03025,Engineering,SEC_THA_KAL,22-03-2026,6.40,8.16,96,3,preventive plan,10,TAMPER,TRACTION_ISOLATION,APPROVED,TRUE
REQ03026,JOB03026,Engineering,SEC_CHI_SHI,25-01-2026,12.41,13.55,74,3,overdue defect,6,OHE_TEST_KIT,ACCESS_REQUIRED,APPROVED,TRUE
REQ03027,JOB03027,TRD,SEC_SHI_PUN,06-03-2026,17.34,19.29,115,3,safety correction,3,OHE_TEST_KIT,ACCESS_REQUIRED,APPROVED,TRUE
REQ03028,JOB03028,TRD,SEC_THA_KAL,07-03-2026,13.01,15.07,126,4,coordination opportunity,10,SIGNAL_TEST_SET,ACCESS_REQUIRED,REVIEW,TRUE
REQ03029,JOB03029,Engineering,SEC_KHA_LON,01-01-2026,6.11,7.32,81,3,overdue defect,3,TAMPER,NONE,REVIEW,TRUE
REQ03030,JOB03030,Engineering,SEC_LON_TAL,25-02-2026,16.56,18.46,110,1,overdue defect,5,OHE_TEST_KIT,ACCESS_REQUIRED,REVIEW,TRUE
REQ03031,JOB03031,TRD,SEC_KHA_LON,13-01-2026,9.54,10.53,59,3,preventive plan,6,SIGNAL_TEST_SET,SIGNAL_TEST_DEPENDENCY,REVIEW,TRUE
REQ03032,JOB03032,TRD,SEC_CHI_SHI,04-02-2026,8.55,10.35,100,4,safety correction,4,SIGNAL_TEST_SET,SIGNAL_TEST_DEPENDENCY,APPROVED,TRUE
REQ03033,JOB03033,S&T,SEC_TAL_CHI,20-02-2026,11.39,12.51,72,3,coordination opportunity,9,LIFTING_UNIT,SIGNAL_TEST_DEPENDENCY,REVIEW,TRUE
REQ03034,JOB03034,Engineering,SEC_KHA_LON,03-02-2026,19.59,21.11,72,3,safety correction,6,SIGNAL_TEST_SET,NONE,SUBMITTED,TRUE
REQ03035,JOB03035,Engineering,SEC_LON_TAL,02-02-2026,11.35,12.26,51,1,preventive plan,8,HAND_TOOLS,NONE,SUBMITTED,TRUE
REQ03036,JOB03036,Engineering,SEC_KAL_KAR,16-02-2026,8.34,10.17,103,4,coordination opportunity,9,HAND_TOOLS,NONE,SUBMITTED,TRUE
REQ03037,JOB03037,TRD,SEC_MUM_DAD,24-01-2026,16.48,17.35,47,4,preventive plan,9,OHE_TEST_KIT,ACCESS_REQUIRED,REJECTED,TRUE
REQ03038,JOB03038,S&T,SEC_CHI_SHI,16-03-2026,17.36,20.05,149,3,coordination opportunity,9,TAMPER,NONE,SUBMITTED,TRUE
REQ03039,JOB03039,S&T,SEC_SHI_PUN,31-01-2026,11.21,12.44,83,4,overdue defect,8,SIGNAL_TEST_SET,TRACTION_ISOLATION,SUBMITTED,TRUE
REQ03040,JOB03040,TRD,SEC_KHA_LON,23-03-2026,14.19,15.53,94,2,safety correction,9,TAMPER,NONE,REJECTED,TRUE
REQ03041,JOB03041,Engineering,SEC_LON_TAL,27-01-2026,18.32,19.19,47,2,overdue defect,8,SIGNAL_TEST_SET,NONE,REVIEW,TRUE
REQ03042,JOB03042,TRD,SEC_TAL_CHI,12-01-2026,15.42,16.24,42,1,coordination opportunity,5,HAND_TOOLS,ACCESS_REQUIRED,SUBMITTED,TRUE
REQ03043,JOB03043,TRD,SEC_KHA_LON,08-02-2026,19.54,21.09,75,1,preventive plan,9,LIFTING_UNIT,NONE,SUBMITTED,TRUE
REQ03044,JOB03044,S&T,SEC_SHI_PUN,11-01-2026,9.32,11.40,128,1,safety correction,5,SIGNAL_TEST_SET,TRACTION_ISOLATION,REVIEW,TRUE
REQ03045,JOB03045,Engineering,SEC_KAR_KHA,10-03-2026,16.59,17.46,47,1,overdue defect,6,OHE_TEST_KIT,TRACTION_ISOLATION,REVIEW,TRUE
REQ03046,JOB03046,TRD,SEC_MUM_DAD,13-02-2026,14.08,16.34,146,2,overdue defect,7,SIGNAL_TEST_SET,NONE,SUBMITTED,TRUE
REQ03047,JOB03047,Engineering,SEC_KHA_LON,02-01-2026,9.20,11.07,107,1,preventive plan,8,TAMPER,TRACTION_ISOLATION,APPROVED,TRUE
REQ03048,JOB03048,TRD,SEC_SHI_PUN,21-02-2026,11.38,13.24,106,2,safety correction,4,SIGNAL_TEST_SET,ACCESS_REQUIRED,REJECTED,TRUE
REQ03049,JOB03049,S&T,SEC_KAL_KAR,09-03-2026,18.04,19.01,57,4,preventive plan,5,LIFTING_UNIT,ACCESS_REQUIRED,REJECTED,TRUE
REQ03050,JOB03050,S&T,SEC_TAL_CHI,01-02-2026,7.36,8.20,44,1,preventive plan,6,SIGNAL_TEST_SET,TRACTION_ISOLATION,REVIEW,TRUE
REQ03051,JOB03051,TRD,SEC_LON_TAL,27-02-2026,14.41,17.00,139,4,coordination opportunity,4,SIGNAL_TEST_SET,SIGNAL_TEST_DEPENDENCY,SUBMITTED,TRUE
REQ03052,JOB03052,TRD,SEC_KHA_LON,25-02-2026,7.52,9.13,81,1,safety correction,4,LIFTING_UNIT,ACCESS_REQUIRED,REJECTED,TRUE
REQ03053,JOB03053,TRD,SEC_KAR_KHA,08-02-2026,9.09,10.41,92,3,coordination opportunity,10,HAND_TOOLS,NONE,REVIEW,TRUE
REQ03054,JOB03054,TRD,SEC_THA_KAL,17-01-2026,8.53,10.02,69,4,coordination opportunity,8,OHE_TEST_KIT,SIGNAL_TEST_DEPENDENCY,REVIEW,TRUE
REQ03055,JOB03055,S&T,SEC_MUM_DAD,22-02-2026,14.36,15.46,70,1,preventive plan,7,TAMPER,TRACTION_ISOLATION,REJECTED,TRUE
REQ03056,JOB03056,Engineering,SEC_MUM_DAD,14-01-2026,9.05,11.32,147,4,preventive plan,7,OHE_TEST_KIT,TRACTION_ISOLATION,REVIEW,TRUE
REQ03057,JOB03057,Engineering,SEC_KHA_LON,04-01-2026,18.12,19.00,48,1,safety correction,3,LIFTING_UNIT,TRACTION_ISOLATION,SUBMITTED,TRUE
REQ03058,JOB03058,Engineering,SEC_KHA_LON,09-03-2026,15.37,16.31,54,4,preventive plan,5,OHE_TEST_KIT,TRACTION_ISOLATION,REVIEW,TRUE
REQ03059,JOB03059,Engineering,SEC_THA_KAL,25-03-2026,9.12,9.59,47,3,safety correction,5,LIFTING_UNIT,NONE,APPROVED,TRUE
REQ03060,JOB03060,Engineering,SEC_TAL_CHI,28-02-2026,13.37,15.14,97,2,overdue defect,10,TAMPER,TRACTION_ISOLATION,REJECTED,TRUE
REQ03061,JOB03061,TRD,SEC_TAL_CHI,14-02-2026,14.08,15.07,59,4,coordination opportunity,6,TAMPER,TRACTION_ISOLATION,REVIEW,TRUE
REQ03062,JOB03062,S&T,SEC_TAL_CHI,25-03-2026,9.14,11.29,135,2,coordination opportunity,9,TAMPER,NONE,REVIEW,TRUE
REQ03063,JOB03063,S&T,SEC_MUM_DAD,14-01-2026,16.08,17.15,67,2,coordination opportunity,9,TAMPER,SIGNAL_TEST_DEPENDENCY,REVIEW,TRUE
REQ03064,JOB03064,TRD,SEC_KAR_KHA,07-02-2026,13.00,14.30,90,2,safety correction,6,HAND_TOOLS,ACCESS_REQUIRED,APPROVED,TRUE
REQ03065,JOB03065,S&T,SEC_CHI_SHI,06-01-2026,8.15,9.44,89,1,safety correction,9,LIFTING_UNIT,TRACTION_ISOLATION,SUBMITTED,TRUE
REQ03066,JOB03066,Engineering,SEC_MUM_DAD,03-02-2026,15.32,16.06,34,4,preventive plan,6,LIFTING_UNIT,ACCESS_REQUIRED,APPROVED,TRUE
REQ03067,JOB03067,Engineering,SEC_MUM_DAD,21-03-2026,6.31,7.56,85,2,coordination opportunity,8,OHE_TEST_KIT,ACCESS_REQUIRED,SUBMITTED,TRUE
REQ03068,JOB03068,S&T,SEC_SHI_PUN,24-01-2026,6.52,8.19,87,4,overdue defect,9,LIFTING_UNIT,SIGNAL_TEST_DEPENDENCY,REVIEW,TRUE
REQ03069,JOB03069,S&T,SEC_DAD_THA,20-03-2026,14.57,16.38,101,4,safety correction,6,TAMPER,NONE,REVIEW,TRUE
REQ03070,JOB03070,Engineering,SEC_TAL_CHI,01-02-2026,19.43,20.23,40,4,safety correction,9,TAMPER,TRACTION_ISOLATION,APPROVED,TRUE
REQ03071,JOB03071,TRD,SEC_THA_KAL,19-03-2026,8.32,9.23,51,2,overdue defect,4,LIFTING_UNIT,SIGNAL_TEST_DEPENDENCY,REJECTED,TRUE
REQ03072,JOB03072,S&T,SEC_KAL_KAR,23-02-2026,13.32,14.53,81,2,overdue defect,8,OHE_TEST_KIT,NONE,SUBMITTED,TRUE
REQ03073,JOB03073,Engineering,SEC_DAD_THA,27-01-2026,18.40,20.33,113,2,preventive plan,10,LIFTING_UNIT,NONE,SUBMITTED,TRUE
REQ03074,JOB03074,Engineering,SEC_THA_KAL,20-02-2026,15.06,16.14,68,4,overdue defect,4,LIFTING_UNIT,SIGNAL_TEST_DEPENDENCY,SUBMITTED,TRUE
REQ03075,JOB03075,S&T,SEC_DAD_THA,28-02-2026,15.39,18.00,141,4,safety correction,6,LIFTING_UNIT,TRACTION_ISOLATION,REJECTED,TRUE
REQ03076,JOB03076,S&T,SEC_DAD_THA,28-03-2026,6.36,7.32,56,3,preventive plan,8,OHE_TEST_KIT,SIGNAL_TEST_DEPENDENCY,REVIEW,TRUE
REQ03077,JOB03077,TRD,SEC_KAL_KAR,17-02-2026,16.29,18.12,103,2,coordination opportunity,5,HAND_TOOLS,ACCESS_REQUIRED,REJECTED,TRUE
REQ03078,JOB03078,TRD,SEC_KAL_KAR,18-02-2026,8.02,9.16,74,3,overdue defect,3,OHE_TEST_KIT,TRACTION_ISOLATION,SUBMITTED,TRUE
REQ03079,JOB03079,TRD,SEC_MUM_DAD,24-03-2026,18.39,20.24,105,4,overdue defect,5,LIFTING_UNIT,ACCESS_REQUIRED,REVIEW,TRUE
REQ03080,JOB03080,TRD,SEC_TAL_CHI,02-02-2026,6.36,7.16,40,3,coordination opportunity,5,LIFTING_UNIT,ACCESS_REQUIRED,APPROVED,TRUE
REQ03081,JOB03081,TRD,SEC_KHA_LON,09-01-2026,6.04,7.41,97,1,safety correction,10,HAND_TOOLS,SIGNAL_TEST_DEPENDENCY,SUBMITTED,TRUE
REQ03082,JOB03082,Engineering,SEC_DAD_THA,03-03-2026,10.15,11.48,93,1,safety correction,10,HAND_TOOLS,NONE,APPROVED,TRUE
REQ03083,JOB03083,S&T,SEC_DAD_THA,09-03-2026,10.54,12.39,105,4,safety correction,5,TAMPER,TRACTION_ISOLATION,APPROVED,TRUE
REQ03084,JOB03084,TRD,SEC_DAD_THA,08-02-2026,10.49,13.19,150,2,preventive plan,4,TAMPER,SIGNAL_TEST_DEPENDENCY,REVIEW,TRUE
REQ03085,JOB03085,TRD,SEC_LON_TAL,01-02-2026,7.41,9.06,85,2,safety correction,8,HAND_TOOLS,SIGNAL_TEST_DEPENDENCY,SUBMITTED,TRUE
REQ03086,JOB03086,TRD,SEC_DAD_THA,30-03-2026,18.35,19.18,43,2,safety correction,3,SIGNAL_TEST_SET,ACCESS_REQUIRED,REJECTED,TRUE
REQ03087,JOB03087,TRD,SEC_KAR_KHA,13-03-2026,10.23,11.22,59,1,coordination opportunity,7,SIGNAL_TEST_SET,SIGNAL_TEST_DEPENDENCY,APPROVED,TRUE
REQ03088,JOB03088,S&T,SEC_CHI_SHI,06-02-2026,13.33,15.38,125,4,safety correction,4,TAMPER,NONE,APPROVED,TRUE
REQ03089,JOB03089,TRD,SEC_KAR_KHA,27-03-2026,9.28,11.14,106,3,overdue defect,8,OHE_TEST_KIT,ACCESS_REQUIRED,REVIEW,TRUE
REQ03090,JOB03090,TRD,SEC_MUM_DAD,03-03-2026,16.00,18.28,148,1,overdue defect,5,HAND_TOOLS,TRACTION_ISOLATION,APPROVED,TRUE
REQ03091,JOB03091,Engineering,SEC_THA_KAL,23-03-2026,15.31,17.07,96,1,preventive plan,9,LIFTING_UNIT,SIGNAL_TEST_DEPENDENCY,REVIEW,TRUE
REQ03092,JOB03092,Engineering,SEC_SHI_PUN,27-01-2026,19.39,20.24,45,4,overdue defect,9,OHE_TEST_KIT,TRACTION_ISOLATION,SUBMITTED,TRUE
REQ03093,JOB03093,S&T,SEC_SHI_PUN,19-01-2026,14.48,15.32,44,1,overdue defect,4,SIGNAL_TEST_SET,SIGNAL_TEST_DEPENDENCY,APPROVED,TRUE
REQ03094,JOB03094,S&T,SEC_KAL_KAR,21-01-2026,17.37,18.47,70,3,safety correction,8,SIGNAL_TEST_SET,NONE,APPROVED,TRUE
REQ03095,JOB03095,Engineering,SEC_CHI_SHI,17-01-2026,9.52,12.03,131,2,overdue defect,5,LIFTING_UNIT,NONE,SUBMITTED,TRUE
REQ03096,JOB03096,S&T,SEC_THA_KAL,03-03-2026,12.33,13.35,62,1,safety correction,8,HAND_TOOLS,ACCESS_REQUIRED,SUBMITTED,TRUE
REQ03097,JOB03097,S&T,SEC_DAD_THA,03-01-2026,13.41,14.54,73,1,overdue defect,6,HAND_TOOLS,TRACTION_ISOLATION,REJECTED,TRUE
REQ03098,JOB03098,TRD,SEC_DAD_THA,05-03-2026,13.39,15.42,123,1,coordination opportunity,7,TAMPER,NONE,SUBMITTED,TRUE
REQ03099,JOB03099,Engineering,SEC_DAD_THA,13-01-2026,13.35,15.39,124,4,coordination opportunity,8,LIFTING_UNIT,ACCESS_REQUIRED,SUBMITTED,TRUE
REQ03100,JOB03100,S&T,SEC_SHI_PUN,18-02-2026,11.13,12.19,66,1,preventive plan,7,SIGNAL_TEST_SET,ACCESS_REQUIRED,SUBMITTED,TRUE
REQ03101,JOB03101,S&T,SEC_KHA_LON,28-03-2026,16.20,17.17,57,1,preventive plan,7,SIGNAL_TEST_SET,TRACTION_ISOLATION,SUBMITTED,TRUE
REQ03102,JOB03102,TRD,SEC_KHA_LON,25-02-2026,19.15,21.16,121,2,preventive plan,3,OHE_TEST_KIT,TRACTION_ISOLATION,APPROVED,TRUE
REQ03103,JOB03103,Engineering,SEC_KAR_KHA,28-02-2026,8.56,9.26,30,4,overdue defect,9,TAMPER,NONE,SUBMITTED,TRUE
REQ03104,JOB03104,TRD,SEC_KAR_KHA,26-01-2026,9.46,10.50,64,3,preventive plan,6,TAMPER,NONE,REVIEW,TRUE
REQ03105,JOB03105,Engineering,SEC_MUM_DAD,02-03-2026,12.31,13.03,32,1,safety correction,9,OHE_TEST_KIT,TRACTION_ISOLATION,REVIEW,TRUE
REQ03106,JOB03106,Engineering,SEC_KHA_LON,22-02-2026,15.13,16.10,57,3,overdue defect,3,SIGNAL_TEST_SET,ACCESS_REQUIRED,SUBMITTED,TRUE
REQ03107,JOB03107,TRD,SEC_KAR_KHA,28-03-2026,13.53,15.08,75,1,preventive plan,6,HAND_TOOLS,ACCESS_REQUIRED,REJECTED,TRUE
REQ03108,JOB03108,Engineering,SEC_MUM_DAD,18-02-2026,19.07,20.00,53,1,overdue defect,5,SIGNAL_TEST_SET,ACCESS_REQUIRED,REJECTED,TRUE
REQ03109,JOB03109,S&T,SEC_KAR_KHA,29-03-2026,16.09,16.43,34,1,overdue defect,7,SIGNAL_TEST_SET,SIGNAL_TEST_DEPENDENCY,APPROVED,TRUE
REQ03110,JOB03110,Engineering,SEC_KAL_KAR,14-02-2026,10.43,11.39,56,3,safety correction,7,SIGNAL_TEST_SET,SIGNAL_TEST_DEPENDENCY,REVIEW,TRUE
REQ03111,JOB03111,Engineering,SEC_LON_TAL,11-02-2026,14.17,14.48,31,1,preventive plan,4,LIFTING_UNIT,TRACTION_ISOLATION,SUBMITTED,TRUE
REQ03112,JOB03112,Engineering,SEC_THA_KAL,05-01-2026,16.19,17.47,88,3,preventive plan,9,TAMPER,TRACTION_ISOLATION,SUBMITTED,TRUE
REQ03113,JOB03113,Engineering,SEC_KAR_KHA,25-01-2026,8.16,9.42,86,4,preventive plan,8,HAND_TOOLS,NONE,REVIEW,TRUE
REQ03114,JOB03114,Engineering,SEC_KHA_LON,08-02-2026,11.01,13.12,131,1,overdue defect,5,OHE_TEST_KIT,NONE,SUBMITTED,TRUE
REQ03115,JOB03115,Engineering,SEC_TAL_CHI,08-03-2026,9.25,10.12,47,3,safety correction,9,LIFTING_UNIT,ACCESS_REQUIRED,APPROVED,TRUE
REQ03116,JOB03116,TRD,SEC_MUM_DAD,23-01-2026,14.04,15.41,97,1,preventive plan,9,OHE_TEST_KIT,SIGNAL_TEST_DEPENDENCY,REJECTED,TRUE
REQ03117,JOB03117,TRD,SEC_DAD_THA,29-01-2026,13.12,15.15,123,3,safety correction,3,SIGNAL_TEST_SET,SIGNAL_TEST_DEPENDENCY,APPROVED,TRUE
REQ03118,JOB03118,TRD,SEC_LON_TAL,02-03-2026,10.37,12.40,123,4,coordination opportunity,10,OHE_TEST_KIT,NONE,APPROVED,TRUE
REQ03119,JOB03119,Engineering,SEC_KHA_LON,13-03-2026,17.48,19.53,125,4,coordination opportunity,7,LIFTING_UNIT,NONE,REVIEW,TRUE
REQ03120,JOB03120,TRD,SEC_MUM_DAD,17-02-2026,18.16,19.09,53,3,safety correction,7,HAND_TOOLS,NONE,SUBMITTED,TRUE
REQ03121,JOB03121,Engineering,SEC_THA_KAL,14-02-2026,14.09,15.30,81,1,overdue defect,4,HAND_TOOLS,ACCESS_REQUIRED,REVIEW,TRUE
REQ03122,JOB03122,S&T,SEC_DAD_THA,14-03-2026,6.51,8.15,84,4,safety correction,9,LIFTING_UNIT,ACCESS_REQUIRED,REVIEW,TRUE
REQ03123,JOB03123,TRD,SEC_KHA_LON,19-02-2026,18.45,20.39,114,3,safety correction,6,OHE_TEST_KIT,NONE,REVIEW,TRUE
REQ03124,JOB03124,Engineering,SEC_LON_TAL,10-02-2026,15.51,16.30,39,1,preventive plan,9,LIFTING_UNIT,ACCESS_REQUIRED,REJECTED,TRUE
REQ03125,JOB03125,S&T,SEC_KAL_KAR,24-02-2026,8.17,10.09,112,2,coordination opportunity,3,SIGNAL_TEST_SET,ACCESS_REQUIRED,APPROVED,TRUE
REQ03126,JOB03126,TRD,SEC_TAL_CHI,19-02-2026,6.52,8.42,110,3,safety correction,9,OHE_TEST_KIT,TRACTION_ISOLATION,SUBMITTED,TRUE
REQ03127,JOB03127,S&T,SEC_CHI_SHI,24-03-2026,9.31,10.41,70,4,preventive plan,6,TAMPER,SIGNAL_TEST_DEPENDENCY,REVIEW,TRUE
REQ03128,JOB03128,S&T,SEC_CHI_SHI,03-01-2026,6.02,6.39,37,3,coordination opportunity,10,SIGNAL_TEST_SET,SIGNAL_TEST_DEPENDENCY,APPROVED,TRUE
REQ03129,JOB03129,Engineering,SEC_KAR_KHA,21-01-2026,13.23,15.10,107,4,preventive plan,10,TAMPER,SIGNAL_TEST_DEPENDENCY,APPROVED,TRUE
REQ03130,JOB03130,TRD,SEC_KAR_KHA,11-02-2026,8.48,10.38,110,1,overdue defect,6,SIGNAL_TEST_SET,SIGNAL_TEST_DEPENDENCY,APPROVED,TRUE
REQ03131,JOB03131,Engineering,SEC_LON_TAL,22-03-2026,13.02,14.06,64,4,preventive plan,8,TAMPER,TRACTION_ISOLATION,REJECTED,TRUE
REQ03132,JOB03132,TRD,SEC_LON_TAL,11-02-2026,7.44,10.02,138,3,safety correction,10,OHE_TEST_KIT,ACCESS_REQUIRED,REJECTED,TRUE
REQ03133,JOB03133,TRD,SEC_MUM_DAD,04-02-2026,18.21,19.46,85,4,preventive plan,7,TAMPER,TRACTION_ISOLATION,REJECTED,TRUE
REQ03134,JOB03134,TRD,SEC_KHA_LON,02-01-2026,13.18,15.08,110,2,safety correction,4,LIFTING_UNIT,TRACTION_ISOLATION,SUBMITTED,TRUE
REQ03135,JOB03135,S&T,SEC_TAL_CHI,27-01-2026,12.45,14.09,84,3,overdue defect,10,LIFTING_UNIT,TRACTION_ISOLATION,APPROVED,TRUE
REQ03136,JOB03136,S&T,SEC_SHI_PUN,08-03-2026,19.48,21.48,120,3,coordination opportunity,7,OHE_TEST_KIT,TRACTION_ISOLATION,REJECTED,TRUE
REQ03137,JOB03137,S&T,SEC_SHI_PUN,19-02-2026,10.43,12.01,78,1,coordination opportunity,10,HAND_TOOLS,TRACTION_ISOLATION,SUBMITTED,TRUE
REQ03138,JOB03138,Engineering,SEC_KAL_KAR,09-02-2026,14.41,15.26,45,4,overdue defect,7,HAND_TOOLS,NONE,APPROVED,TRUE
REQ03139,JOB03139,Engineering,SEC_KAR_KHA,29-01-2026,9.32,11.04,92,1,coordination opportunity,8,HAND_TOOLS,ACCESS_REQUIRED,REJECTED,TRUE
REQ03140,JOB03140,Engineering,SEC_DAD_THA,25-01-2026,12.09,14.08,119,3,overdue defect,7,SIGNAL_TEST_SET,TRACTION_ISOLATION,REVIEW,TRUE
REQ03141,JOB03141,TRD,SEC_KAR_KHA,20-01-2026,14.53,15.41,48,2,safety correction,9,HAND_TOOLS,TRACTION_ISOLATION,SUBMITTED,TRUE
REQ03142,JOB03142,Engineering,SEC_KAR_KHA,02-03-2026,16.12,18.27,135,4,preventive plan,9,LIFTING_UNIT,TRACTION_ISOLATION,SUBMITTED,TRUE
REQ03143,JOB03143,TRD,SEC_MUM_DAD,20-02-2026,16.19,17.30,71,4,overdue defect,4,TAMPER,TRACTION_ISOLATION,APPROVED,TRUE
REQ03144,JOB03144,S&T,SEC_TAL_CHI,09-02-2026,9.55,11.41,106,3,safety correction,9,SIGNAL_TEST_SET,TRACTION_ISOLATION,REJECTED,TRUE
REQ03145,JOB03145,TRD,SEC_MUM_DAD,09-01-2026,17.21,18.49,88,1,preventive plan,5,SIGNAL_TEST_SET,ACCESS_REQUIRED,REVIEW,TRUE
REQ03146,JOB03146,S&T,SEC_DAD_THA,24-02-2026,8.21,10.33,132,4,coordination opportunity,10,TAMPER,TRACTION_ISOLATION,REVIEW,TRUE
REQ03147,JOB03147,S&T,SEC_DAD_THA,01-02-2026,11.33,13.23,110,1,overdue defect,7,SIGNAL_TEST_SET,NONE,REVIEW,TRUE
REQ03148,JOB03148,S&T,SEC_THA_KAL,04-03-2026,9.49,11.14,85,3,preventive plan,8,HAND_TOOLS,TRACTION_ISOLATION,SUBMITTED,TRUE
REQ03149,JOB03149,TRD,SEC_CHI_SHI,28-03-2026,10.18,11.03,45,3,preventive plan,10,OHE_TEST_KIT,ACCESS_REQUIRED,REJECTED,TRUE
REQ03150,JOB03150,TRD,SEC_CHI_SHI,01-02-2026,17.26,19.00,94,4,safety correction,9,TAMPER,ACCESS_REQUIRED,APPROVED,TRUE
REQ03151,JOB03151,TRD,SEC_TAL_CHI,03-01-2026,15.56,16.54,58,4,overdue defect,9,HAND_TOOLS,ACCESS_REQUIRED,SUBMITTED,TRUE
REQ03152,JOB03152,S&T,SEC_THA_KAL,08-01-2026,12.32,13.29,57,4,preventive plan,9,TAMPER,NONE,APPROVED,TRUE
REQ03153,JOB03153,TRD,SEC_KAL_KAR,18-02-2026,15.00,17.26,146,2,overdue defect,6,HAND_TOOLS,SIGNAL_TEST_DEPENDENCY,APPROVED,TRUE
REQ03154,JOB03154,Engineering,SEC_SHI_PUN,31-03-2026,15.11,17.10,119,2,safety correction,8,SIGNAL_TEST_SET,TRACTION_ISOLATION,REJECTED,TRUE
REQ03155,JOB03155,Engineering,SEC_KAR_KHA,01-01-2026,9.22,11.38,136,3,safety correction,9,SIGNAL_TEST_SET,TRACTION_ISOLATION,APPROVED,TRUE
REQ03156,JOB03156,TRD,SEC_KAL_KAR,27-02-2026,11.39,13.38,119,2,overdue defect,8,OHE_TEST_KIT,NONE,REVIEW,TRUE
REQ03157,JOB03157,S&T,SEC_TAL_CHI,19-02-2026,19.11,20.43,92,3,overdue defect,6,LIFTING_UNIT,SIGNAL_TEST_DEPENDENCY,REVIEW,TRUE
REQ03158,JOB03158,TRD,SEC_THA_KAL,16-03-2026,11.40,12.27,47,3,coordination opportunity,9,TAMPER,NONE,REVIEW,TRUE
REQ03159,JOB03159,S&T,SEC_TAL_CHI,05-02-2026,8.15,9.10,55,3,safety correction,10,OHE_TEST_KIT,SIGNAL_TEST_DEPENDENCY,REVIEW,TRUE
REQ03160,JOB03160,Engineering,SEC_KHA_LON,01-02-2026,6.01,6.40,39,4,coordination opportunity,3,SIGNAL_TEST_SET,TRACTION_ISOLATION,APPROVED,TRUE
REQ03161,JOB03161,Engineering,SEC_KAR_KHA,19-02-2026,13.30,14.40,70,1,safety correction,6,HAND_TOOLS,SIGNAL_TEST_DEPENDENCY,REJECTED,TRUE
REQ03162,JOB03162,TRD,SEC_DAD_THA,19-01-2026,10.32,12.41,129,4,coordination opportunity,6,HAND_TOOLS,SIGNAL_TEST_DEPENDENCY,REJECTED,TRUE
REQ03163,JOB03163,TRD,SEC_MUM_DAD,13-02-2026,18.45,20.46,121,2,coordination opportunity,7,TAMPER,ACCESS_REQUIRED,REVIEW,TRUE
REQ03164,JOB03164,S&T,SEC_MUM_DAD,15-02-2026,17.52,19.55,123,3,preventive plan,7,TAMPER,TRACTION_ISOLATION,APPROVED,TRUE
REQ03165,JOB03165,S&T,SEC_MUM_DAD,09-02-2026,7.38,9.58,140,4,coordination opportunity,9,HAND_TOOLS,TRACTION_ISOLATION,APPROVED,TRUE
REQ03166,JOB03166,Engineering,SEC_KHA_LON,23-03-2026,16.44,17.55,71,3,coordination opportunity,8,LIFTING_UNIT,SIGNAL_TEST_DEPENDENCY,REJECTED,TRUE
REQ03167,JOB03167,S&T,SEC_KHA_LON,04-02-2026,11.05,12.24,79,4,preventive plan,6,LIFTING_UNIT,NONE,REVIEW,TRUE
REQ03168,JOB03168,Engineering,SEC_KAL_KAR,02-03-2026,17.10,18.59,109,4,overdue defect,9,OHE_TEST_KIT,ACCESS_REQUIRED,SUBMITTED,TRUE
REQ03169,JOB03169,Engineering,SEC_MUM_DAD,17-02-2026,12.22,14.14,112,3,preventive plan,10,LIFTING_UNIT,NONE,REJECTED,TRUE
REQ03170,JOB03170,TRD,SEC_DAD_THA,14-02-2026,11.09,12.02,53,3,safety correction,4,HAND_TOOLS,ACCESS_REQUIRED,APPROVED,TRUE
REQ03171,JOB03171,TRD,SEC_TAL_CHI,02-02-2026,17.10,19.07,117,2,preventive plan,3,OHE_TEST_KIT,SIGNAL_TEST_DEPENDENCY,REVIEW,TRUE
REQ03172,JOB03172,Engineering,SEC_DAD_THA,18-02-2026,10.11,11.50,99,3,preventive plan,10,LIFTING_UNIT,ACCESS_REQUIRED,APPROVED,TRUE
REQ03173,JOB03173,S&T,SEC_KAL_KAR,17-03-2026,13.46,14.59,73,3,safety correction,6,LIFTING_UNIT,SIGNAL_TEST_DEPENDENCY,APPROVED,TRUE
REQ03174,JOB03174,S&T,SEC_LON_TAL,26-03-2026,18.23,20.48,145,4,coordination opportunity,6,TAMPER,NONE,APPROVED,TRUE
REQ03175,JOB03175,TRD,SEC_LON_TAL,16-02-2026,19.40,20.53,73,4,overdue defect,7,HAND_TOOLS,NONE,APPROVED,TRUE
REQ03176,JOB03176,S&T,SEC_DAD_THA,22-01-2026,16.54,18.40,106,3,safety correction,8,TAMPER,ACCESS_REQUIRED,REJECTED,TRUE
REQ03177,JOB03177,Engineering,SEC_KAR_KHA,18-02-2026,12.13,13.38,85,4,coordination opportunity,6,LIFTING_UNIT,TRACTION_ISOLATION,APPROVED,TRUE
REQ03178,JOB03178,Engineering,SEC_CHI_SHI,24-01-2026,15.26,16.20,54,1,preventive plan,8,SIGNAL_TEST_SET,ACCESS_REQUIRED,REJECTED,TRUE
REQ03179,JOB03179,S&T,SEC_CHI_SHI,27-01-2026,14.03,14.57,54,1,safety correction,4,TAMPER,ACCESS_REQUIRED,REJECTED,TRUE
REQ03180,JOB03180,Engineering,SEC_CHI_SHI,12-02-2026,17.04,19.15,131,2,safety correction,7,SIGNAL_TEST_SET,NONE,APPROVED,TRUE
REQ03181,JOB03181,Engineering,SEC_TAL_CHI,15-01-2026,10.59,13.17,138,4,safety correction,3,OHE_TEST_KIT,SIGNAL_TEST_DEPENDENCY,REVIEW,TRUE
REQ03182,JOB03182,Engineering,SEC_CHI_SHI,21-02-2026,11.51,13.35,104,3,overdue defect,4,OHE_TEST_KIT,ACCESS_REQUIRED,REJECTED,TRUE
REQ03183,JOB03183,S&T,SEC_CHI_SHI,06-03-2026,16.06,16.59,53,1,preventive plan,6,HAND_TOOLS,ACCESS_REQUIRED,REVIEW,TRUE
REQ03184,JOB03184,TRD,SEC_LON_TAL,25-02-2026,13.41,15.26,105,2,overdue defect,10,HAND_TOOLS,NONE,REVIEW,TRUE
REQ03185,JOB03185,TRD,SEC_MUM_DAD,28-03-2026,13.29,15.00,91,2,preventive plan,10,TAMPER,ACCESS_REQUIRED,REJECTED,TRUE
REQ03186,JOB03186,TRD,SEC_KHA_LON,08-03-2026,12.12,12.45,33,1,safety correction,10,HAND_TOOLS,ACCESS_REQUIRED,SUBMITTED,TRUE
REQ03187,JOB03187,TRD,SEC_CHI_SHI,26-02-2026,11.48,13.09,81,2,overdue defect,9,HAND_TOOLS,NONE,SUBMITTED,TRUE
REQ03188,JOB03188,TRD,SEC_CHI_SHI,13-03-2026,14.40,16.24,104,3,overdue defect,6,TAMPER,TRACTION_ISOLATION,REVIEW,TRUE
REQ03189,JOB03189,S&T,SEC_CHI_SHI,26-01-2026,17.41,19.29,108,2,safety correction,3,SIGNAL_TEST_SET,NONE,REJECTED,TRUE
REQ03190,JOB03190,TRD,SEC_KHA_LON,22-02-2026,13.45,14.46,61,4,safety correction,4,TAMPER,ACCESS_REQUIRED,REVIEW,TRUE
REQ03191,JOB03191,Engineering,SEC_CHI_SHI,14-03-2026,14.23,15.39,76,3,coordination opportunity,6,TAMPER,SIGNAL_TEST_DEPENDENCY,SUBMITTED,TRUE
REQ03192,JOB03192,TRD,SEC_DAD_THA,11-01-2026,17.31,19.41,130,1,overdue defect,6,LIFTING_UNIT,TRACTION_ISOLATION,SUBMITTED,TRUE
REQ03193,JOB03193,S&T,SEC_MUM_DAD,06-02-2026,19.56,21.29,93,3,preventive plan,6,LIFTING_UNIT,ACCESS_REQUIRED,REVIEW,TRUE
REQ03194,JOB03194,Engineering,SEC_KAR_KHA,23-01-2026,17.20,18.25,65,1,preventive plan,8,OHE_TEST_KIT,ACCESS_REQUIRED,SUBMITTED,TRUE
REQ03195,JOB03195,S&T,SEC_DAD_THA,28-02-2026,8.12,10.26,134,4,coordination opportunity,6,SIGNAL_TEST_SET,TRACTION_ISOLATION,APPROVED,TRUE
REQ03196,JOB03196,TRD,SEC_DAD_THA,17-03-2026,7.46,9.23,97,3,preventive plan,9,LIFTING_UNIT,NONE,REJECTED,TRUE
REQ03197,JOB03197,Engineering,SEC_KAR_KHA,20-01-2026,13.17,14.10,53,2,overdue defect,7,TAMPER,TRACTION_ISOLATION,REJECTED,TRUE
REQ03198,JOB03198,S&T,SEC_MUM_DAD,05-02-2026,18.34,20.37,123,4,coordination opportunity,4,OHE_TEST_KIT,SIGNAL_TEST_DEPENDENCY,SUBMITTED,TRUE
REQ03199,JOB03199,TRD,SEC_MUM_DAD,13-01-2026,10.00,11.26,86,3,preventive plan,8,TAMPER,NONE,APPROVED,TRUE
REQ03200,JOB03200,TRD,SEC_THA_KAL,05-03-2026,19.21,20.47,86,1,overdue defect,6,OHE_TEST_KIT,NONE,REVIEW,TRUE
REQ03201,JOB03201,Engineering,SEC_DAD_THA,22-03-2026,16.00,17.19,79,4,preventive plan,7,SIGNAL_TEST_SET,SIGNAL_TEST_DEPENDENCY,REVIEW,TRUE
REQ03202,JOB03202,Engineering,SEC_DAD_THA,08-02-2026,6.08,6.57,49,4,coordination opportunity,3,SIGNAL_TEST_SET,ACCESS_REQUIRED,REVIEW,TRUE
REQ03203,JOB03203,TRD,SEC_CHI_SHI,11-01-2026,14.46,15.26,40,3,coordination opportunity,7,HAND_TOOLS,SIGNAL_TEST_DEPENDENCY,REJECTED,TRUE
REQ03204,JOB03204,S&T,SEC_TAL_CHI,10-01-2026,18.59,20.56,117,2,preventive plan,8,OHE_TEST_KIT,TRACTION_ISOLATION,REJECTED,TRUE
REQ03205,JOB03205,S&T,SEC_MUM_DAD,15-03-2026,16.39,17.54,75,2,coordination opportunity,6,SIGNAL_TEST_SET,ACCESS_REQUIRED,SUBMITTED,TRUE
REQ03206,JOB03206,S&T,SEC_MUM_DAD,02-03-2026,6.47,8.39,112,1,preventive plan,5,LIFTING_UNIT,SIGNAL_TEST_DEPENDENCY,REJECTED,TRUE
REQ03207,JOB03207,S&T,SEC_MUM_DAD,08-03-2026,13.11,15.25,134,2,preventive plan,4,HAND_TOOLS,SIGNAL_TEST_DEPENDENCY,APPROVED,TRUE
REQ03208,JOB03208,Engineering,SEC_LON_TAL,06-02-2026,16.46,17.20,34,2,overdue defect,3,OHE_TEST_KIT,ACCESS_REQUIRED,REVIEW,TRUE
REQ03209,JOB03209,TRD,SEC_CHI_SHI,09-03-2026,11.27,12.08,41,4,coordination opportunity,5,HAND_TOOLS,NONE,SUBMITTED,TRUE
REQ03210,JOB03210,Engineering,SEC_SHI_PUN,12-02-2026,18.49,20.13,84,3,overdue defect,6,SIGNAL_TEST_SET,ACCESS_REQUIRED,REVIEW,TRUE
REQ03211,JOB03211,S&T,SEC_DAD_THA,14-03-2026,10.16,11.41,85,1,coordination opportunity,3,SIGNAL_TEST_SET,TRACTION_ISOLATION,APPROVED,TRUE
REQ03212,JOB03212,S&T,SEC_THA_KAL,22-01-2026,10.10,11.24,74,1,preventive plan,6,TAMPER,NONE,REVIEW,TRUE
REQ03213,JOB03213,TRD,SEC_DAD_THA,12-03-2026,6.40,8.14,94,4,preventive plan,5,LIFTING_UNIT,SIGNAL_TEST_DEPENDENCY,REVIEW,TRUE
REQ03214,JOB03214,TRD,SEC_TAL_CHI,29-01-2026,15.18,16.50,92,1,coordination opportunity,3,HAND_TOOLS,TRACTION_ISOLATION,REJECTED,TRUE
REQ03215,JOB03215,Engineering,SEC_LON_TAL,17-02-2026,7.59,8.30,31,2,preventive plan,6,HAND_TOOLS,SIGNAL_TEST_DEPENDENCY,REVIEW,TRUE
REQ03216,JOB03216,TRD,SEC_SHI_PUN,15-01-2026,7.34,8.43,69,4,safety correction,5,TAMPER,TRACTION_ISOLATION,REJECTED,TRUE
REQ03217,JOB03217,TRD,SEC_TAL_CHI,01-03-2026,18.03,19.18,75,2,preventive plan,3,TAMPER,TRACTION_ISOLATION,REVIEW,TRUE
REQ03218,JOB03218,TRD,SEC_DAD_THA,15-01-2026,16.23,18.23,120,2,overdue defect,9,HAND_TOOLS,NONE,SUBMITTED,TRUE
REQ03219,JOB03219,Engineering,SEC_THA_KAL,13-02-2026,11.33,12.21,48,2,overdue defect,6,SIGNAL_TEST_SET,NONE,REJECTED,TRUE
REQ03220,JOB03220,Engineering,SEC_KAR_KHA,13-03-2026,6.33,9.02,149,4,coordination opportunity,10,TAMPER,TRACTION_ISOLATION,APPROVED,TRUE
REQ03221,JOB03221,S&T,SEC_KAL_KAR,13-01-2026,8.20,9.08,48,4,overdue defect,4,OHE_TEST_KIT,NONE,APPROVED,TRUE
REQ03222,JOB03222,S&T,SEC_THA_KAL,05-02-2026,17.14,19.09,115,4,safety correction,3,OHE_TEST_KIT,TRACTION_ISOLATION,SUBMITTED,TRUE
REQ03223,JOB03223,S&T,SEC_MUM_DAD,03-02-2026,14.16,16.28,132,3,coordination opportunity,8,SIGNAL_TEST_SET,NONE,SUBMITTED,TRUE
REQ03224,JOB03224,TRD,SEC_THA_KAL,21-01-2026,17.00,17.52,52,2,overdue defect,10,HAND_TOOLS,ACCESS_REQUIRED,SUBMITTED,TRUE
REQ03225,JOB03225,S&T,SEC_TAL_CHI,27-02-2026,11.23,13.35,132,4,coordination opportunity,6,HAND_TOOLS,TRACTION_ISOLATION,REVIEW,TRUE
REQ03226,JOB03226,S&T,SEC_KAR_KHA,04-02-2026,15.09,16.03,54,1,coordination opportunity,5,TAMPER,ACCESS_REQUIRED,SUBMITTED,TRUE
REQ03227,JOB03227,TRD,SEC_MUM_DAD,15-01-2026,15.18,17.14,116,3,safety correction,8,LIFTING_UNIT,NONE,APPROVED,TRUE
REQ03228,JOB03228,Engineering,SEC_TAL_CHI,25-02-2026,6.05,8.09,124,3,coordination opportunity,10,LIFTING_UNIT,TRACTION_ISOLATION,APPROVED,TRUE
REQ03229,JOB03229,S&T,SEC_KAR_KHA,08-01-2026,9.26,10.24,58,2,safety correction,6,OHE_TEST_KIT,NONE,SUBMITTED,TRUE
REQ03230,JOB03230,TRD,SEC_KHA_LON,13-02-2026,6.13,7.07,54,2,preventive plan,7,SIGNAL_TEST_SET,ACCESS_REQUIRED,REVIEW,TRUE
REQ03231,JOB03231,Engineering,SEC_KHA_LON,10-03-2026,14.00,15.17,77,1,overdue defect,3,HAND_TOOLS,TRACTION_ISOLATION,SUBMITTED,TRUE
REQ03232,JOB03232,S&T,SEC_CHI_SHI,30-03-2026,9.47,10.47,60,2,coordination opportunity,8,SIGNAL_TEST_SET,SIGNAL_TEST_DEPENDENCY,REVIEW,TRUE
REQ03233,JOB03233,S&T,SEC_TAL_CHI,16-02-2026,16.24,18.10,106,2,preventive plan,6,SIGNAL_TEST_SET,SIGNAL_TEST_DEPENDENCY,REVIEW,TRUE
REQ03234,JOB03234,S&T,SEC_KAR_KHA,29-01-2026,15.06,17.22,136,2,overdue defect,6,LIFTING_UNIT,TRACTION_ISOLATION,APPROVED,TRUE
REQ03235,JOB03235,S&T,SEC_SHI_PUN,11-03-2026,8.36,10.01,85,4,overdue defect,8,SIGNAL_TEST_SET,ACCESS_REQUIRED,REJECTED,TRUE
REQ03236,JOB03236,Engineering,SEC_KAL_KAR,28-01-2026,9.48,11.15,87,2,safety correction,3,OHE_TEST_KIT,TRACTION_ISOLATION,APPROVED,TRUE
REQ03237,JOB03237,S&T,SEC_KAR_KHA,13-02-2026,16.21,17.44,83,2,overdue defect,9,SIGNAL_TEST_SET,ACCESS_REQUIRED,REVIEW,TRUE
REQ03238,JOB03238,Engineering,SEC_LON_TAL,06-01-2026,6.57,7.52,55,1,coordination opportunity,9,TAMPER,NONE,APPROVED,TRUE
REQ03239,JOB03239,TRD,SEC_THA_KAL,17-01-2026,17.27,18.59,92,4,preventive plan,3,HAND_TOOLS,TRACTION_ISOLATION,REJECTED,TRUE
REQ03240,JOB03240,Engineering,SEC_TAL_CHI,29-01-2026,7.27,9.02,95,4,coordination opportunity,4,HAND_TOOLS,SIGNAL_TEST_DEPENDENCY,REJECTED,TRUE
REQ03241,JOB03241,S&T,SEC_TAL_CHI,20-01-2026,19.56,21.26,90,3,coordination opportunity,9,OHE_TEST_KIT,NONE,REVIEW,TRUE
REQ03242,JOB03242,TRD,SEC_KAR_KHA,10-01-2026,10.12,12.11,119,1,coordination opportunity,10,TAMPER,ACCESS_REQUIRED,SUBMITTED,TRUE
REQ03243,JOB03243,Engineering,SEC_DAD_THA,06-03-2026,19.33,20.26,53,4,overdue defect,7,LIFTING_UNIT,SIGNAL_TEST_DEPENDENCY,APPROVED,TRUE
REQ03244,JOB03244,S&T,SEC_TAL_CHI,26-03-2026,7.50,9.40,110,4,safety correction,7,LIFTING_UNIT,TRACTION_ISOLATION,REJECTED,TRUE
REQ03245,JOB03245,TRD,SEC_DAD_THA,20-02-2026,14.40,15.14,34,2,preventive plan,5,OHE_TEST_KIT,TRACTION_ISOLATION,APPROVED,TRUE
REQ03246,JOB03246,Engineering,SEC_CHI_SHI,15-01-2026,16.59,19.17,138,3,preventive plan,3,TAMPER,NONE,REVIEW,TRUE
REQ03247,JOB03247,Engineering,SEC_KAL_KAR,24-02-2026,16.53,19.16,143,3,safety correction,5,TAMPER,NONE,REVIEW,TRUE
REQ03248,JOB03248,S&T,SEC_KAR_KHA,23-01-2026,10.16,11.22,66,4,overdue defect,9,OHE_TEST_KIT,ACCESS_REQUIRED,SUBMITTED,TRUE
REQ03249,JOB03249,TRD,SEC_DAD_THA,29-01-2026,7.04,7.57,53,2,overdue defect,7,TAMPER,SIGNAL_TEST_DEPENDENCY,APPROVED,TRUE
REQ03250,JOB03250,Engineering,SEC_DAD_THA,03-01-2026,13.30,14.25,55,1,preventive plan,6,SIGNAL_TEST_SET,ACCESS_REQUIRED,REJECTED,TRUE
REQ03251,JOB03251,S&T,SEC_THA_KAL,01-03-2026,10.44,11.48,64,4,overdue defect,7,HAND_TOOLS,TRACTION_ISOLATION,SUBMITTED,TRUE
REQ03252,JOB03252,S&T,SEC_DAD_THA,15-02-2026,17.02,19.17,135,1,overdue defect,4,TAMPER,ACCESS_REQUIRED,SUBMITTED,TRUE
REQ03253,JOB03253,Engineering,SEC_SHI_PUN,28-01-2026,11.41,13.17,96,3,preventive plan,9,HAND_TOOLS,SIGNAL_TEST_DEPENDENCY,APPROVED,TRUE
REQ03254,JOB03254,Engineering,SEC_THA_KAL,22-03-2026,8.01,10.26,145,1,coordination opportunity,3,TAMPER,NONE,REVIEW,TRUE
REQ03255,JOB03255,Engineering,SEC_KAR_KHA,15-01-2026,8.19,10.04,105,2,safety correction,8,SIGNAL_TEST_SET,NONE,REJECTED,TRUE
REQ03256,JOB03256,Engineering,SEC_THA_KAL,25-01-2026,9.20,11.11,111,1,preventive plan,9,SIGNAL_TEST_SET,NONE,REJECTED,TRUE
REQ03257,JOB03257,Engineering,SEC_MUM_DAD,05-01-2026,14.22,15.14,52,4,overdue defect,9,SIGNAL_TEST_SET,ACCESS_REQUIRED,SUBMITTED,TRUE
REQ03258,JOB03258,TRD,SEC_KHA_LON,26-01-2026,18.09,19.16,67,2,overdue defect,9,OHE_TEST_KIT,TRACTION_ISOLATION,SUBMITTED,TRUE
REQ03259,JOB03259,S&T,SEC_KAL_KAR,05-03-2026,17.40,19.44,124,2,preventive plan,8,OHE_TEST_KIT,ACCESS_REQUIRED,SUBMITTED,TRUE
REQ03260,JOB03260,S&T,SEC_MUM_DAD,27-03-2026,13.28,14.03,35,1,coordination opportunity,10,TAMPER,SIGNAL_TEST_DEPENDENCY,REVIEW,TRUE
REQ03261,JOB03261,S&T,SEC_THA_KAL,25-01-2026,16.02,17.24,82,2,preventive plan,5,SIGNAL_TEST_SET,ACCESS_REQUIRED,APPROVED,TRUE
REQ03262,JOB03262,S&T,SEC_THA_KAL,07-02-2026,6.55,7.32,37,2,overdue defect,7,LIFTING_UNIT,SIGNAL_TEST_DEPENDENCY,SUBMITTED,TRUE
REQ03263,JOB03263,S&T,SEC_MUM_DAD,01-01-2026,10.35,12.05,90,3,overdue defect,9,OHE_TEST_KIT,NONE,REJECTED,TRUE
REQ03264,JOB03264,S&T,SEC_TAL_CHI,03-02-2026,10.57,12.50,113,4,safety correction,3,HAND_TOOLS,NONE,REVIEW,TRUE
REQ03265,JOB03265,Engineering,SEC_KHA_LON,06-01-2026,13.51,16.08,137,3,preventive plan,4,HAND_TOOLS,ACCESS_REQUIRED,SUBMITTED,TRUE
REQ03266,JOB03266,TRD,SEC_KHA_LON,19-01-2026,18.41,20.52,131,1,preventive plan,10,HAND_TOOLS,SIGNAL_TEST_DEPENDENCY,APPROVED,TRUE
REQ03267,JOB03267,Engineering,SEC_KHA_LON,19-01-2026,17.55,18.29,34,4,coordination opportunity,8,SIGNAL_TEST_SET,ACCESS_REQUIRED,APPROVED,TRUE
REQ03268,JOB03268,TRD,SEC_THA_KAL,06-03-2026,15.55,16.53,58,2,coordination opportunity,3,HAND_TOOLS,ACCESS_REQUIRED,REJECTED,TRUE
REQ03269,JOB03269,Engineering,SEC_LON_TAL,09-01-2026,12.38,15.08,150,3,coordination opportunity,10,HAND_TOOLS,ACCESS_REQUIRED,REVIEW,TRUE
REQ03270,JOB03270,Engineering,SEC_THA_KAL,17-01-2026,8.30,9.14,44,2,preventive plan,5,SIGNAL_TEST_SET,SIGNAL_TEST_DEPENDENCY,APPROVED,TRUE
REQ03271,JOB03271,Engineering,SEC_CHI_SHI,18-03-2026,7.02,7.34,32,2,coordination opportunity,9,SIGNAL_TEST_SET,SIGNAL_TEST_DEPENDENCY,REJECTED,TRUE
REQ03272,JOB03272,Engineering,SEC_SHI_PUN,01-02-2026,7.16,9.32,136,3,coordination opportunity,8,SIGNAL_TEST_SET,SIGNAL_TEST_DEPENDENCY,APPROVED,TRUE
REQ03273,JOB03273,S&T,SEC_SHI_PUN,10-01-2026,13.05,15.04,119,2,preventive plan,9,SIGNAL_TEST_SET,NONE,REVIEW,TRUE
REQ03274,JOB03274,TRD,SEC_DAD_THA,25-03-2026,12.34,13.49,75,1,safety correction,7,SIGNAL_TEST_SET,ACCESS_REQUIRED,REVIEW,TRUE
REQ03275,JOB03275,S&T,SEC_KAR_KHA,26-03-2026,12.06,12.51,45,1,overdue defect,4,LIFTING_UNIT,ACCESS_REQUIRED,REJECTED,TRUE
REQ03276,JOB03276,Engineering,SEC_TAL_CHI,27-02-2026,7.10,8.19,69,2,safety correction,9,HAND_TOOLS,TRACTION_ISOLATION,REJECTED,TRUE
REQ03277,JOB03277,TRD,SEC_SHI_PUN,11-03-2026,19.19,20.59,100,3,coordination opportunity,10,OHE_TEST_KIT,NONE,APPROVED,TRUE
REQ03278,JOB03278,Engineering,SEC_KHA_LON,28-01-2026,13.32,15.03,91,3,coordination opportunity,5,SIGNAL_TEST_SET,NONE,REJECTED,TRUE
REQ03279,JOB03279,TRD,SEC_KHA_LON,19-03-2026,16.35,18.06,91,3,coordination opportunity,6,LIFTING_UNIT,NONE,SUBMITTED,TRUE
REQ03280,JOB03280,S&T,SEC_THA_KAL,24-03-2026,9.43,10.35,52,2,overdue defect,7,HAND_TOOLS,NONE,REVIEW,TRUE
REQ03281,JOB03281,TRD,SEC_THA_KAL,21-01-2026,12.58,14.17,79,4,overdue defect,3,LIFTING_UNIT,ACCESS_REQUIRED,SUBMITTED,TRUE
REQ03282,JOB03282,Engineering,SEC_KHA_LON,17-01-2026,7.56,8.56,60,1,overdue defect,10,TAMPER,SIGNAL_TEST_DEPENDENCY,APPROVED,TRUE
REQ03283,JOB03283,Engineering,SEC_KHA_LON,07-02-2026,11.16,13.08,112,2,safety correction,8,SIGNAL_TEST_SET,NONE,REJECTED,TRUE
REQ03284,JOB03284,Engineering,SEC_DAD_THA,15-03-2026,10.20,11.54,94,3,coordination opportunity,9,TAMPER,ACCESS_REQUIRED,REVIEW,TRUE
REQ03285,JOB03285,TRD,SEC_TAL_CHI,13-02-2026,13.56,16.12,136,2,coordination opportunity,7,TAMPER,TRACTION_ISOLATION,REJECTED,TRUE
REQ03286,JOB03286,TRD,SEC_SHI_PUN,06-02-2026,18.06,19.02,56,4,preventive plan,5,TAMPER,ACCESS_REQUIRED,SUBMITTED,TRUE
REQ03287,JOB03287,Engineering,SEC_LON_TAL,17-01-2026,15.09,16.13,64,2,preventive plan,5,TAMPER,SIGNAL_TEST_DEPENDENCY,REJECTED,TRUE
REQ03288,JOB03288,TRD,SEC_MUM_DAD,05-02-2026,6.01,8.19,138,1,preventive plan,8,HAND_TOOLS,NONE,APPROVED,TRUE
REQ03289,JOB03289,S&T,SEC_LON_TAL,20-03-2026,9.13,10.36,83,3,preventive plan,3,OHE_TEST_KIT,SIGNAL_TEST_DEPENDENCY,APPROVED,TRUE
REQ03290,JOB03290,TRD,SEC_DAD_THA,06-02-2026,6.50,8.43,113,3,overdue defect,8,TAMPER,ACCESS_REQUIRED,APPROVED,TRUE
REQ03291,JOB03291,Engineering,SEC_LON_TAL,26-01-2026,13.09,13.39,30,2,preventive plan,6,SIGNAL_TEST_SET,NONE,SUBMITTED,TRUE
REQ03292,JOB03292,TRD,SEC_KAL_KAR,31-01-2026,19.06,20.45,99,1,overdue defect,5,OHE_TEST_KIT,ACCESS_REQUIRED,SUBMITTED,TRUE
REQ03293,JOB03293,TRD,SEC_MUM_DAD,13-03-2026,16.19,16.49,30,2,preventive plan,7,HAND_TOOLS,ACCESS_REQUIRED,SUBMITTED,TRUE
REQ03294,JOB03294,S&T,SEC_SHI_PUN,21-01-2026,14.41,15.27,46,2,preventive plan,3,LIFTING_UNIT,ACCESS_REQUIRED,REVIEW,TRUE
REQ03295,JOB03295,Engineering,SEC_THA_KAL,18-03-2026,7.40,9.43,123,4,safety correction,9,OHE_TEST_KIT,NONE,APPROVED,TRUE
REQ03296,JOB03296,TRD,SEC_KAL_KAR,16-02-2026,6.38,7.14,36,3,overdue defect,4,LIFTING_UNIT,SIGNAL_TEST_DEPENDENCY,REJECTED,TRUE
REQ03297,JOB03297,TRD,SEC_LON_TAL,28-02-2026,17.10,17.54,44,2,preventive plan,10,LIFTING_UNIT,TRACTION_ISOLATION,APPROVED,TRUE
REQ03298,JOB03298,TRD,SEC_MUM_DAD,12-02-2026,11.41,13.16,95,2,safety correction,10,SIGNAL_TEST_SET,ACCESS_REQUIRED,REJECTED,TRUE
REQ03299,JOB03299,S&T,SEC_SHI_PUN,03-03-2026,11.20,12.38,78,2,overdue defect,9,TAMPER,ACCESS_REQUIRED,REJECTED,TRUE
REQ03300,JOB03300,Engineering,SEC_LON_TAL,04-02-2026,10.54,12.38,104,3,overdue defect,5,SIGNAL_TEST_SET,ACCESS_REQUIRED,SUBMITTED,TRUE
REQ03301,JOB03301,S&T,SEC_TAL_CHI,05-02-2026,11.04,12.27,83,4,preventive plan,4,HAND_TOOLS,SIGNAL_TEST_DEPENDENCY,SUBMITTED,TRUE
REQ03302,JOB03302,S&T,SEC_TAL_CHI,23-03-2026,11.19,12.54,95,1,overdue defect,5,TAMPER,ACCESS_REQUIRED,APPROVED,TRUE
REQ03303,JOB03303,S&T,SEC_DAD_THA,29-03-2026,13.23,14.56,93,1,preventive plan,6,LIFTING_UNIT,ACCESS_REQUIRED,REVIEW,TRUE
REQ03304,JOB03304,TRD,SEC_KAL_KAR,09-01-2026,14.41,16.44,123,2,preventive plan,9,HAND_TOOLS,SIGNAL_TEST_DEPENDENCY,REVIEW,TRUE
REQ03305,JOB03305,Engineering,SEC_KAR_KHA,06-03-2026,8.18,9.01,43,1,coordination opportunity,8,HAND_TOOLS,TRACTION_ISOLATION,APPROVED,TRUE
REQ03306,JOB03306,TRD,SEC_MUM_DAD,17-02-2026,10.00,12.30,150,3,preventive plan,3,TAMPER,SIGNAL_TEST_DEPENDENCY,APPROVED,TRUE
REQ03307,JOB03307,TRD,SEC_DAD_THA,28-03-2026,9.42,11.15,93,1,overdue defect,9,SIGNAL_TEST_SET,SIGNAL_TEST_DEPENDENCY,REJECTED,TRUE
REQ03308,JOB03308,TRD,SEC_LON_TAL,25-01-2026,14.26,15.35,69,4,preventive plan,7,TAMPER,ACCESS_REQUIRED,APPROVED,TRUE
REQ03309,JOB03309,S&T,SEC_THA_KAL,18-01-2026,9.49,10.52,63,3,preventive plan,5,LIFTING_UNIT,NONE,SUBMITTED,TRUE
REQ03310,JOB03310,TRD,SEC_KAR_KHA,13-02-2026,18.33,20.47,134,3,overdue defect,7,OHE_TEST_KIT,NONE,REVIEW,TRUE
REQ03311,JOB03311,Engineering,SEC_MUM_DAD,09-03-2026,13.45,15.00,75,4,coordination opportunity,10,LIFTING_UNIT,NONE,APPROVED,TRUE
REQ03312,JOB03312,TRD,SEC_THA_KAL,14-01-2026,17.50,19.49,119,2,coordination opportunity,5,LIFTING_UNIT,NONE,APPROVED,TRUE
REQ03313,JOB03313,TRD,SEC_CHI_SHI,06-01-2026,11.10,12.30,80,2,safety correction,4,OHE_TEST_KIT,SIGNAL_TEST_DEPENDENCY,REVIEW,TRUE
REQ03314,JOB03314,TRD,SEC_THA_KAL,17-03-2026,15.10,17.29,139,4,coordination opportunity,4,OHE_TEST_KIT,NONE,REVIEW,TRUE
REQ03315,JOB03315,Engineering,SEC_KHA_LON,16-02-2026,9.36,11.28,112,4,preventive plan,10,HAND_TOOLS,TRACTION_ISOLATION,REVIEW,TRUE
REQ03316,JOB03316,Engineering,SEC_MUM_DAD,30-01-2026,9.54,12.05,131,3,safety correction,7,TAMPER,NONE,APPROVED,TRUE
REQ03317,JOB03317,TRD,SEC_KAL_KAR,23-03-2026,18.38,19.30,52,2,overdue defect,4,OHE_TEST_KIT,ACCESS_REQUIRED,SUBMITTED,TRUE
REQ03318,JOB03318,TRD,SEC_THA_KAL,19-01-2026,8.51,11.02,131,2,overdue defect,6,HAND_TOOLS,ACCESS_REQUIRED,REJECTED,TRUE
REQ03319,JOB03319,S&T,SEC_SHI_PUN,08-02-2026,14.50,16.54,124,3,preventive plan,5,LIFTING_UNIT,TRACTION_ISOLATION,REJECTED,TRUE
REQ03320,JOB03320,Engineering,SEC_KAR_KHA,30-03-2026,11.58,12.52,54,1,overdue defect,5,HAND_TOOLS,SIGNAL_TEST_DEPENDENCY,REJECTED,TRUE
REQ03321,JOB03321,Engineering,SEC_LON_TAL,04-02-2026,7.21,9.12,111,4,coordination opportunity,10,HAND_TOOLS,SIGNAL_TEST_DEPENDENCY,REVIEW,TRUE
REQ03322,JOB03322,Engineering,SEC_LON_TAL,10-03-2026,12.42,14.23,101,4,safety correction,8,OHE_TEST_KIT,SIGNAL_TEST_DEPENDENCY,APPROVED,TRUE
REQ03323,JOB03323,S&T,SEC_KAL_KAR,07-02-2026,17.02,17.56,54,2,safety correction,8,HAND_TOOLS,ACCESS_REQUIRED,SUBMITTED,TRUE
REQ03324,JOB03324,TRD,SEC_DAD_THA,10-02-2026,16.58,18.24,86,2,safety correction,9,OHE_TEST_KIT,TRACTION_ISOLATION,REVIEW,TRUE
REQ03325,JOB03325,Engineering,SEC_THA_KAL,22-01-2026,12.50,15.18,148,2,safety correction,3,SIGNAL_TEST_SET,SIGNAL_TEST_DEPENDENCY,SUBMITTED,TRUE
REQ03326,JOB03326,Engineering,SEC_CHI_SHI,08-03-2026,12.23,13.26,63,1,preventive plan,3,OHE_TEST_KIT,TRACTION_ISOLATION,REVIEW,TRUE
REQ03327,JOB03327,S&T,SEC_KHA_LON,13-02-2026,10.54,12.33,99,3,coordination opportunity,5,OHE_TEST_KIT,NONE,SUBMITTED,TRUE
REQ03328,JOB03328,TRD,SEC_MUM_DAD,06-02-2026,9.36,11.17,101,4,coordination opportunity,3,OHE_TEST_KIT,SIGNAL_TEST_DEPENDENCY,REVIEW,TRUE
REQ03329,JOB03329,Engineering,SEC_KAR_KHA,25-01-2026,11.35,12.46,71,4,preventive plan,5,OHE_TEST_KIT,SIGNAL_TEST_DEPENDENCY,REVIEW,TRUE
REQ03330,JOB03330,Engineering,SEC_KAL_KAR,13-02-2026,17.16,19.13,117,2,overdue defect,10,LIFTING_UNIT,TRACTION_ISOLATION,SUBMITTED,TRUE
REQ03331,JOB03331,TRD,SEC_KAR_KHA,21-02-2026,6.07,7.48,101,2,overdue defect,6,OHE_TEST_KIT,TRACTION_ISOLATION,SUBMITTED,TRUE
REQ03332,JOB03332,TRD,SEC_CHI_SHI,19-02-2026,8.13,9.30,77,4,safety correction,9,SIGNAL_TEST_SET,TRACTION_ISOLATION,APPROVED,TRUE
REQ03333,JOB03333,TRD,SEC_KAL_KAR,22-02-2026,9.52,11.12,80,3,safety correction,6,HAND_TOOLS,ACCESS_REQUIRED,SUBMITTED,TRUE
REQ03334,JOB03334,S&T,SEC_MUM_DAD,13-01-2026,13.15,15.29,134,3,preventive plan,7,OHE_TEST_KIT,NONE,SUBMITTED,TRUE
REQ03335,JOB03335,TRD,SEC_KAL_KAR,09-01-2026,17.33,18.51,78,1,coordination opportunity,9,HAND_TOOLS,SIGNAL_TEST_DEPENDENCY,REVIEW,TRUE
REQ03336,JOB03336,Engineering,SEC_KAR_KHA,10-03-2026,18.21,20.20,119,3,safety correction,6,SIGNAL_TEST_SET,ACCESS_REQUIRED,REJECTED,TRUE
REQ03337,JOB03337,S&T,SEC_SHI_PUN,18-01-2026,12.41,14.01,80,1,preventive plan,8,OHE_TEST_KIT,SIGNAL_TEST_DEPENDENCY,REVIEW,TRUE
REQ03338,JOB03338,S&T,SEC_THA_KAL,16-01-2026,6.46,9.07,141,1,preventive plan,8,OHE_TEST_KIT,ACCESS_REQUIRED,APPROVED,TRUE
REQ03339,JOB03339,Engineering,SEC_THA_KAL,05-03-2026,16.44,18.17,93,3,preventive plan,6,OHE_TEST_KIT,ACCESS_REQUIRED,SUBMITTED,TRUE
REQ03340,JOB03340,S&T,SEC_MUM_DAD,05-03-2026,7.25,8.27,62,3,coordination opportunity,5,LIFTING_UNIT,NONE,SUBMITTED,TRUE
REQ03341,JOB03341,S&T,SEC_DAD_THA,31-03-2026,11.54,14.10,136,3,overdue defect,3,OHE_TEST_KIT,ACCESS_REQUIRED,SUBMITTED,TRUE
REQ03342,JOB03342,TRD,SEC_KAR_KHA,03-02-2026,19.57,20.29,32,3,overdue defect,3,HAND_TOOLS,TRACTION_ISOLATION,APPROVED,TRUE
REQ03343,JOB03343,Engineering,SEC_LON_TAL,03-03-2026,19.02,20.27,85,1,safety correction,6,OHE_TEST_KIT,TRACTION_ISOLATION,APPROVED,TRUE
REQ03344,JOB03344,S&T,SEC_TAL_CHI,31-03-2026,14.14,16.19,125,2,safety correction,10,OHE_TEST_KIT,NONE,REVIEW,TRUE
REQ03345,JOB03345,Engineering,SEC_KHA_LON,24-02-2026,16.11,18.13,122,2,coordination opportunity,8,HAND_TOOLS,NONE,APPROVED,TRUE
REQ03346,JOB03346,S&T,SEC_KAL_KAR,17-03-2026,11.48,12.41,53,4,safety correction,7,TAMPER,NONE,SUBMITTED,TRUE
REQ03347,JOB03347,S&T,SEC_KAR_KHA,28-03-2026,11.46,13.56,130,1,safety correction,4,TAMPER,SIGNAL_TEST_DEPENDENCY,SUBMITTED,TRUE
REQ03348,JOB03348,Engineering,SEC_TAL_CHI,10-02-2026,11.01,13.13,132,1,safety correction,3,HAND_TOOLS,NONE,REVIEW,TRUE
REQ03349,JOB03349,S&T,SEC_LON_TAL,31-01-2026,11.10,12.17,67,3,preventive plan,5,OHE_TEST_KIT,NONE,APPROVED,TRUE
REQ03350,JOB03350,S&T,SEC_TAL_CHI,03-03-2026,8.36,10.05,89,2,safety correction,7,TAMPER,ACCESS_REQUIRED,REJECTED,TRUE
REQ03351,JOB03351,Engineering,SEC_CHI_SHI,10-02-2026,18.31,20.13,102,3,coordination opportunity,5,TAMPER,ACCESS_REQUIRED,REJECTED,TRUE
REQ03352,JOB03352,Engineering,SEC_DAD_THA,10-02-2026,7.05,7.57,52,4,preventive plan,6,TAMPER,NONE,REJECTED,TRUE
REQ03353,JOB03353,TRD,SEC_TAL_CHI,27-01-2026,7.02,7.36,34,3,preventive plan,5,OHE_TEST_KIT,ACCESS_REQUIRED,REJECTED,TRUE
REQ03354,JOB03354,S&T,SEC_KHA_LON,28-01-2026,7.39,9.39,120,3,safety correction,9,TAMPER,TRACTION_ISOLATION,REJECTED,TRUE
REQ03355,JOB03355,Engineering,SEC_DAD_THA,06-03-2026,6.19,6.59,40,3,overdue defect,7,SIGNAL_TEST_SET,TRACTION_ISOLATION,APPROVED,TRUE
REQ03356,JOB03356,Engineering,SEC_TAL_CHI,18-01-2026,10.00,11.15,75,1,coordination opportunity,5,LIFTING_UNIT,ACCESS_REQUIRED,REJECTED,TRUE
REQ03357,JOB03357,Engineering,SEC_CHI_SHI,02-02-2026,9.31,10.17,46,1,coordination opportunity,3,HAND_TOOLS,ACCESS_REQUIRED,REJECTED,TRUE
REQ03358,JOB03358,TRD,SEC_MUM_DAD,04-01-2026,8.32,9.38,66,2,preventive plan,7,LIFTING_UNIT,SIGNAL_TEST_DEPENDENCY,REJECTED,TRUE
REQ03359,JOB03359,Engineering,SEC_KHA_LON,28-01-2026,14.14,15.08,54,1,preventive plan,10,OHE_TEST_KIT,NONE,APPROVED,TRUE
REQ03360,JOB03360,S&T,SEC_KAL_KAR,03-01-2026,18.03,19.17,74,4,coordination opportunity,5,LIFTING_UNIT,TRACTION_ISOLATION,APPROVED,TRUE
REQ03361,JOB03361,S&T,SEC_TAL_CHI,04-03-2026,13.01,14.51,110,4,safety correction,6,HAND_TOOLS,TRACTION_ISOLATION,SUBMITTED,TRUE
REQ03362,JOB03362,TRD,SEC_CHI_SHI,16-01-2026,10.45,11.55,70,4,coordination opportunity,7,TAMPER,TRACTION_ISOLATION,SUBMITTED,TRUE
REQ03363,JOB03363,Engineering,SEC_LON_TAL,04-01-2026,8.00,8.39,39,4,safety correction,10,TAMPER,NONE,APPROVED,TRUE
REQ03364,JOB03364,Engineering,SEC_CHI_SHI,16-01-2026,12.49,14.01,72,4,preventive plan,8,HAND_TOOLS,SIGNAL_TEST_DEPENDENCY,SUBMITTED,TRUE
REQ03365,JOB03365,S&T,SEC_SHI_PUN,20-03-2026,13.32,14.02,30,2,overdue defect,4,TAMPER,NONE,APPROVED,TRUE
REQ03366,JOB03366,Engineering,SEC_MUM_DAD,11-03-2026,19.37,21.32,115,2,overdue defect,9,TAMPER,TRACTION_ISOLATION,SUBMITTED,TRUE
REQ03367,JOB03367,Engineering,SEC_CHI_SHI,08-02-2026,7.14,8.44,90,3,coordination opportunity,10,LIFTING_UNIT,SIGNAL_TEST_DEPENDENCY,APPROVED,TRUE
REQ03368,JOB03368,S&T,SEC_MUM_DAD,24-01-2026,9.55,11.01,66,3,safety correction,5,TAMPER,TRACTION_ISOLATION,APPROVED,TRUE
REQ03369,JOB03369,S&T,SEC_KHA_LON,12-01-2026,18.05,20.04,119,2,overdue defect,9,LIFTING_UNIT,TRACTION_ISOLATION,SUBMITTED,TRUE
REQ03370,JOB03370,Engineering,SEC_DAD_THA,17-01-2026,9.17,10.21,64,2,coordination opportunity,7,TAMPER,TRACTION_ISOLATION,SUBMITTED,TRUE
REQ03371,JOB03371,Engineering,SEC_KAR_KHA,17-03-2026,14.57,15.52,55,1,preventive plan,10,HAND_TOOLS,ACCESS_REQUIRED,REJECTED,TRUE
REQ03372,JOB03372,Engineering,SEC_KHA_LON,05-02-2026,9.12,11.00,108,1,safety correction,5,OHE_TEST_KIT,TRACTION_ISOLATION,REVIEW,TRUE
REQ03373,JOB03373,Engineering,SEC_LON_TAL,07-02-2026,18.26,19.20,54,1,preventive plan,5,LIFTING_UNIT,NONE,REVIEW,TRUE
REQ03374,JOB03374,Engineering,SEC_THA_KAL,26-02-2026,14.11,15.02,51,3,overdue defect,10,HAND_TOOLS,SIGNAL_TEST_DEPENDENCY,SUBMITTED,TRUE
REQ03375,JOB03375,S&T,SEC_KAL_KAR,28-03-2026,15.53,16.54,61,4,preventive plan,7,SIGNAL_TEST_SET,SIGNAL_TEST_DEPENDENCY,APPROVED,TRUE
REQ03376,JOB03376,S&T,SEC_LON_TAL,08-03-2026,15.12,15.58,46,4,overdue defect,3,OHE_TEST_KIT,SIGNAL_TEST_DEPENDENCY,SUBMITTED,TRUE
REQ03377,JOB03377,S&T,SEC_TAL_CHI,14-03-2026,17.56,19.09,73,1,safety correction,6,SIGNAL_TEST_SET,SIGNAL_TEST_DEPENDENCY,APPROVED,TRUE
REQ03378,JOB03378,Engineering,SEC_MUM_DAD,21-03-2026,18.20,19.59,99,4,overdue defect,8,SIGNAL_TEST_SET,SIGNAL_TEST_DEPENDENCY,REJECTED,TRUE
REQ03379,JOB03379,S&T,SEC_TAL_CHI,03-01-2026,14.05,16.31,146,2,coordination opportunity,10,LIFTING_UNIT,NONE,SUBMITTED,TRUE
REQ03380,JOB03380,TRD,SEC_MUM_DAD,29-03-2026,8.03,9.27,84,2,overdue defect,3,HAND_TOOLS,NONE,REJECTED,TRUE
REQ03381,JOB03381,TRD,SEC_KAL_KAR,14-02-2026,9.49,12.02,133,2,preventive plan,3,OHE_TEST_KIT,ACCESS_REQUIRED,REVIEW,TRUE
REQ03382,JOB03382,Engineering,SEC_MUM_DAD,19-03-2026,13.36,14.26,50,2,safety correction,3,SIGNAL_TEST_SET,SIGNAL_TEST_DEPENDENCY,REVIEW,TRUE
REQ03383,JOB03383,Engineering,SEC_SHI_PUN,07-03-2026,8.52,9.56,64,2,overdue defect,4,SIGNAL_TEST_SET,TRACTION_ISOLATION,REVIEW,TRUE
REQ03384,JOB03384,Engineering,SEC_TAL_CHI,12-03-2026,12.03,13.02,59,1,preventive plan,9,SIGNAL_TEST_SET,SIGNAL_TEST_DEPENDENCY,APPROVED,TRUE
REQ03385,JOB03385,Engineering,SEC_KHA_LON,30-01-2026,10.52,12.33,101,4,preventive plan,6,OHE_TEST_KIT,NONE,REJECTED,TRUE
REQ03386,JOB03386,TRD,SEC_THA_KAL,05-03-2026,14.04,14.47,43,4,safety correction,6,OHE_TEST_KIT,NONE,APPROVED,TRUE
REQ03387,JOB03387,Engineering,SEC_DAD_THA,02-03-2026,19.18,21.41,143,2,preventive plan,8,OHE_TEST_KIT,ACCESS_REQUIRED,REVIEW,TRUE
REQ03388,JOB03388,TRD,SEC_DAD_THA,02-03-2026,13.06,14.56,110,4,preventive plan,6,LIFTING_UNIT,NONE,APPROVED,TRUE
REQ03389,JOB03389,Engineering,SEC_SHI_PUN,03-02-2026,13.43,14.43,60,2,preventive plan,6,LIFTING_UNIT,ACCESS_REQUIRED,APPROVED,TRUE
REQ03390,JOB03390,Engineering,SEC_THA_KAL,19-03-2026,14.03,15.45,102,1,safety correction,7,OHE_TEST_KIT,ACCESS_REQUIRED,APPROVED,TRUE
REQ03391,JOB03391,TRD,SEC_LON_TAL,14-01-2026,19.10,21.27,137,4,overdue defect,10,LIFTING_UNIT,TRACTION_ISOLATION,APPROVED,TRUE
REQ03392,JOB03392,TRD,SEC_DAD_THA,21-02-2026,13.59,14.34,35,4,preventive plan,7,OHE_TEST_KIT,ACCESS_REQUIRED,REVIEW,TRUE
REQ03393,JOB03393,TRD,SEC_MUM_DAD,25-01-2026,7.29,8.15,46,3,coordination opportunity,3,OHE_TEST_KIT,NONE,APPROVED,TRUE
REQ03394,JOB03394,TRD,SEC_TAL_CHI,07-02-2026,6.45,8.24,99,1,preventive plan,3,LIFTING_UNIT,ACCESS_REQUIRED,REJECTED,TRUE
REQ03395,JOB03395,Engineering,SEC_LON_TAL,04-02-2026,14.20,16.34,134,3,preventive plan,10,LIFTING_UNIT,NONE,SUBMITTED,TRUE
REQ03396,JOB03396,TRD,SEC_DAD_THA,11-02-2026,14.51,15.58,67,2,overdue defect,4,OHE_TEST_KIT,NONE,REJECTED,TRUE
REQ03397,JOB03397,Engineering,SEC_MUM_DAD,04-02-2026,14.14,14.58,44,4,overdue defect,10,HAND_TOOLS,NONE,REJECTED,TRUE
REQ03398,JOB03398,Engineering,SEC_SHI_PUN,04-02-2026,16.42,17.58,76,2,overdue defect,8,TAMPER,TRACTION_ISOLATION,SUBMITTED,TRUE
REQ03399,JOB03399,Engineering,SEC_SHI_PUN,25-02-2026,14.21,16.10,109,4,overdue defect,8,HAND_TOOLS,TRACTION_ISOLATION,REVIEW,TRUE
REQ03400,JOB03400,TRD,SEC_MUM_DAD,23-01-2026,18.06,20.12,126,4,safety correction,8,OHE_TEST_KIT,NONE,APPROVED,TRUE
REQ03401,JOB03401,S&T,SEC_KAR_KHA,11-03-2026,11.14,13.15,121,2,overdue defect,9,TAMPER,NONE,REVIEW,TRUE
REQ03402,JOB03402,TRD,SEC_MUM_DAD,19-02-2026,14.25,16.14,109,2,overdue defect,7,TAMPER,NONE,SUBMITTED,TRUE
REQ03403,JOB03403,S&T,SEC_TAL_CHI,26-02-2026,7.13,8.31,78,4,preventive plan,3,HAND_TOOLS,NONE,REJECTED,TRUE
REQ03404,JOB03404,TRD,SEC_TAL_CHI,03-03-2026,9.35,11.56,141,1,coordination opportunity,5,LIFTING_UNIT,NONE,REJECTED,TRUE
REQ03405,JOB03405,TRD,SEC_MUM_DAD,30-01-2026,18.22,19.29,67,3,overdue defect,7,SIGNAL_TEST_SET,SIGNAL_TEST_DEPENDENCY,SUBMITTED,TRUE
REQ03406,JOB03406,Engineering,SEC_KAL_KAR,07-01-2026,6.04,7.20,76,3,overdue defect,3,HAND_TOOLS,ACCESS_REQUIRED,REJECTED,TRUE
REQ03407,JOB03407,Engineering,SEC_KAL_KAR,17-02-2026,8.22,10.36,134,2,safety correction,3,TAMPER,TRACTION_ISOLATION,SUBMITTED,TRUE
REQ03408,JOB03408,TRD,SEC_KHA_LON,15-01-2026,11.22,13.31,129,1,overdue defect,5,SIGNAL_TEST_SET,SIGNAL_TEST_DEPENDENCY,APPROVED,TRUE
REQ03409,JOB03409,S&T,SEC_DAD_THA,02-02-2026,7.37,9.27,110,4,overdue defect,9,SIGNAL_TEST_SET,ACCESS_REQUIRED,REVIEW,TRUE
REQ03410,JOB03410,S&T,SEC_CHI_SHI,12-02-2026,17.47,18.19,32,2,coordination opportunity,9,OHE_TEST_KIT,NONE,SUBMITTED,TRUE
REQ03411,JOB03411,Engineering,SEC_SHI_PUN,07-02-2026,16.58,18.24,86,4,overdue defect,9,LIFTING_UNIT,ACCESS_REQUIRED,APPROVED,TRUE
REQ03412,JOB03412,TRD,SEC_KAL_KAR,12-03-2026,13.25,15.10,105,4,safety correction,5,SIGNAL_TEST_SET,SIGNAL_TEST_DEPENDENCY,APPROVED,TRUE
REQ03413,JOB03413,TRD,SEC_DAD_THA,13-03-2026,8.43,10.30,107,4,overdue defect,3,OHE_TEST_KIT,NONE,SUBMITTED,TRUE
REQ03414,JOB03414,TRD,SEC_MUM_DAD,20-03-2026,13.32,14.54,82,3,preventive plan,9,TAMPER,ACCESS_REQUIRED,REVIEW,TRUE
REQ03415,JOB03415,TRD,SEC_KHA_LON,05-03-2026,11.37,13.41,124,3,overdue defect,6,HAND_TOOLS,NONE,REJECTED,TRUE
REQ03416,JOB03416,TRD,SEC_CHI_SHI,20-01-2026,14.30,15.49,79,3,coordination opportunity,7,HAND_TOOLS,TRACTION_ISOLATION,APPROVED,TRUE
REQ03417,JOB03417,S&T,SEC_DAD_THA,20-01-2026,15.21,16.09,48,2,overdue defect,3,OHE_TEST_KIT,ACCESS_REQUIRED,REJECTED,TRUE
REQ03418,JOB03418,S&T,SEC_SHI_PUN,09-03-2026,14.34,15.22,48,1,preventive plan,6,SIGNAL_TEST_SET,TRACTION_ISOLATION,REVIEW,TRUE
REQ03419,JOB03419,S&T,SEC_LON_TAL,14-01-2026,19.14,21.05,111,3,coordination opportunity,9,TAMPER,SIGNAL_TEST_DEPENDENCY,REJECTED,TRUE
REQ03420,JOB03420,TRD,SEC_LON_TAL,21-01-2026,7.17,9.10,113,3,preventive plan,7,SIGNAL_TEST_SET,NONE,APPROVED,TRUE
REQ03421,JOB03421,TRD,SEC_KAR_KHA,01-02-2026,10.42,12.30,108,3,coordination opportunity,9,TAMPER,TRACTION_ISOLATION,APPROVED,TRUE
REQ03422,JOB03422,TRD,SEC_KAL_KAR,14-03-2026,10.22,11.15,53,3,safety correction,5,TAMPER,NONE,APPROVED,TRUE
REQ03423,JOB03423,S&T,SEC_CHI_SHI,17-01-2026,9.32,10.42,70,4,coordination opportunity,10,LIFTING_UNIT,TRACTION_ISOLATION,REJECTED,TRUE
REQ03424,JOB03424,TRD,SEC_MUM_DAD,24-01-2026,19.31,20.08,37,1,safety correction,8,OHE_TEST_KIT,NONE,REJECTED,TRUE
REQ03425,JOB03425,S&T,SEC_TAL_CHI,20-03-2026,16.30,18.26,116,3,overdue defect,7,HAND_TOOLS,NONE,REVIEW,TRUE
REQ03426,JOB03426,S&T,SEC_LON_TAL,14-02-2026,12.53,13.30,37,2,safety correction,3,OHE_TEST_KIT,TRACTION_ISOLATION,REJECTED,TRUE
REQ03427,JOB03427,S&T,SEC_LON_TAL,24-01-2026,12.23,13.39,76,1,overdue defect,9,OHE_TEST_KIT,NONE,APPROVED,TRUE
REQ03428,JOB03428,S&T,SEC_KAL_KAR,19-03-2026,9.02,10.34,92,2,coordination opportunity,6,TAMPER,TRACTION_ISOLATION,SUBMITTED,TRUE
REQ03429,JOB03429,Engineering,SEC_LON_TAL,02-01-2026,15.46,18.14,148,3,preventive plan,9,TAMPER,NONE,REJECTED,TRUE
REQ03430,JOB03430,TRD,SEC_KAL_KAR,02-03-2026,12.10,14.27,137,2,overdue defect,3,TAMPER,ACCESS_REQUIRED,REVIEW,TRUE
REQ03431,JOB03431,S&T,SEC_SHI_PUN,16-03-2026,7.56,9.31,95,1,coordination opportunity,6,LIFTING_UNIT,SIGNAL_TEST_DEPENDENCY,REJECTED,TRUE
REQ03432,JOB03432,S&T,SEC_SHI_PUN,21-01-2026,14.49,16.14,85,1,safety correction,4,HAND_TOOLS,SIGNAL_TEST_DEPENDENCY,REVIEW,TRUE
REQ03433,JOB03433,S&T,SEC_DAD_THA,24-03-2026,18.30,20.59,149,3,preventive plan,8,LIFTING_UNIT,SIGNAL_TEST_DEPENDENCY,REJECTED,TRUE
REQ03434,JOB03434,TRD,SEC_DAD_THA,25-01-2026,7.48,9.08,80,4,safety correction,4,LIFTING_UNIT,TRACTION_ISOLATION,REJECTED,TRUE
REQ03435,JOB03435,Engineering,SEC_SHI_PUN,07-01-2026,12.21,14.13,112,1,safety correction,10,SIGNAL_TEST_SET,SIGNAL_TEST_DEPENDENCY,REJECTED,TRUE
REQ03436,JOB03436,Engineering,SEC_KAL_KAR,15-01-2026,6.10,7.20,70,1,preventive plan,4,TAMPER,SIGNAL_TEST_DEPENDENCY,SUBMITTED,TRUE
REQ03437,JOB03437,TRD,SEC_TAL_CHI,21-02-2026,7.03,7.40,37,4,overdue defect,10,LIFTING_UNIT,ACCESS_REQUIRED,SUBMITTED,TRUE
REQ03438,JOB03438,Engineering,SEC_KHA_LON,23-01-2026,7.05,9.03,118,3,safety correction,8,HAND_TOOLS,NONE,APPROVED,TRUE
REQ03439,JOB03439,Engineering,SEC_KHA_LON,11-02-2026,12.51,15.13,142,4,coordination opportunity,8,SIGNAL_TEST_SET,NONE,REVIEW,TRUE
REQ03440,JOB03440,S&T,SEC_KAL_KAR,11-01-2026,19.00,20.26,86,4,preventive plan,5,OHE_TEST_KIT,TRACTION_ISOLATION,APPROVED,TRUE
REQ03441,JOB03441,Engineering,SEC_CHI_SHI,17-02-2026,18.04,18.57,53,2,preventive plan,5,TAMPER,TRACTION_ISOLATION,SUBMITTED,TRUE
REQ03442,JOB03442,Engineering,SEC_THA_KAL,29-03-2026,18.35,19.37,62,4,overdue defect,10,TAMPER,ACCESS_REQUIRED,SUBMITTED,TRUE
REQ03443,JOB03443,S&T,SEC_TAL_CHI,02-02-2026,17.44,19.37,113,3,safety correction,4,OHE_TEST_KIT,NONE,SUBMITTED,TRUE
REQ03444,JOB03444,S&T,SEC_KAR_KHA,09-01-2026,17.55,18.46,51,4,coordination opportunity,5,LIFTING_UNIT,SIGNAL_TEST_DEPENDENCY,REJECTED,TRUE
REQ03445,JOB03445,Engineering,SEC_KAR_KHA,25-01-2026,17.43,19.06,83,3,preventive plan,8,SIGNAL_TEST_SET,SIGNAL_TEST_DEPENDENCY,APPROVED,TRUE
REQ03446,JOB03446,Engineering,SEC_KAR_KHA,25-01-2026,16.41,17.44,63,2,coordination opportunity,5,LIFTING_UNIT,ACCESS_REQUIRED,SUBMITTED,TRUE
REQ03447,JOB03447,Engineering,SEC_TAL_CHI,26-03-2026,8.49,10.50,121,1,coordination opportunity,5,HAND_TOOLS,ACCESS_REQUIRED,REJECTED,TRUE
REQ03448,JOB03448,TRD,SEC_KAL_KAR,26-02-2026,18.12,19.56,104,3,preventive plan,9,SIGNAL_TEST_SET,NONE,APPROVED,TRUE
REQ03449,JOB03449,Engineering,SEC_KHA_LON,06-01-2026,10.45,11.19,34,3,overdue defect,9,OHE_TEST_KIT,TRACTION_ISOLATION,SUBMITTED,TRUE
REQ03450,JOB03450,S&T,SEC_THA_KAL,25-02-2026,18.19,19.59,100,2,safety correction,8,TAMPER,TRACTION_ISOLATION,APPROVED,TRUE
REQ03451,JOB03451,S&T,SEC_KAR_KHA,16-02-2026,15.35,18.05,150,1,preventive plan,4,TAMPER,SIGNAL_TEST_DEPENDENCY,APPROVED,TRUE
REQ03452,JOB03452,S&T,SEC_MUM_DAD,10-02-2026,13.03,15.11,128,4,preventive plan,9,SIGNAL_TEST_SET,ACCESS_REQUIRED,REJECTED,TRUE
REQ03453,JOB03453,TRD,SEC_MUM_DAD,12-03-2026,6.09,8.07,118,1,preventive plan,8,OHE_TEST_KIT,NONE,SUBMITTED,TRUE
REQ03454,JOB03454,S&T,SEC_LON_TAL,20-02-2026,13.39,15.59,140,3,safety correction,10,OHE_TEST_KIT,ACCESS_REQUIRED,REJECTED,TRUE
REQ03455,JOB03455,Engineering,SEC_MUM_DAD,20-02-2026,6.23,7.26,63,3,preventive plan,5,OHE_TEST_KIT,ACCESS_REQUIRED,SUBMITTED,TRUE
REQ03456,JOB03456,S&T,SEC_TAL_CHI,11-03-2026,8.59,10.03,64,2,coordination opportunity,4,SIGNAL_TEST_SET,ACCESS_REQUIRED,REVIEW,TRUE
REQ03457,JOB03457,TRD,SEC_LON_TAL,19-03-2026,12.50,14.15,85,4,safety correction,5,SIGNAL_TEST_SET,ACCESS_REQUIRED,APPROVED,TRUE
REQ03458,JOB03458,TRD,SEC_TAL_CHI,24-03-2026,6.05,8.35,150,1,coordination opportunity,5,TAMPER,ACCESS_REQUIRED,APPROVED,TRUE
REQ03459,JOB03459,TRD,SEC_MUM_DAD,21-01-2026,12.47,14.06,79,4,overdue defect,8,OHE_TEST_KIT,NONE,REJECTED,TRUE
REQ03460,JOB03460,S&T,SEC_SHI_PUN,05-02-2026,15.46,17.08,82,2,coordination opportunity,5,HAND_TOOLS,ACCESS_REQUIRED,APPROVED,TRUE
REQ03461,JOB03461,TRD,SEC_KAL_KAR,06-03-2026,14.58,17.01,123,1,safety correction,3,LIFTING_UNIT,ACCESS_REQUIRED,REVIEW,TRUE
REQ03462,JOB03462,TRD,SEC_CHI_SHI,16-01-2026,16.55,19.18,143,2,coordination opportunity,6,TAMPER,TRACTION_ISOLATION,APPROVED,TRUE
REQ03463,JOB03463,Engineering,SEC_MUM_DAD,05-03-2026,6.51,7.43,52,3,safety correction,4,SIGNAL_TEST_SET,ACCESS_REQUIRED,APPROVED,TRUE
REQ03464,JOB03464,Engineering,SEC_TAL_CHI,10-01-2026,12.13,14.09,116,3,preventive plan,6,SIGNAL_TEST_SET,ACCESS_REQUIRED,REVIEW,TRUE
REQ03465,JOB03465,TRD,SEC_CHI_SHI,19-03-2026,18.51,21.05,134,3,coordination opportunity,9,TAMPER,ACCESS_REQUIRED,REVIEW,TRUE
REQ03466,JOB03466,Engineering,SEC_THA_KAL,05-01-2026,12.43,13.14,31,2,coordination opportunity,4,HAND_TOOLS,TRACTION_ISOLATION,APPROVED,TRUE
REQ03467,JOB03467,Engineering,SEC_KHA_LON,03-02-2026,7.30,8.12,42,3,overdue defect,10,OHE_TEST_KIT,NONE,SUBMITTED,TRUE
REQ03468,JOB03468,S&T,SEC_TAL_CHI,24-03-2026,18.30,19.15,45,3,preventive plan,9,OHE_TEST_KIT,TRACTION_ISOLATION,APPROVED,TRUE
REQ03469,JOB03469,S&T,SEC_KAL_KAR,12-03-2026,8.51,10.35,104,2,overdue defect,9,TAMPER,NONE,REJECTED,TRUE
REQ03470,JOB03470,S&T,SEC_TAL_CHI,23-03-2026,14.14,15.36,82,4,safety correction,9,OHE_TEST_KIT,NONE,REJECTED,TRUE
REQ03471,JOB03471,TRD,SEC_KAL_KAR,10-01-2026,7.41,8.33,52,1,coordination opportunity,10,HAND_TOOLS,ACCESS_REQUIRED,REJECTED,TRUE
REQ03472,JOB03472,S&T,SEC_TAL_CHI,16-03-2026,13.49,14.48,59,1,overdue defect,8,TAMPER,SIGNAL_TEST_DEPENDENCY,REVIEW,TRUE
REQ03473,JOB03473,TRD,SEC_KAL_KAR,26-01-2026,11.15,13.45,150,4,coordination opportunity,6,LIFTING_UNIT,TRACTION_ISOLATION,REJECTED,TRUE
REQ03474,JOB03474,S&T,SEC_SHI_PUN,06-02-2026,16.39,17.35,56,2,overdue defect,8,TAMPER,TRACTION_ISOLATION,SUBMITTED,TRUE
REQ03475,JOB03475,S&T,SEC_SHI_PUN,31-03-2026,18.26,20.55,149,2,overdue defect,3,HAND_TOOLS,ACCESS_REQUIRED,REVIEW,TRUE
REQ03476,JOB03476,S&T,SEC_TAL_CHI,13-01-2026,10.52,12.39,107,3,safety correction,5,TAMPER,ACCESS_REQUIRED,REJECTED,TRUE
REQ03477,JOB03477,S&T,SEC_THA_KAL,16-03-2026,17.54,20.16,142,2,safety correction,8,SIGNAL_TEST_SET,SIGNAL_TEST_DEPENDENCY,SUBMITTED,TRUE
REQ03478,JOB03478,S&T,SEC_KAR_KHA,23-01-2026,7.27,9.21,114,2,coordination opportunity,7,OHE_TEST_KIT,ACCESS_REQUIRED,SUBMITTED,TRUE
REQ03479,JOB03479,S&T,SEC_KHA_LON,15-01-2026,14.47,16.56,129,1,preventive plan,9,HAND_TOOLS,NONE,APPROVED,TRUE
REQ03480,JOB03480,S&T,SEC_SHI_PUN,22-02-2026,15.47,16.35,48,3,overdue defect,7,LIFTING_UNIT,NONE,APPROVED,TRUE
REQ03481,JOB03481,S&T,SEC_MUM_DAD,17-03-2026,11.48,13.10,82,4,coordination opportunity,5,OHE_TEST_KIT,TRACTION_ISOLATION,REVIEW,TRUE
REQ03482,JOB03482,Engineering,SEC_LON_TAL,09-03-2026,15.57,18.04,127,2,coordination opportunity,9,LIFTING_UNIT,TRACTION_ISOLATION,REJECTED,TRUE
REQ03483,JOB03483,TRD,SEC_TAL_CHI,01-03-2026,17.53,19.24,91,3,coordination opportunity,4,TAMPER,TRACTION_ISOLATION,APPROVED,TRUE
REQ03484,JOB03484,Engineering,SEC_THA_KAL,12-01-2026,9.00,9.50,50,4,safety correction,6,OHE_TEST_KIT,ACCESS_REQUIRED,REVIEW,TRUE
REQ03485,JOB03485,TRD,SEC_KAL_KAR,25-02-2026,13.15,15.22,127,1,overdue defect,3,OHE_TEST_KIT,SIGNAL_TEST_DEPENDENCY,SUBMITTED,TRUE
REQ03486,JOB03486,S&T,SEC_DAD_THA,16-03-2026,16.44,18.48,124,3,preventive plan,8,TAMPER,NONE,REVIEW,TRUE
REQ03487,JOB03487,TRD,SEC_LON_TAL,16-03-2026,6.05,8.30,145,3,preventive plan,9,SIGNAL_TEST_SET,NONE,APPROVED,TRUE
REQ03488,JOB03488,Engineering,SEC_DAD_THA,16-01-2026,16.32,17.41,69,3,coordination opportunity,10,SIGNAL_TEST_SET,ACCESS_REQUIRED,SUBMITTED,TRUE
REQ03489,JOB03489,S&T,SEC_LON_TAL,26-02-2026,15.10,16.49,99,4,preventive plan,4,HAND_TOOLS,ACCESS_REQUIRED,SUBMITTED,TRUE
REQ03490,JOB03490,S&T,SEC_THA_KAL,26-03-2026,12.00,14.17,137,3,safety correction,4,HAND_TOOLS,SIGNAL_TEST_DEPENDENCY,SUBMITTED,TRUE
REQ03491,JOB03491,S&T,SEC_KAL_KAR,17-01-2026,12.33,14.46,133,4,overdue defect,7,HAND_TOOLS,SIGNAL_TEST_DEPENDENCY,APPROVED,TRUE
REQ03492,JOB03492,TRD,SEC_KHA_LON,04-01-2026,8.31,10.46,135,2,overdue defect,5,OHE_TEST_KIT,NONE,REVIEW,TRUE
REQ03493,JOB03493,TRD,SEC_KAL_KAR,17-03-2026,11.24,12.33,69,4,safety correction,9,LIFTING_UNIT,TRACTION_ISOLATION,APPROVED,TRUE
REQ03494,JOB03494,TRD,SEC_SHI_PUN,23-03-2026,9.41,10.17,36,3,coordination opportunity,4,OHE_TEST_KIT,TRACTION_ISOLATION,REJECTED,TRUE
REQ03495,JOB03495,S&T,SEC_CHI_SHI,26-01-2026,14.45,16.58,133,1,overdue defect,3,TAMPER,TRACTION_ISOLATION,APPROVED,TRUE
REQ03496,JOB03496,TRD,SEC_KAL_KAR,11-02-2026,11.09,12.03,54,1,preventive plan,8,SIGNAL_TEST_SET,ACCESS_REQUIRED,REJECTED,TRUE
REQ03497,JOB03497,Engineering,SEC_TAL_CHI,04-02-2026,10.20,12.38,138,4,overdue defect,8,TAMPER,ACCESS_REQUIRED,REVIEW,TRUE
REQ03498,JOB03498,Engineering,SEC_KAR_KHA,22-02-2026,14.05,16.29,144,3,preventive plan,6,TAMPER,NONE,REJECTED,TRUE
REQ03499,JOB03499,S&T,SEC_DAD_THA,23-02-2026,9.06,10.20,74,3,preventive plan,5,SIGNAL_TEST_SET,ACCESS_REQUIRED,APPROVED,TRUE
REQ03500,JOB03500,S&T,SEC_TAL_CHI,08-02-2026,6.18,7.38,80,4,safety correction,5,OHE_TEST_KIT,NONE,APPROVED,TRUE
REQ03501,JOB03501,Engineering,SEC_SHI_PUN,04-01-2026,6.42,8.11,89,2,preventive plan,10,HAND_TOOLS,NONE,REVIEW,TRUE
REQ03502,JOB03502,TRD,SEC_SHI_PUN,05-02-2026,7.42,10.06,144,1,overdue defect,9,HAND_TOOLS,ACCESS_REQUIRED,REJECTED,TRUE
REQ03503,JOB03503,S&T,SEC_DAD_THA,27-01-2026,7.35,9.01,86,1,preventive plan,9,HAND_TOOLS,SIGNAL_TEST_DEPENDENCY,SUBMITTED,TRUE
REQ03504,JOB03504,TRD,SEC_KAL_KAR,04-03-2026,12.13,13.29,76,4,safety correction,4,OHE_TEST_KIT,SIGNAL_TEST_DEPENDENCY,APPROVED,TRUE
REQ03505,JOB03505,S&T,SEC_SHI_PUN,02-03-2026,18.57,21.17,140,2,overdue defect,4,HAND_TOOLS,ACCESS_REQUIRED,SUBMITTED,TRUE
REQ03506,JOB03506,S&T,SEC_SHI_PUN,18-01-2026,13.39,14.53,74,4,preventive plan,5,LIFTING_UNIT,TRACTION_ISOLATION,APPROVED,TRUE
REQ03507,JOB03507,S&T,SEC_MUM_DAD,22-03-2026,12.16,13.50,94,3,coordination opportunity,4,TAMPER,ACCESS_REQUIRED,REJECTED,TRUE
REQ03508,JOB03508,S&T,SEC_TAL_CHI,19-03-2026,10.44,11.50,66,1,coordination opportunity,3,LIFTING_UNIT,NONE,APPROVED,TRUE
REQ03509,JOB03509,Engineering,SEC_CHI_SHI,23-03-2026,18.30,19.37,67,1,preventive plan,7,SIGNAL_TEST_SET,SIGNAL_TEST_DEPENDENCY,REJECTED,TRUE
REQ03510,JOB03510,TRD,SEC_TAL_CHI,01-02-2026,12.36,14.31,115,2,coordination opportunity,5,HAND_TOOLS,SIGNAL_TEST_DEPENDENCY,REVIEW,TRUE
REQ03511,JOB03511,Engineering,SEC_KAL_KAR,27-02-2026,15.19,16.10,51,2,overdue defect,10,HAND_TOOLS,TRACTION_ISOLATION,APPROVED,TRUE
REQ03512,JOB03512,TRD,SEC_THA_KAL,07-03-2026,7.11,9.34,143,4,safety correction,4,TAMPER,SIGNAL_TEST_DEPENDENCY,SUBMITTED,TRUE
REQ03513,JOB03513,Engineering,SEC_DAD_THA,14-03-2026,6.47,8.33,106,2,safety correction,10,LIFTING_UNIT,TRACTION_ISOLATION,SUBMITTED,TRUE
REQ03514,JOB03514,TRD,SEC_LON_TAL,28-02-2026,8.40,9.52,72,4,coordination opportunity,3,SIGNAL_TEST_SET,SIGNAL_TEST_DEPENDENCY,SUBMITTED,TRUE
REQ03515,JOB03515,TRD,SEC_LON_TAL,09-01-2026,9.54,11.28,94,4,overdue defect,5,OHE_TEST_KIT,SIGNAL_TEST_DEPENDENCY,REJECTED,TRUE
REQ03516,JOB03516,TRD,SEC_CHI_SHI,24-02-2026,6.04,7.46,102,3,preventive plan,6,TAMPER,ACCESS_REQUIRED,SUBMITTED,TRUE
REQ03517,JOB03517,S&T,SEC_CHI_SHI,09-03-2026,7.42,9.02,80,2,preventive plan,10,SIGNAL_TEST_SET,SIGNAL_TEST_DEPENDENCY,SUBMITTED,TRUE
REQ03518,JOB03518,S&T,SEC_SHI_PUN,27-02-2026,7.24,8.46,82,4,preventive plan,10,HAND_TOOLS,SIGNAL_TEST_DEPENDENCY,SUBMITTED,TRUE
REQ03519,JOB03519,Engineering,SEC_KAR_KHA,02-03-2026,7.01,8.02,61,2,preventive plan,4,HAND_TOOLS,SIGNAL_TEST_DEPENDENCY,REVIEW,TRUE
REQ03520,JOB03520,Engineering,SEC_DAD_THA,02-03-2026,14.09,16.20,131,1,safety correction,7,SIGNAL_TEST_SET,TRACTION_ISOLATION,REJECTED,TRUE
REQ03521,JOB03521,S&T,SEC_LON_TAL,14-01-2026,12.34,13.54,80,3,overdue defect,5,LIFTING_UNIT,ACCESS_REQUIRED,APPROVED,TRUE
REQ03522,JOB03522,Engineering,SEC_TAL_CHI,17-02-2026,17.42,19.08,86,4,coordination opportunity,5,LIFTING_UNIT,TRACTION_ISOLATION,REVIEW,TRUE
REQ03523,JOB03523,Engineering,SEC_KHA_LON,26-03-2026,7.53,9.22,89,1,safety correction,4,LIFTING_UNIT,SIGNAL_TEST_DEPENDENCY,REVIEW,TRUE
REQ03524,JOB03524,Engineering,SEC_MUM_DAD,12-01-2026,12.12,13.02,50,4,coordination opportunity,6,LIFTING_UNIT,NONE,REJECTED,TRUE
REQ03525,JOB03525,Engineering,SEC_LON_TAL,09-01-2026,18.29,19.38,69,3,preventive plan,7,SIGNAL_TEST_SET,NONE,REJECTED,TRUE
REQ03526,JOB03526,S&T,SEC_DAD_THA,23-02-2026,7.32,9.40,128,2,preventive plan,5,HAND_TOOLS,NONE,REVIEW,TRUE
REQ03527,JOB03527,Engineering,SEC_TAL_CHI,11-02-2026,12.16,14.43,147,3,safety correction,9,OHE_TEST_KIT,NONE,REJECTED,TRUE
REQ03528,JOB03528,TRD,SEC_THA_KAL,16-02-2026,19.58,21.17,79,2,overdue defect,3,OHE_TEST_KIT,SIGNAL_TEST_DEPENDENCY,SUBMITTED,TRUE
REQ03529,JOB03529,Engineering,SEC_THA_KAL,28-01-2026,12.26,13.13,47,3,coordination opportunity,10,OHE_TEST_KIT,SIGNAL_TEST_DEPENDENCY,APPROVED,TRUE
REQ03530,JOB03530,Engineering,SEC_LON_TAL,02-01-2026,14.12,15.54,102,3,coordination opportunity,10,HAND_TOOLS,ACCESS_REQUIRED,REJECTED,TRUE
REQ03531,JOB03531,S&T,SEC_SHI_PUN,11-02-2026,7.48,8.43,55,2,safety correction,5,TAMPER,ACCESS_REQUIRED,SUBMITTED,TRUE
REQ03532,JOB03532,TRD,SEC_KAR_KHA,16-01-2026,16.08,17.46,98,1,coordination opportunity,5,SIGNAL_TEST_SET,SIGNAL_TEST_DEPENDENCY,REVIEW,TRUE
REQ03533,JOB03533,Engineering,SEC_TAL_CHI,14-02-2026,8.04,8.43,39,1,coordination opportunity,9,SIGNAL_TEST_SET,SIGNAL_TEST_DEPENDENCY,APPROVED,TRUE
REQ03534,JOB03534,Engineering,SEC_KAL_KAR,15-02-2026,12.08,14.17,129,1,preventive plan,6,OHE_TEST_KIT,TRACTION_ISOLATION,APPROVED,TRUE
REQ03535,JOB03535,TRD,SEC_THA_KAL,18-01-2026,9.47,11.32,105,1,preventive plan,4,LIFTING_UNIT,TRACTION_ISOLATION,SUBMITTED,TRUE
REQ03536,JOB03536,TRD,SEC_SHI_PUN,08-01-2026,16.25,17.59,94,2,preventive plan,10,LIFTING_UNIT,ACCESS_REQUIRED,SUBMITTED,TRUE
REQ03537,JOB03537,Engineering,SEC_TAL_CHI,27-03-2026,14.33,15.34,61,2,safety correction,5,LIFTING_UNIT,TRACTION_ISOLATION,REVIEW,TRUE
REQ03538,JOB03538,Engineering,SEC_MUM_DAD,24-03-2026,13.53,14.55,62,1,coordination opportunity,9,TAMPER,SIGNAL_TEST_DEPENDENCY,APPROVED,TRUE
REQ03539,JOB03539,S&T,SEC_MUM_DAD,14-03-2026,11.28,12.22,54,2,coordination opportunity,9,OHE_TEST_KIT,ACCESS_REQUIRED,REJECTED,TRUE
REQ03540,JOB03540,Engineering,SEC_TAL_CHI,07-02-2026,15.54,17.02,68,3,overdue defect,4,SIGNAL_TEST_SET,SIGNAL_TEST_DEPENDENCY,APPROVED,TRUE
REQ03541,JOB03541,Engineering,SEC_THA_KAL,25-01-2026,18.31,19.08,37,3,coordination opportunity,5,SIGNAL_TEST_SET,NONE,APPROVED,TRUE
REQ03542,JOB03542,TRD,SEC_THA_KAL,29-03-2026,12.58,13.55,57,3,safety correction,8,SIGNAL_TEST_SET,TRACTION_ISOLATION,SUBMITTED,TRUE
REQ03543,JOB03543,S&T,SEC_TAL_CHI,03-03-2026,14.36,15.46,70,2,preventive plan,3,HAND_TOOLS,SIGNAL_TEST_DEPENDENCY,APPROVED,TRUE
REQ03544,JOB03544,S&T,SEC_CHI_SHI,20-01-2026,6.57,7.44,47,4,safety correction,6,TAMPER,ACCESS_REQUIRED,SUBMITTED,TRUE
REQ03545,JOB03545,S&T,SEC_TAL_CHI,24-01-2026,14.05,14.39,34,3,safety correction,7,OHE_TEST_KIT,TRACTION_ISOLATION,SUBMITTED,TRUE
REQ03546,JOB03546,TRD,SEC_LON_TAL,01-02-2026,16.54,18.57,123,4,overdue defect,3,OHE_TEST_KIT,ACCESS_REQUIRED,REVIEW,TRUE
REQ03547,JOB03547,TRD,SEC_MUM_DAD,10-02-2026,14.08,15.54,106,4,coordination opportunity,5,TAMPER,TRACTION_ISOLATION,SUBMITTED,TRUE
REQ03548,JOB03548,TRD,SEC_DAD_THA,26-03-2026,17.22,18.35,73,3,overdue defect,3,OHE_TEST_KIT,ACCESS_REQUIRED,REVIEW,TRUE
REQ03549,JOB03549,TRD,SEC_LON_TAL,21-02-2026,9.13,9.46,33,1,coordination opportunity,3,SIGNAL_TEST_SET,ACCESS_REQUIRED,APPROVED,TRUE
REQ03550,JOB03550,Engineering,SEC_THA_KAL,18-03-2026,9.11,11.31,140,2,preventive plan,4,SIGNAL_TEST_SET,ACCESS_REQUIRED,REVIEW,TRUE
REQ03551,JOB03551,TRD,SEC_KAL_KAR,25-03-2026,19.31,20.18,47,2,preventive plan,10,OHE_TEST_KIT,TRACTION_ISOLATION,REVIEW,TRUE
REQ03552,JOB03552,TRD,SEC_KAR_KHA,02-02-2026,15.12,16.41,89,3,preventive plan,9,SIGNAL_TEST_SET,TRACTION_ISOLATION,REJECTED,TRUE
REQ03553,JOB03553,S&T,SEC_KAL_KAR,22-03-2026,18.51,20.28,97,2,safety correction,6,OHE_TEST_KIT,NONE,REJECTED,TRUE
REQ03554,JOB03554,S&T,SEC_CHI_SHI,10-03-2026,13.32,14.33,61,3,preventive plan,10,HAND_TOOLS,ACCESS_REQUIRED,APPROVED,TRUE
REQ03555,JOB03555,TRD,SEC_SHI_PUN,28-03-2026,16.28,17.49,81,3,preventive plan,5,HAND_TOOLS,SIGNAL_TEST_DEPENDENCY,REJECTED,TRUE
REQ03556,JOB03556,Engineering,SEC_MUM_DAD,24-02-2026,10.50,11.34,44,1,overdue defect,3,SIGNAL_TEST_SET,TRACTION_ISOLATION,REVIEW,TRUE
REQ03557,JOB03557,S&T,SEC_KAL_KAR,14-03-2026,7.07,8.42,95,2,preventive plan,10,SIGNAL_TEST_SET,TRACTION_ISOLATION,APPROVED,TRUE
REQ03558,JOB03558,S&T,SEC_DAD_THA,13-01-2026,14.09,14.39,30,4,preventive plan,6,LIFTING_UNIT,SIGNAL_TEST_DEPENDENCY,SUBMITTED,TRUE
REQ03559,JOB03559,Engineering,SEC_SHI_PUN,02-03-2026,17.39,18.53,74,4,overdue defect,7,SIGNAL_TEST_SET,TRACTION_ISOLATION,REVIEW,TRUE
REQ03560,JOB03560,S&T,SEC_DAD_THA,08-01-2026,6.25,8.26,121,4,safety correction,5,OHE_TEST_KIT,SIGNAL_TEST_DEPENDENCY,APPROVED,TRUE
REQ03561,JOB03561,Engineering,SEC_DAD_THA,17-02-2026,15.56,17.45,109,3,safety correction,6,OHE_TEST_KIT,TRACTION_ISOLATION,SUBMITTED,TRUE
REQ03562,JOB03562,Engineering,SEC_TAL_CHI,06-02-2026,11.12,12.41,89,4,coordination opportunity,3,TAMPER,SIGNAL_TEST_DEPENDENCY,REJECTED,TRUE
REQ03563,JOB03563,TRD,SEC_SHI_PUN,03-02-2026,6.31,7.15,44,2,safety correction,7,HAND_TOOLS,NONE,REVIEW,TRUE
REQ03564,JOB03564,TRD,SEC_KAL_KAR,26-01-2026,12.17,13.05,48,1,preventive plan,3,OHE_TEST_KIT,TRACTION_ISOLATION,REVIEW,TRUE
REQ03565,JOB03565,Engineering,SEC_KAR_KHA,07-03-2026,16.38,17.46,68,3,preventive plan,8,OHE_TEST_KIT,NONE,SUBMITTED,TRUE
REQ03566,JOB03566,Engineering,SEC_KAR_KHA,26-02-2026,7.55,10.10,135,1,preventive plan,9,TAMPER,SIGNAL_TEST_DEPENDENCY,REVIEW,TRUE
REQ03567,JOB03567,Engineering,SEC_THA_KAL,04-02-2026,9.38,10.26,48,4,coordination opportunity,4,OHE_TEST_KIT,TRACTION_ISOLATION,REJECTED,TRUE
REQ03568,JOB03568,Engineering,SEC_THA_KAL,22-02-2026,12.49,14.49,120,2,safety correction,4,LIFTING_UNIT,ACCESS_REQUIRED,REJECTED,TRUE
REQ03569,JOB03569,Engineering,SEC_KHA_LON,02-02-2026,11.03,12.14,71,2,coordination opportunity,4,OHE_TEST_KIT,TRACTION_ISOLATION,REJECTED,TRUE
REQ03570,JOB03570,TRD,SEC_TAL_CHI,11-02-2026,17.49,19.47,118,3,overdue defect,6,HAND_TOOLS,TRACTION_ISOLATION,SUBMITTED,TRUE
REQ03571,JOB03571,S&T,SEC_SHI_PUN,19-02-2026,10.18,12.38,140,2,overdue defect,10,TAMPER,NONE,SUBMITTED,TRUE
REQ03572,JOB03572,S&T,SEC_KAL_KAR,05-01-2026,16.12,17.51,99,2,safety correction,8,SIGNAL_TEST_SET,TRACTION_ISOLATION,REJECTED,TRUE
REQ03573,JOB03573,Engineering,SEC_CHI_SHI,11-01-2026,7.07,8.44,97,3,preventive plan,3,OHE_TEST_KIT,NONE,REVIEW,TRUE
REQ03574,JOB03574,TRD,SEC_LON_TAL,09-02-2026,16.00,17.27,87,2,preventive plan,9,OHE_TEST_KIT,TRACTION_ISOLATION,REVIEW,TRUE
REQ03575,JOB03575,Engineering,SEC_DAD_THA,11-01-2026,7.25,9.28,123,2,coordination opportunity,3,HAND_TOOLS,SIGNAL_TEST_DEPENDENCY,APPROVED,TRUE
REQ03576,JOB03576,S&T,SEC_TAL_CHI,15-02-2026,9.39,12.05,146,2,overdue defect,4,TAMPER,TRACTION_ISOLATION,REVIEW,TRUE
REQ03577,JOB03577,TRD,SEC_DAD_THA,26-02-2026,7.21,9.49,148,2,safety correction,7,TAMPER,ACCESS_REQUIRED,APPROVED,TRUE
REQ03578,JOB03578,TRD,SEC_THA_KAL,01-02-2026,8.32,9.19,47,2,preventive plan,6,TAMPER,TRACTION_ISOLATION,REVIEW,TRUE
REQ03579,JOB03579,S&T,SEC_SHI_PUN,24-01-2026,11.50,12.21,31,4,overdue defect,5,TAMPER,SIGNAL_TEST_DEPENDENCY,SUBMITTED,TRUE
REQ03580,JOB03580,TRD,SEC_SHI_PUN,25-03-2026,19.19,20.58,99,3,safety correction,9,OHE_TEST_KIT,ACCESS_REQUIRED,SUBMITTED,TRUE
REQ03581,JOB03581,TRD,SEC_THA_KAL,19-01-2026,10.21,11.10,49,2,safety correction,3,OHE_TEST_KIT,NONE,SUBMITTED,TRUE
REQ03582,JOB03582,TRD,SEC_MUM_DAD,25-02-2026,17.33,18.43,70,1,safety correction,7,HAND_TOOLS,ACCESS_REQUIRED,APPROVED,TRUE
REQ03583,JOB03583,S&T,SEC_DAD_THA,08-01-2026,14.14,16.16,122,2,safety correction,3,LIFTING_UNIT,TRACTION_ISOLATION,REJECTED,TRUE
REQ03584,JOB03584,Engineering,SEC_KAL_KAR,13-03-2026,15.56,17.11,75,4,preventive plan,7,LIFTING_UNIT,ACCESS_REQUIRED,APPROVED,TRUE
REQ03585,JOB03585,Engineering,SEC_CHI_SHI,08-01-2026,13.26,15.13,107,4,overdue defect,5,LIFTING_UNIT,SIGNAL_TEST_DEPENDENCY,SUBMITTED,TRUE
REQ03586,JOB03586,Engineering,SEC_THA_KAL,22-01-2026,12.46,13.49,63,2,preventive plan,7,SIGNAL_TEST_SET,SIGNAL_TEST_DEPENDENCY,APPROVED,TRUE
REQ03587,JOB03587,Engineering,SEC_KAL_KAR,31-01-2026,7.21,8.50,89,1,coordination opportunity,4,HAND_TOOLS,ACCESS_REQUIRED,REJECTED,TRUE
REQ03588,JOB03588,Engineering,SEC_KAR_KHA,09-02-2026,12.54,13.52,58,3,safety correction,7,OHE_TEST_KIT,TRACTION_ISOLATION,REJECTED,TRUE
REQ03589,JOB03589,S&T,SEC_SHI_PUN,28-03-2026,11.22,13.19,117,4,coordination opportunity,7,TAMPER,SIGNAL_TEST_DEPENDENCY,APPROVED,TRUE
REQ03590,JOB03590,S&T,SEC_KHA_LON,08-01-2026,15.24,16.56,92,3,safety correction,10,LIFTING_UNIT,ACCESS_REQUIRED,APPROVED,TRUE
REQ03591,JOB03591,Engineering,SEC_KAL_KAR,02-01-2026,15.16,17.14,118,2,coordination opportunity,6,TAMPER,NONE,REVIEW,TRUE
REQ03592,JOB03592,TRD,SEC_THA_KAL,15-02-2026,7.11,8.40,89,2,coordination opportunity,9,LIFTING_UNIT,ACCESS_REQUIRED,REJECTED,TRUE
REQ03593,JOB03593,Engineering,SEC_MUM_DAD,21-02-2026,17.07,18.40,93,2,coordination opportunity,6,HAND_TOOLS,SIGNAL_TEST_DEPENDENCY,SUBMITTED,TRUE
REQ03594,JOB03594,S&T,SEC_SHI_PUN,16-01-2026,7.55,9.20,85,3,overdue defect,5,TAMPER,TRACTION_ISOLATION,SUBMITTED,TRUE
REQ03595,JOB03595,S&T,SEC_SHI_PUN,05-02-2026,15.14,16.35,81,4,coordination opportunity,4,TAMPER,SIGNAL_TEST_DEPENDENCY,REJECTED,TRUE
REQ03596,JOB03596,TRD,SEC_THA_KAL,24-03-2026,7.04,8.31,87,1,preventive plan,6,TAMPER,SIGNAL_TEST_DEPENDENCY,APPROVED,TRUE
REQ03597,JOB03597,S&T,SEC_TAL_CHI,04-03-2026,7.08,8.01,53,4,overdue defect,10,HAND_TOOLS,SIGNAL_TEST_DEPENDENCY,REVIEW,TRUE
REQ03598,JOB03598,S&T,SEC_MUM_DAD,07-02-2026,9.45,12.08,143,1,overdue defect,9,OHE_TEST_KIT,TRACTION_ISOLATION,SUBMITTED,TRUE
REQ03599,JOB03599,S&T,SEC_KHA_LON,09-02-2026,13.39,15.09,90,3,preventive plan,4,LIFTING_UNIT,NONE,APPROVED,TRUE
REQ03600,JOB03600,S&T,SEC_CHI_SHI,18-01-2026,7.45,9.06,81,1,safety correction,5,SIGNAL_TEST_SET,NONE,SUBMITTED,TRUE
REQ03601,JOB03601,TRD,SEC_KHA_LON,16-02-2026,11.44,14.03,139,3,safety correction,8,OHE_TEST_KIT,ACCESS_REQUIRED,REJECTED,TRUE
REQ03602,JOB03602,S&T,SEC_KAR_KHA,22-01-2026,12.48,14.04,76,3,overdue defect,7,TAMPER,ACCESS_REQUIRED,APPROVED,TRUE
REQ03603,JOB03603,S&T,SEC_MUM_DAD,23-01-2026,14.22,15.56,94,4,preventive plan,3,SIGNAL_TEST_SET,TRACTION_ISOLATION,REVIEW,TRUE
REQ03604,JOB03604,S&T,SEC_LON_TAL,15-02-2026,9.24,9.56,32,1,safety correction,5,HAND_TOOLS,TRACTION_ISOLATION,APPROVED,TRUE
REQ03605,JOB03605,Engineering,SEC_LON_TAL,22-03-2026,16.30,17.36,66,1,coordination opportunity,3,SIGNAL_TEST_SET,TRACTION_ISOLATION,APPROVED,TRUE
REQ03606,JOB03606,S&T,SEC_SHI_PUN,08-02-2026,16.54,18.39,105,3,overdue defect,5,HAND_TOOLS,ACCESS_REQUIRED,APPROVED,TRUE
REQ03607,JOB03607,S&T,SEC_TAL_CHI,27-01-2026,15.26,16.37,71,3,safety correction,4,SIGNAL_TEST_SET,SIGNAL_TEST_DEPENDENCY,SUBMITTED,TRUE
REQ03608,JOB03608,S&T,SEC_KHA_LON,06-01-2026,14.51,17.07,136,3,coordination opportunity,3,TAMPER,ACCESS_REQUIRED,REVIEW,TRUE
REQ03609,JOB03609,Engineering,SEC_SHI_PUN,22-02-2026,11.12,12.59,107,1,overdue defect,6,LIFTING_UNIT,ACCESS_REQUIRED,APPROVED,TRUE
REQ03610,JOB03610,Engineering,SEC_SHI_PUN,17-03-2026,18.16,18.46,30,2,coordination opportunity,6,SIGNAL_TEST_SET,SIGNAL_TEST_DEPENDENCY,REVIEW,TRUE
REQ03611,JOB03611,S&T,SEC_DAD_THA,06-02-2026,14.47,16.03,76,4,coordination opportunity,10,HAND_TOOLS,SIGNAL_TEST_DEPENDENCY,REJECTED,TRUE
REQ03612,JOB03612,S&T,SEC_DAD_THA,20-02-2026,19.36,21.25,109,1,coordination opportunity,3,SIGNAL_TEST_SET,NONE,REVIEW,TRUE
REQ03613,JOB03613,S&T,SEC_SHI_PUN,06-01-2026,6.23,8.19,116,2,coordination opportunity,6,LIFTING_UNIT,NONE,REVIEW,TRUE
REQ03614,JOB03614,S&T,SEC_CHI_SHI,16-03-2026,7.29,8.52,83,1,safety correction,4,TAMPER,ACCESS_REQUIRED,APPROVED,TRUE
REQ03615,JOB03615,TRD,SEC_KAR_KHA,01-02-2026,18.59,20.07,68,2,overdue defect,10,LIFTING_UNIT,NONE,APPROVED,TRUE
REQ03616,JOB03616,S&T,SEC_KAL_KAR,27-01-2026,18.53,19.39,46,3,coordination opportunity,4,HAND_TOOLS,NONE,REVIEW,TRUE
REQ03617,JOB03617,S&T,SEC_MUM_DAD,12-01-2026,19.22,21.03,101,2,preventive plan,8,SIGNAL_TEST_SET,ACCESS_REQUIRED,REVIEW,TRUE
REQ03618,JOB03618,S&T,SEC_KAL_KAR,16-03-2026,14.19,15.35,76,4,preventive plan,6,HAND_TOOLS,NONE,REVIEW,TRUE
REQ03619,JOB03619,TRD,SEC_KAR_KHA,06-03-2026,16.05,18.28,143,1,coordination opportunity,10,OHE_TEST_KIT,NONE,APPROVED,TRUE
REQ03620,JOB03620,S&T,SEC_KHA_LON,10-01-2026,16.51,18.23,92,1,coordination opportunity,7,LIFTING_UNIT,NONE,REJECTED,TRUE
REQ03621,JOB03621,Engineering,SEC_KHA_LON,22-01-2026,10.15,12.20,125,4,preventive plan,9,HAND_TOOLS,TRACTION_ISOLATION,REJECTED,TRUE
REQ03622,JOB03622,Engineering,SEC_TAL_CHI,29-01-2026,19.10,20.13,63,3,coordination opportunity,10,LIFTING_UNIT,SIGNAL_TEST_DEPENDENCY,REJECTED,TRUE
REQ03623,JOB03623,TRD,SEC_LON_TAL,01-01-2026,13.38,15.22,104,3,safety correction,6,HAND_TOOLS,ACCESS_REQUIRED,REJECTED,TRUE
REQ03624,JOB03624,S&T,SEC_CHI_SHI,19-02-2026,15.31,17.38,127,1,overdue defect,8,HAND_TOOLS,TRACTION_ISOLATION,SUBMITTED,TRUE
REQ03625,JOB03625,Engineering,SEC_THA_KAL,23-02-2026,10.09,11.26,77,2,safety correction,7,TAMPER,ACCESS_REQUIRED,REVIEW,TRUE
REQ03626,JOB03626,Engineering,SEC_KHA_LON,16-03-2026,6.27,8.54,147,2,preventive plan,10,LIFTING_UNIT,ACCESS_REQUIRED,REJECTED,TRUE
REQ03627,JOB03627,S&T,SEC_LON_TAL,24-03-2026,6.30,8.59,149,4,safety correction,5,LIFTING_UNIT,ACCESS_REQUIRED,REJECTED,TRUE
REQ03628,JOB03628,Engineering,SEC_CHI_SHI,23-01-2026,11.40,13.00,80,2,safety correction,5,HAND_TOOLS,TRACTION_ISOLATION,REJECTED,TRUE
REQ03629,JOB03629,Engineering,SEC_KHA_LON,11-01-2026,17.49,20.17,148,2,safety correction,5,OHE_TEST_KIT,TRACTION_ISOLATION,APPROVED,TRUE
REQ03630,JOB03630,TRD,SEC_SHI_PUN,30-03-2026,14.25,15.47,82,1,coordination opportunity,9,LIFTING_UNIT,ACCESS_REQUIRED,APPROVED,TRUE
REQ03631,JOB03631,Engineering,SEC_SHI_PUN,11-01-2026,16.09,17.10,61,1,overdue defect,6,TAMPER,SIGNAL_TEST_DEPENDENCY,REJECTED,TRUE
REQ03632,JOB03632,Engineering,SEC_KHA_LON,04-01-2026,16.23,17.42,79,2,safety correction,10,TAMPER,ACCESS_REQUIRED,REVIEW,TRUE
REQ03633,JOB03633,S&T,SEC_TAL_CHI,15-01-2026,11.25,13.19,114,4,overdue defect,3,SIGNAL_TEST_SET,ACCESS_REQUIRED,SUBMITTED,TRUE
REQ03634,JOB03634,Engineering,SEC_MUM_DAD,16-01-2026,18.15,20.32,137,4,preventive plan,3,TAMPER,NONE,SUBMITTED,TRUE
REQ03635,JOB03635,S&T,SEC_TAL_CHI,21-02-2026,11.26,12.35,69,2,overdue defect,7,LIFTING_UNIT,TRACTION_ISOLATION,REVIEW,TRUE
REQ03636,JOB03636,Engineering,SEC_KHA_LON,30-03-2026,12.40,13.14,34,1,overdue defect,5,TAMPER,NONE,APPROVED,TRUE
REQ03637,JOB03637,Engineering,SEC_KAR_KHA,09-03-2026,17.21,18.22,61,4,coordination opportunity,7,HAND_TOOLS,ACCESS_REQUIRED,REJECTED,TRUE
REQ03638,JOB03638,S&T,SEC_LON_TAL,23-02-2026,13.06,14.18,72,1,coordination opportunity,7,OHE_TEST_KIT,SIGNAL_TEST_DEPENDENCY,REVIEW,TRUE
REQ03639,JOB03639,TRD,SEC_THA_KAL,01-01-2026,15.28,16.04,36,3,overdue defect,8,HAND_TOOLS,SIGNAL_TEST_DEPENDENCY,REJECTED,TRUE
REQ03640,JOB03640,S&T,SEC_THA_KAL,10-03-2026,16.39,17.54,75,3,safety correction,7,TAMPER,ACCESS_REQUIRED,REJECTED,TRUE
REQ03641,JOB03641,Engineering,SEC_SHI_PUN,11-02-2026,15.11,15.52,41,3,coordination opportunity,5,TAMPER,ACCESS_REQUIRED,APPROVED,TRUE
REQ03642,JOB03642,TRD,SEC_MUM_DAD,27-01-2026,15.09,16.35,86,3,preventive plan,9,SIGNAL_TEST_SET,TRACTION_ISOLATION,REVIEW,TRUE
REQ03643,JOB03643,TRD,SEC_DAD_THA,05-01-2026,13.59,16.18,139,4,preventive plan,8,HAND_TOOLS,NONE,SUBMITTED,TRUE
REQ03644,JOB03644,TRD,SEC_CHI_SHI,21-03-2026,16.00,18.27,147,3,coordination opportunity,8,SIGNAL_TEST_SET,TRACTION_ISOLATION,APPROVED,TRUE
REQ03645,JOB03645,Engineering,SEC_LON_TAL,09-01-2026,15.42,17.54,132,1,coordination opportunity,10,TAMPER,TRACTION_ISOLATION,SUBMITTED,TRUE
REQ03646,JOB03646,Engineering,SEC_DAD_THA,19-03-2026,10.33,12.40,127,1,overdue defect,5,SIGNAL_TEST_SET,TRACTION_ISOLATION,REJECTED,TRUE
REQ03647,JOB03647,TRD,SEC_KAR_KHA,05-02-2026,9.51,11.01,70,4,preventive plan,6,LIFTING_UNIT,TRACTION_ISOLATION,REVIEW,TRUE
REQ03648,JOB03648,Engineering,SEC_LON_TAL,28-01-2026,8.37,9.40,63,2,overdue defect,8,LIFTING_UNIT,NONE,SUBMITTED,TRUE
REQ03649,JOB03649,TRD,SEC_KAL_KAR,10-03-2026,8.06,9.40,94,1,coordination opportunity,3,LIFTING_UNIT,NONE,SUBMITTED,TRUE
REQ03650,JOB03650,Engineering,SEC_LON_TAL,18-03-2026,16.35,17.26,51,3,safety correction,10,SIGNAL_TEST_SET,ACCESS_REQUIRED,REVIEW,TRUE
REQ03651,JOB03651,S&T,SEC_TAL_CHI,24-03-2026,13.50,14.26,36,3,safety correction,10,TAMPER,ACCESS_REQUIRED,SUBMITTED,TRUE
REQ03652,JOB03652,TRD,SEC_THA_KAL,19-01-2026,14.49,15.57,68,2,preventive plan,8,LIFTING_UNIT,SIGNAL_TEST_DEPENDENCY,SUBMITTED,TRUE
REQ03653,JOB03653,Engineering,SEC_LON_TAL,25-01-2026,6.03,6.37,34,3,preventive plan,6,SIGNAL_TEST_SET,TRACTION_ISOLATION,APPROVED,TRUE
REQ03654,JOB03654,TRD,SEC_SHI_PUN,05-03-2026,16.22,17.22,60,2,coordination opportunity,3,HAND_TOOLS,ACCESS_REQUIRED,REJECTED,TRUE
REQ03655,JOB03655,TRD,SEC_CHI_SHI,29-01-2026,19.23,21.39,136,1,coordination opportunity,6,OHE_TEST_KIT,SIGNAL_TEST_DEPENDENCY,REJECTED,TRUE
REQ03656,JOB03656,TRD,SEC_TAL_CHI,12-01-2026,10.25,12.21,116,2,preventive plan,10,TAMPER,TRACTION_ISOLATION,REVIEW,TRUE
REQ03657,JOB03657,TRD,SEC_MUM_DAD,30-03-2026,7.51,8.56,65,4,overdue defect,5,LIFTING_UNIT,SIGNAL_TEST_DEPENDENCY,REVIEW,TRUE
REQ03658,JOB03658,S&T,SEC_THA_KAL,23-01-2026,14.11,16.37,146,4,overdue defect,7,HAND_TOOLS,NONE,REVIEW,TRUE
REQ03659,JOB03659,TRD,SEC_KAL_KAR,08-03-2026,10.02,11.29,87,4,coordination opportunity,3,TAMPER,SIGNAL_TEST_DEPENDENCY,APPROVED,TRUE
REQ03660,JOB03660,Engineering,SEC_THA_KAL,23-02-2026,13.49,15.22,93,2,preventive plan,5,TAMPER,TRACTION_ISOLATION,REVIEW,TRUE
REQ03661,JOB03661,Engineering,SEC_KAL_KAR,21-01-2026,6.37,7.24,47,1,coordination opportunity,3,SIGNAL_TEST_SET,NONE,APPROVED,TRUE
REQ03662,JOB03662,Engineering,SEC_MUM_DAD,18-01-2026,13.13,13.50,37,3,preventive plan,3,SIGNAL_TEST_SET,TRACTION_ISOLATION,APPROVED,TRUE
REQ03663,JOB03663,S&T,SEC_CHI_SHI,28-02-2026,15.27,16.02,35,3,overdue defect,5,HAND_TOOLS,SIGNAL_TEST_DEPENDENCY,REVIEW,TRUE
REQ03664,JOB03664,TRD,SEC_KAL_KAR,16-01-2026,19.31,20.05,34,4,preventive plan,9,OHE_TEST_KIT,TRACTION_ISOLATION,SUBMITTED,TRUE
REQ03665,JOB03665,TRD,SEC_KAL_KAR,09-01-2026,12.10,14.28,138,2,coordination opportunity,6,OHE_TEST_KIT,ACCESS_REQUIRED,APPROVED,TRUE
REQ03666,JOB03666,Engineering,SEC_SHI_PUN,26-03-2026,8.01,10.14,133,4,overdue defect,8,HAND_TOOLS,TRACTION_ISOLATION,APPROVED,TRUE
REQ03667,JOB03667,Engineering,SEC_KHA_LON,05-03-2026,18.46,19.34,48,2,coordination opportunity,9,LIFTING_UNIT,SIGNAL_TEST_DEPENDENCY,REJECTED,TRUE
REQ03668,JOB03668,S&T,SEC_TAL_CHI,25-02-2026,14.51,15.40,49,4,coordination opportunity,10,HAND_TOOLS,SIGNAL_TEST_DEPENDENCY,APPROVED,TRUE
REQ03669,JOB03669,S&T,SEC_KAR_KHA,21-02-2026,16.19,16.51,32,1,safety correction,7,SIGNAL_TEST_SET,TRACTION_ISOLATION,APPROVED,TRUE
REQ03670,JOB03670,S&T,SEC_DAD_THA,13-01-2026,13.55,15.08,73,3,overdue defect,8,LIFTING_UNIT,ACCESS_REQUIRED,SUBMITTED,TRUE
REQ03671,JOB03671,S&T,SEC_DAD_THA,06-02-2026,18.55,21.02,127,2,overdue defect,10,SIGNAL_TEST_SET,TRACTION_ISOLATION,REJECTED,TRUE
REQ03672,JOB03672,S&T,SEC_SHI_PUN,08-01-2026,15.15,15.54,39,1,overdue defect,8,SIGNAL_TEST_SET,TRACTION_ISOLATION,APPROVED,TRUE
REQ03673,JOB03673,S&T,SEC_KHA_LON,14-02-2026,11.03,12.23,80,3,safety correction,4,SIGNAL_TEST_SET,TRACTION_ISOLATION,REJECTED,TRUE
REQ03674,JOB03674,Engineering,SEC_SHI_PUN,30-01-2026,7.43,8.30,47,2,coordination opportunity,8,LIFTING_UNIT,ACCESS_REQUIRED,REVIEW,TRUE
REQ03675,JOB03675,TRD,SEC_MUM_DAD,23-01-2026,13.18,15.32,134,3,coordination opportunity,4,SIGNAL_TEST_SET,TRACTION_ISOLATION,SUBMITTED,TRUE
REQ03676,JOB03676,Engineering,SEC_MUM_DAD,04-02-2026,9.23,11.35,132,4,overdue defect,7,SIGNAL_TEST_SET,ACCESS_REQUIRED,APPROVED,TRUE
REQ03677,JOB03677,S&T,SEC_SHI_PUN,24-03-2026,17.29,19.35,126,1,coordination opportunity,6,OHE_TEST_KIT,SIGNAL_TEST_DEPENDENCY,REJECTED,TRUE
REQ03678,JOB03678,TRD,SEC_LON_TAL,06-01-2026,11.20,12.21,61,2,preventive plan,9,TAMPER,SIGNAL_TEST_DEPENDENCY,REVIEW,TRUE
REQ03679,JOB03679,TRD,SEC_LON_TAL,18-03-2026,16.58,17.55,57,4,coordination opportunity,4,OHE_TEST_KIT,ACCESS_REQUIRED,REVIEW,TRUE
REQ03680,JOB03680,S&T,SEC_TAL_CHI,10-01-2026,8.24,9.38,74,1,safety correction,10,TAMPER,TRACTION_ISOLATION,APPROVED,TRUE
REQ03681,JOB03681,S&T,SEC_KHA_LON,25-03-2026,19.32,21.50,138,4,safety correction,6,LIFTING_UNIT,TRACTION_ISOLATION,REJECTED,TRUE
REQ03682,JOB03682,S&T,SEC_CHI_SHI,21-01-2026,12.13,14.14,121,1,overdue defect,5,LIFTING_UNIT,ACCESS_REQUIRED,REVIEW,TRUE
REQ03683,JOB03683,S&T,SEC_CHI_SHI,29-01-2026,16.46,19.00,134,3,overdue defect,6,TAMPER,TRACTION_ISOLATION,APPROVED,TRUE
REQ03684,JOB03684,TRD,SEC_DAD_THA,06-03-2026,15.05,16.27,82,1,preventive plan,6,OHE_TEST_KIT,NONE,APPROVED,TRUE
REQ03685,JOB03685,Engineering,SEC_LON_TAL,03-03-2026,9.12,10.45,93,3,preventive plan,9,SIGNAL_TEST_SET,ACCESS_REQUIRED,SUBMITTED,TRUE
REQ03686,JOB03686,TRD,SEC_DAD_THA,19-02-2026,13.42,15.42,120,3,safety correction,10,HAND_TOOLS,ACCESS_REQUIRED,REJECTED,TRUE
REQ03687,JOB03687,S&T,SEC_CHI_SHI,25-03-2026,8.28,10.15,107,1,preventive plan,5,SIGNAL_TEST_SET,ACCESS_REQUIRED,SUBMITTED,TRUE
REQ03688,JOB03688,Engineering,SEC_KAL_KAR,28-03-2026,12.51,14.22,91,2,overdue defect,5,TAMPER,ACCESS_REQUIRED,APPROVED,TRUE
REQ03689,JOB03689,S&T,SEC_CHI_SHI,23-03-2026,6.06,8.24,138,3,preventive plan,8,SIGNAL_TEST_SET,ACCESS_REQUIRED,SUBMITTED,TRUE
REQ03690,JOB03690,Engineering,SEC_KHA_LON,11-02-2026,14.02,15.17,75,4,safety correction,7,OHE_TEST_KIT,ACCESS_REQUIRED,REJECTED,TRUE
REQ03691,JOB03691,Engineering,SEC_TAL_CHI,21-03-2026,6.38,8.43,125,3,overdue defect,9,LIFTING_UNIT,NONE,SUBMITTED,TRUE
REQ03692,JOB03692,Engineering,SEC_THA_KAL,08-01-2026,16.11,17.11,60,3,overdue defect,7,OHE_TEST_KIT,TRACTION_ISOLATION,APPROVED,TRUE
REQ03693,JOB03693,Engineering,SEC_TAL_CHI,04-03-2026,16.58,18.36,98,4,coordination opportunity,6,SIGNAL_TEST_SET,SIGNAL_TEST_DEPENDENCY,SUBMITTED,TRUE
REQ03694,JOB03694,S&T,SEC_LON_TAL,22-01-2026,13.39,14.29,50,2,safety correction,3,TAMPER,NONE,SUBMITTED,TRUE
REQ03695,JOB03695,TRD,SEC_MUM_DAD,14-02-2026,9.39,11.22,103,4,safety correction,6,TAMPER,SIGNAL_TEST_DEPENDENCY,APPROVED,TRUE
REQ03696,JOB03696,Engineering,SEC_KHA_LON,03-02-2026,12.41,14.35,114,4,overdue defect,3,HAND_TOOLS,TRACTION_ISOLATION,REVIEW,TRUE
REQ03697,JOB03697,TRD,SEC_TAL_CHI,01-01-2026,14.05,15.30,85,1,coordination opportunity,9,OHE_TEST_KIT,NONE,SUBMITTED,TRUE
REQ03698,JOB03698,Engineering,SEC_DAD_THA,29-01-2026,13.26,15.01,95,1,preventive plan,7,HAND_TOOLS,TRACTION_ISOLATION,SUBMITTED,TRUE
REQ03699,JOB03699,S&T,SEC_THA_KAL,19-02-2026,12.14,14.15,121,1,preventive plan,10,TAMPER,TRACTION_ISOLATION,SUBMITTED,TRUE
REQ03700,JOB03700,Engineering,SEC_KAR_KHA,27-02-2026,7.31,8.09,38,1,safety correction,8,TAMPER,NONE,SUBMITTED,TRUE
REQ03701,JOB03701,S&T,SEC_KAL_KAR,27-03-2026,16.03,18.08,125,1,preventive plan,3,LIFTING_UNIT,NONE,REVIEW,TRUE
REQ03702,JOB03702,TRD,SEC_THA_KAL,03-01-2026,10.50,12.33,103,3,preventive plan,3,OHE_TEST_KIT,SIGNAL_TEST_DEPENDENCY,APPROVED,TRUE
REQ03703,JOB03703,Engineering,SEC_KHA_LON,12-03-2026,7.56,10.17,141,2,overdue defect,9,LIFTING_UNIT,ACCESS_REQUIRED,SUBMITTED,TRUE
REQ03704,JOB03704,TRD,SEC_TAL_CHI,28-01-2026,18.01,20.09,128,3,safety correction,3,HAND_TOOLS,ACCESS_REQUIRED,APPROVED,TRUE
REQ03705,JOB03705,S&T,SEC_MUM_DAD,24-03-2026,16.00,17.57,117,1,coordination opportunity,6,TAMPER,ACCESS_REQUIRED,SUBMITTED,TRUE
REQ03706,JOB03706,Engineering,SEC_TAL_CHI,26-01-2026,15.10,16.31,81,4,overdue defect,10,SIGNAL_TEST_SET,SIGNAL_TEST_DEPENDENCY,APPROVED,TRUE
REQ03707,JOB03707,Engineering,SEC_KAR_KHA,05-01-2026,6.58,8.44,106,1,preventive plan,7,TAMPER,SIGNAL_TEST_DEPENDENCY,SUBMITTED,TRUE
REQ03708,JOB03708,TRD,SEC_SHI_PUN,20-01-2026,10.14,11.50,96,2,coordination opportunity,6,LIFTING_UNIT,ACCESS_REQUIRED,APPROVED,TRUE
REQ03709,JOB03709,TRD,SEC_THA_KAL,06-03-2026,16.54,18.29,95,3,overdue defect,3,OHE_TEST_KIT,SIGNAL_TEST_DEPENDENCY,REJECTED,TRUE
REQ03710,JOB03710,S&T,SEC_KHA_LON,27-02-2026,16.41,17.36,55,1,coordination opportunity,8,OHE_TEST_KIT,SIGNAL_TEST_DEPENDENCY,SUBMITTED,TRUE
REQ03711,JOB03711,S&T,SEC_KAR_KHA,15-03-2026,7.36,9.54,138,3,preventive plan,5,OHE_TEST_KIT,SIGNAL_TEST_DEPENDENCY,REJECTED,TRUE
REQ03712,JOB03712,Engineering,SEC_SHI_PUN,11-02-2026,11.53,13.46,113,2,overdue defect,8,TAMPER,TRACTION_ISOLATION,REVIEW,TRUE
REQ03713,JOB03713,S&T,SEC_LON_TAL,23-03-2026,14.10,15.21,71,3,coordination opportunity,5,OHE_TEST_KIT,TRACTION_ISOLATION,APPROVED,TRUE
REQ03714,JOB03714,S&T,SEC_THA_KAL,15-02-2026,14.43,15.25,42,2,coordination opportunity,6,LIFTING_UNIT,NONE,REJECTED,TRUE
REQ03715,JOB03715,TRD,SEC_DAD_THA,17-02-2026,17.19,18.31,72,3,safety correction,10,LIFTING_UNIT,SIGNAL_TEST_DEPENDENCY,REJECTED,TRUE
REQ03716,JOB03716,Engineering,SEC_DAD_THA,15-02-2026,6.16,7.58,102,3,preventive plan,4,SIGNAL_TEST_SET,SIGNAL_TEST_DEPENDENCY,REJECTED,TRUE
REQ03717,JOB03717,Engineering,SEC_KAL_KAR,04-02-2026,8.31,10.03,92,2,safety correction,8,SIGNAL_TEST_SET,ACCESS_REQUIRED,APPROVED,TRUE
REQ03718,JOB03718,S&T,SEC_CHI_SHI,25-03-2026,18.28,20.55,147,3,safety correction,5,LIFTING_UNIT,NONE,REJECTED,TRUE
REQ03719,JOB03719,Engineering,SEC_KAR_KHA,28-02-2026,8.45,10.58,133,2,overdue defect,9,HAND_TOOLS,ACCESS_REQUIRED,APPROVED,TRUE
REQ03720,JOB03720,Engineering,SEC_THA_KAL,11-03-2026,6.13,7.07,54,3,preventive plan,3,LIFTING_UNIT,NONE,SUBMITTED,TRUE
REQ03721,JOB03721,TRD,SEC_TAL_CHI,03-01-2026,11.19,12.29,70,2,preventive plan,8,LIFTING_UNIT,SIGNAL_TEST_DEPENDENCY,REVIEW,TRUE
REQ03722,JOB03722,S&T,SEC_CHI_SHI,20-02-2026,14.36,16.39,123,3,overdue defect,8,HAND_TOOLS,NONE,REJECTED,TRUE
REQ03723,JOB03723,TRD,SEC_DAD_THA,25-03-2026,12.02,14.20,138,1,coordination opportunity,10,OHE_TEST_KIT,NONE,SUBMITTED,TRUE
REQ03724,JOB03724,Engineering,SEC_KHA_LON,14-02-2026,10.06,11.45,99,2,overdue defect,6,OHE_TEST_KIT,NONE,REJECTED,TRUE
REQ03725,JOB03725,Engineering,SEC_DAD_THA,22-01-2026,16.34,18.38,124,4,overdue defect,10,SIGNAL_TEST_SET,ACCESS_REQUIRED,REVIEW,TRUE
REQ03726,JOB03726,TRD,SEC_TAL_CHI,09-01-2026,10.04,11.44,100,4,safety correction,7,TAMPER,NONE,APPROVED,TRUE
REQ03727,JOB03727,TRD,SEC_TAL_CHI,09-02-2026,16.31,17.22,51,2,overdue defect,10,SIGNAL_TEST_SET,ACCESS_REQUIRED,REJECTED,TRUE
REQ03728,JOB03728,S&T,SEC_KHA_LON,02-01-2026,12.24,12.59,35,1,safety correction,6,TAMPER,NONE,REJECTED,TRUE
REQ03729,JOB03729,TRD,SEC_SHI_PUN,20-03-2026,9.34,11.15,101,4,safety correction,7,OHE_TEST_KIT,TRACTION_ISOLATION,APPROVED,TRUE
REQ03730,JOB03730,S&T,SEC_KAL_KAR,24-01-2026,15.03,16.14,71,2,preventive plan,8,HAND_TOOLS,SIGNAL_TEST_DEPENDENCY,REJECTED,TRUE
REQ03731,JOB03731,S&T,SEC_DAD_THA,12-02-2026,9.49,11.51,122,2,overdue defect,4,LIFTING_UNIT,TRACTION_ISOLATION,REVIEW,TRUE
REQ03732,JOB03732,Engineering,SEC_TAL_CHI,09-02-2026,13.36,14.09,33,3,overdue defect,8,HAND_TOOLS,TRACTION_ISOLATION,REVIEW,TRUE
REQ03733,JOB03733,Engineering,SEC_TAL_CHI,24-01-2026,15.20,16.39,79,1,overdue defect,5,OHE_TEST_KIT,NONE,SUBMITTED,TRUE
REQ03734,JOB03734,S&T,SEC_THA_KAL,03-03-2026,9.19,10.41,82,4,overdue defect,7,SIGNAL_TEST_SET,ACCESS_REQUIRED,SUBMITTED,TRUE
REQ03735,JOB03735,S&T,SEC_DAD_THA,01-02-2026,16.23,18.16,113,1,coordination opportunity,4,LIFTING_UNIT,NONE,REVIEW,TRUE
REQ03736,JOB03736,Engineering,SEC_KAL_KAR,30-01-2026,17.46,18.23,37,3,safety correction,4,HAND_TOOLS,TRACTION_ISOLATION,SUBMITTED,TRUE
REQ03737,JOB03737,Engineering,SEC_KHA_LON,23-01-2026,19.29,20.22,53,1,overdue defect,8,LIFTING_UNIT,SIGNAL_TEST_DEPENDENCY,REJECTED,TRUE
REQ03738,JOB03738,TRD,SEC_KAL_KAR,09-03-2026,15.29,17.47,138,2,preventive plan,5,TAMPER,NONE,REVIEW,TRUE
REQ03739,JOB03739,TRD,SEC_DAD_THA,07-01-2026,9.49,11.53,124,4,preventive plan,9,SIGNAL_TEST_SET,TRACTION_ISOLATION,REJECTED,TRUE
REQ03740,JOB03740,S&T,SEC_DAD_THA,28-03-2026,15.41,17.16,95,3,overdue defect,9,SIGNAL_TEST_SET,SIGNAL_TEST_DEPENDENCY,REVIEW,TRUE
REQ03741,JOB03741,S&T,SEC_SHI_PUN,14-01-2026,7.52,10.05,133,2,safety correction,7,LIFTING_UNIT,NONE,APPROVED,TRUE
REQ03742,JOB03742,Engineering,SEC_KAR_KHA,28-03-2026,9.36,11.16,100,1,overdue defect,8,OHE_TEST_KIT,TRACTION_ISOLATION,APPROVED,TRUE
REQ03743,JOB03743,TRD,SEC_DAD_THA,12-02-2026,16.44,17.53,69,4,overdue defect,6,OHE_TEST_KIT,SIGNAL_TEST_DEPENDENCY,SUBMITTED,TRUE
REQ03744,JOB03744,Engineering,SEC_THA_KAL,08-01-2026,18.07,18.46,39,4,preventive plan,5,SIGNAL_TEST_SET,SIGNAL_TEST_DEPENDENCY,REVIEW,TRUE
REQ03745,JOB03745,TRD,SEC_DAD_THA,23-02-2026,8.00,9.24,84,4,coordination opportunity,6,HAND_TOOLS,ACCESS_REQUIRED,REJECTED,TRUE
REQ03746,JOB03746,Engineering,SEC_CHI_SHI,15-01-2026,6.49,7.56,67,4,coordination opportunity,9,LIFTING_UNIT,TRACTION_ISOLATION,REVIEW,TRUE
REQ03747,JOB03747,Engineering,SEC_SHI_PUN,20-02-2026,12.45,14.13,88,2,coordination opportunity,7,OHE_TEST_KIT,NONE,SUBMITTED,TRUE
REQ03748,JOB03748,Engineering,SEC_MUM_DAD,16-03-2026,9.54,11.04,70,4,preventive plan,6,HAND_TOOLS,ACCESS_REQUIRED,SUBMITTED,TRUE
REQ03749,JOB03749,TRD,SEC_MUM_DAD,28-02-2026,7.51,9.03,72,2,safety correction,7,TAMPER,NONE,REVIEW,TRUE
REQ03750,JOB03750,Engineering,SEC_LON_TAL,25-02-2026,18.55,20.36,101,4,safety correction,7,LIFTING_UNIT,NONE,APPROVED,TRUE
REQ03751,JOB03751,TRD,SEC_DAD_THA,20-02-2026,18.28,20.04,96,4,safety correction,4,LIFTING_UNIT,ACCESS_REQUIRED,APPROVED,TRUE
REQ03752,JOB03752,S&T,SEC_LON_TAL,25-02-2026,18.50,20.41,111,4,preventive plan,10,HAND_TOOLS,TRACTION_ISOLATION,REVIEW,TRUE
REQ03753,JOB03753,S&T,SEC_TAL_CHI,13-03-2026,11.53,13.05,72,3,overdue defect,10,SIGNAL_TEST_SET,SIGNAL_TEST_DEPENDENCY,APPROVED,TRUE
REQ03754,JOB03754,S&T,SEC_SHI_PUN,20-03-2026,18.49,21.16,147,2,overdue defect,9,HAND_TOOLS,SIGNAL_TEST_DEPENDENCY,APPROVED,TRUE
REQ03755,JOB03755,S&T,SEC_DAD_THA,26-03-2026,12.22,13.38,76,2,overdue defect,6,TAMPER,NONE,REVIEW,TRUE
REQ03756,JOB03756,S&T,SEC_CHI_SHI,30-03-2026,7.05,9.07,122,2,overdue defect,3,TAMPER,NONE,REVIEW,TRUE
REQ03757,JOB03757,Engineering,SEC_TAL_CHI,29-03-2026,19.35,21.30,115,2,preventive plan,10,OHE_TEST_KIT,TRACTION_ISOLATION,REVIEW,TRUE
REQ03758,JOB03758,S&T,SEC_KAL_KAR,23-02-2026,18.21,20.08,107,1,coordination opportunity,3,HAND_TOOLS,TRACTION_ISOLATION,REJECTED,TRUE
REQ03759,JOB03759,S&T,SEC_MUM_DAD,30-01-2026,7.17,8.37,80,2,preventive plan,10,HAND_TOOLS,TRACTION_ISOLATION,SUBMITTED,TRUE
REQ03760,JOB03760,Engineering,SEC_SHI_PUN,08-02-2026,18.07,18.43,36,4,preventive plan,5,OHE_TEST_KIT,NONE,REVIEW,TRUE
REQ03761,JOB03761,S&T,SEC_KAL_KAR,04-03-2026,8.55,11.01,126,3,safety correction,8,TAMPER,SIGNAL_TEST_DEPENDENCY,REJECTED,TRUE
REQ03762,JOB03762,TRD,SEC_SHI_PUN,09-03-2026,19.33,20.53,80,3,coordination opportunity,7,LIFTING_UNIT,TRACTION_ISOLATION,REJECTED,TRUE
REQ03763,JOB03763,TRD,SEC_DAD_THA,09-03-2026,16.13,17.44,91,3,safety correction,7,LIFTING_UNIT,NONE,REJECTED,TRUE
REQ03764,JOB03764,TRD,SEC_TAL_CHI,28-01-2026,9.19,11.42,143,1,overdue defect,5,OHE_TEST_KIT,TRACTION_ISOLATION,SUBMITTED,TRUE
REQ03765,JOB03765,TRD,SEC_CHI_SHI,13-01-2026,16.09,16.41,32,2,safety correction,6,LIFTING_UNIT,SIGNAL_TEST_DEPENDENCY,APPROVED,TRUE
REQ03766,JOB03766,TRD,SEC_CHI_SHI,26-03-2026,18.52,20.42,110,3,coordination opportunity,10,TAMPER,SIGNAL_TEST_DEPENDENCY,REJECTED,TRUE
REQ03767,JOB03767,TRD,SEC_MUM_DAD,21-02-2026,18.40,20.35,115,1,preventive plan,6,LIFTING_UNIT,NONE,REJECTED,TRUE
REQ03768,JOB03768,TRD,SEC_LON_TAL,01-01-2026,10.01,10.44,43,2,safety correction,8,OHE_TEST_KIT,SIGNAL_TEST_DEPENDENCY,APPROVED,TRUE
REQ03769,JOB03769,S&T,SEC_SHI_PUN,03-02-2026,11.45,12.28,43,2,coordination opportunity,3,SIGNAL_TEST_SET,SIGNAL_TEST_DEPENDENCY,SUBMITTED,TRUE
REQ03770,JOB03770,TRD,SEC_KHA_LON,23-01-2026,8.17,8.50,33,3,preventive plan,3,SIGNAL_TEST_SET,NONE,REJECTED,TRUE
REQ03771,JOB03771,Engineering,SEC_MUM_DAD,17-02-2026,12.17,13.28,71,2,coordination opportunity,7,OHE_TEST_KIT,ACCESS_REQUIRED,REVIEW,TRUE
REQ03772,JOB03772,TRD,SEC_THA_KAL,02-01-2026,18.58,21.22,144,3,overdue defect,9,LIFTING_UNIT,SIGNAL_TEST_DEPENDENCY,REVIEW,TRUE
REQ03773,JOB03773,Engineering,SEC_MUM_DAD,14-02-2026,10.11,12.12,121,2,coordination opportunity,5,LIFTING_UNIT,NONE,REJECTED,TRUE
REQ03774,JOB03774,TRD,SEC_SHI_PUN,03-01-2026,8.13,10.04,111,3,safety correction,5,HAND_TOOLS,ACCESS_REQUIRED,REJECTED,TRUE
REQ03775,JOB03775,TRD,SEC_MUM_DAD,01-01-2026,7.21,9.21,120,1,coordination opportunity,9,SIGNAL_TEST_SET,NONE,SUBMITTED,TRUE
REQ03776,JOB03776,S&T,SEC_THA_KAL,24-03-2026,17.41,19.24,103,2,preventive plan,3,LIFTING_UNIT,TRACTION_ISOLATION,SUBMITTED,TRUE
REQ03777,JOB03777,Engineering,SEC_KAR_KHA,05-01-2026,13.59,15.14,75,1,overdue defect,4,TAMPER,SIGNAL_TEST_DEPENDENCY,APPROVED,TRUE
REQ03778,JOB03778,S&T,SEC_TAL_CHI,16-02-2026,6.20,8.20,120,2,safety correction,4,SIGNAL_TEST_SET,NONE,SUBMITTED,TRUE
REQ03779,JOB03779,S&T,SEC_MUM_DAD,16-03-2026,16.34,18.32,118,4,preventive plan,10,TAMPER,ACCESS_REQUIRED,REJECTED,TRUE
REQ03780,JOB03780,Engineering,SEC_CHI_SHI,24-03-2026,14.40,16.54,134,3,safety correction,5,OHE_TEST_KIT,NONE,APPROVED,TRUE
REQ03781,JOB03781,Engineering,SEC_DAD_THA,09-03-2026,15.47,16.21,34,1,coordination opportunity,7,SIGNAL_TEST_SET,SIGNAL_TEST_DEPENDENCY,REVIEW,TRUE
REQ03782,JOB03782,TRD,SEC_SHI_PUN,25-01-2026,19.03,21.21,138,4,coordination opportunity,4,TAMPER,ACCESS_REQUIRED,SUBMITTED,TRUE
REQ03783,JOB03783,Engineering,SEC_THA_KAL,07-02-2026,16.00,17.15,75,3,preventive plan,8,TAMPER,NONE,APPROVED,TRUE
REQ03784,JOB03784,Engineering,SEC_SHI_PUN,04-03-2026,8.18,9.43,85,1,overdue defect,6,OHE_TEST_KIT,NONE,REJECTED,TRUE
REQ03785,JOB03785,Engineering,SEC_TAL_CHI,16-02-2026,13.49,15.43,114,3,safety correction,9,TAMPER,TRACTION_ISOLATION,APPROVED,TRUE
REQ03786,JOB03786,Engineering,SEC_THA_KAL,11-02-2026,9.45,11.27,102,3,coordination opportunity,7,SIGNAL_TEST_SET,ACCESS_REQUIRED,REVIEW,TRUE
REQ03787,JOB03787,S&T,SEC_THA_KAL,30-03-2026,18.57,20.15,78,2,overdue defect,6,SIGNAL_TEST_SET,ACCESS_REQUIRED,SUBMITTED,TRUE
REQ03788,JOB03788,TRD,SEC_KHA_LON,14-03-2026,18.07,20.15,128,4,overdue defect,8,OHE_TEST_KIT,TRACTION_ISOLATION,APPROVED,TRUE
REQ03789,JOB03789,S&T,SEC_KHA_LON,07-03-2026,13.49,15.14,85,2,coordination opportunity,5,LIFTING_UNIT,TRACTION_ISOLATION,REVIEW,TRUE
REQ03790,JOB03790,Engineering,SEC_TAL_CHI,26-01-2026,7.28,8.35,67,4,preventive plan,6,HAND_TOOLS,ACCESS_REQUIRED,REVIEW,TRUE
REQ03791,JOB03791,S&T,SEC_KAL_KAR,06-01-2026,6.36,7.52,76,3,preventive plan,10,LIFTING_UNIT,ACCESS_REQUIRED,SUBMITTED,TRUE
REQ03792,JOB03792,TRD,SEC_TAL_CHI,25-03-2026,10.37,11.59,82,2,coordination opportunity,10,OHE_TEST_KIT,TRACTION_ISOLATION,SUBMITTED,TRUE
REQ03793,JOB03793,S&T,SEC_DAD_THA,12-03-2026,6.32,8.42,130,2,preventive plan,7,HAND_TOOLS,NONE,REJECTED,TRUE
REQ03794,JOB03794,Engineering,SEC_KAR_KHA,26-03-2026,16.45,17.16,31,3,coordination opportunity,7,TAMPER,NONE,SUBMITTED,TRUE
REQ03795,JOB03795,TRD,SEC_DAD_THA,03-03-2026,16.10,18.29,139,3,preventive plan,5,TAMPER,ACCESS_REQUIRED,SUBMITTED,TRUE
REQ03796,JOB03796,TRD,SEC_KAR_KHA,04-02-2026,13.27,14.08,41,1,safety correction,10,SIGNAL_TEST_SET,NONE,APPROVED,TRUE
REQ03797,JOB03797,S&T,SEC_MUM_DAD,17-03-2026,19.47,21.39,112,3,coordination opportunity,6,OHE_TEST_KIT,ACCESS_REQUIRED,APPROVED,TRUE
REQ03798,JOB03798,TRD,SEC_SHI_PUN,25-02-2026,12.45,14.05,80,4,coordination opportunity,5,LIFTING_UNIT,ACCESS_REQUIRED,REVIEW,TRUE
REQ03799,JOB03799,Engineering,SEC_THA_KAL,24-01-2026,17.51,18.49,58,4,overdue defect,9,TAMPER,ACCESS_REQUIRED,APPROVED,TRUE
REQ03800,JOB03800,Engineering,SEC_SHI_PUN,10-01-2026,8.26,9.15,49,1,preventive plan,4,SIGNAL_TEST_SET,ACCESS_REQUIRED,SUBMITTED,TRUE
REQ03801,JOB03801,Engineering,SEC_KAR_KHA,22-01-2026,7.43,9.35,112,3,coordination opportunity,5,OHE_TEST_KIT,SIGNAL_TEST_DEPENDENCY,SUBMITTED,TRUE
REQ03802,JOB03802,TRD,SEC_SHI_PUN,24-01-2026,8.34,10.22,108,4,coordination opportunity,8,TAMPER,SIGNAL_TEST_DEPENDENCY,REVIEW,TRUE
REQ03803,JOB03803,TRD,SEC_KAL_KAR,12-01-2026,16.08,17.56,108,4,preventive plan,10,OHE_TEST_KIT,TRACTION_ISOLATION,APPROVED,TRUE
REQ03804,JOB03804,TRD,SEC_MUM_DAD,29-03-2026,13.01,14.13,72,3,coordination opportunity,6,TAMPER,ACCESS_REQUIRED,REJECTED,TRUE
REQ03805,JOB03805,TRD,SEC_KHA_LON,02-03-2026,6.32,7.25,53,1,overdue defect,4,OHE_TEST_KIT,ACCESS_REQUIRED,REVIEW,TRUE
REQ03806,JOB03806,S&T,SEC_MUM_DAD,15-01-2026,6.58,9.05,127,4,coordination opportunity,4,HAND_TOOLS,NONE,APPROVED,TRUE
REQ03807,JOB03807,TRD,SEC_CHI_SHI,22-03-2026,13.30,14.26,56,1,overdue defect,9,HAND_TOOLS,NONE,REVIEW,TRUE
REQ03808,JOB03808,S&T,SEC_SHI_PUN,28-01-2026,8.21,9.57,96,1,safety correction,6,SIGNAL_TEST_SET,NONE,APPROVED,TRUE
REQ03809,JOB03809,Engineering,SEC_KAL_KAR,04-01-2026,13.52,14.43,51,3,overdue defect,10,TAMPER,TRACTION_ISOLATION,SUBMITTED,TRUE
REQ03810,JOB03810,TRD,SEC_KAR_KHA,11-02-2026,18.02,19.33,91,4,coordination opportunity,9,TAMPER,SIGNAL_TEST_DEPENDENCY,REVIEW,TRUE
REQ03811,JOB03811,S&T,SEC_MUM_DAD,18-02-2026,14.26,16.46,140,2,overdue defect,9,SIGNAL_TEST_SET,ACCESS_REQUIRED,REJECTED,TRUE
REQ03812,JOB03812,TRD,SEC_DAD_THA,27-02-2026,9.24,10.24,60,4,coordination opportunity,8,OHE_TEST_KIT,NONE,APPROVED,TRUE
REQ03813,JOB03813,Engineering,SEC_THA_KAL,09-03-2026,16.13,16.51,38,3,coordination opportunity,8,LIFTING_UNIT,ACCESS_REQUIRED,REJECTED,TRUE
REQ03814,JOB03814,Engineering,SEC_TAL_CHI,29-03-2026,11.45,13.26,101,4,safety correction,9,HAND_TOOLS,ACCESS_REQUIRED,REVIEW,TRUE
REQ03815,JOB03815,Engineering,SEC_KAL_KAR,10-01-2026,18.46,19.56,70,3,overdue defect,8,LIFTING_UNIT,SIGNAL_TEST_DEPENDENCY,APPROVED,TRUE
REQ03816,JOB03816,Engineering,SEC_KAR_KHA,04-03-2026,16.08,17.31,83,2,overdue defect,7,TAMPER,ACCESS_REQUIRED,REVIEW,TRUE
REQ03817,JOB03817,S&T,SEC_THA_KAL,20-02-2026,16.49,18.58,129,2,overdue defect,6,OHE_TEST_KIT,SIGNAL_TEST_DEPENDENCY,REVIEW,TRUE
REQ03818,JOB03818,TRD,SEC_SHI_PUN,28-02-2026,15.17,16.04,47,3,coordination opportunity,9,HAND_TOOLS,ACCESS_REQUIRED,SUBMITTED,TRUE
REQ03819,JOB03819,Engineering,SEC_KAR_KHA,03-03-2026,6.30,7.44,74,3,overdue defect,3,LIFTING_UNIT,SIGNAL_TEST_DEPENDENCY,SUBMITTED,TRUE
REQ03820,JOB03820,Engineering,SEC_SHI_PUN,08-02-2026,8.26,10.39,133,4,coordination opportunity,9,OHE_TEST_KIT,NONE,REJECTED,TRUE
REQ03821,JOB03821,S&T,SEC_KHA_LON,23-03-2026,15.16,16.50,94,3,coordination opportunity,4,LIFTING_UNIT,SIGNAL_TEST_DEPENDENCY,REJECTED,TRUE
REQ03822,JOB03822,TRD,SEC_KAR_KHA,19-01-2026,6.49,8.57,128,3,overdue defect,3,LIFTING_UNIT,NONE,APPROVED,TRUE
REQ03823,JOB03823,Engineering,SEC_LON_TAL,18-03-2026,13.31,14.49,78,4,coordination opportunity,3,LIFTING_UNIT,NONE,REVIEW,TRUE
REQ03824,JOB03824,Engineering,SEC_KAL_KAR,15-01-2026,19.16,21.13,117,4,coordination opportunity,4,HAND_TOOLS,NONE,REJECTED,TRUE
REQ03825,JOB03825,S&T,SEC_LON_TAL,09-03-2026,10.24,11.27,63,3,preventive plan,9,LIFTING_UNIT,NONE,APPROVED,TRUE
REQ03826,JOB03826,S&T,SEC_KAR_KHA,16-01-2026,12.54,14.25,91,2,overdue defect,10,LIFTING_UNIT,ACCESS_REQUIRED,APPROVED,TRUE
REQ03827,JOB03827,Engineering,SEC_KAL_KAR,19-01-2026,17.59,19.05,66,2,preventive plan,6,OHE_TEST_KIT,NONE,REJECTED,TRUE
REQ03828,JOB03828,TRD,SEC_TAL_CHI,21-03-2026,9.50,11.40,110,3,preventive plan,5,TAMPER,SIGNAL_TEST_DEPENDENCY,SUBMITTED,TRUE
REQ03829,JOB03829,TRD,SEC_SHI_PUN,24-02-2026,13.54,15.36,102,1,preventive plan,6,HAND_TOOLS,ACCESS_REQUIRED,REVIEW,TRUE
REQ03830,JOB03830,Engineering,SEC_THA_KAL,16-03-2026,19.32,21.47,135,1,safety correction,5,HAND_TOOLS,SIGNAL_TEST_DEPENDENCY,REVIEW,TRUE
REQ03831,JOB03831,TRD,SEC_CHI_SHI,11-02-2026,14.50,15.24,34,2,preventive plan,4,LIFTING_UNIT,NONE,REJECTED,TRUE
REQ03832,JOB03832,S&T,SEC_CHI_SHI,26-01-2026,19.51,21.58,127,3,overdue defect,8,HAND_TOOLS,ACCESS_REQUIRED,REVIEW,TRUE
REQ03833,JOB03833,TRD,SEC_KAR_KHA,21-02-2026,15.51,17.41,110,1,preventive plan,5,LIFTING_UNIT,TRACTION_ISOLATION,REVIEW,TRUE
REQ03834,JOB03834,S&T,SEC_KAR_KHA,11-03-2026,9.04,9.56,52,1,coordination opportunity,4,TAMPER,NONE,SUBMITTED,TRUE
REQ03835,JOB03835,TRD,SEC_TAL_CHI,25-01-2026,12.54,13.37,43,1,coordination opportunity,10,HAND_TOOLS,SIGNAL_TEST_DEPENDENCY,APPROVED,TRUE
REQ03836,JOB03836,TRD,SEC_MUM_DAD,30-03-2026,19.20,20.11,51,1,safety correction,7,SIGNAL_TEST_SET,TRACTION_ISOLATION,SUBMITTED,TRUE
REQ03837,JOB03837,TRD,SEC_THA_KAL,22-02-2026,16.00,16.43,43,3,preventive plan,6,TAMPER,ACCESS_REQUIRED,REVIEW,TRUE
REQ03838,JOB03838,TRD,SEC_THA_KAL,06-01-2026,13.50,15.32,102,1,overdue defect,9,SIGNAL_TEST_SET,NONE,APPROVED,TRUE
REQ03839,JOB03839,Engineering,SEC_KAL_KAR,18-01-2026,17.26,18.48,82,3,overdue defect,9,TAMPER,NONE,REVIEW,TRUE
REQ03840,JOB03840,S&T,SEC_TAL_CHI,10-03-2026,7.45,10.12,147,2,coordination opportunity,8,SIGNAL_TEST_SET,SIGNAL_TEST_DEPENDENCY,SUBMITTED,TRUE
REQ03841,JOB03841,TRD,SEC_LON_TAL,24-03-2026,8.13,9.47,94,4,safety correction,3,TAMPER,NONE,SUBMITTED,TRUE
REQ03842,JOB03842,Engineering,SEC_KAR_KHA,17-03-2026,19.07,19.47,40,3,overdue defect,6,SIGNAL_TEST_SET,TRACTION_ISOLATION,SUBMITTED,TRUE
REQ03843,JOB03843,TRD,SEC_THA_KAL,28-03-2026,7.47,9.30,103,2,coordination opportunity,8,SIGNAL_TEST_SET,ACCESS_REQUIRED,SUBMITTED,TRUE
REQ03844,JOB03844,S&T,SEC_TAL_CHI,26-03-2026,16.54,19.24,150,3,safety correction,6,SIGNAL_TEST_SET,ACCESS_REQUIRED,REJECTED,TRUE
REQ03845,JOB03845,Engineering,SEC_CHI_SHI,14-03-2026,11.04,12.00,56,4,coordination opportunity,8,SIGNAL_TEST_SET,TRACTION_ISOLATION,APPROVED,TRUE
REQ03846,JOB03846,S&T,SEC_LON_TAL,21-02-2026,19.02,19.36,34,4,coordination opportunity,9,HAND_TOOLS,SIGNAL_TEST_DEPENDENCY,APPROVED,TRUE
REQ03847,JOB03847,Engineering,SEC_TAL_CHI,13-03-2026,19.57,21.10,73,4,safety correction,7,LIFTING_UNIT,TRACTION_ISOLATION,SUBMITTED,TRUE
REQ03848,JOB03848,Engineering,SEC_THA_KAL,25-02-2026,19.35,20.31,56,4,overdue defect,8,LIFTING_UNIT,SIGNAL_TEST_DEPENDENCY,REJECTED,TRUE
REQ03849,JOB03849,S&T,SEC_SHI_PUN,22-01-2026,14.19,15.09,50,1,preventive plan,4,TAMPER,TRACTION_ISOLATION,REJECTED,TRUE
REQ03850,JOB03850,S&T,SEC_MUM_DAD,04-03-2026,11.11,13.03,112,3,overdue defect,5,HAND_TOOLS,NONE,REJECTED,TRUE
REQ03851,JOB03851,S&T,SEC_TAL_CHI,16-01-2026,19.17,21.37,140,2,safety correction,4,SIGNAL_TEST_SET,SIGNAL_TEST_DEPENDENCY,APPROVED,TRUE
REQ03852,JOB03852,Engineering,SEC_LON_TAL,13-01-2026,18.07,18.52,45,2,safety correction,8,HAND_TOOLS,SIGNAL_TEST_DEPENDENCY,SUBMITTED,TRUE
REQ03853,JOB03853,S&T,SEC_THA_KAL,04-03-2026,12.23,14.15,112,2,coordination opportunity,5,TAMPER,ACCESS_REQUIRED,REJECTED,TRUE
REQ03854,JOB03854,S&T,SEC_KHA_LON,19-02-2026,15.48,16.33,45,1,overdue defect,5,TAMPER,ACCESS_REQUIRED,REVIEW,TRUE
REQ03855,JOB03855,TRD,SEC_KAL_KAR,25-03-2026,8.54,9.45,51,2,coordination opportunity,3,TAMPER,SIGNAL_TEST_DEPENDENCY,REJECTED,TRUE
REQ03856,JOB03856,Engineering,SEC_KHA_LON,22-01-2026,17.41,19.08,87,1,safety correction,5,HAND_TOOLS,SIGNAL_TEST_DEPENDENCY,APPROVED,TRUE
REQ03857,JOB03857,Engineering,SEC_KAL_KAR,23-01-2026,14.09,16.01,112,4,preventive plan,5,HAND_TOOLS,ACCESS_REQUIRED,REJECTED,TRUE
REQ03858,JOB03858,S&T,SEC_DAD_THA,02-02-2026,17.54,19.22,88,4,coordination opportunity,6,LIFTING_UNIT,TRACTION_ISOLATION,APPROVED,TRUE
REQ03859,JOB03859,S&T,SEC_MUM_DAD,29-01-2026,7.55,9.57,122,3,safety correction,5,HAND_TOOLS,ACCESS_REQUIRED,REVIEW,TRUE
REQ03860,JOB03860,TRD,SEC_SHI_PUN,27-02-2026,11.40,13.52,132,2,safety correction,5,HAND_TOOLS,SIGNAL_TEST_DEPENDENCY,SUBMITTED,TRUE
REQ03861,JOB03861,TRD,SEC_THA_KAL,16-01-2026,18.55,20.03,68,4,overdue defect,10,HAND_TOOLS,SIGNAL_TEST_DEPENDENCY,APPROVED,TRUE
REQ03862,JOB03862,Engineering,SEC_KAR_KHA,13-02-2026,6.32,8.45,133,1,preventive plan,4,OHE_TEST_KIT,TRACTION_ISOLATION,SUBMITTED,TRUE
REQ03863,JOB03863,S&T,SEC_DAD_THA,14-03-2026,14.05,15.22,77,4,preventive plan,10,LIFTING_UNIT,ACCESS_REQUIRED,REJECTED,TRUE
REQ03864,JOB03864,TRD,SEC_LON_TAL,20-03-2026,7.47,8.42,55,1,coordination opportunity,5,SIGNAL_TEST_SET,SIGNAL_TEST_DEPENDENCY,REJECTED,TRUE
REQ03865,JOB03865,Engineering,SEC_KAR_KHA,18-03-2026,8.55,9.32,37,4,overdue defect,7,HAND_TOOLS,SIGNAL_TEST_DEPENDENCY,REVIEW,TRUE
REQ03866,JOB03866,S&T,SEC_KAL_KAR,19-01-2026,15.36,16.15,39,4,safety correction,8,LIFTING_UNIT,TRACTION_ISOLATION,APPROVED,TRUE
REQ03867,JOB03867,Engineering,SEC_SHI_PUN,23-01-2026,13.21,14.34,73,4,safety correction,9,TAMPER,ACCESS_REQUIRED,REVIEW,TRUE
REQ03868,JOB03868,S&T,SEC_KAL_KAR,13-03-2026,11.22,12.33,71,2,safety correction,9,TAMPER,ACCESS_REQUIRED,REVIEW,TRUE
REQ03869,JOB03869,TRD,SEC_SHI_PUN,09-03-2026,9.40,11.23,103,4,safety correction,8,SIGNAL_TEST_SET,NONE,REVIEW,TRUE
REQ03870,JOB03870,S&T,SEC_KAL_KAR,22-02-2026,11.34,13.01,87,3,preventive plan,9,LIFTING_UNIT,TRACTION_ISOLATION,REJECTED,TRUE
REQ03871,JOB03871,TRD,SEC_DAD_THA,05-02-2026,14.10,15.00,50,3,overdue defect,4,HAND_TOOLS,NONE,APPROVED,TRUE
REQ03872,JOB03872,Engineering,SEC_LON_TAL,29-01-2026,10.03,11.38,95,2,coordination opportunity,3,SIGNAL_TEST_SET,ACCESS_REQUIRED,REJECTED,TRUE
REQ03873,JOB03873,Engineering,SEC_KHA_LON,28-03-2026,10.18,11.25,67,1,safety correction,10,HAND_TOOLS,NONE,REJECTED,TRUE
REQ03874,JOB03874,S&T,SEC_CHI_SHI,10-02-2026,8.42,11.01,139,4,overdue defect,10,HAND_TOOLS,SIGNAL_TEST_DEPENDENCY,SUBMITTED,TRUE
REQ03875,JOB03875,S&T,SEC_KAR_KHA,24-01-2026,7.05,8.01,56,4,preventive plan,3,LIFTING_UNIT,SIGNAL_TEST_DEPENDENCY,APPROVED,TRUE
REQ03876,JOB03876,Engineering,SEC_LON_TAL,11-03-2026,12.56,14.48,112,2,preventive plan,9,OHE_TEST_KIT,NONE,APPROVED,TRUE
REQ03877,JOB03877,TRD,SEC_MUM_DAD,07-03-2026,16.28,18.22,114,4,preventive plan,5,HAND_TOOLS,NONE,SUBMITTED,TRUE
REQ03878,JOB03878,TRD,SEC_DAD_THA,11-02-2026,13.34,15.12,98,2,safety correction,7,HAND_TOOLS,ACCESS_REQUIRED,REJECTED,TRUE
REQ03879,JOB03879,Engineering,SEC_SHI_PUN,23-03-2026,9.34,10.39,65,2,overdue defect,3,TAMPER,TRACTION_ISOLATION,REVIEW,TRUE
REQ03880,JOB03880,Engineering,SEC_DAD_THA,24-01-2026,11.59,14.21,142,1,safety correction,9,HAND_TOOLS,SIGNAL_TEST_DEPENDENCY,APPROVED,TRUE
REQ03881,JOB03881,TRD,SEC_SHI_PUN,12-01-2026,13.42,14.15,33,1,preventive plan,8,LIFTING_UNIT,SIGNAL_TEST_DEPENDENCY,SUBMITTED,TRUE
REQ03882,JOB03882,Engineering,SEC_KAR_KHA,03-03-2026,6.45,7.39,54,3,coordination opportunity,7,HAND_TOOLS,TRACTION_ISOLATION,APPROVED,TRUE
REQ03883,JOB03883,Engineering,SEC_KAL_KAR,31-01-2026,12.13,14.39,146,2,preventive plan,6,TAMPER,TRACTION_ISOLATION,APPROVED,TRUE
REQ03884,JOB03884,Engineering,SEC_KHA_LON,16-01-2026,14.30,15.33,63,4,preventive plan,10,HAND_TOOLS,TRACTION_ISOLATION,SUBMITTED,TRUE
REQ03885,JOB03885,S&T,SEC_TAL_CHI,21-03-2026,12.40,13.13,33,2,overdue defect,5,HAND_TOOLS,NONE,SUBMITTED,TRUE
REQ03886,JOB03886,TRD,SEC_SHI_PUN,08-03-2026,19.49,21.39,110,3,safety correction,3,OHE_TEST_KIT,SIGNAL_TEST_DEPENDENCY,REJECTED,TRUE
REQ03887,JOB03887,S&T,SEC_TAL_CHI,30-03-2026,6.16,6.48,32,2,preventive plan,7,TAMPER,NONE,SUBMITTED,TRUE
REQ03888,JOB03888,TRD,SEC_DAD_THA,24-01-2026,12.47,13.48,61,4,preventive plan,7,SIGNAL_TEST_SET,SIGNAL_TEST_DEPENDENCY,APPROVED,TRUE
REQ03889,JOB03889,Engineering,SEC_KHA_LON,26-03-2026,10.05,11.51,106,4,safety correction,4,TAMPER,ACCESS_REQUIRED,REJECTED,TRUE
REQ03890,JOB03890,Engineering,SEC_THA_KAL,27-01-2026,15.12,17.22,130,4,coordination opportunity,4,TAMPER,NONE,SUBMITTED,TRUE
REQ03891,JOB03891,S&T,SEC_KHA_LON,25-01-2026,15.34,16.57,83,1,overdue defect,8,HAND_TOOLS,TRACTION_ISOLATION,REVIEW,TRUE
REQ03892,JOB03892,S&T,SEC_LON_TAL,28-03-2026,19.58,22.25,147,3,coordination opportunity,6,SIGNAL_TEST_SET,SIGNAL_TEST_DEPENDENCY,APPROVED,TRUE
REQ03893,JOB03893,S&T,SEC_KHA_LON,04-01-2026,16.47,17.23,36,1,safety correction,4,HAND_TOOLS,TRACTION_ISOLATION,SUBMITTED,TRUE
REQ03894,JOB03894,Engineering,SEC_SHI_PUN,16-03-2026,16.22,16.55,33,1,coordination opportunity,9,TAMPER,NONE,REJECTED,TRUE
REQ03895,JOB03895,S&T,SEC_MUM_DAD,13-03-2026,6.36,8.53,137,1,preventive plan,5,LIFTING_UNIT,SIGNAL_TEST_DEPENDENCY,SUBMITTED,TRUE
REQ03896,JOB03896,TRD,SEC_KAR_KHA,17-02-2026,19.26,21.05,99,1,safety correction,9,SIGNAL_TEST_SET,SIGNAL_TEST_DEPENDENCY,REJECTED,TRUE
REQ03897,JOB03897,Engineering,SEC_SHI_PUN,04-02-2026,14.06,15.02,56,3,overdue defect,6,OHE_TEST_KIT,ACCESS_REQUIRED,REJECTED,TRUE
REQ03898,JOB03898,Engineering,SEC_TAL_CHI,09-01-2026,14.58,16.49,111,4,preventive plan,7,SIGNAL_TEST_SET,NONE,APPROVED,TRUE
REQ03899,JOB03899,Engineering,SEC_SHI_PUN,30-01-2026,18.05,20.28,143,1,coordination opportunity,3,HAND_TOOLS,ACCESS_REQUIRED,SUBMITTED,TRUE
REQ03900,JOB03900,Engineering,SEC_MUM_DAD,05-01-2026,17.16,18.49,93,3,overdue defect,7,HAND_TOOLS,TRACTION_ISOLATION,APPROVED,TRUE
REQ03901,JOB03901,Engineering,SEC_DAD_THA,06-01-2026,12.29,13.57,88,2,safety correction,4,OHE_TEST_KIT,TRACTION_ISOLATION,REVIEW,TRUE
REQ03902,JOB03902,TRD,SEC_THA_KAL,03-03-2026,16.21,18.40,139,1,preventive plan,9,HAND_TOOLS,NONE,SUBMITTED,TRUE
REQ03903,JOB03903,TRD,SEC_KHA_LON,06-03-2026,13.26,14.26,60,1,overdue defect,5,OHE_TEST_KIT,TRACTION_ISOLATION,SUBMITTED,TRUE
REQ03904,JOB03904,Engineering,SEC_SHI_PUN,11-03-2026,16.56,17.37,41,2,safety correction,8,TAMPER,ACCESS_REQUIRED,SUBMITTED,TRUE
REQ03905,JOB03905,Engineering,SEC_SHI_PUN,13-03-2026,17.43,18.44,61,1,overdue defect,4,HAND_TOOLS,ACCESS_REQUIRED,SUBMITTED,TRUE
REQ03906,JOB03906,S&T,SEC_KHA_LON,30-03-2026,11.53,13.39,106,2,overdue defect,5,LIFTING_UNIT,SIGNAL_TEST_DEPENDENCY,REVIEW,TRUE
REQ03907,JOB03907,S&T,SEC_SHI_PUN,21-02-2026,11.25,12.55,90,1,preventive plan,3,OHE_TEST_KIT,NONE,REVIEW,TRUE
REQ03908,JOB03908,TRD,SEC_MUM_DAD,13-02-2026,11.57,12.38,41,3,overdue defect,6,LIFTING_UNIT,ACCESS_REQUIRED,SUBMITTED,TRUE
REQ03909,JOB03909,TRD,SEC_KAR_KHA,22-02-2026,15.28,16.06,38,4,overdue defect,4,LIFTING_UNIT,ACCESS_REQUIRED,SUBMITTED,TRUE
REQ03910,JOB03910,Engineering,SEC_LON_TAL,02-02-2026,15.42,17.46,124,2,preventive plan,5,HAND_TOOLS,SIGNAL_TEST_DEPENDENCY,APPROVED,TRUE
REQ03911,JOB03911,TRD,SEC_MUM_DAD,17-01-2026,6.38,7.58,80,4,preventive plan,5,LIFTING_UNIT,ACCESS_REQUIRED,REJECTED,TRUE
REQ03912,JOB03912,Engineering,SEC_TAL_CHI,25-01-2026,16.47,17.29,42,2,safety correction,7,LIFTING_UNIT,ACCESS_REQUIRED,REVIEW,TRUE
REQ03913,JOB03913,Engineering,SEC_KHA_LON,05-03-2026,10.06,10.44,38,3,overdue defect,5,HAND_TOOLS,ACCESS_REQUIRED,APPROVED,TRUE
REQ03914,JOB03914,TRD,SEC_KHA_LON,17-03-2026,16.04,17.00,56,4,overdue defect,10,SIGNAL_TEST_SET,NONE,APPROVED,TRUE
REQ03915,JOB03915,Engineering,SEC_SHI_PUN,21-02-2026,8.44,10.12,88,4,preventive plan,3,OHE_TEST_KIT,ACCESS_REQUIRED,SUBMITTED,TRUE
REQ03916,JOB03916,TRD,SEC_KAL_KAR,02-01-2026,19.22,20.07,45,2,preventive plan,9,HAND_TOOLS,SIGNAL_TEST_DEPENDENCY,APPROVED,TRUE
REQ03917,JOB03917,TRD,SEC_KAR_KHA,25-03-2026,10.53,12.49,116,4,preventive plan,8,SIGNAL_TEST_SET,TRACTION_ISOLATION,SUBMITTED,TRUE
REQ03918,JOB03918,TRD,SEC_LON_TAL,17-01-2026,18.46,20.47,121,3,preventive plan,7,SIGNAL_TEST_SET,ACCESS_REQUIRED,SUBMITTED,TRUE
REQ03919,JOB03919,Engineering,SEC_TAL_CHI,18-01-2026,17.20,18.50,90,1,safety correction,5,TAMPER,TRACTION_ISOLATION,APPROVED,TRUE
REQ03920,JOB03920,TRD,SEC_MUM_DAD,28-01-2026,13.36,15.18,102,4,coordination opportunity,4,LIFTING_UNIT,NONE,APPROVED,TRUE
REQ03921,JOB03921,Engineering,SEC_DAD_THA,20-01-2026,17.08,19.28,140,4,overdue defect,3,LIFTING_UNIT,SIGNAL_TEST_DEPENDENCY,SUBMITTED,TRUE
REQ03922,JOB03922,Engineering,SEC_KAR_KHA,18-03-2026,9.39,10.14,35,3,preventive plan,9,LIFTING_UNIT,SIGNAL_TEST_DEPENDENCY,SUBMITTED,TRUE
REQ03923,JOB03923,Engineering,SEC_CHI_SHI,17-01-2026,17.21,19.28,127,1,coordination opportunity,7,LIFTING_UNIT,ACCESS_REQUIRED,SUBMITTED,TRUE
REQ03924,JOB03924,S&T,SEC_THA_KAL,23-01-2026,13.41,15.01,80,2,preventive plan,4,OHE_TEST_KIT,SIGNAL_TEST_DEPENDENCY,APPROVED,TRUE
REQ03925,JOB03925,S&T,SEC_MUM_DAD,01-02-2026,9.56,11.53,117,4,overdue defect,10,TAMPER,TRACTION_ISOLATION,REVIEW,TRUE
REQ03926,JOB03926,TRD,SEC_KHA_LON,13-02-2026,13.23,14.10,47,1,preventive plan,9,HAND_TOOLS,SIGNAL_TEST_DEPENDENCY,SUBMITTED,TRUE
REQ03927,JOB03927,TRD,SEC_TAL_CHI,15-02-2026,12.40,15.04,144,4,coordination opportunity,7,TAMPER,ACCESS_REQUIRED,REVIEW,TRUE
REQ03928,JOB03928,Engineering,SEC_THA_KAL,10-02-2026,9.54,12.19,145,3,coordination opportunity,5,HAND_TOOLS,ACCESS_REQUIRED,REJECTED,TRUE
REQ03929,JOB03929,Engineering,SEC_KHA_LON,10-03-2026,16.08,17.54,106,1,coordination opportunity,9,HAND_TOOLS,SIGNAL_TEST_DEPENDENCY,APPROVED,TRUE
REQ03930,JOB03930,S&T,SEC_DAD_THA,03-02-2026,8.09,9.07,58,4,overdue defect,4,LIFTING_UNIT,TRACTION_ISOLATION,APPROVED,TRUE
REQ03931,JOB03931,S&T,SEC_CHI_SHI,31-03-2026,18.26,20.00,94,2,coordination opportunity,3,HAND_TOOLS,ACCESS_REQUIRED,REJECTED,TRUE
REQ03932,JOB03932,TRD,SEC_CHI_SHI,10-03-2026,13.56,15.50,114,4,coordination opportunity,4,SIGNAL_TEST_SET,ACCESS_REQUIRED,APPROVED,TRUE
REQ03933,JOB03933,Engineering,SEC_DAD_THA,19-03-2026,15.04,17.00,116,3,safety correction,6,SIGNAL_TEST_SET,SIGNAL_TEST_DEPENDENCY,REJECTED,TRUE
REQ03934,JOB03934,TRD,SEC_MUM_DAD,27-01-2026,11.39,12.54,75,4,overdue defect,9,OHE_TEST_KIT,ACCESS_REQUIRED,REVIEW,TRUE
REQ03935,JOB03935,Engineering,SEC_KAR_KHA,01-03-2026,15.05,17.04,119,3,overdue defect,8,SIGNAL_TEST_SET,NONE,REJECTED,TRUE
REQ03936,JOB03936,S&T,SEC_LON_TAL,10-03-2026,14.52,16.15,83,2,overdue defect,4,TAMPER,SIGNAL_TEST_DEPENDENCY,REJECTED,TRUE
REQ03937,JOB03937,Engineering,SEC_DAD_THA,12-03-2026,19.49,21.38,109,1,safety correction,8,TAMPER,NONE,SUBMITTED,TRUE
REQ03938,JOB03938,Engineering,SEC_DAD_THA,25-03-2026,14.20,16.16,116,3,coordination opportunity,3,HAND_TOOLS,TRACTION_ISOLATION,APPROVED,TRUE
REQ03939,JOB03939,TRD,SEC_MUM_DAD,11-01-2026,10.24,12.14,110,1,preventive plan,4,LIFTING_UNIT,ACCESS_REQUIRED,REJECTED,TRUE
REQ03940,JOB03940,S&T,SEC_KAL_KAR,18-03-2026,10.04,11.11,67,4,preventive plan,4,TAMPER,ACCESS_REQUIRED,REVIEW,TRUE
REQ03941,JOB03941,Engineering,SEC_SHI_PUN,13-02-2026,17.17,18.01,44,3,preventive plan,9,SIGNAL_TEST_SET,NONE,REVIEW,TRUE
REQ03942,JOB03942,Engineering,SEC_LON_TAL,25-02-2026,11.12,13.42,150,3,overdue defect,10,OHE_TEST_KIT,NONE,REVIEW,TRUE
REQ03943,JOB03943,S&T,SEC_TAL_CHI,16-01-2026,18.53,21.16,143,3,coordination opportunity,6,LIFTING_UNIT,SIGNAL_TEST_DEPENDENCY,APPROVED,TRUE
REQ03944,JOB03944,TRD,SEC_SHI_PUN,02-01-2026,11.15,12.03,48,2,overdue defect,8,OHE_TEST_KIT,ACCESS_REQUIRED,APPROVED,TRUE
REQ03945,JOB03945,TRD,SEC_DAD_THA,27-03-2026,16.15,16.59,44,4,preventive plan,9,OHE_TEST_KIT,NONE,REJECTED,TRUE
REQ03946,JOB03946,TRD,SEC_LON_TAL,20-01-2026,15.06,15.44,38,4,preventive plan,6,HAND_TOOLS,SIGNAL_TEST_DEPENDENCY,APPROVED,TRUE
REQ03947,JOB03947,TRD,SEC_MUM_DAD,17-03-2026,8.31,10.43,132,4,safety correction,4,TAMPER,NONE,SUBMITTED,TRUE
REQ03948,JOB03948,TRD,SEC_THA_KAL,23-03-2026,17.34,18.26,52,3,safety correction,3,HAND_TOOLS,ACCESS_REQUIRED,REJECTED,TRUE
REQ03949,JOB03949,S&T,SEC_TAL_CHI,17-01-2026,12.21,14.29,128,3,coordination opportunity,4,HAND_TOOLS,SIGNAL_TEST_DEPENDENCY,REJECTED,TRUE
REQ03950,JOB03950,TRD,SEC_DAD_THA,30-03-2026,8.53,10.22,89,2,safety correction,3,HAND_TOOLS,NONE,APPROVED,TRUE
REQ03951,JOB03951,TRD,SEC_KHA_LON,10-01-2026,9.16,10.31,75,3,safety correction,8,HAND_TOOLS,TRACTION_ISOLATION,APPROVED,TRUE
REQ03952,JOB03952,Engineering,SEC_KAR_KHA,21-02-2026,11.44,12.47,63,1,preventive plan,8,OHE_TEST_KIT,ACCESS_REQUIRED,SUBMITTED,TRUE
REQ03953,JOB03953,Engineering,SEC_MUM_DAD,25-02-2026,6.34,7.33,59,1,coordination opportunity,4,HAND_TOOLS,ACCESS_REQUIRED,SUBMITTED,TRUE
REQ03954,JOB03954,Engineering,SEC_DAD_THA,13-03-2026,13.18,13.53,35,1,safety correction,3,OHE_TEST_KIT,SIGNAL_TEST_DEPENDENCY,REJECTED,TRUE
REQ03955,JOB03955,Engineering,SEC_KHA_LON,19-02-2026,18.04,20.34,150,2,preventive plan,7,LIFTING_UNIT,SIGNAL_TEST_DEPENDENCY,REJECTED,TRUE
REQ03956,JOB03956,TRD,SEC_KHA_LON,28-03-2026,9.46,12.10,144,2,overdue defect,9,HAND_TOOLS,SIGNAL_TEST_DEPENDENCY,REJECTED,TRUE
REQ03957,JOB03957,Engineering,SEC_KAL_KAR,14-03-2026,10.44,12.53,129,4,safety correction,8,TAMPER,NONE,APPROVED,TRUE
REQ03958,JOB03958,Engineering,SEC_MUM_DAD,08-03-2026,7.14,8.50,96,4,overdue defect,7,HAND_TOOLS,TRACTION_ISOLATION,REJECTED,TRUE
REQ03959,JOB03959,TRD,SEC_SHI_PUN,11-01-2026,8.59,10.44,105,4,coordination opportunity,7,SIGNAL_TEST_SET,NONE,APPROVED,TRUE
REQ03960,JOB03960,TRD,SEC_MUM_DAD,10-01-2026,6.39,7.22,43,1,coordination opportunity,10,LIFTING_UNIT,TRACTION_ISOLATION,REJECTED,TRUE
REQ03961,JOB03961,Engineering,SEC_MUM_DAD,24-03-2026,7.46,8.38,52,4,safety correction,7,TAMPER,TRACTION_ISOLATION,SUBMITTED,TRUE
REQ03962,JOB03962,TRD,SEC_TAL_CHI,22-03-2026,14.21,15.11,50,1,overdue defect,10,SIGNAL_TEST_SET,SIGNAL_TEST_DEPENDENCY,APPROVED,TRUE
REQ03963,JOB03963,TRD,SEC_THA_KAL,03-03-2026,12.17,13.01,44,1,overdue defect,6,HAND_TOOLS,SIGNAL_TEST_DEPENDENCY,SUBMITTED,TRUE
REQ03964,JOB03964,Engineering,SEC_KAR_KHA,31-03-2026,6.08,7.31,83,4,overdue defect,7,LIFTING_UNIT,ACCESS_REQUIRED,REJECTED,TRUE
REQ03965,JOB03965,S&T,SEC_DAD_THA,31-01-2026,17.16,19.42,146,4,preventive plan,10,TAMPER,TRACTION_ISOLATION,REVIEW,TRUE
REQ03966,JOB03966,S&T,SEC_CHI_SHI,24-01-2026,19.20,20.19,59,1,preventive plan,9,LIFTING_UNIT,ACCESS_REQUIRED,APPROVED,TRUE
REQ03967,JOB03967,S&T,SEC_TAL_CHI,12-02-2026,10.15,11.41,86,2,preventive plan,5,LIFTING_UNIT,TRACTION_ISOLATION,APPROVED,TRUE
REQ03968,JOB03968,Engineering,SEC_SHI_PUN,02-02-2026,8.26,10.28,122,2,overdue defect,8,HAND_TOOLS,ACCESS_REQUIRED,REJECTED,TRUE
REQ03969,JOB03969,S&T,SEC_DAD_THA,22-02-2026,10.41,11.52,71,3,preventive plan,4,SIGNAL_TEST_SET,SIGNAL_TEST_DEPENDENCY,REJECTED,TRUE
REQ03970,JOB03970,Engineering,SEC_THA_KAL,27-02-2026,6.41,7.32,51,4,coordination opportunity,9,LIFTING_UNIT,TRACTION_ISOLATION,APPROVED,TRUE
REQ03971,JOB03971,TRD,SEC_THA_KAL,01-03-2026,8.43,10.24,101,3,coordination opportunity,7,TAMPER,ACCESS_REQUIRED,APPROVED,TRUE
REQ03972,JOB03972,TRD,SEC_KHA_LON,15-03-2026,13.09,14.04,55,2,safety correction,10,TAMPER,TRACTION_ISOLATION,REVIEW,TRUE
REQ03973,JOB03973,Engineering,SEC_DAD_THA,12-02-2026,8.00,9.51,111,4,overdue defect,5,SIGNAL_TEST_SET,NONE,SUBMITTED,TRUE
REQ03974,JOB03974,S&T,SEC_MUM_DAD,12-01-2026,13.34,15.44,130,2,preventive plan,6,HAND_TOOLS,SIGNAL_TEST_DEPENDENCY,REVIEW,TRUE
REQ03975,JOB03975,Engineering,SEC_KAL_KAR,09-01-2026,6.45,8.31,106,2,preventive plan,8,HAND_TOOLS,NONE,REJECTED,TRUE
REQ03976,JOB03976,TRD,SEC_KHA_LON,12-03-2026,6.41,7.54,73,2,coordination opportunity,7,HAND_TOOLS,TRACTION_ISOLATION,REJECTED,TRUE
REQ03977,JOB03977,Engineering,SEC_THA_KAL,04-01-2026,11.50,12.49,59,3,coordination opportunity,6,HAND_TOOLS,NONE,REJECTED,TRUE
REQ03978,JOB03978,Engineering,SEC_KHA_LON,23-03-2026,8.29,9.06,37,4,coordination opportunity,4,TAMPER,ACCESS_REQUIRED,REJECTED,TRUE
REQ03979,JOB03979,TRD,SEC_DAD_THA,07-03-2026,12.03,14.23,140,1,coordination opportunity,3,HAND_TOOLS,SIGNAL_TEST_DEPENDENCY,APPROVED,TRUE
REQ03980,JOB03980,S&T,SEC_LON_TAL,19-03-2026,11.46,12.42,56,1,coordination opportunity,5,TAMPER,TRACTION_ISOLATION,SUBMITTED,TRUE
REQ03981,JOB03981,TRD,SEC_TAL_CHI,29-03-2026,19.32,21.38,126,1,preventive plan,7,HAND_TOOLS,ACCESS_REQUIRED,REVIEW,TRUE
REQ03982,JOB03982,Engineering,SEC_DAD_THA,27-02-2026,11.17,13.14,117,1,overdue defect,9,HAND_TOOLS,TRACTION_ISOLATION,REJECTED,TRUE
REQ03983,JOB03983,Engineering,SEC_TAL_CHI,23-01-2026,15.35,16.57,82,4,safety correction,6,OHE_TEST_KIT,ACCESS_REQUIRED,REJECTED,TRUE
REQ03984,JOB03984,Engineering,SEC_THA_KAL,17-01-2026,7.29,9.39,130,1,preventive plan,4,HAND_TOOLS,ACCESS_REQUIRED,APPROVED,TRUE
REQ03985,JOB03985,TRD,SEC_MUM_DAD,06-03-2026,11.44,14.01,137,2,preventive plan,4,TAMPER,NONE,SUBMITTED,TRUE
REQ03986,JOB03986,S&T,SEC_THA_KAL,28-01-2026,8.41,9.51,70,1,coordination opportunity,7,HAND_TOOLS,ACCESS_REQUIRED,REVIEW,TRUE
REQ03987,JOB03987,Engineering,SEC_KAR_KHA,04-01-2026,16.07,17.40,93,1,preventive plan,9,OHE_TEST_KIT,TRACTION_ISOLATION,APPROVED,TRUE
REQ03988,JOB03988,S&T,SEC_KHA_LON,20-01-2026,9.24,11.38,134,4,overdue defect,9,HAND_TOOLS,SIGNAL_TEST_DEPENDENCY,SUBMITTED,TRUE
REQ03989,JOB03989,TRD,SEC_MUM_DAD,24-01-2026,12.57,14.33,96,4,overdue defect,6,TAMPER,SIGNAL_TEST_DEPENDENCY,APPROVED,TRUE
REQ03990,JOB03990,Engineering,SEC_TAL_CHI,22-02-2026,15.01,15.42,41,3,preventive plan,9,LIFTING_UNIT,SIGNAL_TEST_DEPENDENCY,APPROVED,TRUE
REQ03991,JOB03991,S&T,SEC_TAL_CHI,18-03-2026,11.56,13.05,69,2,safety correction,9,LIFTING_UNIT,ACCESS_REQUIRED,SUBMITTED,TRUE
REQ03992,JOB03992,TRD,SEC_DAD_THA,06-01-2026,18.01,19.15,74,1,coordination opportunity,5,SIGNAL_TEST_SET,TRACTION_ISOLATION,SUBMITTED,TRUE
REQ03993,JOB03993,TRD,SEC_DAD_THA,06-02-2026,12.01,13.02,61,3,coordination opportunity,3,HAND_TOOLS,SIGNAL_TEST_DEPENDENCY,APPROVED,TRUE
REQ03994,JOB03994,Engineering,SEC_CHI_SHI,16-01-2026,18.11,20.22,131,1,coordination opportunity,4,SIGNAL_TEST_SET,NONE,SUBMITTED,TRUE
REQ03995,JOB03995,S&T,SEC_KHA_LON,30-01-2026,11.34,12.28,54,3,overdue defect,5,OHE_TEST_KIT,NONE,APPROVED,TRUE
REQ03996,JOB03996,TRD,SEC_THA_KAL,05-02-2026,18.01,20.26,145,1,coordination opportunity,3,OHE_TEST_KIT,ACCESS_REQUIRED,APPROVED,TRUE
REQ03997,JOB03997,S&T,SEC_DAD_THA,26-03-2026,8.09,8.47,38,4,overdue defect,9,LIFTING_UNIT,NONE,REJECTED,TRUE
REQ03998,JOB03998,Engineering,SEC_DAD_THA,02-02-2026,14.00,14.31,31,3,safety correction,8,TAMPER,SIGNAL_TEST_DEPENDENCY,SUBMITTED,TRUE
REQ03999,JOB03999,S&T,SEC_DAD_THA,23-02-2026,19.32,21.31,119,1,safety correction,3,HAND_TOOLS,NONE,APPROVED,TRUE
REQ04000,JOB04000,Engineering,SEC_SHI_PUN,15-02-2026,16.42,19.08,146,4,safety correction,6,TAMPER,TRACTION_ISOLATION,SUBMITTED,TRUE
REQ04001,JOB04001,Engineering,SEC_THA_KAL,07-02-2026,7.54,9.17,83,4,overdue defect,3,SIGNAL_TEST_SET,SIGNAL_TEST_DEPENDENCY,SUBMITTED,TRUE
REQ04002,JOB04002,TRD,SEC_MUM_DAD,16-02-2026,16.49,19.08,139,3,preventive plan,9,LIFTING_UNIT,TRACTION_ISOLATION,APPROVED,TRUE
REQ04003,JOB04003,S&T,SEC_TAL_CHI,29-01-2026,11.37,12.20,43,1,preventive plan,7,TAMPER,NONE,REJECTED,TRUE
REQ04004,JOB04004,S&T,SEC_SHI_PUN,29-03-2026,16.11,18.21,130,3,coordination opportunity,4,LIFTING_UNIT,NONE,REJECTED,TRUE
REQ04005,JOB04005,S&T,SEC_KHA_LON,17-02-2026,14.57,15.59,62,2,safety correction,5,LIFTING_UNIT,TRACTION_ISOLATION,REJECTED,TRUE
REQ04006,JOB04006,Engineering,SEC_SHI_PUN,26-02-2026,13.14,14.02,48,3,coordination opportunity,5,SIGNAL_TEST_SET,NONE,APPROVED,TRUE
REQ04007,JOB04007,Engineering,SEC_KAL_KAR,02-02-2026,7.14,9.44,150,1,coordination opportunity,6,HAND_TOOLS,ACCESS_REQUIRED,REJECTED,TRUE
REQ04008,JOB04008,TRD,SEC_LON_TAL,01-02-2026,19.51,20.40,49,2,safety correction,9,TAMPER,ACCESS_REQUIRED,SUBMITTED,TRUE
REQ04009,JOB04009,S&T,SEC_SHI_PUN,04-03-2026,9.44,10.14,30,4,overdue defect,7,OHE_TEST_KIT,TRACTION_ISOLATION,REVIEW,TRUE
REQ04010,JOB04010,Engineering,SEC_KHA_LON,26-02-2026,11.05,12.12,67,1,preventive plan,6,LIFTING_UNIT,TRACTION_ISOLATION,APPROVED,TRUE
REQ04011,JOB04011,Engineering,SEC_DAD_THA,22-03-2026,17.05,19.18,133,3,overdue defect,6,TAMPER,ACCESS_REQUIRED,REVIEW,TRUE
REQ04012,JOB04012,TRD,SEC_KAR_KHA,06-03-2026,6.03,8.30,147,1,overdue defect,10,TAMPER,TRACTION_ISOLATION,REJECTED,TRUE
REQ04013,JOB04013,TRD,SEC_KAL_KAR,27-01-2026,9.20,10.00,40,1,preventive plan,10,OHE_TEST_KIT,TRACTION_ISOLATION,REJECTED,TRUE
REQ04014,JOB04014,S&T,SEC_THA_KAL,16-01-2026,11.12,11.47,35,1,overdue defect,4,LIFTING_UNIT,ACCESS_REQUIRED,REJECTED,TRUE
REQ04015,JOB04015,TRD,SEC_TAL_CHI,09-01-2026,10.36,12.27,111,2,coordination opportunity,10,TAMPER,SIGNAL_TEST_DEPENDENCY,APPROVED,TRUE
REQ04016,JOB04016,TRD,SEC_THA_KAL,02-01-2026,16.51,17.22,31,4,safety correction,5,TAMPER,TRACTION_ISOLATION,REVIEW,TRUE
REQ04017,JOB04017,S&T,SEC_MUM_DAD,10-01-2026,16.16,16.49,33,4,safety correction,3,LIFTING_UNIT,ACCESS_REQUIRED,SUBMITTED,TRUE
REQ04018,JOB04018,S&T,SEC_THA_KAL,15-02-2026,11.36,12.11,35,1,overdue defect,8,SIGNAL_TEST_SET,ACCESS_REQUIRED,REJECTED,TRUE
REQ04019,JOB04019,S&T,SEC_MUM_DAD,20-03-2026,16.51,18.58,127,4,overdue defect,9,TAMPER,TRACTION_ISOLATION,REJECTED,TRUE
REQ04020,JOB04020,S&T,SEC_KHA_LON,14-01-2026,13.25,14.14,49,3,coordination opportunity,3,LIFTING_UNIT,TRACTION_ISOLATION,REJECTED,TRUE
REQ04021,JOB04021,TRD,SEC_KHA_LON,31-01-2026,18.17,19.47,90,2,safety correction,3,TAMPER,NONE,SUBMITTED,TRUE
REQ04022,JOB04022,TRD,SEC_MUM_DAD,25-02-2026,8.11,10.17,126,2,overdue defect,6,LIFTING_UNIT,ACCESS_REQUIRED,REJECTED,TRUE
REQ04023,JOB04023,Engineering,SEC_KAR_KHA,12-02-2026,8.30,9.55,85,3,overdue defect,7,HAND_TOOLS,ACCESS_REQUIRED,APPROVED,TRUE
REQ04024,JOB04024,S&T,SEC_KAL_KAR,29-01-2026,10.13,10.45,32,2,safety correction,10,SIGNAL_TEST_SET,ACCESS_REQUIRED,REJECTED,TRUE
REQ04025,JOB04025,S&T,SEC_CHI_SHI,13-03-2026,13.56,14.28,32,2,preventive plan,6,TAMPER,NONE,SUBMITTED,TRUE
REQ04026,JOB04026,Engineering,SEC_THA_KAL,10-03-2026,18.01,19.31,90,1,coordination opportunity,4,OHE_TEST_KIT,NONE,REJECTED,TRUE
REQ04027,JOB04027,TRD,SEC_MUM_DAD,10-03-2026,14.33,15.20,47,3,safety correction,5,SIGNAL_TEST_SET,SIGNAL_TEST_DEPENDENCY,REJECTED,TRUE
REQ04028,JOB04028,S&T,SEC_MUM_DAD,20-01-2026,13.19,14.56,97,1,overdue defect,7,OHE_TEST_KIT,NONE,SUBMITTED,TRUE
REQ04029,JOB04029,Engineering,SEC_DAD_THA,22-03-2026,14.42,16.28,106,1,coordination opportunity,10,HAND_TOOLS,SIGNAL_TEST_DEPENDENCY,SUBMITTED,TRUE
REQ04030,JOB04030,Engineering,SEC_THA_KAL,06-01-2026,8.01,8.38,37,3,preventive plan,6,OHE_TEST_KIT,SIGNAL_TEST_DEPENDENCY,SUBMITTED,TRUE
REQ04031,JOB04031,TRD,SEC_MUM_DAD,24-01-2026,10.45,11.57,72,3,coordination opportunity,6,LIFTING_UNIT,ACCESS_REQUIRED,SUBMITTED,TRUE
REQ04032,JOB04032,S&T,SEC_MUM_DAD,10-02-2026,12.54,15.13,139,3,overdue defect,10,HAND_TOOLS,SIGNAL_TEST_DEPENDENCY,REJECTED,TRUE
REQ04033,JOB04033,Engineering,SEC_SHI_PUN,17-01-2026,18.53,20.25,92,4,coordination opportunity,10,HAND_TOOLS,SIGNAL_TEST_DEPENDENCY,SUBMITTED,TRUE
REQ04034,JOB04034,TRD,SEC_THA_KAL,20-01-2026,19.03,20.24,81,1,overdue defect,10,LIFTING_UNIT,TRACTION_ISOLATION,REVIEW,TRUE
REQ04035,JOB04035,Engineering,SEC_DAD_THA,02-03-2026,8.48,10.57,129,2,overdue defect,9,TAMPER,ACCESS_REQUIRED,APPROVED,TRUE
REQ04036,JOB04036,S&T,SEC_TAL_CHI,10-02-2026,8.01,8.50,49,4,safety correction,6,LIFTING_UNIT,TRACTION_ISOLATION,APPROVED,TRUE
REQ04037,JOB04037,S&T,SEC_TAL_CHI,24-02-2026,18.24,20.35,131,1,overdue defect,6,SIGNAL_TEST_SET,SIGNAL_TEST_DEPENDENCY,REVIEW,TRUE
REQ04038,JOB04038,S&T,SEC_KAL_KAR,05-02-2026,14.16,16.25,129,3,preventive plan,10,TAMPER,NONE,REJECTED,TRUE
REQ04039,JOB04039,S&T,SEC_CHI_SHI,06-02-2026,9.02,9.58,56,4,safety correction,5,LIFTING_UNIT,SIGNAL_TEST_DEPENDENCY,SUBMITTED,TRUE
REQ04040,JOB04040,S&T,SEC_KHA_LON,03-02-2026,13.40,15.01,81,3,safety correction,6,TAMPER,TRACTION_ISOLATION,REVIEW,TRUE
REQ04041,JOB04041,Engineering,SEC_SHI_PUN,13-03-2026,8.14,9.10,56,2,coordination opportunity,3,SIGNAL_TEST_SET,SIGNAL_TEST_DEPENDENCY,SUBMITTED,TRUE
REQ04042,JOB04042,TRD,SEC_SHI_PUN,24-01-2026,19.02,20.14,72,2,safety correction,8,HAND_TOOLS,TRACTION_ISOLATION,APPROVED,TRUE
REQ04043,JOB04043,Engineering,SEC_KAL_KAR,27-01-2026,10.12,11.32,80,3,overdue defect,3,SIGNAL_TEST_SET,SIGNAL_TEST_DEPENDENCY,APPROVED,TRUE
REQ04044,JOB04044,Engineering,SEC_MUM_DAD,18-01-2026,15.33,16.38,65,2,preventive plan,8,SIGNAL_TEST_SET,ACCESS_REQUIRED,REVIEW,TRUE
REQ04045,JOB04045,TRD,SEC_LON_TAL,20-01-2026,19.29,21.30,121,4,coordination opportunity,9,TAMPER,TRACTION_ISOLATION,REVIEW,TRUE
REQ04046,JOB04046,TRD,SEC_MUM_DAD,10-03-2026,15.05,17.15,130,3,safety correction,6,OHE_TEST_KIT,SIGNAL_TEST_DEPENDENCY,APPROVED,TRUE
REQ04047,JOB04047,S&T,SEC_CHI_SHI,22-01-2026,8.06,9.09,63,3,safety correction,6,SIGNAL_TEST_SET,ACCESS_REQUIRED,APPROVED,TRUE
REQ04048,JOB04048,TRD,SEC_KAL_KAR,06-02-2026,17.49,18.26,37,4,overdue defect,7,OHE_TEST_KIT,TRACTION_ISOLATION,REVIEW,TRUE
REQ04049,JOB04049,Engineering,SEC_THA_KAL,27-02-2026,19.39,20.55,76,2,safety correction,10,HAND_TOOLS,NONE,REJECTED,TRUE
REQ04050,JOB04050,Engineering,SEC_DAD_THA,19-03-2026,14.28,15.44,76,2,overdue defect,8,OHE_TEST_KIT,TRACTION_ISOLATION,SUBMITTED,TRUE
REQ04051,JOB04051,S&T,SEC_SHI_PUN,05-01-2026,11.05,12.04,59,2,safety correction,6,TAMPER,ACCESS_REQUIRED,REVIEW,TRUE
REQ04052,JOB04052,TRD,SEC_KHA_LON,17-02-2026,19.55,21.55,120,3,overdue defect,5,SIGNAL_TEST_SET,SIGNAL_TEST_DEPENDENCY,SUBMITTED,TRUE
REQ04053,JOB04053,Engineering,SEC_TAL_CHI,20-02-2026,19.24,20.15,51,1,coordination opportunity,8,LIFTING_UNIT,SIGNAL_TEST_DEPENDENCY,SUBMITTED,TRUE
REQ04054,JOB04054,TRD,SEC_CHI_SHI,06-01-2026,14.41,16.35,114,3,safety correction,3,LIFTING_UNIT,ACCESS_REQUIRED,REVIEW,TRUE
REQ04055,JOB04055,TRD,SEC_LON_TAL,15-02-2026,16.02,17.11,69,2,safety correction,7,HAND_TOOLS,NONE,REVIEW,TRUE
REQ04056,JOB04056,TRD,SEC_KHA_LON,27-03-2026,13.00,14.27,87,4,preventive plan,7,TAMPER,NONE,REVIEW,TRUE
REQ04057,JOB04057,Engineering,SEC_TAL_CHI,11-02-2026,15.33,16.55,82,4,safety correction,7,OHE_TEST_KIT,TRACTION_ISOLATION,REVIEW,TRUE
REQ04058,JOB04058,TRD,SEC_SHI_PUN,04-02-2026,15.41,17.51,130,3,coordination opportunity,7,LIFTING_UNIT,TRACTION_ISOLATION,APPROVED,TRUE
REQ04059,JOB04059,TRD,SEC_LON_TAL,07-03-2026,19.33,21.28,115,2,safety correction,7,OHE_TEST_KIT,TRACTION_ISOLATION,REVIEW,TRUE
REQ04060,JOB04060,TRD,SEC_KAR_KHA,17-03-2026,16.09,18.21,132,4,overdue defect,7,LIFTING_UNIT,TRACTION_ISOLATION,REJECTED,TRUE
REQ04061,JOB04061,S&T,SEC_KHA_LON,11-01-2026,11.52,13.17,85,2,coordination opportunity,7,TAMPER,NONE,REJECTED,TRUE
REQ04062,JOB04062,Engineering,SEC_CHI_SHI,14-01-2026,17.26,19.44,138,3,preventive plan,4,HAND_TOOLS,TRACTION_ISOLATION,REJECTED,TRUE
REQ04063,JOB04063,S&T,SEC_MUM_DAD,08-03-2026,10.19,12.31,132,4,safety correction,7,HAND_TOOLS,NONE,APPROVED,TRUE
REQ04064,JOB04064,S&T,SEC_MUM_DAD,17-02-2026,9.09,11.06,117,2,coordination opportunity,8,SIGNAL_TEST_SET,SIGNAL_TEST_DEPENDENCY,REVIEW,TRUE
REQ04065,JOB04065,TRD,SEC_TAL_CHI,27-01-2026,18.52,20.48,116,1,safety correction,8,TAMPER,SIGNAL_TEST_DEPENDENCY,REJECTED,TRUE
REQ04066,JOB04066,Engineering,SEC_THA_KAL,05-03-2026,6.11,7.03,52,4,coordination opportunity,5,OHE_TEST_KIT,NONE,APPROVED,TRUE
REQ04067,JOB04067,S&T,SEC_DAD_THA,20-01-2026,8.49,10.09,80,1,coordination opportunity,3,LIFTING_UNIT,ACCESS_REQUIRED,APPROVED,TRUE
REQ04068,JOB04068,Engineering,SEC_CHI_SHI,14-03-2026,8.44,10.20,96,1,coordination opportunity,3,SIGNAL_TEST_SET,ACCESS_REQUIRED,REVIEW,TRUE
REQ04069,JOB04069,TRD,SEC_LON_TAL,13-02-2026,16.14,18.00,106,4,overdue defect,8,TAMPER,NONE,APPROVED,TRUE
REQ04070,JOB04070,S&T,SEC_TAL_CHI,17-02-2026,15.55,17.14,79,3,preventive plan,4,OHE_TEST_KIT,ACCESS_REQUIRED,APPROVED,TRUE
REQ04071,JOB04071,Engineering,SEC_THA_KAL,02-03-2026,12.06,13.35,89,2,overdue defect,7,HAND_TOOLS,ACCESS_REQUIRED,SUBMITTED,TRUE
REQ04072,JOB04072,Engineering,SEC_THA_KAL,08-02-2026,8.24,9.17,53,1,coordination opportunity,4,HAND_TOOLS,ACCESS_REQUIRED,REJECTED,TRUE
REQ04073,JOB04073,S&T,SEC_KAR_KHA,19-02-2026,8.25,9.35,70,2,safety correction,9,OHE_TEST_KIT,TRACTION_ISOLATION,REJECTED,TRUE
REQ04074,JOB04074,TRD,SEC_KHA_LON,27-01-2026,13.14,14.36,82,3,preventive plan,8,SIGNAL_TEST_SET,NONE,REVIEW,TRUE
REQ04075,JOB04075,Engineering,SEC_DAD_THA,02-03-2026,6.51,8.13,82,2,coordination opportunity,4,HAND_TOOLS,NONE,SUBMITTED,TRUE
REQ04076,JOB04076,S&T,SEC_KAL_KAR,11-01-2026,17.22,18.06,44,3,preventive plan,10,SIGNAL_TEST_SET,TRACTION_ISOLATION,REVIEW,TRUE
REQ04077,JOB04077,Engineering,SEC_TAL_CHI,28-02-2026,8.26,9.47,81,2,coordination opportunity,6,OHE_TEST_KIT,ACCESS_REQUIRED,SUBMITTED,TRUE
REQ04078,JOB04078,Engineering,SEC_TAL_CHI,09-01-2026,19.28,21.06,98,2,preventive plan,7,LIFTING_UNIT,SIGNAL_TEST_DEPENDENCY,REVIEW,TRUE
REQ04079,JOB04079,Engineering,SEC_THA_KAL,11-02-2026,13.22,15.46,144,3,overdue defect,8,TAMPER,ACCESS_REQUIRED,REJECTED,TRUE
REQ04080,JOB04080,S&T,SEC_THA_KAL,26-02-2026,9.47,11.23,96,3,overdue defect,4,HAND_TOOLS,TRACTION_ISOLATION,APPROVED,TRUE
REQ04081,JOB04081,S&T,SEC_KAR_KHA,09-02-2026,8.30,10.24,114,4,coordination opportunity,9,OHE_TEST_KIT,ACCESS_REQUIRED,REVIEW,TRUE
REQ04082,JOB04082,TRD,SEC_KHA_LON,15-01-2026,9.56,12.10,134,4,preventive plan,9,TAMPER,SIGNAL_TEST_DEPENDENCY,REJECTED,TRUE
REQ04083,JOB04083,Engineering,SEC_SHI_PUN,14-02-2026,15.51,16.38,47,4,coordination opportunity,5,LIFTING_UNIT,ACCESS_REQUIRED,REJECTED,TRUE
REQ04084,JOB04084,S&T,SEC_TAL_CHI,24-02-2026,18.33,19.11,38,2,preventive plan,5,TAMPER,TRACTION_ISOLATION,REVIEW,TRUE
REQ04085,JOB04085,Engineering,SEC_DAD_THA,05-02-2026,12.34,14.17,103,2,coordination opportunity,3,SIGNAL_TEST_SET,SIGNAL_TEST_DEPENDENCY,REJECTED,TRUE
REQ04086,JOB04086,Engineering,SEC_TAL_CHI,14-01-2026,11.35,13.11,96,1,safety correction,10,OHE_TEST_KIT,NONE,APPROVED,TRUE
REQ04087,JOB04087,Engineering,SEC_TAL_CHI,02-01-2026,11.34,13.23,109,1,coordination opportunity,10,LIFTING_UNIT,TRACTION_ISOLATION,APPROVED,TRUE
REQ04088,JOB04088,TRD,SEC_DAD_THA,22-01-2026,8.20,10.07,107,4,coordination opportunity,9,SIGNAL_TEST_SET,NONE,APPROVED,TRUE
REQ04089,JOB04089,S&T,SEC_LON_TAL,22-02-2026,10.13,11.09,56,1,coordination opportunity,10,LIFTING_UNIT,ACCESS_REQUIRED,APPROVED,TRUE
REQ04090,JOB04090,S&T,SEC_MUM_DAD,06-03-2026,17.58,19.52,114,3,preventive plan,6,LIFTING_UNIT,NONE,REJECTED,TRUE
REQ04091,JOB04091,TRD,SEC_DAD_THA,21-01-2026,10.00,10.48,48,4,safety correction,7,HAND_TOOLS,SIGNAL_TEST_DEPENDENCY,SUBMITTED,TRUE
REQ04092,JOB04092,TRD,SEC_THA_KAL,28-02-2026,10.19,11.13,54,3,coordination opportunity,9,TAMPER,ACCESS_REQUIRED,SUBMITTED,TRUE
REQ04093,JOB04093,TRD,SEC_CHI_SHI,06-01-2026,18.45,19.53,68,2,coordination opportunity,3,LIFTING_UNIT,SIGNAL_TEST_DEPENDENCY,REVIEW,TRUE
REQ04094,JOB04094,S&T,SEC_KAL_KAR,13-01-2026,12.31,13.09,38,4,safety correction,10,OHE_TEST_KIT,SIGNAL_TEST_DEPENDENCY,REVIEW,TRUE
REQ04095,JOB04095,Engineering,SEC_THA_KAL,01-01-2026,6.18,7.45,87,4,preventive plan,3,TAMPER,TRACTION_ISOLATION,REVIEW,TRUE
REQ04096,JOB04096,TRD,SEC_MUM_DAD,14-01-2026,13.09,14.40,91,3,overdue defect,6,OHE_TEST_KIT,ACCESS_REQUIRED,REJECTED,TRUE
REQ04097,JOB04097,Engineering,SEC_THA_KAL,01-01-2026,8.31,9.03,32,1,safety correction,7,SIGNAL_TEST_SET,NONE,SUBMITTED,TRUE
REQ04098,JOB04098,S&T,SEC_CHI_SHI,13-03-2026,13.11,14.50,99,4,coordination opportunity,4,SIGNAL_TEST_SET,TRACTION_ISOLATION,REJECTED,TRUE
REQ04099,JOB04099,TRD,SEC_MUM_DAD,07-03-2026,19.09,20.05,56,3,overdue defect,3,LIFTING_UNIT,NONE,APPROVED,TRUE
REQ04100,JOB04100,Engineering,SEC_KAR_KHA,06-01-2026,16.41,18.43,122,4,overdue defect,4,OHE_TEST_KIT,NONE,APPROVED,TRUE
REQ04101,JOB04101,S&T,SEC_DAD_THA,12-03-2026,13.39,15.41,122,2,overdue defect,3,LIFTING_UNIT,ACCESS_REQUIRED,SUBMITTED,TRUE
REQ04102,JOB04102,S&T,SEC_SHI_PUN,10-01-2026,15.17,16.37,80,1,preventive plan,5,LIFTING_UNIT,SIGNAL_TEST_DEPENDENCY,REJECTED,TRUE
REQ04103,JOB04103,Engineering,SEC_DAD_THA,30-03-2026,9.30,10.01,31,4,coordination opportunity,6,LIFTING_UNIT,NONE,REVIEW,TRUE
REQ04104,JOB04104,Engineering,SEC_KAL_KAR,29-03-2026,10.07,12.26,139,1,coordination opportunity,10,OHE_TEST_KIT,TRACTION_ISOLATION,APPROVED,TRUE
REQ04105,JOB04105,TRD,SEC_KHA_LON,26-03-2026,14.28,15.40,72,3,preventive plan,3,SIGNAL_TEST_SET,SIGNAL_TEST_DEPENDENCY,REVIEW,TRUE
REQ04106,JOB04106,Engineering,SEC_DAD_THA,23-03-2026,16.33,18.55,142,1,overdue defect,10,TAMPER,ACCESS_REQUIRED,REJECTED,TRUE
REQ04107,JOB04107,Engineering,SEC_KHA_LON,06-01-2026,9.44,11.47,123,1,preventive plan,9,TAMPER,TRACTION_ISOLATION,REJECTED,TRUE
REQ04108,JOB04108,Engineering,SEC_TAL_CHI,24-02-2026,9.30,11.04,94,4,safety correction,6,SIGNAL_TEST_SET,TRACTION_ISOLATION,REVIEW,TRUE
REQ04109,JOB04109,TRD,SEC_THA_KAL,12-03-2026,11.48,14.00,132,4,preventive plan,6,OHE_TEST_KIT,TRACTION_ISOLATION,SUBMITTED,TRUE
REQ04110,JOB04110,TRD,SEC_CHI_SHI,11-02-2026,15.08,16.46,98,3,safety correction,4,LIFTING_UNIT,NONE,REJECTED,TRUE
REQ04111,JOB04111,S&T,SEC_KAR_KHA,16-03-2026,9.25,10.14,49,2,overdue defect,5,SIGNAL_TEST_SET,NONE,REVIEW,TRUE
REQ04112,JOB04112,TRD,SEC_THA_KAL,18-03-2026,15.42,16.55,73,4,coordination opportunity,3,HAND_TOOLS,TRACTION_ISOLATION,SUBMITTED,TRUE
REQ04113,JOB04113,S&T,SEC_TAL_CHI,24-02-2026,12.43,14.56,133,2,preventive plan,6,TAMPER,NONE,REVIEW,TRUE
REQ04114,JOB04114,Engineering,SEC_THA_KAL,02-01-2026,19.07,21.04,117,2,preventive plan,9,HAND_TOOLS,NONE,SUBMITTED,TRUE
REQ04115,JOB04115,S&T,SEC_THA_KAL,13-01-2026,8.20,10.13,113,2,overdue defect,7,HAND_TOOLS,SIGNAL_TEST_DEPENDENCY,SUBMITTED,TRUE
REQ04116,JOB04116,S&T,SEC_TAL_CHI,01-01-2026,19.59,22.17,138,3,preventive plan,7,OHE_TEST_KIT,SIGNAL_TEST_DEPENDENCY,REJECTED,TRUE
REQ04117,JOB04117,TRD,SEC_TAL_CHI,27-02-2026,19.00,21.16,136,2,safety correction,4,TAMPER,ACCESS_REQUIRED,REVIEW,TRUE
REQ04118,JOB04118,Engineering,SEC_LON_TAL,16-02-2026,16.45,18.11,86,4,preventive plan,5,OHE_TEST_KIT,SIGNAL_TEST_DEPENDENCY,REJECTED,TRUE
REQ04119,JOB04119,Engineering,SEC_TAL_CHI,24-01-2026,8.31,10.02,91,1,preventive plan,10,HAND_TOOLS,SIGNAL_TEST_DEPENDENCY,SUBMITTED,TRUE
REQ04120,JOB04120,S&T,SEC_SHI_PUN,05-01-2026,6.54,8.43,109,2,preventive plan,6,SIGNAL_TEST_SET,SIGNAL_TEST_DEPENDENCY,SUBMITTED,TRUE
REQ04121,JOB04121,TRD,SEC_KAR_KHA,31-03-2026,15.30,16.04,34,3,overdue defect,9,SIGNAL_TEST_SET,SIGNAL_TEST_DEPENDENCY,REJECTED,TRUE
REQ04122,JOB04122,TRD,SEC_DAD_THA,06-03-2026,6.04,8.04,120,1,preventive plan,7,LIFTING_UNIT,SIGNAL_TEST_DEPENDENCY,SUBMITTED,TRUE
REQ04123,JOB04123,TRD,SEC_CHI_SHI,01-03-2026,8.37,9.55,78,4,preventive plan,4,TAMPER,ACCESS_REQUIRED,REVIEW,TRUE
REQ04124,JOB04124,Engineering,SEC_CHI_SHI,27-01-2026,10.35,12.23,108,4,coordination opportunity,6,HAND_TOOLS,TRACTION_ISOLATION,REJECTED,TRUE
REQ04125,JOB04125,Engineering,SEC_KHA_LON,28-01-2026,9.24,10.51,87,1,preventive plan,9,SIGNAL_TEST_SET,NONE,REJECTED,TRUE
REQ04126,JOB04126,TRD,SEC_DAD_THA,15-01-2026,19.56,21.19,83,3,preventive plan,6,LIFTING_UNIT,SIGNAL_TEST_DEPENDENCY,SUBMITTED,TRUE
REQ04127,JOB04127,Engineering,SEC_THA_KAL,16-01-2026,18.12,19.58,106,4,safety correction,10,LIFTING_UNIT,NONE,SUBMITTED,TRUE
REQ04128,JOB04128,Engineering,SEC_SHI_PUN,05-02-2026,16.28,17.46,78,4,coordination opportunity,8,OHE_TEST_KIT,NONE,SUBMITTED,TRUE
REQ04129,JOB04129,S&T,SEC_THA_KAL,02-02-2026,7.14,8.01,47,2,preventive plan,4,SIGNAL_TEST_SET,NONE,REJECTED,TRUE
REQ04130,JOB04130,Engineering,SEC_SHI_PUN,31-01-2026,15.43,17.53,130,2,coordination opportunity,4,SIGNAL_TEST_SET,SIGNAL_TEST_DEPENDENCY,SUBMITTED,TRUE
REQ04131,JOB04131,TRD,SEC_THA_KAL,10-03-2026,10.32,12.43,131,3,overdue defect,6,TAMPER,SIGNAL_TEST_DEPENDENCY,REJECTED,TRUE
REQ04132,JOB04132,TRD,SEC_CHI_SHI,26-01-2026,9.34,11.26,112,4,overdue defect,7,HAND_TOOLS,NONE,SUBMITTED,TRUE
REQ04133,JOB04133,Engineering,SEC_KHA_LON,23-03-2026,16.04,17.45,101,3,coordination opportunity,9,OHE_TEST_KIT,NONE,APPROVED,TRUE
REQ04134,JOB04134,TRD,SEC_KAR_KHA,16-03-2026,14.17,15.49,92,1,safety correction,6,TAMPER,ACCESS_REQUIRED,REVIEW,TRUE
REQ04135,JOB04135,TRD,SEC_MUM_DAD,30-01-2026,7.54,8.52,58,4,safety correction,6,TAMPER,TRACTION_ISOLATION,SUBMITTED,TRUE
REQ04136,JOB04136,Engineering,SEC_KAL_KAR,17-03-2026,7.19,8.00,41,3,preventive plan,7,TAMPER,ACCESS_REQUIRED,REJECTED,TRUE
REQ04137,JOB04137,S&T,SEC_MUM_DAD,28-01-2026,9.15,11.27,132,2,overdue defect,5,OHE_TEST_KIT,TRACTION_ISOLATION,REJECTED,TRUE
REQ04138,JOB04138,TRD,SEC_TAL_CHI,27-03-2026,12.17,13.57,100,3,coordination opportunity,10,SIGNAL_TEST_SET,ACCESS_REQUIRED,APPROVED,TRUE
REQ04139,JOB04139,TRD,SEC_CHI_SHI,12-02-2026,9.26,10.13,47,3,coordination opportunity,10,SIGNAL_TEST_SET,TRACTION_ISOLATION,APPROVED,TRUE
REQ04140,JOB04140,S&T,SEC_LON_TAL,30-01-2026,8.52,9.34,42,1,safety correction,7,TAMPER,TRACTION_ISOLATION,REVIEW,TRUE
REQ04141,JOB04141,Engineering,SEC_LON_TAL,23-02-2026,19.25,19.56,31,1,safety correction,7,SIGNAL_TEST_SET,NONE,APPROVED,TRUE
REQ04142,JOB04142,Engineering,SEC_MUM_DAD,25-01-2026,13.00,15.28,148,1,overdue defect,3,OHE_TEST_KIT,TRACTION_ISOLATION,REJECTED,TRUE
REQ04143,JOB04143,Engineering,SEC_LON_TAL,15-01-2026,16.58,18.10,72,4,safety correction,4,TAMPER,ACCESS_REQUIRED,REVIEW,TRUE
REQ04144,JOB04144,TRD,SEC_KHA_LON,19-01-2026,15.02,17.03,121,2,coordination opportunity,8,OHE_TEST_KIT,TRACTION_ISOLATION,REJECTED,TRUE
REQ04145,JOB04145,Engineering,SEC_KHA_LON,14-03-2026,6.45,8.36,111,3,safety correction,4,OHE_TEST_KIT,ACCESS_REQUIRED,APPROVED,TRUE
REQ04146,JOB04146,S&T,SEC_KAR_KHA,15-01-2026,9.17,11.42,145,3,coordination opportunity,4,SIGNAL_TEST_SET,NONE,REVIEW,TRUE
REQ04147,JOB04147,S&T,SEC_KAR_KHA,05-03-2026,16.55,18.43,108,2,safety correction,3,TAMPER,TRACTION_ISOLATION,REVIEW,TRUE
REQ04148,JOB04148,Engineering,SEC_LON_TAL,05-02-2026,15.18,16.12,54,4,preventive plan,9,HAND_TOOLS,ACCESS_REQUIRED,REVIEW,TRUE
REQ04149,JOB04149,Engineering,SEC_KHA_LON,02-01-2026,15.07,15.37,30,4,overdue defect,6,LIFTING_UNIT,SIGNAL_TEST_DEPENDENCY,REVIEW,TRUE
REQ04150,JOB04150,TRD,SEC_THA_KAL,19-01-2026,10.30,12.18,108,1,overdue defect,4,LIFTING_UNIT,ACCESS_REQUIRED,REJECTED,TRUE
REQ04151,JOB04151,S&T,SEC_KAR_KHA,14-01-2026,17.38,19.25,107,3,overdue defect,7,TAMPER,SIGNAL_TEST_DEPENDENCY,REVIEW,TRUE
REQ04152,JOB04152,S&T,SEC_SHI_PUN,16-02-2026,8.11,9.30,79,1,coordination opportunity,6,HAND_TOOLS,ACCESS_REQUIRED,REVIEW,TRUE
REQ04153,JOB04153,S&T,SEC_DAD_THA,12-02-2026,7.48,9.45,117,4,safety correction,10,TAMPER,TRACTION_ISOLATION,SUBMITTED,TRUE
REQ04154,JOB04154,Engineering,SEC_KAR_KHA,14-03-2026,6.57,8.58,121,3,overdue defect,7,TAMPER,NONE,APPROVED,TRUE
REQ04155,JOB04155,S&T,SEC_KAR_KHA,13-03-2026,10.17,11.58,101,3,preventive plan,3,TAMPER,TRACTION_ISOLATION,SUBMITTED,TRUE
REQ04156,JOB04156,S&T,SEC_KHA_LON,08-03-2026,18.25,20.39,134,3,safety correction,6,OHE_TEST_KIT,TRACTION_ISOLATION,REVIEW,TRUE
REQ04157,JOB04157,TRD,SEC_KHA_LON,16-02-2026,10.22,12.46,144,4,coordination opportunity,8,TAMPER,TRACTION_ISOLATION,APPROVED,TRUE
REQ04158,JOB04158,Engineering,SEC_THA_KAL,28-01-2026,13.55,14.28,33,3,coordination opportunity,4,HAND_TOOLS,NONE,REVIEW,TRUE
REQ04159,JOB04159,S&T,SEC_THA_KAL,27-02-2026,19.16,21.14,118,2,overdue defect,8,TAMPER,NONE,APPROVED,TRUE
REQ04160,JOB04160,S&T,SEC_TAL_CHI,09-02-2026,18.55,19.48,53,3,preventive plan,3,LIFTING_UNIT,NONE,REVIEW,TRUE
REQ04161,JOB04161,TRD,SEC_KHA_LON,20-03-2026,12.10,13.25,75,4,overdue defect,7,HAND_TOOLS,SIGNAL_TEST_DEPENDENCY,REVIEW,TRUE
REQ04162,JOB04162,TRD,SEC_MUM_DAD,17-02-2026,10.43,12.57,134,4,overdue defect,10,HAND_TOOLS,NONE,REVIEW,TRUE
REQ04163,JOB04163,TRD,SEC_LON_TAL,28-01-2026,8.39,10.19,100,4,safety correction,3,HAND_TOOLS,SIGNAL_TEST_DEPENDENCY,REVIEW,TRUE
REQ04164,JOB04164,Engineering,SEC_KHA_LON,27-03-2026,16.44,18.19,95,1,preventive plan,6,TAMPER,NONE,REVIEW,TRUE
REQ04165,JOB04165,Engineering,SEC_MUM_DAD,26-01-2026,9.07,9.52,45,4,safety correction,3,TAMPER,SIGNAL_TEST_DEPENDENCY,REVIEW,TRUE
REQ04166,JOB04166,S&T,SEC_DAD_THA,13-02-2026,17.37,18.28,51,4,coordination opportunity,3,OHE_TEST_KIT,NONE,APPROVED,TRUE
REQ04167,JOB04167,TRD,SEC_KAR_KHA,19-03-2026,7.55,9.33,98,3,coordination opportunity,8,LIFTING_UNIT,NONE,REVIEW,TRUE
REQ04168,JOB04168,Engineering,SEC_KHA_LON,27-03-2026,15.22,17.17,115,2,preventive plan,3,SIGNAL_TEST_SET,NONE,REJECTED,TRUE
REQ04169,JOB04169,TRD,SEC_KHA_LON,19-01-2026,12.22,13.53,91,3,overdue defect,10,TAMPER,TRACTION_ISOLATION,REVIEW,TRUE
REQ04170,JOB04170,Engineering,SEC_CHI_SHI,04-03-2026,6.24,8.30,126,3,overdue defect,5,LIFTING_UNIT,SIGNAL_TEST_DEPENDENCY,APPROVED,TRUE
REQ04171,JOB04171,S&T,SEC_KAL_KAR,11-03-2026,12.25,14.50,145,2,safety correction,8,LIFTING_UNIT,TRACTION_ISOLATION,SUBMITTED,TRUE
REQ04172,JOB04172,Engineering,SEC_THA_KAL,27-02-2026,7.57,10.09,132,3,coordination opportunity,8,LIFTING_UNIT,TRACTION_ISOLATION,SUBMITTED,TRUE
REQ04173,JOB04173,TRD,SEC_MUM_DAD,15-01-2026,14.01,15.48,107,4,preventive plan,9,OHE_TEST_KIT,TRACTION_ISOLATION,REJECTED,TRUE
REQ04174,JOB04174,S&T,SEC_MUM_DAD,09-01-2026,10.51,12.27,96,1,preventive plan,4,TAMPER,TRACTION_ISOLATION,APPROVED,TRUE
REQ04175,JOB04175,S&T,SEC_SHI_PUN,22-03-2026,7.19,9.18,119,4,overdue defect,4,HAND_TOOLS,SIGNAL_TEST_DEPENDENCY,SUBMITTED,TRUE
REQ04176,JOB04176,TRD,SEC_KHA_LON,26-03-2026,12.23,13.36,73,1,overdue defect,4,TAMPER,SIGNAL_TEST_DEPENDENCY,REVIEW,TRUE
REQ04177,JOB04177,TRD,SEC_MUM_DAD,04-02-2026,19.41,20.23,42,4,coordination opportunity,7,TAMPER,TRACTION_ISOLATION,REJECTED,TRUE
REQ04178,JOB04178,TRD,SEC_CHI_SHI,08-02-2026,8.23,9.51,88,2,safety correction,8,LIFTING_UNIT,TRACTION_ISOLATION,SUBMITTED,TRUE
REQ04179,JOB04179,Engineering,SEC_DAD_THA,26-02-2026,18.42,21.01,139,4,coordination opportunity,10,TAMPER,TRACTION_ISOLATION,REJECTED,TRUE
REQ04180,JOB04180,S&T,SEC_DAD_THA,28-03-2026,18.51,20.23,92,1,safety correction,5,TAMPER,SIGNAL_TEST_DEPENDENCY,APPROVED,TRUE
REQ04181,JOB04181,Engineering,SEC_TAL_CHI,01-03-2026,12.30,14.41,131,3,coordination opportunity,5,OHE_TEST_KIT,ACCESS_REQUIRED,APPROVED,TRUE
REQ04182,JOB04182,S&T,SEC_CHI_SHI,26-02-2026,16.06,16.49,43,2,coordination opportunity,5,LIFTING_UNIT,TRACTION_ISOLATION,APPROVED,TRUE
REQ04183,JOB04183,Engineering,SEC_SHI_PUN,15-02-2026,15.22,16.27,65,2,preventive plan,5,OHE_TEST_KIT,SIGNAL_TEST_DEPENDENCY,SUBMITTED,TRUE
REQ04184,JOB04184,S&T,SEC_SHI_PUN,20-03-2026,13.25,13.58,33,1,overdue defect,9,LIFTING_UNIT,TRACTION_ISOLATION,REVIEW,TRUE
REQ04185,JOB04185,Engineering,SEC_KAL_KAR,22-03-2026,13.15,14.32,77,2,safety correction,6,OHE_TEST_KIT,TRACTION_ISOLATION,SUBMITTED,TRUE
REQ04186,JOB04186,Engineering,SEC_MUM_DAD,21-01-2026,12.08,13.34,86,4,overdue defect,3,OHE_TEST_KIT,ACCESS_REQUIRED,SUBMITTED,TRUE
REQ04187,JOB04187,TRD,SEC_DAD_THA,15-02-2026,13.01,14.04,63,3,safety correction,3,HAND_TOOLS,TRACTION_ISOLATION,REJECTED,TRUE
REQ04188,JOB04188,TRD,SEC_THA_KAL,14-03-2026,15.29,17.18,109,2,overdue defect,4,TAMPER,TRACTION_ISOLATION,SUBMITTED,TRUE
REQ04189,JOB04189,TRD,SEC_SHI_PUN,13-03-2026,17.46,19.21,95,3,coordination opportunity,7,HAND_TOOLS,SIGNAL_TEST_DEPENDENCY,SUBMITTED,TRUE
REQ04190,JOB04190,Engineering,SEC_LON_TAL,03-03-2026,9.54,11.50,116,1,preventive plan,6,TAMPER,SIGNAL_TEST_DEPENDENCY,REVIEW,TRUE
REQ04191,JOB04191,S&T,SEC_KAL_KAR,27-01-2026,13.26,13.57,31,1,safety correction,10,HAND_TOOLS,ACCESS_REQUIRED,APPROVED,TRUE
REQ04192,JOB04192,Engineering,SEC_THA_KAL,24-02-2026,17.01,17.39,38,4,overdue defect,10,SIGNAL_TEST_SET,SIGNAL_TEST_DEPENDENCY,REVIEW,TRUE
REQ04193,JOB04193,S&T,SEC_DAD_THA,05-03-2026,13.36,15.41,125,3,safety correction,4,TAMPER,SIGNAL_TEST_DEPENDENCY,REJECTED,TRUE
REQ04194,JOB04194,S&T,SEC_TAL_CHI,05-03-2026,8.04,8.57,53,3,preventive plan,8,SIGNAL_TEST_SET,ACCESS_REQUIRED,SUBMITTED,TRUE
REQ04195,JOB04195,Engineering,SEC_KAL_KAR,10-03-2026,17.23,19.36,133,2,safety correction,7,TAMPER,SIGNAL_TEST_DEPENDENCY,SUBMITTED,TRUE
REQ04196,JOB04196,S&T,SEC_DAD_THA,27-03-2026,16.25,17.41,76,1,coordination opportunity,6,HAND_TOOLS,TRACTION_ISOLATION,APPROVED,TRUE
REQ04197,JOB04197,Engineering,SEC_SHI_PUN,30-03-2026,15.27,16.45,78,3,safety correction,3,HAND_TOOLS,TRACTION_ISOLATION,REVIEW,TRUE
REQ04198,JOB04198,TRD,SEC_KHA_LON,24-01-2026,11.49,12.37,48,4,overdue defect,10,LIFTING_UNIT,SIGNAL_TEST_DEPENDENCY,APPROVED,TRUE
REQ04199,JOB04199,Engineering,SEC_TAL_CHI,14-01-2026,19.33,20.48,75,4,overdue defect,4,SIGNAL_TEST_SET,TRACTION_ISOLATION,REJECTED,TRUE
REQ04200,JOB04200,Engineering,SEC_DAD_THA,20-01-2026,12.09,14.03,114,1,coordination opportunity,7,TAMPER,TRACTION_ISOLATION,APPROVED,TRUE
REQ04201,JOB04201,S&T,SEC_DAD_THA,01-01-2026,19.49,21.21,92,4,coordination opportunity,5,LIFTING_UNIT,ACCESS_REQUIRED,REJECTED,TRUE
REQ04202,JOB04202,S&T,SEC_TAL_CHI,04-02-2026,18.18,20.47,149,3,coordination opportunity,5,HAND_TOOLS,ACCESS_REQUIRED,REVIEW,TRUE
REQ04203,JOB04203,Engineering,SEC_TAL_CHI,17-03-2026,10.12,10.44,32,1,preventive plan,10,TAMPER,TRACTION_ISOLATION,SUBMITTED,TRUE
REQ04204,JOB04204,S&T,SEC_DAD_THA,17-01-2026,8.25,10.19,114,3,preventive plan,9,LIFTING_UNIT,TRACTION_ISOLATION,REVIEW,TRUE
REQ04205,JOB04205,Engineering,SEC_MUM_DAD,05-01-2026,6.42,8.37,115,1,coordination opportunity,4,LIFTING_UNIT,ACCESS_REQUIRED,APPROVED,TRUE
REQ04206,JOB04206,Engineering,SEC_SHI_PUN,16-02-2026,10.51,12.44,113,4,preventive plan,4,OHE_TEST_KIT,SIGNAL_TEST_DEPENDENCY,REJECTED,TRUE
REQ04207,JOB04207,S&T,SEC_KHA_LON,25-03-2026,10.23,11.42,79,1,preventive plan,5,LIFTING_UNIT,SIGNAL_TEST_DEPENDENCY,REJECTED,TRUE
REQ04208,JOB04208,TRD,SEC_THA_KAL,02-02-2026,8.57,10.49,112,2,safety correction,7,HAND_TOOLS,TRACTION_ISOLATION,APPROVED,TRUE
REQ04209,JOB04209,TRD,SEC_SHI_PUN,08-02-2026,9.09,10.36,87,3,coordination opportunity,10,OHE_TEST_KIT,TRACTION_ISOLATION,REJECTED,TRUE
REQ04210,JOB04210,Engineering,SEC_KAL_KAR,20-02-2026,9.23,11.48,145,1,preventive plan,6,HAND_TOOLS,NONE,APPROVED,TRUE
REQ04211,JOB04211,TRD,SEC_MUM_DAD,31-03-2026,17.48,18.46,58,3,overdue defect,9,SIGNAL_TEST_SET,ACCESS_REQUIRED,REJECTED,TRUE
REQ04212,JOB04212,Engineering,SEC_LON_TAL,27-03-2026,11.07,12.06,59,1,preventive plan,3,HAND_TOOLS,SIGNAL_TEST_DEPENDENCY,APPROVED,TRUE
REQ04213,JOB04213,S&T,SEC_CHI_SHI,14-02-2026,8.40,9.39,59,1,coordination opportunity,10,SIGNAL_TEST_SET,SIGNAL_TEST_DEPENDENCY,SUBMITTED,TRUE
REQ04214,JOB04214,S&T,SEC_KAL_KAR,18-03-2026,9.23,11.32,129,3,safety correction,10,HAND_TOOLS,SIGNAL_TEST_DEPENDENCY,REVIEW,TRUE
REQ04215,JOB04215,Engineering,SEC_KAR_KHA,31-01-2026,18.30,20.31,121,3,preventive plan,8,SIGNAL_TEST_SET,ACCESS_REQUIRED,APPROVED,TRUE
REQ04216,JOB04216,Engineering,SEC_MUM_DAD,17-02-2026,18.59,19.35,36,3,coordination opportunity,7,OHE_TEST_KIT,TRACTION_ISOLATION,SUBMITTED,TRUE
REQ04217,JOB04217,S&T,SEC_LON_TAL,14-02-2026,7.30,8.26,56,2,coordination opportunity,9,LIFTING_UNIT,NONE,REVIEW,TRUE
REQ04218,JOB04218,S&T,SEC_DAD_THA,17-02-2026,7.42,9.52,130,1,overdue defect,3,SIGNAL_TEST_SET,ACCESS_REQUIRED,APPROVED,TRUE
REQ04219,JOB04219,Engineering,SEC_DAD_THA,23-03-2026,16.20,17.32,72,1,coordination opportunity,5,LIFTING_UNIT,TRACTION_ISOLATION,REJECTED,TRUE
REQ04220,JOB04220,Engineering,SEC_TAL_CHI,13-02-2026,12.24,14.10,106,4,preventive plan,8,LIFTING_UNIT,SIGNAL_TEST_DEPENDENCY,REJECTED,TRUE
REQ04221,JOB04221,TRD,SEC_KAR_KHA,21-03-2026,17.32,19.40,128,3,overdue defect,9,SIGNAL_TEST_SET,ACCESS_REQUIRED,SUBMITTED,TRUE
REQ04222,JOB04222,Engineering,SEC_TAL_CHI,30-01-2026,15.13,16.19,66,4,coordination opportunity,8,LIFTING_UNIT,NONE,APPROVED,TRUE
REQ04223,JOB04223,Engineering,SEC_TAL_CHI,25-02-2026,12.16,13.38,82,4,safety correction,10,LIFTING_UNIT,NONE,SUBMITTED,TRUE
REQ04224,JOB04224,S&T,SEC_TAL_CHI,13-03-2026,9.23,10.25,62,1,safety correction,7,LIFTING_UNIT,SIGNAL_TEST_DEPENDENCY,APPROVED,TRUE
REQ04225,JOB04225,Engineering,SEC_SHI_PUN,22-01-2026,11.42,12.25,43,2,preventive plan,8,OHE_TEST_KIT,ACCESS_REQUIRED,SUBMITTED,TRUE
REQ04226,JOB04226,Engineering,SEC_KAL_KAR,05-02-2026,9.10,10.42,92,2,coordination opportunity,5,LIFTING_UNIT,TRACTION_ISOLATION,REVIEW,TRUE
REQ04227,JOB04227,Engineering,SEC_LON_TAL,29-03-2026,15.24,16.59,95,3,preventive plan,6,LIFTING_UNIT,ACCESS_REQUIRED,REVIEW,TRUE
REQ04228,JOB04228,S&T,SEC_KAL_KAR,11-01-2026,10.10,10.58,48,2,overdue defect,4,HAND_TOOLS,NONE,REVIEW,TRUE
REQ04229,JOB04229,TRD,SEC_MUM_DAD,03-03-2026,15.33,17.31,118,3,safety correction,5,LIFTING_UNIT,SIGNAL_TEST_DEPENDENCY,APPROVED,TRUE
REQ04230,JOB04230,Engineering,SEC_KHA_LON,16-01-2026,17.55,19.52,117,4,safety correction,9,LIFTING_UNIT,ACCESS_REQUIRED,REJECTED,TRUE
REQ04231,JOB04231,Engineering,SEC_THA_KAL,12-01-2026,14.16,16.39,143,1,overdue defect,9,HAND_TOOLS,ACCESS_REQUIRED,SUBMITTED,TRUE
REQ04232,JOB04232,TRD,SEC_KHA_LON,10-02-2026,16.23,18.13,110,3,coordination opportunity,5,LIFTING_UNIT,SIGNAL_TEST_DEPENDENCY,REVIEW,TRUE
REQ04233,JOB04233,Engineering,SEC_SHI_PUN,02-01-2026,13.50,14.35,45,3,coordination opportunity,9,SIGNAL_TEST_SET,NONE,APPROVED,TRUE
REQ04234,JOB04234,Engineering,SEC_KAL_KAR,14-01-2026,13.32,15.32,120,4,safety correction,5,TAMPER,ACCESS_REQUIRED,REVIEW,TRUE
REQ04235,JOB04235,S&T,SEC_SHI_PUN,17-01-2026,17.10,18.51,101,3,overdue defect,10,OHE_TEST_KIT,NONE,REVIEW,TRUE
REQ04236,JOB04236,TRD,SEC_LON_TAL,10-01-2026,16.45,19.00,135,2,preventive plan,10,HAND_TOOLS,SIGNAL_TEST_DEPENDENCY,REJECTED,TRUE
REQ04237,JOB04237,TRD,SEC_LON_TAL,09-02-2026,15.46,16.29,43,2,overdue defect,7,LIFTING_UNIT,ACCESS_REQUIRED,REJECTED,TRUE
REQ04238,JOB04238,TRD,SEC_KAR_KHA,18-01-2026,7.56,9.50,114,3,overdue defect,5,LIFTING_UNIT,TRACTION_ISOLATION,SUBMITTED,TRUE
REQ04239,JOB04239,Engineering,SEC_KAL_KAR,04-01-2026,7.00,8.04,64,2,safety correction,5,HAND_TOOLS,NONE,APPROVED,TRUE
REQ04240,JOB04240,TRD,SEC_LON_TAL,10-03-2026,14.57,17.04,127,2,coordination opportunity,3,LIFTING_UNIT,ACCESS_REQUIRED,SUBMITTED,TRUE
REQ04241,JOB04241,Engineering,SEC_CHI_SHI,08-01-2026,18.26,20.34,128,2,preventive plan,8,SIGNAL_TEST_SET,SIGNAL_TEST_DEPENDENCY,SUBMITTED,TRUE
REQ04242,JOB04242,S&T,SEC_SHI_PUN,12-03-2026,18.39,19.40,61,4,preventive plan,10,TAMPER,ACCESS_REQUIRED,REJECTED,TRUE
REQ04243,JOB04243,Engineering,SEC_THA_KAL,07-02-2026,13.50,15.57,127,1,preventive plan,4,OHE_TEST_KIT,TRACTION_ISOLATION,REJECTED,TRUE
REQ04244,JOB04244,S&T,SEC_KHA_LON,18-01-2026,17.22,19.44,142,2,safety correction,10,LIFTING_UNIT,TRACTION_ISOLATION,REVIEW,TRUE
REQ04245,JOB04245,S&T,SEC_TAL_CHI,18-02-2026,19.43,21.53,130,1,safety correction,8,TAMPER,TRACTION_ISOLATION,SUBMITTED,TRUE
REQ04246,JOB04246,S&T,SEC_DAD_THA,14-03-2026,15.51,17.30,99,4,preventive plan,4,SIGNAL_TEST_SET,SIGNAL_TEST_DEPENDENCY,REJECTED,TRUE
REQ04247,JOB04247,TRD,SEC_LON_TAL,21-03-2026,18.42,20.42,120,4,safety correction,6,OHE_TEST_KIT,ACCESS_REQUIRED,SUBMITTED,TRUE
REQ04248,JOB04248,S&T,SEC_DAD_THA,30-01-2026,13.03,15.00,117,1,overdue defect,8,OHE_TEST_KIT,NONE,APPROVED,TRUE
REQ04249,JOB04249,TRD,SEC_THA_KAL,25-02-2026,14.22,15.12,50,1,coordination opportunity,4,OHE_TEST_KIT,SIGNAL_TEST_DEPENDENCY,REVIEW,TRUE
REQ04250,JOB04250,TRD,SEC_THA_KAL,01-02-2026,7.31,8.32,61,1,coordination opportunity,7,TAMPER,ACCESS_REQUIRED,SUBMITTED,TRUE
REQ04251,JOB04251,TRD,SEC_THA_KAL,21-03-2026,7.30,8.41,71,2,overdue defect,4,SIGNAL_TEST_SET,ACCESS_REQUIRED,SUBMITTED,TRUE
REQ04252,JOB04252,TRD,SEC_LON_TAL,12-03-2026,17.16,19.35,139,3,overdue defect,4,OHE_TEST_KIT,TRACTION_ISOLATION,SUBMITTED,TRUE
REQ04253,JOB04253,Engineering,SEC_KHA_LON,08-02-2026,15.24,16.13,49,4,safety correction,7,OHE_TEST_KIT,ACCESS_REQUIRED,REJECTED,TRUE
REQ04254,JOB04254,Engineering,SEC_DAD_THA,31-01-2026,15.22,17.27,125,1,coordination opportunity,5,OHE_TEST_KIT,TRACTION_ISOLATION,REJECTED,TRUE
REQ04255,JOB04255,TRD,SEC_LON_TAL,23-02-2026,16.36,18.15,99,3,overdue defect,10,SIGNAL_TEST_SET,NONE,SUBMITTED,TRUE
REQ04256,JOB04256,Engineering,SEC_KAL_KAR,03-03-2026,18.57,20.15,78,2,overdue defect,7,TAMPER,NONE,REJECTED,TRUE
REQ04257,JOB04257,Engineering,SEC_LON_TAL,21-03-2026,12.19,12.50,31,2,safety correction,7,OHE_TEST_KIT,NONE,REJECTED,TRUE
REQ04258,JOB04258,S&T,SEC_DAD_THA,16-02-2026,17.36,18.53,77,1,safety correction,4,LIFTING_UNIT,SIGNAL_TEST_DEPENDENCY,SUBMITTED,TRUE
REQ04259,JOB04259,S&T,SEC_MUM_DAD,18-01-2026,9.53,11.31,98,3,coordination opportunity,6,HAND_TOOLS,TRACTION_ISOLATION,REVIEW,TRUE
REQ04260,JOB04260,TRD,SEC_DAD_THA,18-01-2026,14.19,16.18,119,3,coordination opportunity,10,HAND_TOOLS,SIGNAL_TEST_DEPENDENCY,REVIEW,TRUE
REQ04261,JOB04261,Engineering,SEC_TAL_CHI,15-02-2026,10.44,12.37,113,3,overdue defect,5,SIGNAL_TEST_SET,NONE,REVIEW,TRUE
REQ04262,JOB04262,S&T,SEC_SHI_PUN,31-03-2026,16.26,18.01,95,3,preventive plan,5,SIGNAL_TEST_SET,TRACTION_ISOLATION,REJECTED,TRUE
REQ04263,JOB04263,Engineering,SEC_KHA_LON,18-03-2026,19.15,19.54,39,2,coordination opportunity,7,HAND_TOOLS,SIGNAL_TEST_DEPENDENCY,APPROVED,TRUE
REQ04264,JOB04264,TRD,SEC_DAD_THA,11-02-2026,17.29,18.53,84,3,overdue defect,9,TAMPER,TRACTION_ISOLATION,APPROVED,TRUE
REQ04265,JOB04265,TRD,SEC_LON_TAL,21-03-2026,11.21,13.16,115,3,safety correction,9,SIGNAL_TEST_SET,SIGNAL_TEST_DEPENDENCY,APPROVED,TRUE
REQ04266,JOB04266,Engineering,SEC_KHA_LON,03-01-2026,12.55,14.44,109,2,coordination opportunity,10,TAMPER,TRACTION_ISOLATION,REVIEW,TRUE
REQ04267,JOB04267,Engineering,SEC_DAD_THA,11-01-2026,18.53,20.51,118,4,overdue defect,4,OHE_TEST_KIT,TRACTION_ISOLATION,REJECTED,TRUE
REQ04268,JOB04268,S&T,SEC_THA_KAL,01-01-2026,13.42,14.36,54,1,safety correction,3,OHE_TEST_KIT,ACCESS_REQUIRED,REVIEW,TRUE
REQ04269,JOB04269,Engineering,SEC_TAL_CHI,07-02-2026,8.31,10.11,100,1,safety correction,3,OHE_TEST_KIT,ACCESS_REQUIRED,REVIEW,TRUE
REQ04270,JOB04270,Engineering,SEC_CHI_SHI,31-01-2026,13.00,14.00,60,2,coordination opportunity,9,OHE_TEST_KIT,SIGNAL_TEST_DEPENDENCY,REJECTED,TRUE
REQ04271,JOB04271,Engineering,SEC_SHI_PUN,08-02-2026,19.32,21.40,128,3,safety correction,4,SIGNAL_TEST_SET,TRACTION_ISOLATION,APPROVED,TRUE
REQ04272,JOB04272,Engineering,SEC_KAL_KAR,08-02-2026,13.56,15.09,73,2,safety correction,7,HAND_TOOLS,SIGNAL_TEST_DEPENDENCY,REJECTED,TRUE
REQ04273,JOB04273,S&T,SEC_MUM_DAD,18-01-2026,17.19,19.04,105,4,preventive plan,6,LIFTING_UNIT,SIGNAL_TEST_DEPENDENCY,APPROVED,TRUE
REQ04274,JOB04274,TRD,SEC_KAL_KAR,21-01-2026,7.20,8.41,81,1,preventive plan,7,OHE_TEST_KIT,TRACTION_ISOLATION,REVIEW,TRUE
REQ04275,JOB04275,TRD,SEC_KAR_KHA,26-03-2026,19.55,20.58,63,4,overdue defect,5,LIFTING_UNIT,NONE,SUBMITTED,TRUE
REQ04276,JOB04276,Engineering,SEC_DAD_THA,23-02-2026,7.22,9.48,146,3,preventive plan,4,OHE_TEST_KIT,TRACTION_ISOLATION,REVIEW,TRUE
REQ04277,JOB04277,Engineering,SEC_THA_KAL,06-03-2026,18.33,20.58,145,2,preventive plan,3,SIGNAL_TEST_SET,SIGNAL_TEST_DEPENDENCY,SUBMITTED,TRUE
REQ04278,JOB04278,TRD,SEC_MUM_DAD,31-01-2026,14.39,16.37,118,1,preventive plan,5,SIGNAL_TEST_SET,NONE,APPROVED,TRUE
REQ04279,JOB04279,S&T,SEC_KAL_KAR,22-03-2026,14.53,15.26,33,4,safety correction,7,HAND_TOOLS,NONE,APPROVED,TRUE
REQ04280,JOB04280,S&T,SEC_THA_KAL,19-03-2026,15.47,18.02,135,2,coordination opportunity,3,OHE_TEST_KIT,NONE,REJECTED,TRUE
REQ04281,JOB04281,TRD,SEC_CHI_SHI,25-01-2026,14.26,15.33,67,4,preventive plan,4,SIGNAL_TEST_SET,SIGNAL_TEST_DEPENDENCY,REVIEW,TRUE
REQ04282,JOB04282,Engineering,SEC_CHI_SHI,05-03-2026,12.31,13.21,50,4,coordination opportunity,8,HAND_TOOLS,SIGNAL_TEST_DEPENDENCY,REVIEW,TRUE
REQ04283,JOB04283,TRD,SEC_KAR_KHA,07-02-2026,11.01,12.56,115,3,coordination opportunity,8,LIFTING_UNIT,TRACTION_ISOLATION,REJECTED,TRUE
REQ04284,JOB04284,TRD,SEC_SHI_PUN,15-01-2026,12.40,13.29,49,1,overdue defect,6,OHE_TEST_KIT,TRACTION_ISOLATION,SUBMITTED,TRUE
REQ04285,JOB04285,TRD,SEC_LON_TAL,15-02-2026,16.27,17.16,49,3,preventive plan,8,OHE_TEST_KIT,NONE,APPROVED,TRUE
REQ04286,JOB04286,Engineering,SEC_KAR_KHA,10-03-2026,18.39,20.58,139,1,overdue defect,10,SIGNAL_TEST_SET,SIGNAL_TEST_DEPENDENCY,REVIEW,TRUE
REQ04287,JOB04287,S&T,SEC_TAL_CHI,10-01-2026,17.26,19.14,108,4,coordination opportunity,6,OHE_TEST_KIT,SIGNAL_TEST_DEPENDENCY,REJECTED,TRUE
REQ04288,JOB04288,Engineering,SEC_CHI_SHI,23-01-2026,15.42,17.37,115,3,overdue defect,10,SIGNAL_TEST_SET,NONE,SUBMITTED,TRUE
REQ04289,JOB04289,TRD,SEC_MUM_DAD,09-03-2026,11.01,13.18,137,1,coordination opportunity,6,SIGNAL_TEST_SET,SIGNAL_TEST_DEPENDENCY,REJECTED,TRUE
REQ04290,JOB04290,Engineering,SEC_TAL_CHI,19-01-2026,19.55,21.24,89,4,coordination opportunity,7,HAND_TOOLS,TRACTION_ISOLATION,SUBMITTED,TRUE
REQ04291,JOB04291,S&T,SEC_THA_KAL,31-01-2026,11.15,12.05,50,1,preventive plan,9,LIFTING_UNIT,TRACTION_ISOLATION,SUBMITTED,TRUE
REQ04292,JOB04292,S&T,SEC_SHI_PUN,12-01-2026,7.51,8.53,62,2,preventive plan,5,OHE_TEST_KIT,TRACTION_ISOLATION,REVIEW,TRUE
REQ04293,JOB04293,TRD,SEC_MUM_DAD,21-01-2026,15.00,16.18,78,3,preventive plan,3,LIFTING_UNIT,NONE,REVIEW,TRUE
REQ04294,JOB04294,Engineering,SEC_THA_KAL,08-02-2026,16.20,17.52,92,4,coordination opportunity,9,OHE_TEST_KIT,NONE,APPROVED,TRUE
REQ04295,JOB04295,TRD,SEC_MUM_DAD,25-02-2026,19.32,20.08,36,1,safety correction,10,HAND_TOOLS,ACCESS_REQUIRED,SUBMITTED,TRUE
REQ04296,JOB04296,S&T,SEC_THA_KAL,09-03-2026,10.59,11.41,42,4,coordination opportunity,5,TAMPER,ACCESS_REQUIRED,SUBMITTED,TRUE
REQ04297,JOB04297,Engineering,SEC_SHI_PUN,05-01-2026,14.43,17.10,147,3,preventive plan,8,TAMPER,NONE,APPROVED,TRUE
REQ04298,JOB04298,Engineering,SEC_LON_TAL,14-01-2026,12.43,14.45,122,2,overdue defect,5,OHE_TEST_KIT,ACCESS_REQUIRED,REVIEW,TRUE
REQ04299,JOB04299,TRD,SEC_LON_TAL,10-01-2026,18.06,19.01,55,1,overdue defect,9,OHE_TEST_KIT,ACCESS_REQUIRED,APPROVED,TRUE
REQ04300,JOB04300,S&T,SEC_TAL_CHI,27-01-2026,15.01,15.49,48,3,safety correction,3,SIGNAL_TEST_SET,SIGNAL_TEST_DEPENDENCY,REVIEW,TRUE
REQ04301,JOB04301,S&T,SEC_THA_KAL,14-03-2026,8.40,10.05,85,2,safety correction,7,LIFTING_UNIT,TRACTION_ISOLATION,REJECTED,TRUE
REQ04302,JOB04302,TRD,SEC_MUM_DAD,27-03-2026,12.31,14.10,99,4,preventive plan,3,HAND_TOOLS,NONE,REJECTED,TRUE
REQ04303,JOB04303,S&T,SEC_TAL_CHI,17-02-2026,10.13,12.37,144,2,safety correction,7,OHE_TEST_KIT,TRACTION_ISOLATION,SUBMITTED,TRUE
REQ04304,JOB04304,S&T,SEC_CHI_SHI,23-01-2026,18.39,20.00,81,3,overdue defect,3,LIFTING_UNIT,SIGNAL_TEST_DEPENDENCY,REJECTED,TRUE
REQ04305,JOB04305,Engineering,SEC_MUM_DAD,13-01-2026,6.10,7.13,63,2,safety correction,10,TAMPER,NONE,APPROVED,TRUE
REQ04306,JOB04306,S&T,SEC_KHA_LON,01-03-2026,10.33,11.08,35,1,coordination opportunity,6,LIFTING_UNIT,TRACTION_ISOLATION,REJECTED,TRUE
REQ04307,JOB04307,Engineering,SEC_DAD_THA,24-03-2026,12.31,13.41,70,1,overdue defect,6,HAND_TOOLS,NONE,SUBMITTED,TRUE
REQ04308,JOB04308,S&T,SEC_TAL_CHI,12-02-2026,18.27,19.05,38,2,coordination opportunity,7,HAND_TOOLS,ACCESS_REQUIRED,REVIEW,TRUE
REQ04309,JOB04309,S&T,SEC_TAL_CHI,22-02-2026,19.33,20.05,32,3,coordination opportunity,5,HAND_TOOLS,ACCESS_REQUIRED,REVIEW,TRUE
REQ04310,JOB04310,TRD,SEC_SHI_PUN,24-01-2026,16.07,18.22,135,1,coordination opportunity,5,TAMPER,ACCESS_REQUIRED,APPROVED,TRUE
REQ04311,JOB04311,TRD,SEC_TAL_CHI,06-03-2026,12.52,15.08,136,1,coordination opportunity,9,OHE_TEST_KIT,ACCESS_REQUIRED,REJECTED,TRUE
REQ04312,JOB04312,TRD,SEC_MUM_DAD,22-02-2026,11.37,12.28,51,2,overdue defect,3,LIFTING_UNIT,NONE,APPROVED,TRUE
REQ04313,JOB04313,S&T,SEC_MUM_DAD,06-03-2026,11.19,12.03,44,2,safety correction,10,HAND_TOOLS,NONE,REVIEW,TRUE
REQ04314,JOB04314,TRD,SEC_KHA_LON,19-03-2026,19.18,20.07,49,3,safety correction,7,OHE_TEST_KIT,SIGNAL_TEST_DEPENDENCY,REVIEW,TRUE
REQ04315,JOB04315,TRD,SEC_THA_KAL,09-01-2026,6.09,7.34,85,3,overdue defect,3,SIGNAL_TEST_SET,ACCESS_REQUIRED,REJECTED,TRUE
REQ04316,JOB04316,TRD,SEC_LON_TAL,19-02-2026,15.46,17.51,125,1,preventive plan,5,TAMPER,SIGNAL_TEST_DEPENDENCY,SUBMITTED,TRUE
REQ04317,JOB04317,TRD,SEC_CHI_SHI,09-01-2026,6.11,7.13,62,1,coordination opportunity,10,HAND_TOOLS,TRACTION_ISOLATION,APPROVED,TRUE
REQ04318,JOB04318,S&T,SEC_TAL_CHI,23-03-2026,19.14,20.11,57,1,coordination opportunity,5,OHE_TEST_KIT,NONE,REVIEW,TRUE
REQ04319,JOB04319,S&T,SEC_LON_TAL,03-01-2026,12.44,13.22,38,3,coordination opportunity,3,LIFTING_UNIT,SIGNAL_TEST_DEPENDENCY,REVIEW,TRUE
REQ04320,JOB04320,Engineering,SEC_SHI_PUN,09-03-2026,17.57,19.38,101,3,overdue defect,6,OHE_TEST_KIT,SIGNAL_TEST_DEPENDENCY,REVIEW,TRUE
REQ04321,JOB04321,Engineering,SEC_DAD_THA,24-01-2026,16.14,18.16,122,2,preventive plan,6,TAMPER,TRACTION_ISOLATION,REJECTED,TRUE
REQ04322,JOB04322,Engineering,SEC_KAR_KHA,08-03-2026,13.03,14.03,60,3,preventive plan,3,TAMPER,TRACTION_ISOLATION,SUBMITTED,TRUE
REQ04323,JOB04323,Engineering,SEC_KAR_KHA,07-02-2026,14.49,16.55,126,3,safety correction,9,LIFTING_UNIT,SIGNAL_TEST_DEPENDENCY,APPROVED,TRUE
REQ04324,JOB04324,S&T,SEC_KAL_KAR,24-02-2026,10.55,12.53,118,1,overdue defect,9,HAND_TOOLS,SIGNAL_TEST_DEPENDENCY,REJECTED,TRUE
REQ04325,JOB04325,S&T,SEC_KAL_KAR,01-01-2026,12.01,12.45,44,4,coordination opportunity,4,SIGNAL_TEST_SET,ACCESS_REQUIRED,REVIEW,TRUE
REQ04326,JOB04326,S&T,SEC_CHI_SHI,19-01-2026,19.48,21.00,72,2,preventive plan,4,OHE_TEST_KIT,NONE,REJECTED,TRUE
REQ04327,JOB04327,S&T,SEC_SHI_PUN,20-01-2026,8.38,10.15,97,2,coordination opportunity,4,HAND_TOOLS,ACCESS_REQUIRED,REJECTED,TRUE
REQ04328,JOB04328,TRD,SEC_MUM_DAD,25-01-2026,18.20,19.53,93,3,overdue defect,6,LIFTING_UNIT,TRACTION_ISOLATION,SUBMITTED,TRUE
REQ04329,JOB04329,TRD,SEC_TAL_CHI,18-02-2026,19.02,20.10,68,1,coordination opportunity,10,HAND_TOOLS,SIGNAL_TEST_DEPENDENCY,REVIEW,TRUE
REQ04330,JOB04330,TRD,SEC_THA_KAL,23-03-2026,14.02,14.39,37,3,safety correction,10,LIFTING_UNIT,SIGNAL_TEST_DEPENDENCY,APPROVED,TRUE
REQ04331,JOB04331,TRD,SEC_KAR_KHA,17-02-2026,18.47,20.35,108,3,overdue defect,9,LIFTING_UNIT,TRACTION_ISOLATION,APPROVED,TRUE
REQ04332,JOB04332,Engineering,SEC_SHI_PUN,10-03-2026,16.00,18.02,122,4,safety correction,10,SIGNAL_TEST_SET,TRACTION_ISOLATION,SUBMITTED,TRUE
REQ04333,JOB04333,Engineering,SEC_TAL_CHI,07-01-2026,18.09,19.25,76,4,coordination opportunity,9,SIGNAL_TEST_SET,SIGNAL_TEST_DEPENDENCY,APPROVED,TRUE
REQ04334,JOB04334,TRD,SEC_TAL_CHI,17-01-2026,14.21,15.38,77,4,preventive plan,8,HAND_TOOLS,NONE,APPROVED,TRUE
REQ04335,JOB04335,S&T,SEC_DAD_THA,24-01-2026,11.03,11.58,55,1,safety correction,7,OHE_TEST_KIT,ACCESS_REQUIRED,REVIEW,TRUE
REQ04336,JOB04336,TRD,SEC_DAD_THA,25-01-2026,14.02,16.21,139,4,safety correction,6,LIFTING_UNIT,TRACTION_ISOLATION,REVIEW,TRUE
REQ04337,JOB04337,TRD,SEC_KHA_LON,23-03-2026,11.18,13.44,146,1,coordination opportunity,6,SIGNAL_TEST_SET,TRACTION_ISOLATION,REVIEW,TRUE
REQ04338,JOB04338,TRD,SEC_TAL_CHI,13-01-2026,7.12,8.02,50,4,preventive plan,10,TAMPER,NONE,REVIEW,TRUE
REQ04339,JOB04339,Engineering,SEC_LON_TAL,08-02-2026,12.31,14.53,142,4,coordination opportunity,10,SIGNAL_TEST_SET,TRACTION_ISOLATION,APPROVED,TRUE
REQ04340,JOB04340,S&T,SEC_KHA_LON,03-01-2026,12.43,13.38,55,2,coordination opportunity,6,LIFTING_UNIT,TRACTION_ISOLATION,REJECTED,TRUE
REQ04341,JOB04341,TRD,SEC_KAR_KHA,02-03-2026,6.21,6.59,38,4,overdue defect,4,OHE_TEST_KIT,SIGNAL_TEST_DEPENDENCY,REJECTED,TRUE
REQ04342,JOB04342,S&T,SEC_TAL_CHI,23-02-2026,14.11,15.50,99,3,preventive plan,10,HAND_TOOLS,NONE,APPROVED,TRUE
REQ04343,JOB04343,Engineering,SEC_TAL_CHI,21-02-2026,8.50,11.15,145,3,coordination opportunity,5,TAMPER,NONE,SUBMITTED,TRUE
REQ04344,JOB04344,S&T,SEC_LON_TAL,01-01-2026,9.44,11.04,80,3,preventive plan,5,OHE_TEST_KIT,NONE,REVIEW,TRUE
REQ04345,JOB04345,TRD,SEC_KHA_LON,04-03-2026,9.58,10.31,33,3,coordination opportunity,3,LIFTING_UNIT,ACCESS_REQUIRED,REJECTED,TRUE
REQ04346,JOB04346,TRD,SEC_KAL_KAR,02-02-2026,15.03,15.43,40,3,overdue defect,9,SIGNAL_TEST_SET,ACCESS_REQUIRED,SUBMITTED,TRUE
REQ04347,JOB04347,Engineering,SEC_SHI_PUN,04-01-2026,11.44,12.48,64,3,safety correction,10,SIGNAL_TEST_SET,TRACTION_ISOLATION,APPROVED,TRUE
REQ04348,JOB04348,Engineering,SEC_KHA_LON,21-01-2026,9.31,10.40,69,3,preventive plan,9,OHE_TEST_KIT,ACCESS_REQUIRED,APPROVED,TRUE
REQ04349,JOB04349,Engineering,SEC_KAL_KAR,14-03-2026,12.24,14.51,147,2,coordination opportunity,10,LIFTING_UNIT,SIGNAL_TEST_DEPENDENCY,REVIEW,TRUE
REQ04350,JOB04350,Engineering,SEC_SHI_PUN,10-01-2026,11.19,12.12,53,1,coordination opportunity,10,LIFTING_UNIT,TRACTION_ISOLATION,APPROVED,TRUE
REQ04351,JOB04351,Engineering,SEC_SHI_PUN,01-01-2026,6.43,8.30,107,4,coordination opportunity,4,HAND_TOOLS,NONE,REVIEW,TRUE
REQ04352,JOB04352,TRD,SEC_TAL_CHI,02-02-2026,7.22,8.57,95,1,coordination opportunity,6,SIGNAL_TEST_SET,TRACTION_ISOLATION,REJECTED,TRUE
REQ04353,JOB04353,Engineering,SEC_SHI_PUN,29-03-2026,17.51,18.48,57,1,coordination opportunity,7,TAMPER,ACCESS_REQUIRED,SUBMITTED,TRUE
REQ04354,JOB04354,Engineering,SEC_KHA_LON,22-03-2026,6.09,7.30,81,3,coordination opportunity,8,SIGNAL_TEST_SET,ACCESS_REQUIRED,APPROVED,TRUE
REQ04355,JOB04355,S&T,SEC_SHI_PUN,15-01-2026,13.37,15.00,83,1,coordination opportunity,10,HAND_TOOLS,TRACTION_ISOLATION,REVIEW,TRUE
REQ04356,JOB04356,Engineering,SEC_CHI_SHI,18-01-2026,19.51,22.17,146,3,coordination opportunity,9,SIGNAL_TEST_SET,ACCESS_REQUIRED,SUBMITTED,TRUE
REQ04357,JOB04357,Engineering,SEC_TAL_CHI,15-03-2026,10.53,12.37,104,3,overdue defect,7,OHE_TEST_KIT,NONE,APPROVED,TRUE
REQ04358,JOB04358,Engineering,SEC_CHI_SHI,12-02-2026,9.48,11.50,122,2,preventive plan,7,HAND_TOOLS,SIGNAL_TEST_DEPENDENCY,SUBMITTED,TRUE
REQ04359,JOB04359,Engineering,SEC_KHA_LON,13-03-2026,15.31,16.58,87,2,overdue defect,7,LIFTING_UNIT,NONE,SUBMITTED,TRUE
REQ04360,JOB04360,TRD,SEC_DAD_THA,22-03-2026,9.28,10.15,47,3,preventive plan,4,HAND_TOOLS,TRACTION_ISOLATION,REJECTED,TRUE
REQ04361,JOB04361,Engineering,SEC_SHI_PUN,16-01-2026,14.46,16.00,74,1,preventive plan,3,SIGNAL_TEST_SET,SIGNAL_TEST_DEPENDENCY,REJECTED,TRUE
REQ04362,JOB04362,Engineering,SEC_CHI_SHI,13-03-2026,18.25,19.55,90,3,coordination opportunity,10,LIFTING_UNIT,NONE,APPROVED,TRUE
REQ04363,JOB04363,TRD,SEC_DAD_THA,14-02-2026,11.29,13.19,110,1,safety correction,10,HAND_TOOLS,NONE,REVIEW,TRUE
REQ04364,JOB04364,TRD,SEC_KHA_LON,26-01-2026,6.09,7.56,107,3,coordination opportunity,9,SIGNAL_TEST_SET,TRACTION_ISOLATION,REJECTED,TRUE
REQ04365,JOB04365,S&T,SEC_CHI_SHI,31-01-2026,13.23,15.42,139,1,coordination opportunity,7,HAND_TOOLS,ACCESS_REQUIRED,APPROVED,TRUE
REQ04366,JOB04366,Engineering,SEC_THA_KAL,27-03-2026,16.33,17.54,81,1,preventive plan,9,TAMPER,ACCESS_REQUIRED,SUBMITTED,TRUE
REQ04367,JOB04367,S&T,SEC_THA_KAL,29-03-2026,7.30,8.25,55,3,preventive plan,3,LIFTING_UNIT,SIGNAL_TEST_DEPENDENCY,REJECTED,TRUE
REQ04368,JOB04368,Engineering,SEC_KAR_KHA,17-01-2026,13.34,14.49,75,1,preventive plan,5,SIGNAL_TEST_SET,ACCESS_REQUIRED,REJECTED,TRUE
REQ04369,JOB04369,S&T,SEC_SHI_PUN,30-03-2026,8.26,9.06,40,2,preventive plan,9,TAMPER,NONE,REVIEW,TRUE
REQ04370,JOB04370,S&T,SEC_TAL_CHI,20-01-2026,14.15,15.26,71,3,preventive plan,9,TAMPER,TRACTION_ISOLATION,SUBMITTED,TRUE
REQ04371,JOB04371,Engineering,SEC_KHA_LON,31-03-2026,11.52,13.13,81,4,coordination opportunity,6,TAMPER,ACCESS_REQUIRED,REJECTED,TRUE
REQ04372,JOB04372,Engineering,SEC_KHA_LON,21-02-2026,12.16,14.25,129,4,preventive plan,7,SIGNAL_TEST_SET,TRACTION_ISOLATION,REVIEW,TRUE
REQ04373,JOB04373,S&T,SEC_KHA_LON,19-02-2026,19.57,20.56,59,4,safety correction,4,SIGNAL_TEST_SET,ACCESS_REQUIRED,APPROVED,TRUE
REQ04374,JOB04374,Engineering,SEC_LON_TAL,20-02-2026,9.53,11.46,113,4,overdue defect,6,TAMPER,SIGNAL_TEST_DEPENDENCY,REVIEW,TRUE
REQ04375,JOB04375,TRD,SEC_THA_KAL,12-02-2026,19.41,20.43,62,1,safety correction,7,HAND_TOOLS,TRACTION_ISOLATION,SUBMITTED,TRUE
REQ04376,JOB04376,TRD,SEC_DAD_THA,15-02-2026,14.21,16.20,119,1,safety correction,10,LIFTING_UNIT,NONE,REJECTED,TRUE
REQ04377,JOB04377,Engineering,SEC_MUM_DAD,21-03-2026,11.44,13.13,89,4,preventive plan,8,TAMPER,TRACTION_ISOLATION,APPROVED,TRUE
REQ04378,JOB04378,Engineering,SEC_TAL_CHI,22-01-2026,16.44,18.19,95,1,preventive plan,3,SIGNAL_TEST_SET,TRACTION_ISOLATION,REJECTED,TRUE
REQ04379,JOB04379,S&T,SEC_KAL_KAR,23-02-2026,16.48,17.52,64,1,preventive plan,10,OHE_TEST_KIT,ACCESS_REQUIRED,APPROVED,TRUE
REQ04380,JOB04380,Engineering,SEC_KAR_KHA,13-03-2026,12.56,14.32,96,1,preventive plan,5,SIGNAL_TEST_SET,NONE,APPROVED,TRUE
REQ04381,JOB04381,Engineering,SEC_KAR_KHA,25-03-2026,12.04,14.29,145,4,preventive plan,8,HAND_TOOLS,TRACTION_ISOLATION,REJECTED,TRUE
REQ04382,JOB04382,S&T,SEC_KAR_KHA,14-01-2026,7.49,10.03,134,3,overdue defect,10,SIGNAL_TEST_SET,TRACTION_ISOLATION,SUBMITTED,TRUE
REQ04383,JOB04383,S&T,SEC_CHI_SHI,07-02-2026,11.50,14.06,136,3,overdue defect,5,SIGNAL_TEST_SET,SIGNAL_TEST_DEPENDENCY,APPROVED,TRUE
REQ04384,JOB04384,Engineering,SEC_KHA_LON,04-02-2026,11.19,12.21,62,3,coordination opportunity,10,OHE_TEST_KIT,TRACTION_ISOLATION,REVIEW,TRUE
REQ04385,JOB04385,Engineering,SEC_KAR_KHA,23-01-2026,12.03,14.21,138,3,safety correction,10,HAND_TOOLS,NONE,REJECTED,TRUE
REQ04386,JOB04386,Engineering,SEC_TAL_CHI,21-03-2026,15.37,17.15,98,2,overdue defect,7,LIFTING_UNIT,ACCESS_REQUIRED,REJECTED,TRUE
REQ04387,JOB04387,Engineering,SEC_KAL_KAR,05-02-2026,14.12,15.00,48,1,coordination opportunity,9,HAND_TOOLS,ACCESS_REQUIRED,REVIEW,TRUE
REQ04388,JOB04388,S&T,SEC_SHI_PUN,08-03-2026,18.42,20.05,83,2,safety correction,4,OHE_TEST_KIT,NONE,REVIEW,TRUE
REQ04389,JOB04389,TRD,SEC_KAR_KHA,23-02-2026,16.31,17.03,32,4,safety correction,5,SIGNAL_TEST_SET,TRACTION_ISOLATION,REJECTED,TRUE
REQ04390,JOB04390,S&T,SEC_KAL_KAR,09-02-2026,11.15,12.50,95,1,safety correction,3,HAND_TOOLS,SIGNAL_TEST_DEPENDENCY,APPROVED,TRUE
REQ04391,JOB04391,Engineering,SEC_KAR_KHA,21-01-2026,19.44,20.35,51,3,coordination opportunity,4,SIGNAL_TEST_SET,SIGNAL_TEST_DEPENDENCY,REJECTED,TRUE
REQ04392,JOB04392,S&T,SEC_CHI_SHI,07-03-2026,12.55,14.24,89,4,preventive plan,9,OHE_TEST_KIT,SIGNAL_TEST_DEPENDENCY,REJECTED,TRUE
REQ04393,JOB04393,Engineering,SEC_KHA_LON,13-03-2026,10.51,12.11,80,3,preventive plan,10,HAND_TOOLS,TRACTION_ISOLATION,SUBMITTED,TRUE
REQ04394,JOB04394,TRD,SEC_KHA_LON,10-02-2026,11.05,11.55,50,1,coordination opportunity,3,SIGNAL_TEST_SET,NONE,REJECTED,TRUE
REQ04395,JOB04395,Engineering,SEC_DAD_THA,31-03-2026,14.33,16.31,118,4,overdue defect,8,TAMPER,ACCESS_REQUIRED,REJECTED,TRUE
REQ04396,JOB04396,S&T,SEC_KAL_KAR,27-03-2026,19.48,21.11,83,2,safety correction,8,LIFTING_UNIT,ACCESS_REQUIRED,REJECTED,TRUE
REQ04397,JOB04397,S&T,SEC_LON_TAL,02-02-2026,9.31,12.00,149,4,coordination opportunity,9,SIGNAL_TEST_SET,ACCESS_REQUIRED,SUBMITTED,TRUE
REQ04398,JOB04398,S&T,SEC_THA_KAL,05-02-2026,19.47,21.19,92,3,preventive plan,10,LIFTING_UNIT,ACCESS_REQUIRED,REJECTED,TRUE
REQ04399,JOB04399,TRD,SEC_THA_KAL,14-01-2026,16.31,18.52,141,1,preventive plan,5,SIGNAL_TEST_SET,ACCESS_REQUIRED,APPROVED,TRUE
REQ04400,JOB04400,S&T,SEC_LON_TAL,12-02-2026,15.12,15.53,41,2,coordination opportunity,7,SIGNAL_TEST_SET,SIGNAL_TEST_DEPENDENCY,REJECTED,TRUE
REQ04401,JOB04401,TRD,SEC_KHA_LON,02-02-2026,10.50,12.21,91,4,safety correction,10,OHE_TEST_KIT,ACCESS_REQUIRED,APPROVED,TRUE
REQ04402,JOB04402,Engineering,SEC_KAR_KHA,02-01-2026,18.41,19.23,42,2,preventive plan,3,HAND_TOOLS,SIGNAL_TEST_DEPENDENCY,REVIEW,TRUE
REQ04403,JOB04403,S&T,SEC_DAD_THA,30-01-2026,7.14,7.54,40,4,safety correction,6,OHE_TEST_KIT,ACCESS_REQUIRED,SUBMITTED,TRUE
REQ04404,JOB04404,S&T,SEC_TAL_CHI,10-01-2026,18.14,18.52,38,2,overdue defect,6,TAMPER,SIGNAL_TEST_DEPENDENCY,REJECTED,TRUE
REQ04405,JOB04405,S&T,SEC_KAL_KAR,02-01-2026,9.55,11.21,86,2,overdue defect,9,TAMPER,NONE,REVIEW,TRUE
REQ04406,JOB04406,TRD,SEC_KAR_KHA,03-01-2026,12.19,13.07,48,4,coordination opportunity,8,SIGNAL_TEST_SET,NONE,SUBMITTED,TRUE
REQ04407,JOB04407,TRD,SEC_THA_KAL,13-02-2026,10.02,10.42,40,3,safety correction,5,LIFTING_UNIT,ACCESS_REQUIRED,APPROVED,TRUE
REQ04408,JOB04408,S&T,SEC_DAD_THA,14-01-2026,12.34,14.17,103,4,overdue defect,9,HAND_TOOLS,SIGNAL_TEST_DEPENDENCY,SUBMITTED,TRUE
REQ04409,JOB04409,Engineering,SEC_MUM_DAD,29-03-2026,18.25,20.35,130,4,preventive plan,5,LIFTING_UNIT,NONE,APPROVED,TRUE
REQ04410,JOB04410,Engineering,SEC_CHI_SHI,22-03-2026,14.35,16.41,126,3,coordination opportunity,7,HAND_TOOLS,ACCESS_REQUIRED,REVIEW,TRUE
REQ04411,JOB04411,Engineering,SEC_SHI_PUN,19-03-2026,14.19,15.28,69,2,overdue defect,9,TAMPER,NONE,REJECTED,TRUE
REQ04412,JOB04412,Engineering,SEC_SHI_PUN,12-02-2026,10.08,11.07,59,4,coordination opportunity,7,LIFTING_UNIT,ACCESS_REQUIRED,REJECTED,TRUE
REQ04413,JOB04413,Engineering,SEC_MUM_DAD,25-03-2026,11.49,14.07,138,2,overdue defect,3,LIFTING_UNIT,SIGNAL_TEST_DEPENDENCY,SUBMITTED,TRUE
REQ04414,JOB04414,S&T,SEC_KHA_LON,25-03-2026,7.28,9.00,92,1,overdue defect,10,SIGNAL_TEST_SET,ACCESS_REQUIRED,SUBMITTED,TRUE
REQ04415,JOB04415,TRD,SEC_SHI_PUN,12-03-2026,17.12,17.54,42,3,preventive plan,8,HAND_TOOLS,TRACTION_ISOLATION,REJECTED,TRUE
REQ04416,JOB04416,TRD,SEC_KAR_KHA,12-03-2026,10.31,11.19,48,4,overdue defect,5,LIFTING_UNIT,SIGNAL_TEST_DEPENDENCY,REVIEW,TRUE
REQ04417,JOB04417,S&T,SEC_THA_KAL,28-03-2026,9.34,11.46,132,3,preventive plan,3,HAND_TOOLS,NONE,REJECTED,TRUE
REQ04418,JOB04418,Engineering,SEC_DAD_THA,26-02-2026,12.43,13.37,54,2,safety correction,3,OHE_TEST_KIT,NONE,APPROVED,TRUE
REQ04419,JOB04419,TRD,SEC_SHI_PUN,14-02-2026,19.01,21.31,150,4,overdue defect,9,HAND_TOOLS,TRACTION_ISOLATION,SUBMITTED,TRUE
REQ04420,JOB04420,Engineering,SEC_THA_KAL,20-03-2026,19.00,21.00,120,4,preventive plan,6,LIFTING_UNIT,TRACTION_ISOLATION,REJECTED,TRUE
REQ04421,JOB04421,TRD,SEC_TAL_CHI,13-01-2026,11.58,13.25,87,3,coordination opportunity,8,OHE_TEST_KIT,TRACTION_ISOLATION,APPROVED,TRUE
REQ04422,JOB04422,TRD,SEC_SHI_PUN,08-02-2026,17.13,18.51,98,1,coordination opportunity,3,HAND_TOOLS,NONE,APPROVED,TRUE
REQ04423,JOB04423,TRD,SEC_KHA_LON,16-03-2026,6.26,7.00,34,2,coordination opportunity,7,TAMPER,ACCESS_REQUIRED,APPROVED,TRUE
REQ04424,JOB04424,Engineering,SEC_SHI_PUN,10-01-2026,16.26,18.53,147,2,overdue defect,10,TAMPER,ACCESS_REQUIRED,REVIEW,TRUE
REQ04425,JOB04425,TRD,SEC_CHI_SHI,06-02-2026,14.16,15.44,88,4,preventive plan,6,TAMPER,NONE,REVIEW,TRUE
REQ04426,JOB04426,TRD,SEC_CHI_SHI,28-03-2026,14.31,15.15,44,4,preventive plan,4,SIGNAL_TEST_SET,ACCESS_REQUIRED,REJECTED,TRUE
REQ04427,JOB04427,Engineering,SEC_SHI_PUN,02-03-2026,17.46,19.04,78,1,preventive plan,8,SIGNAL_TEST_SET,ACCESS_REQUIRED,SUBMITTED,TRUE
REQ04428,JOB04428,S&T,SEC_THA_KAL,19-01-2026,6.46,8.27,101,1,preventive plan,10,LIFTING_UNIT,SIGNAL_TEST_DEPENDENCY,APPROVED,TRUE
REQ04429,JOB04429,Engineering,SEC_THA_KAL,04-03-2026,11.34,13.14,100,1,preventive plan,8,LIFTING_UNIT,NONE,REJECTED,TRUE
REQ04430,JOB04430,TRD,SEC_THA_KAL,05-03-2026,16.13,17.04,51,3,safety correction,7,SIGNAL_TEST_SET,TRACTION_ISOLATION,REVIEW,TRUE
REQ04431,JOB04431,TRD,SEC_CHI_SHI,07-03-2026,11.59,13.38,99,1,overdue defect,6,SIGNAL_TEST_SET,ACCESS_REQUIRED,APPROVED,TRUE
REQ04432,JOB04432,TRD,SEC_LON_TAL,04-03-2026,16.32,17.29,57,2,overdue defect,6,HAND_TOOLS,ACCESS_REQUIRED,REJECTED,TRUE
REQ04433,JOB04433,S&T,SEC_LON_TAL,10-02-2026,11.50,14.04,134,2,coordination opportunity,9,TAMPER,TRACTION_ISOLATION,REVIEW,TRUE
REQ04434,JOB04434,TRD,SEC_MUM_DAD,15-03-2026,17.30,19.01,91,2,overdue defect,7,HAND_TOOLS,SIGNAL_TEST_DEPENDENCY,APPROVED,TRUE
REQ04435,JOB04435,Engineering,SEC_TAL_CHI,28-02-2026,6.41,8.04,83,3,preventive plan,9,HAND_TOOLS,ACCESS_REQUIRED,REJECTED,TRUE
REQ04436,JOB04436,S&T,SEC_KHA_LON,08-01-2026,9.49,10.27,38,1,overdue defect,5,TAMPER,SIGNAL_TEST_DEPENDENCY,REJECTED,TRUE
REQ04437,JOB04437,S&T,SEC_SHI_PUN,05-03-2026,17.57,18.28,31,3,safety correction,10,HAND_TOOLS,SIGNAL_TEST_DEPENDENCY,SUBMITTED,TRUE
REQ04438,JOB04438,TRD,SEC_SHI_PUN,07-03-2026,15.41,18.01,140,1,safety correction,3,TAMPER,NONE,APPROVED,TRUE
REQ04439,JOB04439,TRD,SEC_LON_TAL,11-01-2026,15.19,15.49,30,2,coordination opportunity,4,LIFTING_UNIT,SIGNAL_TEST_DEPENDENCY,SUBMITTED,TRUE
REQ04440,JOB04440,Engineering,SEC_LON_TAL,02-01-2026,17.28,18.50,82,3,coordination opportunity,8,LIFTING_UNIT,ACCESS_REQUIRED,APPROVED,TRUE
REQ04441,JOB04441,S&T,SEC_DAD_THA,25-02-2026,19.29,21.05,96,4,safety correction,9,SIGNAL_TEST_SET,NONE,SUBMITTED,TRUE
REQ04442,JOB04442,S&T,SEC_KAR_KHA,04-02-2026,18.47,19.44,57,3,overdue defect,5,SIGNAL_TEST_SET,NONE,APPROVED,TRUE
REQ04443,JOB04443,Engineering,SEC_LON_TAL,27-02-2026,13.11,14.39,88,2,preventive plan,5,SIGNAL_TEST_SET,TRACTION_ISOLATION,REVIEW,TRUE
REQ04444,JOB04444,Engineering,SEC_KAL_KAR,15-03-2026,18.28,19.13,45,3,coordination opportunity,9,HAND_TOOLS,SIGNAL_TEST_DEPENDENCY,APPROVED,TRUE
REQ04445,JOB04445,Engineering,SEC_DAD_THA,13-02-2026,6.09,8.11,122,3,safety correction,8,SIGNAL_TEST_SET,SIGNAL_TEST_DEPENDENCY,APPROVED,TRUE
REQ04446,JOB04446,S&T,SEC_TAL_CHI,02-03-2026,10.53,12.22,89,3,overdue defect,9,OHE_TEST_KIT,SIGNAL_TEST_DEPENDENCY,REVIEW,TRUE
REQ04447,JOB04447,S&T,SEC_KHA_LON,25-03-2026,9.30,10.31,61,1,safety correction,9,TAMPER,ACCESS_REQUIRED,SUBMITTED,TRUE
REQ04448,JOB04448,TRD,SEC_KAL_KAR,21-03-2026,18.28,20.35,127,4,overdue defect,5,TAMPER,SIGNAL_TEST_DEPENDENCY,APPROVED,TRUE
REQ04449,JOB04449,TRD,SEC_KAL_KAR,06-02-2026,12.18,13.45,87,2,coordination opportunity,6,TAMPER,NONE,SUBMITTED,TRUE
REQ04450,JOB04450,S&T,SEC_KAL_KAR,19-01-2026,13.02,14.30,88,1,preventive plan,4,SIGNAL_TEST_SET,SIGNAL_TEST_DEPENDENCY,APPROVED,TRUE
REQ04451,JOB04451,TRD,SEC_KAR_KHA,08-01-2026,11.48,14.11,143,2,safety correction,4,OHE_TEST_KIT,ACCESS_REQUIRED,REVIEW,TRUE
REQ04452,JOB04452,Engineering,SEC_LON_TAL,16-02-2026,19.14,20.47,93,2,overdue defect,6,HAND_TOOLS,NONE,SUBMITTED,TRUE
REQ04453,JOB04453,TRD,SEC_KAL_KAR,04-01-2026,8.29,9.11,42,1,safety correction,7,TAMPER,SIGNAL_TEST_DEPENDENCY,REJECTED,TRUE
REQ04454,JOB04454,TRD,SEC_TAL_CHI,19-01-2026,18.14,20.24,130,3,preventive plan,5,TAMPER,SIGNAL_TEST_DEPENDENCY,REJECTED,TRUE
REQ04455,JOB04455,S&T,SEC_TAL_CHI,27-03-2026,19.15,21.34,139,3,overdue defect,3,HAND_TOOLS,TRACTION_ISOLATION,APPROVED,TRUE
REQ04456,JOB04456,S&T,SEC_TAL_CHI,04-02-2026,9.16,10.49,93,2,coordination opportunity,9,OHE_TEST_KIT,NONE,REJECTED,TRUE
REQ04457,JOB04457,TRD,SEC_DAD_THA,09-03-2026,10.22,11.43,81,1,overdue defect,8,SIGNAL_TEST_SET,NONE,REJECTED,TRUE
REQ04458,JOB04458,Engineering,SEC_CHI_SHI,12-03-2026,6.21,7.59,98,1,overdue defect,5,LIFTING_UNIT,TRACTION_ISOLATION,REJECTED,TRUE
REQ04459,JOB04459,TRD,SEC_TAL_CHI,11-03-2026,12.28,13.48,80,4,safety correction,4,LIFTING_UNIT,SIGNAL_TEST_DEPENDENCY,APPROVED,TRUE
REQ04460,JOB04460,S&T,SEC_DAD_THA,22-01-2026,9.44,11.10,86,4,coordination opportunity,6,LIFTING_UNIT,NONE,REJECTED,TRUE
REQ04461,JOB04461,Engineering,SEC_SHI_PUN,30-01-2026,16.03,17.46,103,1,overdue defect,9,LIFTING_UNIT,NONE,REJECTED,TRUE
REQ04462,JOB04462,TRD,SEC_KHA_LON,12-02-2026,7.16,8.32,76,4,overdue defect,3,LIFTING_UNIT,TRACTION_ISOLATION,REJECTED,TRUE
REQ04463,JOB04463,TRD,SEC_LON_TAL,07-02-2026,16.17,17.36,79,2,safety correction,10,LIFTING_UNIT,NONE,SUBMITTED,TRUE
REQ04464,JOB04464,S&T,SEC_THA_KAL,18-03-2026,6.53,8.23,90,1,coordination opportunity,7,HAND_TOOLS,SIGNAL_TEST_DEPENDENCY,REVIEW,TRUE
REQ04465,JOB04465,Engineering,SEC_KAR_KHA,13-01-2026,16.34,19.04,150,3,overdue defect,6,LIFTING_UNIT,ACCESS_REQUIRED,APPROVED,TRUE
REQ04466,JOB04466,TRD,SEC_THA_KAL,04-01-2026,8.47,9.32,45,2,overdue defect,4,LIFTING_UNIT,SIGNAL_TEST_DEPENDENCY,REVIEW,TRUE
REQ04467,JOB04467,Engineering,SEC_KAR_KHA,19-03-2026,7.42,9.12,90,3,overdue defect,7,SIGNAL_TEST_SET,SIGNAL_TEST_DEPENDENCY,APPROVED,TRUE
REQ04468,JOB04468,TRD,SEC_KAR_KHA,03-03-2026,8.42,10.50,128,2,safety correction,10,LIFTING_UNIT,TRACTION_ISOLATION,REVIEW,TRUE
REQ04469,JOB04469,TRD,SEC_KAL_KAR,01-03-2026,11.39,14.06,147,3,preventive plan,5,HAND_TOOLS,SIGNAL_TEST_DEPENDENCY,REVIEW,TRUE
REQ04470,JOB04470,Engineering,SEC_DAD_THA,19-03-2026,9.47,12.01,134,1,safety correction,6,OHE_TEST_KIT,SIGNAL_TEST_DEPENDENCY,REJECTED,TRUE
REQ04471,JOB04471,TRD,SEC_TAL_CHI,15-02-2026,13.53,16.12,139,3,preventive plan,9,OHE_TEST_KIT,ACCESS_REQUIRED,SUBMITTED,TRUE
REQ04472,JOB04472,S&T,SEC_KAL_KAR,07-01-2026,18.11,20.11,120,2,safety correction,6,LIFTING_UNIT,ACCESS_REQUIRED,REVIEW,TRUE
REQ04473,JOB04473,Engineering,SEC_KAR_KHA,12-02-2026,14.38,16.33,115,1,preventive plan,7,SIGNAL_TEST_SET,SIGNAL_TEST_DEPENDENCY,REVIEW,TRUE
REQ04474,JOB04474,TRD,SEC_THA_KAL,16-03-2026,9.35,11.14,99,3,overdue defect,8,LIFTING_UNIT,ACCESS_REQUIRED,REJECTED,TRUE
REQ04475,JOB04475,S&T,SEC_KAL_KAR,15-02-2026,19.03,20.48,105,2,coordination opportunity,5,HAND_TOOLS,NONE,APPROVED,TRUE
REQ04476,JOB04476,S&T,SEC_KHA_LON,20-01-2026,19.33,21.12,99,1,overdue defect,5,OHE_TEST_KIT,NONE,APPROVED,TRUE
REQ04477,JOB04477,S&T,SEC_TAL_CHI,11-01-2026,11.48,12.46,58,4,preventive plan,10,LIFTING_UNIT,NONE,REJECTED,TRUE
REQ04478,JOB04478,Engineering,SEC_TAL_CHI,21-02-2026,18.17,18.57,40,1,safety correction,4,TAMPER,NONE,REJECTED,TRUE
REQ04479,JOB04479,TRD,SEC_LON_TAL,05-01-2026,9.25,11.20,115,4,coordination opportunity,5,HAND_TOOLS,TRACTION_ISOLATION,APPROVED,TRUE
REQ04480,JOB04480,Engineering,SEC_KAR_KHA,11-03-2026,7.21,8.53,92,3,preventive plan,7,SIGNAL_TEST_SET,TRACTION_ISOLATION,REVIEW,TRUE
REQ04481,JOB04481,TRD,SEC_KAL_KAR,19-02-2026,15.14,15.57,43,2,overdue defect,4,HAND_TOOLS,ACCESS_REQUIRED,SUBMITTED,TRUE
REQ04482,JOB04482,S&T,SEC_MUM_DAD,28-03-2026,10.31,11.49,78,3,safety correction,6,TAMPER,TRACTION_ISOLATION,SUBMITTED,TRUE
REQ04483,JOB04483,S&T,SEC_KAL_KAR,11-02-2026,10.21,12.48,147,4,safety correction,4,TAMPER,NONE,APPROVED,TRUE
REQ04484,JOB04484,Engineering,SEC_SHI_PUN,24-01-2026,13.33,14.26,53,4,overdue defect,9,HAND_TOOLS,SIGNAL_TEST_DEPENDENCY,REVIEW,TRUE
REQ04485,JOB04485,S&T,SEC_DAD_THA,12-03-2026,15.39,16.48,69,1,safety correction,8,LIFTING_UNIT,SIGNAL_TEST_DEPENDENCY,REJECTED,TRUE
REQ04486,JOB04486,TRD,SEC_CHI_SHI,12-01-2026,13.46,14.23,37,3,safety correction,4,HAND_TOOLS,TRACTION_ISOLATION,APPROVED,TRUE
REQ04487,JOB04487,S&T,SEC_SHI_PUN,20-02-2026,11.22,13.41,139,2,safety correction,6,SIGNAL_TEST_SET,ACCESS_REQUIRED,APPROVED,TRUE
REQ04488,JOB04488,Engineering,SEC_KAR_KHA,03-03-2026,18.33,20.37,124,3,overdue defect,6,OHE_TEST_KIT,TRACTION_ISOLATION,APPROVED,TRUE
REQ04489,JOB04489,S&T,SEC_LON_TAL,31-03-2026,16.10,17.15,65,1,safety correction,9,OHE_TEST_KIT,NONE,REVIEW,TRUE
REQ04490,JOB04490,Engineering,SEC_LON_TAL,03-03-2026,11.13,11.57,44,3,coordination opportunity,9,SIGNAL_TEST_SET,TRACTION_ISOLATION,APPROVED,TRUE
REQ04491,JOB04491,Engineering,SEC_KAR_KHA,23-02-2026,8.09,9.13,64,4,preventive plan,4,OHE_TEST_KIT,NONE,REJECTED,TRUE
REQ04492,JOB04492,TRD,SEC_MUM_DAD,19-03-2026,18.35,19.08,33,1,safety correction,10,SIGNAL_TEST_SET,NONE,REVIEW,TRUE
REQ04493,JOB04493,TRD,SEC_KHA_LON,20-03-2026,9.33,10.03,30,4,safety correction,9,HAND_TOOLS,TRACTION_ISOLATION,APPROVED,TRUE
REQ04494,JOB04494,TRD,SEC_CHI_SHI,23-02-2026,18.15,18.49,34,4,overdue defect,8,OHE_TEST_KIT,NONE,REVIEW,TRUE
REQ04495,JOB04495,S&T,SEC_KHA_LON,26-01-2026,17.13,18.06,53,3,preventive plan,5,LIFTING_UNIT,SIGNAL_TEST_DEPENDENCY,REVIEW,TRUE
REQ04496,JOB04496,TRD,SEC_LON_TAL,13-01-2026,10.49,11.36,47,3,coordination opportunity,3,HAND_TOOLS,TRACTION_ISOLATION,REJECTED,TRUE
REQ04497,JOB04497,TRD,SEC_KHA_LON,28-01-2026,13.15,15.29,134,3,preventive plan,5,LIFTING_UNIT,ACCESS_REQUIRED,APPROVED,TRUE
REQ04498,JOB04498,Engineering,SEC_KAR_KHA,06-02-2026,16.41,18.33,112,4,preventive plan,10,TAMPER,ACCESS_REQUIRED,APPROVED,TRUE
REQ04499,JOB04499,S&T,SEC_TAL_CHI,23-02-2026,18.06,20.26,140,3,preventive plan,10,OHE_TEST_KIT,SIGNAL_TEST_DEPENDENCY,SUBMITTED,TRUE
REQ04500,JOB04500,TRD,SEC_KAR_KHA,26-01-2026,11.29,13.24,115,3,coordination opportunity,9,HAND_TOOLS,TRACTION_ISOLATION,APPROVED,TRUE
REQ04501,JOB04501,TRD,SEC_KAR_KHA,03-01-2026,9.29,10.46,77,3,overdue defect,6,LIFTING_UNIT,TRACTION_ISOLATION,REJECTED,TRUE
REQ04502,JOB04502,Engineering,SEC_DAD_THA,27-03-2026,19.00,20.36,96,3,overdue defect,4,LIFTING_UNIT,ACCESS_REQUIRED,REVIEW,TRUE
REQ04503,JOB04503,S&T,SEC_MUM_DAD,04-03-2026,15.21,16.18,57,3,overdue defect,10,OHE_TEST_KIT,NONE,REVIEW,TRUE
REQ04504,JOB04504,Engineering,SEC_KAR_KHA,27-03-2026,11.38,12.59,81,2,overdue defect,6,HAND_TOOLS,NONE,SUBMITTED,TRUE
REQ04505,JOB04505,TRD,SEC_CHI_SHI,26-02-2026,13.13,14.20,67,1,overdue defect,4,TAMPER,SIGNAL_TEST_DEPENDENCY,APPROVED,TRUE
REQ04506,JOB04506,Engineering,SEC_KHA_LON,10-01-2026,13.22,14.35,73,4,preventive plan,9,SIGNAL_TEST_SET,ACCESS_REQUIRED,SUBMITTED,TRUE
REQ04507,JOB04507,Engineering,SEC_KAR_KHA,19-02-2026,10.01,12.00,119,3,coordination opportunity,3,TAMPER,TRACTION_ISOLATION,APPROVED,TRUE
REQ04508,JOB04508,Engineering,SEC_SHI_PUN,02-01-2026,8.21,10.32,131,3,overdue defect,9,LIFTING_UNIT,NONE,SUBMITTED,TRUE
REQ04509,JOB04509,TRD,SEC_MUM_DAD,22-01-2026,16.44,18.27,103,2,safety correction,10,OHE_TEST_KIT,ACCESS_REQUIRED,APPROVED,TRUE
REQ04510,JOB04510,TRD,SEC_KHA_LON,25-01-2026,18.22,18.52,30,3,overdue defect,3,LIFTING_UNIT,TRACTION_ISOLATION,APPROVED,TRUE
REQ04511,JOB04511,TRD,SEC_MUM_DAD,12-02-2026,15.49,16.29,40,2,preventive plan,9,OHE_TEST_KIT,ACCESS_REQUIRED,REVIEW,TRUE
REQ04512,JOB04512,Engineering,SEC_CHI_SHI,10-02-2026,12.00,13.37,97,1,overdue defect,5,LIFTING_UNIT,NONE,APPROVED,TRUE
REQ04513,JOB04513,Engineering,SEC_SHI_PUN,02-02-2026,10.30,11.48,78,4,preventive plan,7,HAND_TOOLS,TRACTION_ISOLATION,SUBMITTED,TRUE
REQ04514,JOB04514,S&T,SEC_DAD_THA,15-03-2026,11.43,13.08,85,3,preventive plan,7,HAND_TOOLS,SIGNAL_TEST_DEPENDENCY,REJECTED,TRUE
REQ04515,JOB04515,TRD,SEC_CHI_SHI,06-01-2026,12.28,14.28,120,1,preventive plan,6,LIFTING_UNIT,TRACTION_ISOLATION,REJECTED,TRUE
REQ04516,JOB04516,S&T,SEC_MUM_DAD,09-02-2026,9.33,10.59,86,1,preventive plan,3,LIFTING_UNIT,ACCESS_REQUIRED,REJECTED,TRUE
REQ04517,JOB04517,Engineering,SEC_TAL_CHI,30-01-2026,18.55,21.16,141,4,safety correction,6,HAND_TOOLS,TRACTION_ISOLATION,REVIEW,TRUE
REQ04518,JOB04518,S&T,SEC_DAD_THA,18-03-2026,18.46,20.25,99,1,overdue defect,9,TAMPER,SIGNAL_TEST_DEPENDENCY,REJECTED,TRUE
REQ04519,JOB04519,S&T,SEC_CHI_SHI,08-02-2026,17.53,20.00,127,4,safety correction,8,TAMPER,SIGNAL_TEST_DEPENDENCY,REVIEW,TRUE
REQ04520,JOB04520,S&T,SEC_CHI_SHI,20-03-2026,17.41,18.55,74,2,safety correction,8,TAMPER,TRACTION_ISOLATION,SUBMITTED,TRUE
REQ04521,JOB04521,S&T,SEC_MUM_DAD,17-02-2026,19.15,20.56,101,2,preventive plan,3,SIGNAL_TEST_SET,ACCESS_REQUIRED,APPROVED,TRUE
REQ04522,JOB04522,S&T,SEC_KAL_KAR,14-03-2026,7.15,8.29,74,3,preventive plan,9,HAND_TOOLS,ACCESS_REQUIRED,REVIEW,TRUE
REQ04523,JOB04523,S&T,SEC_THA_KAL,14-01-2026,18.51,19.30,39,1,overdue defect,7,HAND_TOOLS,NONE,REJECTED,TRUE
REQ04524,JOB04524,S&T,SEC_CHI_SHI,23-01-2026,8.33,9.45,72,3,overdue defect,10,TAMPER,ACCESS_REQUIRED,REVIEW,TRUE
REQ04525,JOB04525,TRD,SEC_KHA_LON,03-01-2026,19.02,21.12,130,3,overdue defect,3,TAMPER,ACCESS_REQUIRED,APPROVED,TRUE
REQ04526,JOB04526,S&T,SEC_TAL_CHI,31-03-2026,15.48,16.40,52,3,coordination opportunity,8,OHE_TEST_KIT,TRACTION_ISOLATION,APPROVED,TRUE
REQ04527,JOB04527,Engineering,SEC_DAD_THA,19-01-2026,19.07,20.06,59,2,coordination opportunity,5,TAMPER,NONE,APPROVED,TRUE
REQ04528,JOB04528,TRD,SEC_KAR_KHA,01-03-2026,18.19,19.12,53,4,coordination opportunity,4,LIFTING_UNIT,ACCESS_REQUIRED,SUBMITTED,TRUE
REQ04529,JOB04529,TRD,SEC_KAL_KAR,15-02-2026,14.37,16.25,108,1,preventive plan,4,SIGNAL_TEST_SET,TRACTION_ISOLATION,REVIEW,TRUE
REQ04530,JOB04530,S&T,SEC_MUM_DAD,16-03-2026,12.22,14.38,136,2,overdue defect,4,OHE_TEST_KIT,NONE,SUBMITTED,TRUE
REQ04531,JOB04531,S&T,SEC_MUM_DAD,19-01-2026,8.23,8.57,34,3,overdue defect,10,LIFTING_UNIT,TRACTION_ISOLATION,APPROVED,TRUE
REQ04532,JOB04532,Engineering,SEC_TAL_CHI,10-03-2026,9.38,11.53,135,4,safety correction,10,SIGNAL_TEST_SET,ACCESS_REQUIRED,APPROVED,TRUE
REQ04533,JOB04533,Engineering,SEC_DAD_THA,05-02-2026,14.09,15.02,53,4,safety correction,10,TAMPER,NONE,REVIEW,TRUE
REQ04534,JOB04534,TRD,SEC_KAR_KHA,05-01-2026,14.50,16.13,83,4,safety correction,5,TAMPER,NONE,REJECTED,TRUE
REQ04535,JOB04535,Engineering,SEC_SHI_PUN,17-03-2026,8.46,9.22,36,3,coordination opportunity,10,SIGNAL_TEST_SET,SIGNAL_TEST_DEPENDENCY,APPROVED,TRUE
REQ04536,JOB04536,S&T,SEC_THA_KAL,09-03-2026,16.14,18.36,142,4,overdue defect,9,HAND_TOOLS,NONE,REJECTED,TRUE
REQ04537,JOB04537,Engineering,SEC_LON_TAL,24-03-2026,14.30,15.25,55,2,overdue defect,6,TAMPER,TRACTION_ISOLATION,SUBMITTED,TRUE
REQ04538,JOB04538,S&T,SEC_DAD_THA,02-03-2026,13.04,14.42,98,1,coordination opportunity,10,OHE_TEST_KIT,NONE,SUBMITTED,TRUE
REQ04539,JOB04539,S&T,SEC_SHI_PUN,23-01-2026,19.24,20.41,77,4,safety correction,9,HAND_TOOLS,NONE,APPROVED,TRUE
REQ04540,JOB04540,S&T,SEC_DAD_THA,02-01-2026,9.22,11.23,121,2,coordination opportunity,4,HAND_TOOLS,SIGNAL_TEST_DEPENDENCY,SUBMITTED,TRUE
REQ04541,JOB04541,Engineering,SEC_MUM_DAD,06-03-2026,18.48,19.57,69,2,coordination opportunity,4,SIGNAL_TEST_SET,NONE,APPROVED,TRUE
REQ04542,JOB04542,TRD,SEC_DAD_THA,22-01-2026,14.26,16.21,115,2,safety correction,6,HAND_TOOLS,ACCESS_REQUIRED,SUBMITTED,TRUE
REQ04543,JOB04543,Engineering,SEC_LON_TAL,08-02-2026,19.07,19.41,34,4,overdue defect,4,HAND_TOOLS,SIGNAL_TEST_DEPENDENCY,REJECTED,TRUE
REQ04544,JOB04544,TRD,SEC_DAD_THA,27-02-2026,16.46,17.28,42,3,coordination opportunity,5,TAMPER,ACCESS_REQUIRED,REJECTED,TRUE
REQ04545,JOB04545,Engineering,SEC_CHI_SHI,24-02-2026,7.27,7.59,32,4,coordination opportunity,6,HAND_TOOLS,ACCESS_REQUIRED,REVIEW,TRUE
REQ04546,JOB04546,S&T,SEC_KHA_LON,12-01-2026,18.07,20.35,148,1,preventive plan,3,TAMPER,ACCESS_REQUIRED,REVIEW,TRUE
REQ04547,JOB04547,S&T,SEC_MUM_DAD,14-01-2026,8.45,9.43,58,2,overdue defect,8,HAND_TOOLS,NONE,REVIEW,TRUE
REQ04548,JOB04548,Engineering,SEC_THA_KAL,23-02-2026,18.18,18.53,35,4,preventive plan,4,TAMPER,SIGNAL_TEST_DEPENDENCY,SUBMITTED,TRUE
REQ04549,JOB04549,TRD,SEC_KAL_KAR,13-01-2026,8.05,10.18,133,2,safety correction,5,SIGNAL_TEST_SET,ACCESS_REQUIRED,REJECTED,TRUE
REQ04550,JOB04550,TRD,SEC_LON_TAL,26-02-2026,8.21,10.20,119,1,safety correction,9,OHE_TEST_KIT,TRACTION_ISOLATION,REVIEW,TRUE
REQ04551,JOB04551,Engineering,SEC_CHI_SHI,05-03-2026,9.34,11.18,104,1,coordination opportunity,6,SIGNAL_TEST_SET,NONE,REJECTED,TRUE
REQ04552,JOB04552,Engineering,SEC_THA_KAL,13-01-2026,9.24,10.49,85,2,overdue defect,10,TAMPER,NONE,REVIEW,TRUE
REQ04553,JOB04553,S&T,SEC_SHI_PUN,12-03-2026,13.34,15.37,123,2,coordination opportunity,7,OHE_TEST_KIT,TRACTION_ISOLATION,SUBMITTED,TRUE
REQ04554,JOB04554,S&T,SEC_MUM_DAD,07-02-2026,19.12,21.11,119,2,overdue defect,6,OHE_TEST_KIT,NONE,SUBMITTED,TRUE
REQ04555,JOB04555,TRD,SEC_KAR_KHA,08-02-2026,13.45,15.50,125,1,preventive plan,7,LIFTING_UNIT,SIGNAL_TEST_DEPENDENCY,REVIEW,TRUE
REQ04556,JOB04556,S&T,SEC_MUM_DAD,25-02-2026,16.17,18.39,142,3,safety correction,8,HAND_TOOLS,SIGNAL_TEST_DEPENDENCY,SUBMITTED,TRUE
REQ04557,JOB04557,TRD,SEC_THA_KAL,20-01-2026,14.28,15.38,70,2,overdue defect,3,HAND_TOOLS,NONE,SUBMITTED,TRUE
REQ04558,JOB04558,S&T,SEC_KAR_KHA,09-02-2026,10.02,12.01,119,4,coordination opportunity,7,LIFTING_UNIT,ACCESS_REQUIRED,REVIEW,TRUE
REQ04559,JOB04559,TRD,SEC_KAR_KHA,14-02-2026,8.03,10.28,145,1,preventive plan,4,HAND_TOOLS,NONE,APPROVED,TRUE
REQ04560,JOB04560,TRD,SEC_DAD_THA,28-03-2026,11.37,12.12,35,3,overdue defect,3,SIGNAL_TEST_SET,NONE,SUBMITTED,TRUE
REQ04561,JOB04561,S&T,SEC_KHA_LON,23-01-2026,16.09,17.30,81,3,preventive plan,10,SIGNAL_TEST_SET,NONE,REVIEW,TRUE
REQ04562,JOB04562,TRD,SEC_LON_TAL,01-03-2026,12.01,14.19,138,3,preventive plan,7,LIFTING_UNIT,NONE,REVIEW,TRUE
REQ04563,JOB04563,Engineering,SEC_SHI_PUN,31-01-2026,15.25,16.10,45,4,overdue defect,3,OHE_TEST_KIT,TRACTION_ISOLATION,REJECTED,TRUE
REQ04564,JOB04564,TRD,SEC_DAD_THA,11-02-2026,15.10,17.15,125,3,preventive plan,3,LIFTING_UNIT,ACCESS_REQUIRED,SUBMITTED,TRUE
REQ04565,JOB04565,TRD,SEC_LON_TAL,20-01-2026,9.39,11.35,116,1,coordination opportunity,4,OHE_TEST_KIT,SIGNAL_TEST_DEPENDENCY,APPROVED,TRUE
REQ04566,JOB04566,S&T,SEC_SHI_PUN,14-02-2026,7.20,9.39,139,4,preventive plan,5,HAND_TOOLS,NONE,REJECTED,TRUE
REQ04567,JOB04567,S&T,SEC_KAL_KAR,01-03-2026,16.56,18.09,73,2,safety correction,6,TAMPER,TRACTION_ISOLATION,REVIEW,TRUE
REQ04568,JOB04568,TRD,SEC_KAL_KAR,21-02-2026,18.19,19.23,64,3,overdue defect,8,SIGNAL_TEST_SET,ACCESS_REQUIRED,REJECTED,TRUE
REQ04569,JOB04569,S&T,SEC_TAL_CHI,20-02-2026,11.05,12.12,67,4,safety correction,6,HAND_TOOLS,TRACTION_ISOLATION,SUBMITTED,TRUE
REQ04570,JOB04570,TRD,SEC_TAL_CHI,18-02-2026,9.42,11.04,82,3,safety correction,8,LIFTING_UNIT,NONE,REVIEW,TRUE
REQ04571,JOB04571,Engineering,SEC_DAD_THA,29-03-2026,16.58,17.51,53,1,coordination opportunity,9,LIFTING_UNIT,TRACTION_ISOLATION,APPROVED,TRUE
REQ04572,JOB04572,Engineering,SEC_LON_TAL,09-03-2026,17.40,18.15,35,1,safety correction,3,OHE_TEST_KIT,ACCESS_REQUIRED,REJECTED,TRUE
REQ04573,JOB04573,Engineering,SEC_THA_KAL,28-02-2026,11.18,12.14,56,3,overdue defect,4,TAMPER,NONE,REVIEW,TRUE
REQ04574,JOB04574,Engineering,SEC_DAD_THA,16-03-2026,8.02,8.32,30,1,coordination opportunity,4,SIGNAL_TEST_SET,ACCESS_REQUIRED,REVIEW,TRUE
REQ04575,JOB04575,S&T,SEC_THA_KAL,26-02-2026,10.30,12.20,110,1,coordination opportunity,5,TAMPER,TRACTION_ISOLATION,APPROVED,TRUE
REQ04576,JOB04576,Engineering,SEC_THA_KAL,13-01-2026,12.31,14.53,142,2,preventive plan,7,OHE_TEST_KIT,SIGNAL_TEST_DEPENDENCY,REVIEW,TRUE
REQ04577,JOB04577,TRD,SEC_TAL_CHI,21-01-2026,15.42,17.12,90,3,safety correction,8,OHE_TEST_KIT,NONE,REVIEW,TRUE
REQ04578,JOB04578,TRD,SEC_TAL_CHI,09-03-2026,16.22,18.24,122,3,safety correction,7,SIGNAL_TEST_SET,NONE,APPROVED,TRUE
REQ04579,JOB04579,Engineering,SEC_DAD_THA,22-02-2026,13.46,15.51,125,2,overdue defect,10,OHE_TEST_KIT,ACCESS_REQUIRED,REVIEW,TRUE
REQ04580,JOB04580,TRD,SEC_KAR_KHA,24-01-2026,7.52,9.10,78,1,preventive plan,8,SIGNAL_TEST_SET,NONE,REVIEW,TRUE
REQ04581,JOB04581,TRD,SEC_DAD_THA,12-03-2026,18.42,19.20,38,3,overdue defect,5,SIGNAL_TEST_SET,SIGNAL_TEST_DEPENDENCY,SUBMITTED,TRUE
REQ04582,JOB04582,S&T,SEC_SHI_PUN,02-03-2026,11.42,13.42,120,2,preventive plan,4,TAMPER,SIGNAL_TEST_DEPENDENCY,REVIEW,TRUE
REQ04583,JOB04583,TRD,SEC_LON_TAL,26-02-2026,17.16,18.37,81,4,overdue defect,7,HAND_TOOLS,NONE,REVIEW,TRUE
REQ04584,JOB04584,Engineering,SEC_KHA_LON,24-02-2026,9.41,11.27,106,1,overdue defect,9,OHE_TEST_KIT,NONE,SUBMITTED,TRUE
REQ04585,JOB04585,TRD,SEC_MUM_DAD,31-01-2026,12.41,14.26,105,3,overdue defect,10,HAND_TOOLS,NONE,APPROVED,TRUE
REQ04586,JOB04586,TRD,SEC_TAL_CHI,17-02-2026,6.45,8.34,109,4,overdue defect,9,OHE_TEST_KIT,NONE,APPROVED,TRUE
REQ04587,JOB04587,Engineering,SEC_SHI_PUN,29-01-2026,15.06,17.20,134,4,preventive plan,9,LIFTING_UNIT,SIGNAL_TEST_DEPENDENCY,REVIEW,TRUE
REQ04588,JOB04588,Engineering,SEC_CHI_SHI,22-01-2026,19.24,21.44,140,3,overdue defect,9,OHE_TEST_KIT,TRACTION_ISOLATION,REJECTED,TRUE
REQ04589,JOB04589,TRD,SEC_THA_KAL,07-01-2026,15.24,17.05,101,1,coordination opportunity,4,SIGNAL_TEST_SET,NONE,REVIEW,TRUE
REQ04590,JOB04590,S&T,SEC_THA_KAL,09-02-2026,17.33,19.25,112,3,preventive plan,3,TAMPER,NONE,APPROVED,TRUE
REQ04591,JOB04591,S&T,SEC_THA_KAL,25-01-2026,11.09,11.58,49,1,preventive plan,5,SIGNAL_TEST_SET,ACCESS_REQUIRED,SUBMITTED,TRUE
REQ04592,JOB04592,Engineering,SEC_DAD_THA,04-03-2026,6.42,8.38,116,1,overdue defect,7,TAMPER,TRACTION_ISOLATION,REVIEW,TRUE
REQ04593,JOB04593,TRD,SEC_CHI_SHI,05-01-2026,10.13,11.06,53,2,overdue defect,6,OHE_TEST_KIT,SIGNAL_TEST_DEPENDENCY,REJECTED,TRUE
REQ04594,JOB04594,TRD,SEC_THA_KAL,19-02-2026,14.32,15.43,71,4,safety correction,4,HAND_TOOLS,ACCESS_REQUIRED,REJECTED,TRUE
REQ04595,JOB04595,S&T,SEC_CHI_SHI,31-01-2026,17.37,18.11,34,3,preventive plan,9,LIFTING_UNIT,TRACTION_ISOLATION,APPROVED,TRUE
REQ04596,JOB04596,S&T,SEC_DAD_THA,16-03-2026,8.04,9.10,66,3,coordination opportunity,6,SIGNAL_TEST_SET,NONE,REVIEW,TRUE
REQ04597,JOB04597,S&T,SEC_CHI_SHI,06-03-2026,8.40,9.17,37,4,preventive plan,10,LIFTING_UNIT,ACCESS_REQUIRED,APPROVED,TRUE
REQ04598,JOB04598,S&T,SEC_KAL_KAR,23-01-2026,18.22,19.45,83,3,preventive plan,4,TAMPER,ACCESS_REQUIRED,REVIEW,TRUE
REQ04599,JOB04599,Engineering,SEC_MUM_DAD,18-01-2026,11.15,12.36,81,1,coordination opportunity,7,LIFTING_UNIT,TRACTION_ISOLATION,REVIEW,TRUE
REQ04600,JOB04600,Engineering,SEC_THA_KAL,26-02-2026,11.02,12.43,101,2,overdue defect,10,SIGNAL_TEST_SET,TRACTION_ISOLATION,REVIEW,TRUE
REQ04601,JOB04601,S&T,SEC_THA_KAL,15-02-2026,10.24,11.34,70,3,coordination opportunity,3,HAND_TOOLS,SIGNAL_TEST_DEPENDENCY,APPROVED,TRUE
REQ04602,JOB04602,Engineering,SEC_TAL_CHI,19-03-2026,8.08,9.54,106,2,coordination opportunity,7,SIGNAL_TEST_SET,TRACTION_ISOLATION,REJECTED,TRUE
REQ04603,JOB04603,S&T,SEC_LON_TAL,07-03-2026,9.27,11.38,131,4,safety correction,6,OHE_TEST_KIT,TRACTION_ISOLATION,REJECTED,TRUE
REQ04604,JOB04604,TRD,SEC_THA_KAL,28-01-2026,6.36,7.47,71,1,safety correction,4,HAND_TOOLS,SIGNAL_TEST_DEPENDENCY,REVIEW,TRUE
REQ04605,JOB04605,TRD,SEC_KAR_KHA,26-03-2026,7.53,8.54,61,1,safety correction,3,HAND_TOOLS,SIGNAL_TEST_DEPENDENCY,REJECTED,TRUE
REQ04606,JOB04606,TRD,SEC_THA_KAL,07-02-2026,10.49,12.03,74,3,coordination opportunity,5,OHE_TEST_KIT,NONE,SUBMITTED,TRUE
REQ04607,JOB04607,Engineering,SEC_CHI_SHI,30-03-2026,11.22,12.07,45,1,overdue defect,10,HAND_TOOLS,TRACTION_ISOLATION,REJECTED,TRUE
REQ04608,JOB04608,TRD,SEC_KAR_KHA,20-01-2026,14.33,15.53,80,3,preventive plan,8,HAND_TOOLS,NONE,REVIEW,TRUE
REQ04609,JOB04609,S&T,SEC_TAL_CHI,13-02-2026,13.23,14.23,60,3,safety correction,3,HAND_TOOLS,SIGNAL_TEST_DEPENDENCY,REVIEW,TRUE
REQ04610,JOB04610,S&T,SEC_LON_TAL,03-02-2026,16.26,17.47,81,3,overdue defect,9,SIGNAL_TEST_SET,NONE,SUBMITTED,TRUE
REQ04611,JOB04611,TRD,SEC_KAR_KHA,25-03-2026,16.13,18.38,145,3,preventive plan,9,TAMPER,NONE,SUBMITTED,TRUE
REQ04612,JOB04612,S&T,SEC_MUM_DAD,18-03-2026,9.42,10.58,76,2,safety correction,4,LIFTING_UNIT,ACCESS_REQUIRED,REJECTED,TRUE
REQ04613,JOB04613,Engineering,SEC_KAL_KAR,09-01-2026,7.14,8.03,49,3,coordination opportunity,10,HAND_TOOLS,ACCESS_REQUIRED,SUBMITTED,TRUE
REQ04614,JOB04614,S&T,SEC_DAD_THA,16-03-2026,11.25,12.10,45,4,coordination opportunity,6,TAMPER,ACCESS_REQUIRED,REVIEW,TRUE
REQ04615,JOB04615,S&T,SEC_TAL_CHI,22-03-2026,10.28,12.57,149,4,preventive plan,3,LIFTING_UNIT,NONE,SUBMITTED,TRUE
REQ04616,JOB04616,TRD,SEC_KHA_LON,10-03-2026,7.22,8.31,69,2,overdue defect,7,OHE_TEST_KIT,ACCESS_REQUIRED,SUBMITTED,TRUE
REQ04617,JOB04617,Engineering,SEC_MUM_DAD,17-02-2026,7.07,8.00,53,4,overdue defect,7,HAND_TOOLS,SIGNAL_TEST_DEPENDENCY,SUBMITTED,TRUE
REQ04618,JOB04618,TRD,SEC_KAL_KAR,13-01-2026,11.10,12.19,69,2,preventive plan,3,TAMPER,TRACTION_ISOLATION,REVIEW,TRUE
REQ04619,JOB04619,TRD,SEC_TAL_CHI,07-03-2026,7.50,10.12,142,3,coordination opportunity,4,LIFTING_UNIT,SIGNAL_TEST_DEPENDENCY,SUBMITTED,TRUE
REQ04620,JOB04620,S&T,SEC_KAR_KHA,05-01-2026,6.03,6.52,49,4,safety correction,4,LIFTING_UNIT,SIGNAL_TEST_DEPENDENCY,REVIEW,TRUE
REQ04621,JOB04621,S&T,SEC_KHA_LON,03-02-2026,19.56,21.07,71,2,preventive plan,6,OHE_TEST_KIT,ACCESS_REQUIRED,REVIEW,TRUE
REQ04622,JOB04622,TRD,SEC_KHA_LON,03-03-2026,13.30,14.23,53,3,preventive plan,10,TAMPER,ACCESS_REQUIRED,REVIEW,TRUE
REQ04623,JOB04623,Engineering,SEC_KAL_KAR,07-03-2026,14.35,16.02,87,3,preventive plan,6,SIGNAL_TEST_SET,SIGNAL_TEST_DEPENDENCY,APPROVED,TRUE
REQ04624,JOB04624,TRD,SEC_TAL_CHI,10-01-2026,12.38,14.47,129,1,preventive plan,9,TAMPER,SIGNAL_TEST_DEPENDENCY,REVIEW,TRUE
REQ04625,JOB04625,Engineering,SEC_KAR_KHA,27-01-2026,18.17,20.02,105,2,preventive plan,10,OHE_TEST_KIT,SIGNAL_TEST_DEPENDENCY,REVIEW,TRUE
REQ04626,JOB04626,S&T,SEC_SHI_PUN,15-03-2026,17.19,19.04,105,3,preventive plan,5,TAMPER,SIGNAL_TEST_DEPENDENCY,APPROVED,TRUE
REQ04627,JOB04627,S&T,SEC_CHI_SHI,11-03-2026,10.42,12.09,87,1,preventive plan,10,LIFTING_UNIT,ACCESS_REQUIRED,REJECTED,TRUE
REQ04628,JOB04628,TRD,SEC_CHI_SHI,05-01-2026,15.15,16.18,63,3,coordination opportunity,5,OHE_TEST_KIT,SIGNAL_TEST_DEPENDENCY,REJECTED,TRUE
REQ04629,JOB04629,Engineering,SEC_SHI_PUN,10-01-2026,9.58,10.38,40,1,overdue defect,3,HAND_TOOLS,TRACTION_ISOLATION,REVIEW,TRUE
REQ04630,JOB04630,TRD,SEC_KHA_LON,08-03-2026,10.00,12.24,144,3,overdue defect,3,TAMPER,ACCESS_REQUIRED,REJECTED,TRUE
REQ04631,JOB04631,TRD,SEC_KHA_LON,08-02-2026,6.12,8.09,117,1,coordination opportunity,5,HAND_TOOLS,NONE,SUBMITTED,TRUE
REQ04632,JOB04632,Engineering,SEC_KAL_KAR,15-03-2026,6.18,8.30,132,4,safety correction,8,HAND_TOOLS,NONE,REJECTED,TRUE
REQ04633,JOB04633,TRD,SEC_CHI_SHI,06-02-2026,12.52,14.16,84,1,safety correction,5,SIGNAL_TEST_SET,NONE,REVIEW,TRUE
REQ04634,JOB04634,S&T,SEC_KAR_KHA,17-03-2026,10.44,12.50,126,2,overdue defect,10,OHE_TEST_KIT,SIGNAL_TEST_DEPENDENCY,APPROVED,TRUE
REQ04635,JOB04635,Engineering,SEC_KAL_KAR,30-03-2026,10.16,11.12,56,1,preventive plan,4,OHE_TEST_KIT,TRACTION_ISOLATION,REJECTED,TRUE
REQ04636,JOB04636,Engineering,SEC_KAL_KAR,17-02-2026,16.57,17.35,38,4,safety correction,5,LIFTING_UNIT,NONE,SUBMITTED,TRUE
REQ04637,JOB04637,TRD,SEC_THA_KAL,28-02-2026,14.54,15.57,63,1,overdue defect,7,LIFTING_UNIT,SIGNAL_TEST_DEPENDENCY,REVIEW,TRUE
REQ04638,JOB04638,S&T,SEC_THA_KAL,20-03-2026,10.26,12.49,143,1,overdue defect,7,SIGNAL_TEST_SET,SIGNAL_TEST_DEPENDENCY,SUBMITTED,TRUE
REQ04639,JOB04639,S&T,SEC_MUM_DAD,20-01-2026,13.52,15.33,101,3,safety correction,6,HAND_TOOLS,SIGNAL_TEST_DEPENDENCY,REJECTED,TRUE
REQ04640,JOB04640,S&T,SEC_CHI_SHI,28-01-2026,19.02,20.08,66,4,coordination opportunity,7,TAMPER,ACCESS_REQUIRED,APPROVED,TRUE
REQ04641,JOB04641,S&T,SEC_THA_KAL,20-01-2026,12.53,14.42,109,1,preventive plan,9,LIFTING_UNIT,TRACTION_ISOLATION,SUBMITTED,TRUE
REQ04642,JOB04642,S&T,SEC_KAL_KAR,16-03-2026,14.31,16.41,130,2,safety correction,6,HAND_TOOLS,ACCESS_REQUIRED,REVIEW,TRUE
REQ04643,JOB04643,Engineering,SEC_SHI_PUN,13-03-2026,15.24,16.37,73,2,coordination opportunity,9,SIGNAL_TEST_SET,ACCESS_REQUIRED,REVIEW,TRUE
REQ04644,JOB04644,S&T,SEC_TAL_CHI,28-02-2026,6.38,7.45,67,3,preventive plan,4,HAND_TOOLS,ACCESS_REQUIRED,SUBMITTED,TRUE
REQ04645,JOB04645,TRD,SEC_KHA_LON,03-02-2026,7.00,9.17,137,4,preventive plan,7,TAMPER,SIGNAL_TEST_DEPENDENCY,APPROVED,TRUE
REQ04646,JOB04646,Engineering,SEC_CHI_SHI,09-01-2026,15.31,17.19,108,1,preventive plan,9,TAMPER,SIGNAL_TEST_DEPENDENCY,SUBMITTED,TRUE
REQ04647,JOB04647,S&T,SEC_MUM_DAD,21-02-2026,8.33,10.52,139,2,overdue defect,9,TAMPER,TRACTION_ISOLATION,REJECTED,TRUE
REQ04648,JOB04648,TRD,SEC_KAR_KHA,10-01-2026,7.50,9.38,108,1,safety correction,9,HAND_TOOLS,TRACTION_ISOLATION,REVIEW,TRUE
REQ04649,JOB04649,S&T,SEC_DAD_THA,26-02-2026,16.53,17.34,41,2,safety correction,4,HAND_TOOLS,ACCESS_REQUIRED,SUBMITTED,TRUE
REQ04650,JOB04650,TRD,SEC_KHA_LON,15-03-2026,8.13,9.08,55,2,preventive plan,3,LIFTING_UNIT,TRACTION_ISOLATION,APPROVED,TRUE
REQ04651,JOB04651,TRD,SEC_MUM_DAD,05-03-2026,15.15,17.09,114,3,overdue defect,3,LIFTING_UNIT,TRACTION_ISOLATION,REJECTED,TRUE
REQ04652,JOB04652,S&T,SEC_LON_TAL,19-02-2026,19.12,19.52,40,2,safety correction,9,HAND_TOOLS,TRACTION_ISOLATION,APPROVED,TRUE
REQ04653,JOB04653,S&T,SEC_SHI_PUN,28-03-2026,15.46,17.36,110,2,preventive plan,6,OHE_TEST_KIT,ACCESS_REQUIRED,SUBMITTED,TRUE
REQ04654,JOB04654,S&T,SEC_THA_KAL,22-01-2026,7.33,9.07,94,1,overdue defect,9,TAMPER,NONE,REVIEW,TRUE
REQ04655,JOB04655,TRD,SEC_KAR_KHA,16-01-2026,9.55,12.06,131,4,overdue defect,4,OHE_TEST_KIT,SIGNAL_TEST_DEPENDENCY,APPROVED,TRUE
REQ04656,JOB04656,S&T,SEC_THA_KAL,02-03-2026,16.15,18.25,130,2,safety correction,10,HAND_TOOLS,ACCESS_REQUIRED,REVIEW,TRUE
REQ04657,JOB04657,Engineering,SEC_CHI_SHI,23-03-2026,15.03,17.05,122,4,preventive plan,5,TAMPER,NONE,SUBMITTED,TRUE
REQ04658,JOB04658,Engineering,SEC_LON_TAL,17-03-2026,6.27,8.54,147,2,safety correction,3,LIFTING_UNIT,SIGNAL_TEST_DEPENDENCY,REJECTED,TRUE
REQ04659,JOB04659,S&T,SEC_KHA_LON,29-03-2026,6.11,8.30,139,1,preventive plan,8,LIFTING_UNIT,SIGNAL_TEST_DEPENDENCY,REVIEW,TRUE
REQ04660,JOB04660,TRD,SEC_MUM_DAD,11-02-2026,15.39,17.19,100,3,preventive plan,3,TAMPER,NONE,REVIEW,TRUE
REQ04661,JOB04661,Engineering,SEC_KAL_KAR,08-03-2026,8.22,8.53,31,2,safety correction,7,SIGNAL_TEST_SET,NONE,SUBMITTED,TRUE
REQ04662,JOB04662,Engineering,SEC_MUM_DAD,31-01-2026,9.44,11.28,104,4,coordination opportunity,8,OHE_TEST_KIT,TRACTION_ISOLATION,REJECTED,TRUE
REQ04663,JOB04663,Engineering,SEC_KAR_KHA,25-03-2026,8.54,9.31,37,1,safety correction,10,HAND_TOOLS,NONE,APPROVED,TRUE
REQ04664,JOB04664,TRD,SEC_LON_TAL,06-03-2026,10.38,12.21,103,2,safety correction,4,TAMPER,NONE,SUBMITTED,TRUE
REQ04665,JOB04665,Engineering,SEC_LON_TAL,28-01-2026,9.41,11.06,85,2,overdue defect,6,LIFTING_UNIT,ACCESS_REQUIRED,REVIEW,TRUE
REQ04666,JOB04666,TRD,SEC_MUM_DAD,02-01-2026,19.04,21.12,128,4,overdue defect,7,SIGNAL_TEST_SET,ACCESS_REQUIRED,SUBMITTED,TRUE
REQ04667,JOB04667,Engineering,SEC_KHA_LON,05-03-2026,18.24,19.21,57,3,coordination opportunity,5,SIGNAL_TEST_SET,NONE,APPROVED,TRUE
REQ04668,JOB04668,S&T,SEC_KAL_KAR,06-03-2026,7.36,8.37,61,4,overdue defect,5,LIFTING_UNIT,SIGNAL_TEST_DEPENDENCY,SUBMITTED,TRUE
REQ04669,JOB04669,S&T,SEC_KAL_KAR,05-02-2026,14.07,15.43,96,2,coordination opportunity,9,HAND_TOOLS,TRACTION_ISOLATION,SUBMITTED,TRUE
REQ04670,JOB04670,TRD,SEC_TAL_CHI,13-02-2026,6.28,6.58,30,1,preventive plan,9,HAND_TOOLS,TRACTION_ISOLATION,REJECTED,TRUE
REQ04671,JOB04671,Engineering,SEC_THA_KAL,25-01-2026,6.42,7.33,51,1,safety correction,10,SIGNAL_TEST_SET,ACCESS_REQUIRED,SUBMITTED,TRUE
REQ04672,JOB04672,TRD,SEC_TAL_CHI,23-03-2026,6.49,8.26,97,3,overdue defect,10,TAMPER,TRACTION_ISOLATION,APPROVED,TRUE
REQ04673,JOB04673,Engineering,SEC_KAR_KHA,17-01-2026,14.00,16.18,138,3,coordination opportunity,7,TAMPER,SIGNAL_TEST_DEPENDENCY,REJECTED,TRUE
REQ04674,JOB04674,Engineering,SEC_SHI_PUN,24-02-2026,13.32,14.20,48,1,overdue defect,3,OHE_TEST_KIT,NONE,REVIEW,TRUE
REQ04675,JOB04675,S&T,SEC_TAL_CHI,30-03-2026,10.47,11.34,47,3,preventive plan,4,SIGNAL_TEST_SET,TRACTION_ISOLATION,APPROVED,TRUE
REQ04676,JOB04676,Engineering,SEC_CHI_SHI,12-01-2026,19.55,21.25,90,3,safety correction,3,TAMPER,NONE,SUBMITTED,TRUE
REQ04677,JOB04677,TRD,SEC_CHI_SHI,21-02-2026,7.27,8.50,83,2,preventive plan,7,SIGNAL_TEST_SET,TRACTION_ISOLATION,REJECTED,TRUE
REQ04678,JOB04678,TRD,SEC_KHA_LON,13-01-2026,8.51,10.00,69,3,overdue defect,10,OHE_TEST_KIT,ACCESS_REQUIRED,REVIEW,TRUE
REQ04679,JOB04679,S&T,SEC_THA_KAL,11-01-2026,16.35,18.49,134,1,preventive plan,10,LIFTING_UNIT,SIGNAL_TEST_DEPENDENCY,REJECTED,TRUE
REQ04680,JOB04680,Engineering,SEC_CHI_SHI,14-02-2026,16.53,18.43,110,3,preventive plan,9,SIGNAL_TEST_SET,SIGNAL_TEST_DEPENDENCY,APPROVED,TRUE
REQ04681,JOB04681,Engineering,SEC_THA_KAL,27-03-2026,19.16,21.13,117,3,overdue defect,6,OHE_TEST_KIT,TRACTION_ISOLATION,APPROVED,TRUE
REQ04682,JOB04682,S&T,SEC_MUM_DAD,26-02-2026,15.25,16.46,81,4,safety correction,10,HAND_TOOLS,SIGNAL_TEST_DEPENDENCY,SUBMITTED,TRUE
REQ04683,JOB04683,Engineering,SEC_SHI_PUN,04-03-2026,9.46,12.05,139,3,safety correction,10,HAND_TOOLS,NONE,REVIEW,TRUE
REQ04684,JOB04684,Engineering,SEC_TAL_CHI,18-03-2026,17.35,18.58,83,2,overdue defect,6,OHE_TEST_KIT,ACCESS_REQUIRED,APPROVED,TRUE
REQ04685,JOB04685,S&T,SEC_SHI_PUN,11-01-2026,6.28,8.31,123,4,overdue defect,4,TAMPER,NONE,REJECTED,TRUE
REQ04686,JOB04686,S&T,SEC_TAL_CHI,14-02-2026,7.54,9.06,72,4,safety correction,6,OHE_TEST_KIT,ACCESS_REQUIRED,APPROVED,TRUE
REQ04687,JOB04687,S&T,SEC_THA_KAL,16-01-2026,8.11,9.23,72,4,coordination opportunity,7,TAMPER,TRACTION_ISOLATION,REJECTED,TRUE
REQ04688,JOB04688,S&T,SEC_KAR_KHA,11-03-2026,16.12,17.02,50,2,coordination opportunity,4,SIGNAL_TEST_SET,NONE,SUBMITTED,TRUE
REQ04689,JOB04689,TRD,SEC_KAR_KHA,13-02-2026,6.05,8.24,139,4,safety correction,7,HAND_TOOLS,SIGNAL_TEST_DEPENDENCY,SUBMITTED,TRUE
REQ04690,JOB04690,Engineering,SEC_TAL_CHI,23-01-2026,9.50,12.20,150,2,overdue defect,7,TAMPER,SIGNAL_TEST_DEPENDENCY,SUBMITTED,TRUE
REQ04691,JOB04691,Engineering,SEC_LON_TAL,14-03-2026,18.34,19.21,47,2,coordination opportunity,3,OHE_TEST_KIT,ACCESS_REQUIRED,REJECTED,TRUE
REQ04692,JOB04692,S&T,SEC_THA_KAL,11-01-2026,6.12,8.38,146,1,overdue defect,4,OHE_TEST_KIT,ACCESS_REQUIRED,REVIEW,TRUE
REQ04693,JOB04693,TRD,SEC_SHI_PUN,29-01-2026,19.12,20.26,74,3,safety correction,6,LIFTING_UNIT,TRACTION_ISOLATION,SUBMITTED,TRUE
REQ04694,JOB04694,Engineering,SEC_LON_TAL,07-01-2026,16.54,19.10,136,1,safety correction,7,OHE_TEST_KIT,NONE,REVIEW,TRUE
REQ04695,JOB04695,Engineering,SEC_SHI_PUN,09-03-2026,17.17,18.27,70,4,overdue defect,8,HAND_TOOLS,TRACTION_ISOLATION,REVIEW,TRUE
REQ04696,JOB04696,TRD,SEC_DAD_THA,06-02-2026,12.03,12.39,36,3,safety correction,4,SIGNAL_TEST_SET,NONE,REJECTED,TRUE
REQ04697,JOB04697,Engineering,SEC_CHI_SHI,04-02-2026,18.38,20.35,117,3,overdue defect,5,OHE_TEST_KIT,NONE,APPROVED,TRUE
REQ04698,JOB04698,TRD,SEC_KHA_LON,26-03-2026,18.33,20.09,96,3,safety correction,8,HAND_TOOLS,ACCESS_REQUIRED,REJECTED,TRUE
REQ04699,JOB04699,TRD,SEC_THA_KAL,22-02-2026,9.38,10.46,68,3,overdue defect,10,HAND_TOOLS,NONE,REVIEW,TRUE
REQ04700,JOB04700,TRD,SEC_KHA_LON,22-03-2026,15.52,17.27,95,2,preventive plan,6,TAMPER,ACCESS_REQUIRED,REJECTED,TRUE
REQ04701,JOB04701,Engineering,SEC_SHI_PUN,16-02-2026,6.20,7.02,42,1,overdue defect,4,SIGNAL_TEST_SET,ACCESS_REQUIRED,REVIEW,TRUE
REQ04702,JOB04702,Engineering,SEC_CHI_SHI,22-01-2026,8.45,9.31,46,4,safety correction,8,TAMPER,ACCESS_REQUIRED,SUBMITTED,TRUE
REQ04703,JOB04703,Engineering,SEC_LON_TAL,14-02-2026,6.08,8.04,116,2,coordination opportunity,10,SIGNAL_TEST_SET,NONE,SUBMITTED,TRUE
REQ04704,JOB04704,TRD,SEC_LON_TAL,21-01-2026,6.26,7.08,42,4,preventive plan,5,SIGNAL_TEST_SET,NONE,SUBMITTED,TRUE
REQ04705,JOB04705,TRD,SEC_CHI_SHI,27-02-2026,11.25,12.25,60,2,preventive plan,7,SIGNAL_TEST_SET,NONE,APPROVED,TRUE
REQ04706,JOB04706,Engineering,SEC_THA_KAL,24-01-2026,7.04,7.44,40,3,preventive plan,5,OHE_TEST_KIT,TRACTION_ISOLATION,REVIEW,TRUE
REQ04707,JOB04707,TRD,SEC_TAL_CHI,21-01-2026,17.36,20.01,145,3,overdue defect,6,TAMPER,TRACTION_ISOLATION,REJECTED,TRUE
REQ04708,JOB04708,Engineering,SEC_LON_TAL,17-01-2026,15.20,16.15,55,4,safety correction,3,OHE_TEST_KIT,NONE,REVIEW,TRUE
REQ04709,JOB04709,Engineering,SEC_KAL_KAR,06-03-2026,18.06,20.11,125,4,preventive plan,3,TAMPER,NONE,SUBMITTED,TRUE
REQ04710,JOB04710,S&T,SEC_CHI_SHI,17-02-2026,7.38,9.24,106,3,coordination opportunity,10,OHE_TEST_KIT,ACCESS_REQUIRED,SUBMITTED,TRUE
REQ04711,JOB04711,S&T,SEC_SHI_PUN,04-01-2026,8.08,10.09,121,3,coordination opportunity,4,SIGNAL_TEST_SET,ACCESS_REQUIRED,REJECTED,TRUE
REQ04712,JOB04712,TRD,SEC_MUM_DAD,10-03-2026,17.12,19.01,109,3,safety correction,4,TAMPER,TRACTION_ISOLATION,REVIEW,TRUE
REQ04713,JOB04713,Engineering,SEC_KAR_KHA,07-01-2026,15.15,17.23,128,1,safety correction,4,LIFTING_UNIT,ACCESS_REQUIRED,SUBMITTED,TRUE
REQ04714,JOB04714,TRD,SEC_CHI_SHI,04-03-2026,19.04,19.36,32,2,coordination opportunity,3,LIFTING_UNIT,NONE,APPROVED,TRUE
REQ04715,JOB04715,Engineering,SEC_TAL_CHI,13-03-2026,14.53,16.09,76,4,safety correction,7,OHE_TEST_KIT,NONE,REVIEW,TRUE
REQ04716,JOB04716,Engineering,SEC_SHI_PUN,17-01-2026,16.04,18.09,125,1,safety correction,6,LIFTING_UNIT,NONE,SUBMITTED,TRUE
REQ04717,JOB04717,TRD,SEC_TAL_CHI,01-03-2026,9.05,10.20,75,1,safety correction,8,SIGNAL_TEST_SET,TRACTION_ISOLATION,APPROVED,TRUE
REQ04718,JOB04718,TRD,SEC_THA_KAL,16-02-2026,19.41,21.07,86,2,coordination opportunity,8,OHE_TEST_KIT,ACCESS_REQUIRED,APPROVED,TRUE
REQ04719,JOB04719,Engineering,SEC_KAR_KHA,16-03-2026,19.25,21.38,133,1,preventive plan,10,OHE_TEST_KIT,SIGNAL_TEST_DEPENDENCY,SUBMITTED,TRUE
REQ04720,JOB04720,Engineering,SEC_DAD_THA,25-03-2026,6.09,6.48,39,3,coordination opportunity,5,LIFTING_UNIT,ACCESS_REQUIRED,REJECTED,TRUE
REQ04721,JOB04721,Engineering,SEC_CHI_SHI,10-02-2026,16.15,18.06,111,1,coordination opportunity,3,TAMPER,ACCESS_REQUIRED,REVIEW,TRUE
REQ04722,JOB04722,TRD,SEC_THA_KAL,22-03-2026,10.01,11.06,65,4,safety correction,3,LIFTING_UNIT,NONE,SUBMITTED,TRUE
REQ04723,JOB04723,Engineering,SEC_LON_TAL,25-03-2026,12.16,14.01,105,3,overdue defect,8,LIFTING_UNIT,TRACTION_ISOLATION,REVIEW,TRUE
REQ04724,JOB04724,Engineering,SEC_LON_TAL,15-01-2026,19.27,20.49,82,3,overdue defect,10,OHE_TEST_KIT,NONE,REVIEW,TRUE
REQ04725,JOB04725,TRD,SEC_LON_TAL,30-01-2026,7.41,10.08,147,1,safety correction,10,LIFTING_UNIT,TRACTION_ISOLATION,APPROVED,TRUE
REQ04726,JOB04726,Engineering,SEC_LON_TAL,08-01-2026,12.45,14.08,83,4,safety correction,7,LIFTING_UNIT,SIGNAL_TEST_DEPENDENCY,SUBMITTED,TRUE
REQ04727,JOB04727,TRD,SEC_CHI_SHI,15-01-2026,6.42,8.30,108,1,safety correction,7,OHE_TEST_KIT,NONE,APPROVED,TRUE
REQ04728,JOB04728,Engineering,SEC_THA_KAL,11-01-2026,11.11,13.36,145,4,safety correction,10,LIFTING_UNIT,NONE,APPROVED,TRUE
REQ04729,JOB04729,Engineering,SEC_KAL_KAR,15-03-2026,17.09,19.17,128,1,preventive plan,5,TAMPER,NONE,SUBMITTED,TRUE
REQ04730,JOB04730,S&T,SEC_KAL_KAR,03-03-2026,15.36,16.16,40,4,preventive plan,6,TAMPER,ACCESS_REQUIRED,REJECTED,TRUE
REQ04731,JOB04731,TRD,SEC_KAL_KAR,27-02-2026,18.29,20.41,132,2,coordination opportunity,5,HAND_TOOLS,ACCESS_REQUIRED,APPROVED,TRUE
REQ04732,JOB04732,TRD,SEC_MUM_DAD,05-01-2026,8.40,10.44,124,2,safety correction,8,LIFTING_UNIT,TRACTION_ISOLATION,SUBMITTED,TRUE
REQ04733,JOB04733,Engineering,SEC_KHA_LON,26-03-2026,15.27,16.36,69,3,coordination opportunity,6,LIFTING_UNIT,TRACTION_ISOLATION,REJECTED,TRUE
REQ04734,JOB04734,S&T,SEC_KAL_KAR,11-03-2026,16.42,18.28,106,3,coordination opportunity,9,SIGNAL_TEST_SET,ACCESS_REQUIRED,REVIEW,TRUE
REQ04735,JOB04735,S&T,SEC_DAD_THA,19-03-2026,13.09,13.53,44,3,safety correction,7,TAMPER,ACCESS_REQUIRED,REVIEW,TRUE
REQ04736,JOB04736,S&T,SEC_LON_TAL,10-01-2026,19.59,22.07,128,3,preventive plan,5,TAMPER,SIGNAL_TEST_DEPENDENCY,SUBMITTED,TRUE
REQ04737,JOB04737,S&T,SEC_SHI_PUN,02-03-2026,12.06,13.55,109,1,preventive plan,10,LIFTING_UNIT,ACCESS_REQUIRED,SUBMITTED,TRUE
REQ04738,JOB04738,S&T,SEC_KAR_KHA,06-01-2026,18.27,20.32,125,3,overdue defect,4,SIGNAL_TEST_SET,ACCESS_REQUIRED,APPROVED,TRUE
REQ04739,JOB04739,TRD,SEC_THA_KAL,15-03-2026,14.47,17.01,134,4,overdue defect,6,TAMPER,TRACTION_ISOLATION,SUBMITTED,TRUE
REQ04740,JOB04740,TRD,SEC_THA_KAL,12-03-2026,14.54,16.19,85,4,coordination opportunity,4,TAMPER,SIGNAL_TEST_DEPENDENCY,SUBMITTED,TRUE
REQ04741,JOB04741,S&T,SEC_TAL_CHI,09-03-2026,10.10,12.24,134,1,safety correction,3,OHE_TEST_KIT,NONE,SUBMITTED,TRUE
REQ04742,JOB04742,Engineering,SEC_THA_KAL,04-03-2026,10.54,12.03,69,1,coordination opportunity,9,LIFTING_UNIT,SIGNAL_TEST_DEPENDENCY,REVIEW,TRUE
REQ04743,JOB04743,S&T,SEC_SHI_PUN,19-03-2026,8.55,9.53,58,2,preventive plan,9,SIGNAL_TEST_SET,NONE,APPROVED,TRUE
REQ04744,JOB04744,S&T,SEC_TAL_CHI,06-03-2026,15.27,17.48,141,4,safety correction,7,LIFTING_UNIT,ACCESS_REQUIRED,REJECTED,TRUE
REQ04745,JOB04745,Engineering,SEC_KHA_LON,28-01-2026,10.30,12.55,145,4,coordination opportunity,5,TAMPER,ACCESS_REQUIRED,SUBMITTED,TRUE
REQ04746,JOB04746,Engineering,SEC_MUM_DAD,03-03-2026,7.02,9.23,141,4,preventive plan,6,SIGNAL_TEST_SET,SIGNAL_TEST_DEPENDENCY,REJECTED,TRUE
REQ04747,JOB04747,Engineering,SEC_KHA_LON,08-01-2026,11.36,12.54,78,1,preventive plan,8,SIGNAL_TEST_SET,SIGNAL_TEST_DEPENDENCY,SUBMITTED,TRUE
REQ04748,JOB04748,TRD,SEC_MUM_DAD,05-02-2026,10.24,11.58,94,4,preventive plan,6,HAND_TOOLS,TRACTION_ISOLATION,REVIEW,TRUE
REQ04749,JOB04749,Engineering,SEC_DAD_THA,29-03-2026,6.55,8.28,93,1,safety correction,8,SIGNAL_TEST_SET,SIGNAL_TEST_DEPENDENCY,REJECTED,TRUE
REQ04750,JOB04750,TRD,SEC_DAD_THA,28-02-2026,11.00,11.57,57,1,overdue defect,5,HAND_TOOLS,NONE,APPROVED,TRUE
REQ04751,JOB04751,Engineering,SEC_DAD_THA,17-03-2026,19.14,20.46,92,3,preventive plan,4,OHE_TEST_KIT,NONE,REVIEW,TRUE
REQ04752,JOB04752,TRD,SEC_CHI_SHI,28-03-2026,6.32,7.19,47,2,coordination opportunity,5,SIGNAL_TEST_SET,TRACTION_ISOLATION,APPROVED,TRUE
REQ04753,JOB04753,TRD,SEC_LON_TAL,20-01-2026,8.18,9.20,62,4,overdue defect,5,TAMPER,ACCESS_REQUIRED,APPROVED,TRUE
REQ04754,JOB04754,Engineering,SEC_KAR_KHA,09-01-2026,12.34,14.17,103,2,safety correction,3,OHE_TEST_KIT,SIGNAL_TEST_DEPENDENCY,REVIEW,TRUE
REQ04755,JOB04755,Engineering,SEC_CHI_SHI,13-02-2026,17.13,18.29,76,2,coordination opportunity,6,HAND_TOOLS,NONE,SUBMITTED,TRUE
REQ04756,JOB04756,TRD,SEC_THA_KAL,16-03-2026,8.17,10.02,105,3,safety correction,4,HAND_TOOLS,NONE,SUBMITTED,TRUE
REQ04757,JOB04757,TRD,SEC_DAD_THA,13-03-2026,6.50,8.28,98,1,safety correction,5,OHE_TEST_KIT,NONE,REVIEW,TRUE
REQ04758,JOB04758,TRD,SEC_DAD_THA,31-03-2026,13.30,14.56,86,4,coordination opportunity,7,TAMPER,NONE,SUBMITTED,TRUE
REQ04759,JOB04759,S&T,SEC_KHA_LON,05-01-2026,10.14,11.47,93,2,safety correction,8,HAND_TOOLS,TRACTION_ISOLATION,APPROVED,TRUE
REQ04760,JOB04760,TRD,SEC_LON_TAL,28-02-2026,11.59,13.25,86,3,overdue defect,10,SIGNAL_TEST_SET,SIGNAL_TEST_DEPENDENCY,SUBMITTED,TRUE
REQ04761,JOB04761,S&T,SEC_THA_KAL,16-02-2026,16.47,17.29,42,3,safety correction,6,TAMPER,TRACTION_ISOLATION,SUBMITTED,TRUE
REQ04762,JOB04762,TRD,SEC_MUM_DAD,20-03-2026,7.07,9.02,115,1,overdue defect,9,SIGNAL_TEST_SET,NONE,APPROVED,TRUE
REQ04763,JOB04763,S&T,SEC_DAD_THA,22-01-2026,12.24,14.47,143,4,preventive plan,4,HAND_TOOLS,NONE,SUBMITTED,TRUE
REQ04764,JOB04764,TRD,SEC_KHA_LON,09-02-2026,10.16,12.21,125,2,coordination opportunity,7,OHE_TEST_KIT,NONE,REVIEW,TRUE
REQ04765,JOB04765,Engineering,SEC_KAL_KAR,22-03-2026,13.19,14.45,86,3,preventive plan,9,LIFTING_UNIT,NONE,SUBMITTED,TRUE
REQ04766,JOB04766,TRD,SEC_THA_KAL,14-02-2026,19.42,20.30,48,2,overdue defect,9,OHE_TEST_KIT,ACCESS_REQUIRED,REVIEW,TRUE
REQ04767,JOB04767,S&T,SEC_MUM_DAD,02-02-2026,10.28,12.41,133,4,preventive plan,5,TAMPER,SIGNAL_TEST_DEPENDENCY,REVIEW,TRUE
REQ04768,JOB04768,TRD,SEC_SHI_PUN,27-03-2026,18.10,20.10,120,4,overdue defect,3,LIFTING_UNIT,NONE,REJECTED,TRUE
REQ04769,JOB04769,TRD,SEC_TAL_CHI,06-01-2026,13.37,15.54,137,4,preventive plan,7,TAMPER,TRACTION_ISOLATION,REVIEW,TRUE
REQ04770,JOB04770,Engineering,SEC_MUM_DAD,28-02-2026,13.56,14.38,42,2,preventive plan,7,OHE_TEST_KIT,SIGNAL_TEST_DEPENDENCY,REVIEW,TRUE
REQ04771,JOB04771,TRD,SEC_TAL_CHI,22-03-2026,10.18,11.20,62,1,preventive plan,3,TAMPER,SIGNAL_TEST_DEPENDENCY,REJECTED,TRUE
REQ04772,JOB04772,S&T,SEC_CHI_SHI,09-03-2026,8.51,9.55,64,1,safety correction,6,TAMPER,TRACTION_ISOLATION,REVIEW,TRUE
REQ04773,JOB04773,S&T,SEC_CHI_SHI,03-03-2026,10.44,11.50,66,2,preventive plan,7,LIFTING_UNIT,TRACTION_ISOLATION,REVIEW,TRUE
REQ04774,JOB04774,Engineering,SEC_TAL_CHI,27-02-2026,10.42,12.44,122,4,safety correction,7,LIFTING_UNIT,ACCESS_REQUIRED,APPROVED,TRUE
REQ04775,JOB04775,Engineering,SEC_CHI_SHI,01-02-2026,9.03,10.55,112,4,overdue defect,7,HAND_TOOLS,SIGNAL_TEST_DEPENDENCY,REVIEW,TRUE
REQ04776,JOB04776,TRD,SEC_MUM_DAD,29-01-2026,11.14,13.26,132,2,coordination opportunity,7,HAND_TOOLS,TRACTION_ISOLATION,REVIEW,TRUE
REQ04777,JOB04777,Engineering,SEC_KAL_KAR,11-03-2026,15.08,16.45,97,1,coordination opportunity,10,TAMPER,SIGNAL_TEST_DEPENDENCY,REJECTED,TRUE
REQ04778,JOB04778,S&T,SEC_DAD_THA,27-03-2026,11.54,14.17,143,4,coordination opportunity,9,SIGNAL_TEST_SET,TRACTION_ISOLATION,REVIEW,TRUE
REQ04779,JOB04779,Engineering,SEC_THA_KAL,29-01-2026,15.14,16.56,102,2,preventive plan,4,TAMPER,NONE,REVIEW,TRUE
REQ04780,JOB04780,TRD,SEC_LON_TAL,06-03-2026,9.36,11.39,123,1,preventive plan,7,HAND_TOOLS,SIGNAL_TEST_DEPENDENCY,REJECTED,TRUE
REQ04781,JOB04781,Engineering,SEC_TAL_CHI,06-02-2026,12.12,12.50,38,3,overdue defect,5,HAND_TOOLS,TRACTION_ISOLATION,SUBMITTED,TRUE
REQ04782,JOB04782,TRD,SEC_KAR_KHA,02-02-2026,10.03,10.56,53,1,preventive plan,3,SIGNAL_TEST_SET,SIGNAL_TEST_DEPENDENCY,SUBMITTED,TRUE
REQ04783,JOB04783,S&T,SEC_KAR_KHA,25-03-2026,13.39,14.25,46,3,overdue defect,10,TAMPER,TRACTION_ISOLATION,REVIEW,TRUE
REQ04784,JOB04784,Engineering,SEC_DAD_THA,19-02-2026,9.04,9.40,36,2,coordination opportunity,6,TAMPER,SIGNAL_TEST_DEPENDENCY,REVIEW,TRUE
REQ04785,JOB04785,TRD,SEC_KAL_KAR,02-02-2026,19.12,20.12,60,2,safety correction,6,SIGNAL_TEST_SET,TRACTION_ISOLATION,SUBMITTED,TRUE
REQ04786,JOB04786,S&T,SEC_THA_KAL,16-03-2026,11.02,13.06,124,3,safety correction,4,HAND_TOOLS,ACCESS_REQUIRED,REVIEW,TRUE
REQ04787,JOB04787,S&T,SEC_TAL_CHI,01-01-2026,19.59,21.01,62,1,safety correction,5,HAND_TOOLS,ACCESS_REQUIRED,SUBMITTED,TRUE
REQ04788,JOB04788,Engineering,SEC_THA_KAL,17-02-2026,9.54,11.32,98,4,preventive plan,4,OHE_TEST_KIT,SIGNAL_TEST_DEPENDENCY,APPROVED,TRUE
REQ04789,JOB04789,TRD,SEC_KAL_KAR,12-03-2026,18.50,20.12,82,1,coordination opportunity,6,HAND_TOOLS,TRACTION_ISOLATION,APPROVED,TRUE
REQ04790,JOB04790,Engineering,SEC_TAL_CHI,07-01-2026,15.01,15.59,58,3,preventive plan,3,TAMPER,NONE,REJECTED,TRUE
REQ04791,JOB04791,S&T,SEC_MUM_DAD,29-03-2026,19.08,20.05,57,1,coordination opportunity,4,SIGNAL_TEST_SET,NONE,APPROVED,TRUE
REQ04792,JOB04792,TRD,SEC_TAL_CHI,01-02-2026,13.23,15.06,103,4,safety correction,5,LIFTING_UNIT,NONE,SUBMITTED,TRUE
REQ04793,JOB04793,Engineering,SEC_SHI_PUN,02-01-2026,16.51,19.13,142,2,preventive plan,5,HAND_TOOLS,ACCESS_REQUIRED,SUBMITTED,TRUE
REQ04794,JOB04794,S&T,SEC_THA_KAL,10-02-2026,13.13,14.20,67,3,preventive plan,10,LIFTING_UNIT,TRACTION_ISOLATION,REVIEW,TRUE
REQ04795,JOB04795,S&T,SEC_CHI_SHI,08-03-2026,18.02,19.31,89,2,safety correction,5,SIGNAL_TEST_SET,TRACTION_ISOLATION,APPROVED,TRUE
REQ04796,JOB04796,TRD,SEC_SHI_PUN,30-03-2026,13.46,15.23,97,2,preventive plan,9,TAMPER,TRACTION_ISOLATION,APPROVED,TRUE
REQ04797,JOB04797,TRD,SEC_KAL_KAR,01-02-2026,11.13,13.29,136,2,coordination opportunity,4,OHE_TEST_KIT,SIGNAL_TEST_DEPENDENCY,REVIEW,TRUE
REQ04798,JOB04798,TRD,SEC_CHI_SHI,09-03-2026,17.17,18.23,66,3,preventive plan,4,HAND_TOOLS,SIGNAL_TEST_DEPENDENCY,REJECTED,TRUE
REQ04799,JOB04799,S&T,SEC_THA_KAL,31-01-2026,6.19,7.45,86,3,preventive plan,5,OHE_TEST_KIT,SIGNAL_TEST_DEPENDENCY,SUBMITTED,TRUE
REQ04800,JOB04800,Engineering,SEC_SHI_PUN,06-03-2026,7.22,9.19,117,3,coordination opportunity,6,LIFTING_UNIT,SIGNAL_TEST_DEPENDENCY,APPROVED,TRUE
REQ04801,JOB04801,TRD,SEC_LON_TAL,15-02-2026,15.43,17.03,80,4,preventive plan,8,HAND_TOOLS,NONE,SUBMITTED,TRUE
REQ04802,JOB04802,S&T,SEC_SHI_PUN,20-02-2026,16.26,17.13,47,4,preventive plan,5,SIGNAL_TEST_SET,NONE,APPROVED,TRUE
REQ04803,JOB04803,Engineering,SEC_THA_KAL,19-01-2026,9.00,10.46,106,2,safety correction,6,SIGNAL_TEST_SET,NONE,REJECTED,TRUE
REQ04804,JOB04804,Engineering,SEC_DAD_THA,29-03-2026,8.45,10.33,108,2,coordination opportunity,3,TAMPER,TRACTION_ISOLATION,SUBMITTED,TRUE
REQ04805,JOB04805,TRD,SEC_MUM_DAD,03-02-2026,9.41,10.36,55,3,overdue defect,5,HAND_TOOLS,TRACTION_ISOLATION,REJECTED,TRUE
REQ04806,JOB04806,Engineering,SEC_THA_KAL,05-02-2026,10.44,12.32,108,2,preventive plan,10,TAMPER,ACCESS_REQUIRED,APPROVED,TRUE
REQ04807,JOB04807,Engineering,SEC_DAD_THA,22-02-2026,14.05,15.39,94,2,overdue defect,10,LIFTING_UNIT,ACCESS_REQUIRED,REJECTED,TRUE
REQ04808,JOB04808,TRD,SEC_TAL_CHI,14-03-2026,14.39,16.21,102,1,safety correction,9,HAND_TOOLS,SIGNAL_TEST_DEPENDENCY,APPROVED,TRUE
REQ04809,JOB04809,S&T,SEC_TAL_CHI,16-02-2026,13.25,15.18,113,2,preventive plan,5,HAND_TOOLS,NONE,SUBMITTED,TRUE
REQ04810,JOB04810,TRD,SEC_KAR_KHA,05-03-2026,10.28,11.52,84,1,preventive plan,3,OHE_TEST_KIT,ACCESS_REQUIRED,REJECTED,TRUE
REQ04811,JOB04811,S&T,SEC_THA_KAL,16-01-2026,10.42,12.28,106,4,preventive plan,5,HAND_TOOLS,ACCESS_REQUIRED,SUBMITTED,TRUE
REQ04812,JOB04812,TRD,SEC_KAR_KHA,14-03-2026,11.57,13.28,91,2,coordination opportunity,8,LIFTING_UNIT,ACCESS_REQUIRED,SUBMITTED,TRUE
REQ04813,JOB04813,S&T,SEC_TAL_CHI,29-01-2026,13.19,14.39,80,2,overdue defect,10,SIGNAL_TEST_SET,NONE,REJECTED,TRUE
REQ04814,JOB04814,S&T,SEC_CHI_SHI,28-02-2026,18.28,19.12,44,4,safety correction,5,SIGNAL_TEST_SET,ACCESS_REQUIRED,APPROVED,TRUE
REQ04815,JOB04815,S&T,SEC_KAL_KAR,28-01-2026,15.42,17.52,130,2,safety correction,10,TAMPER,ACCESS_REQUIRED,REJECTED,TRUE
REQ04816,JOB04816,S&T,SEC_KAL_KAR,06-02-2026,13.07,14.18,71,2,safety correction,9,HAND_TOOLS,ACCESS_REQUIRED,REVIEW,TRUE
REQ04817,JOB04817,TRD,SEC_SHI_PUN,29-01-2026,17.59,18.32,33,4,safety correction,4,LIFTING_UNIT,NONE,REJECTED,TRUE
REQ04818,JOB04818,Engineering,SEC_KAR_KHA,05-03-2026,6.38,8.26,108,3,overdue defect,3,OHE_TEST_KIT,ACCESS_REQUIRED,REVIEW,TRUE
REQ04819,JOB04819,TRD,SEC_KHA_LON,23-01-2026,8.05,10.16,131,2,coordination opportunity,8,OHE_TEST_KIT,NONE,SUBMITTED,TRUE
REQ04820,JOB04820,S&T,SEC_THA_KAL,16-03-2026,9.15,10.57,102,1,coordination opportunity,6,LIFTING_UNIT,ACCESS_REQUIRED,REJECTED,TRUE
REQ04821,JOB04821,Engineering,SEC_SHI_PUN,23-03-2026,17.53,18.45,52,3,safety correction,8,OHE_TEST_KIT,SIGNAL_TEST_DEPENDENCY,REJECTED,TRUE
REQ04822,JOB04822,Engineering,SEC_LON_TAL,31-03-2026,11.08,11.47,39,4,overdue defect,6,TAMPER,SIGNAL_TEST_DEPENDENCY,REJECTED,TRUE
REQ04823,JOB04823,TRD,SEC_LON_TAL,17-01-2026,11.31,12.55,84,4,safety correction,4,TAMPER,NONE,APPROVED,TRUE
REQ04824,JOB04824,Engineering,SEC_MUM_DAD,24-03-2026,9.24,11.50,146,2,safety correction,6,OHE_TEST_KIT,NONE,REJECTED,TRUE
REQ04825,JOB04825,Engineering,SEC_LON_TAL,14-01-2026,6.56,8.50,114,3,safety correction,7,SIGNAL_TEST_SET,NONE,REVIEW,TRUE
REQ04826,JOB04826,TRD,SEC_KHA_LON,24-02-2026,8.04,8.35,31,3,overdue defect,3,OHE_TEST_KIT,TRACTION_ISOLATION,REVIEW,TRUE
REQ04827,JOB04827,S&T,SEC_KAR_KHA,10-03-2026,9.03,10.36,93,4,coordination opportunity,10,LIFTING_UNIT,NONE,REJECTED,TRUE
REQ04828,JOB04828,TRD,SEC_KAR_KHA,28-02-2026,7.47,8.17,30,3,preventive plan,3,TAMPER,NONE,REVIEW,TRUE
REQ04829,JOB04829,TRD,SEC_THA_KAL,30-01-2026,8.47,9.55,68,4,overdue defect,7,OHE_TEST_KIT,TRACTION_ISOLATION,APPROVED,TRUE
REQ04830,JOB04830,S&T,SEC_CHI_SHI,14-02-2026,16.59,19.13,134,2,coordination opportunity,8,SIGNAL_TEST_SET,ACCESS_REQUIRED,SUBMITTED,TRUE
REQ04831,JOB04831,Engineering,SEC_DAD_THA,08-01-2026,16.00,18.12,132,2,safety correction,9,HAND_TOOLS,NONE,REVIEW,TRUE
REQ04832,JOB04832,TRD,SEC_DAD_THA,19-03-2026,11.03,11.36,33,3,safety correction,9,SIGNAL_TEST_SET,SIGNAL_TEST_DEPENDENCY,REVIEW,TRUE
REQ04833,JOB04833,Engineering,SEC_SHI_PUN,09-02-2026,15.19,17.24,125,3,coordination opportunity,3,HAND_TOOLS,TRACTION_ISOLATION,APPROVED,TRUE
REQ04834,JOB04834,Engineering,SEC_CHI_SHI,01-03-2026,17.33,18.08,35,1,coordination opportunity,7,HAND_TOOLS,TRACTION_ISOLATION,REJECTED,TRUE
REQ04835,JOB04835,Engineering,SEC_KAR_KHA,15-01-2026,6.20,7.26,66,3,coordination opportunity,7,SIGNAL_TEST_SET,NONE,APPROVED,TRUE
REQ04836,JOB04836,Engineering,SEC_LON_TAL,20-03-2026,14.56,16.03,67,1,safety correction,7,HAND_TOOLS,TRACTION_ISOLATION,APPROVED,TRUE
REQ04837,JOB04837,S&T,SEC_KAR_KHA,13-01-2026,15.41,16.22,41,4,overdue defect,5,OHE_TEST_KIT,SIGNAL_TEST_DEPENDENCY,APPROVED,TRUE
REQ04838,JOB04838,S&T,SEC_DAD_THA,11-01-2026,13.11,15.11,120,2,overdue defect,5,SIGNAL_TEST_SET,NONE,SUBMITTED,TRUE
REQ04839,JOB04839,Engineering,SEC_TAL_CHI,24-01-2026,6.00,8.19,139,4,preventive plan,6,TAMPER,SIGNAL_TEST_DEPENDENCY,APPROVED,TRUE
REQ04840,JOB04840,S&T,SEC_THA_KAL,15-01-2026,7.42,9.04,82,1,safety correction,4,SIGNAL_TEST_SET,SIGNAL_TEST_DEPENDENCY,REVIEW,TRUE
REQ04841,JOB04841,TRD,SEC_TAL_CHI,16-01-2026,14.48,16.30,102,3,coordination opportunity,10,LIFTING_UNIT,TRACTION_ISOLATION,REVIEW,TRUE
REQ04842,JOB04842,S&T,SEC_LON_TAL,02-03-2026,18.17,19.52,95,2,overdue defect,6,SIGNAL_TEST_SET,NONE,REJECTED,TRUE
REQ04843,JOB04843,Engineering,SEC_DAD_THA,25-01-2026,12.45,13.19,34,2,overdue defect,10,LIFTING_UNIT,TRACTION_ISOLATION,SUBMITTED,TRUE
REQ04844,JOB04844,Engineering,SEC_TAL_CHI,29-03-2026,11.15,13.34,139,4,preventive plan,10,TAMPER,TRACTION_ISOLATION,REVIEW,TRUE
REQ04845,JOB04845,Engineering,SEC_KHA_LON,22-03-2026,18.25,20.02,97,4,overdue defect,3,LIFTING_UNIT,SIGNAL_TEST_DEPENDENCY,APPROVED,TRUE
REQ04846,JOB04846,TRD,SEC_KHA_LON,17-03-2026,16.24,18.41,137,4,overdue defect,8,LIFTING_UNIT,NONE,REVIEW,TRUE
REQ04847,JOB04847,Engineering,SEC_SHI_PUN,01-03-2026,19.12,21.03,111,1,coordination opportunity,4,OHE_TEST_KIT,ACCESS_REQUIRED,REJECTED,TRUE
REQ04848,JOB04848,S&T,SEC_KHA_LON,24-01-2026,10.26,11.41,75,1,coordination opportunity,7,SIGNAL_TEST_SET,NONE,REVIEW,TRUE
REQ04849,JOB04849,TRD,SEC_THA_KAL,20-01-2026,7.34,9.55,141,4,preventive plan,5,HAND_TOOLS,ACCESS_REQUIRED,REVIEW,TRUE
REQ04850,JOB04850,Engineering,SEC_THA_KAL,28-03-2026,15.19,17.29,130,3,overdue defect,5,HAND_TOOLS,NONE,REJECTED,TRUE
REQ04851,JOB04851,S&T,SEC_DAD_THA,15-01-2026,19.58,22.09,131,2,preventive plan,4,SIGNAL_TEST_SET,NONE,SUBMITTED,TRUE
REQ04852,JOB04852,TRD,SEC_THA_KAL,13-03-2026,15.48,17.07,79,2,overdue defect,8,TAMPER,ACCESS_REQUIRED,SUBMITTED,TRUE
REQ04853,JOB04853,Engineering,SEC_SHI_PUN,22-01-2026,14.15,15.01,46,2,safety correction,9,OHE_TEST_KIT,TRACTION_ISOLATION,SUBMITTED,TRUE
REQ04854,JOB04854,TRD,SEC_KHA_LON,27-01-2026,18.11,20.13,122,3,preventive plan,9,SIGNAL_TEST_SET,NONE,REJECTED,TRUE
REQ04855,JOB04855,TRD,SEC_DAD_THA,08-02-2026,16.32,18.17,105,3,safety correction,9,OHE_TEST_KIT,ACCESS_REQUIRED,REVIEW,TRUE
REQ04856,JOB04856,S&T,SEC_KHA_LON,10-02-2026,16.17,18.08,111,2,safety correction,10,LIFTING_UNIT,SIGNAL_TEST_DEPENDENCY,REVIEW,TRUE
REQ04857,JOB04857,Engineering,SEC_CHI_SHI,13-03-2026,16.31,17.48,77,3,safety correction,6,SIGNAL_TEST_SET,ACCESS_REQUIRED,SUBMITTED,TRUE
REQ04858,JOB04858,S&T,SEC_LON_TAL,01-01-2026,14.13,16.30,137,3,safety correction,4,LIFTING_UNIT,ACCESS_REQUIRED,SUBMITTED,TRUE
REQ04859,JOB04859,S&T,SEC_KAR_KHA,17-01-2026,16.49,18.33,104,1,safety correction,3,OHE_TEST_KIT,TRACTION_ISOLATION,REJECTED,TRUE
REQ04860,JOB04860,Engineering,SEC_SHI_PUN,01-02-2026,7.32,9.15,103,2,safety correction,7,LIFTING_UNIT,ACCESS_REQUIRED,REJECTED,TRUE
REQ04861,JOB04861,S&T,SEC_KHA_LON,24-01-2026,6.35,8.39,124,1,coordination opportunity,4,OHE_TEST_KIT,TRACTION_ISOLATION,REVIEW,TRUE
REQ04862,JOB04862,S&T,SEC_THA_KAL,14-01-2026,17.09,19.24,135,1,overdue defect,9,OHE_TEST_KIT,TRACTION_ISOLATION,APPROVED,TRUE
REQ04863,JOB04863,S&T,SEC_SHI_PUN,01-01-2026,15.34,17.09,95,2,safety correction,5,SIGNAL_TEST_SET,NONE,SUBMITTED,TRUE
REQ04864,JOB04864,S&T,SEC_CHI_SHI,27-03-2026,6.03,8.17,134,1,coordination opportunity,3,HAND_TOOLS,TRACTION_ISOLATION,REVIEW,TRUE
REQ04865,JOB04865,Engineering,SEC_KHA_LON,14-01-2026,19.51,21.05,74,2,safety correction,4,SIGNAL_TEST_SET,SIGNAL_TEST_DEPENDENCY,SUBMITTED,TRUE
REQ04866,JOB04866,Engineering,SEC_TAL_CHI,28-02-2026,12.32,14.51,139,1,safety correction,7,TAMPER,SIGNAL_TEST_DEPENDENCY,REJECTED,TRUE
REQ04867,JOB04867,S&T,SEC_TAL_CHI,15-03-2026,7.26,8.42,76,1,overdue defect,3,HAND_TOOLS,NONE,APPROVED,TRUE
REQ04868,JOB04868,S&T,SEC_THA_KAL,29-01-2026,14.43,15.13,30,1,coordination opportunity,5,SIGNAL_TEST_SET,TRACTION_ISOLATION,SUBMITTED,TRUE
REQ04869,JOB04869,S&T,SEC_MUM_DAD,19-01-2026,7.19,9.43,144,4,preventive plan,3,OHE_TEST_KIT,NONE,REVIEW,TRUE
REQ04870,JOB04870,TRD,SEC_KAL_KAR,23-03-2026,13.30,15.10,100,4,coordination opportunity,9,LIFTING_UNIT,ACCESS_REQUIRED,APPROVED,TRUE
REQ04871,JOB04871,S&T,SEC_KHA_LON,21-03-2026,7.07,8.52,105,2,preventive plan,6,SIGNAL_TEST_SET,SIGNAL_TEST_DEPENDENCY,APPROVED,TRUE
REQ04872,JOB04872,TRD,SEC_KAR_KHA,05-01-2026,11.33,13.06,93,3,preventive plan,9,OHE_TEST_KIT,TRACTION_ISOLATION,APPROVED,TRUE
REQ04873,JOB04873,TRD,SEC_KAR_KHA,04-02-2026,15.30,16.41,71,2,overdue defect,10,OHE_TEST_KIT,SIGNAL_TEST_DEPENDENCY,SUBMITTED,TRUE
REQ04874,JOB04874,S&T,SEC_KHA_LON,08-02-2026,14.29,16.35,126,1,coordination opportunity,7,HAND_TOOLS,NONE,REJECTED,TRUE
REQ04875,JOB04875,TRD,SEC_DAD_THA,02-01-2026,17.58,19.01,63,4,coordination opportunity,6,SIGNAL_TEST_SET,ACCESS_REQUIRED,REVIEW,TRUE
REQ04876,JOB04876,Engineering,SEC_LON_TAL,28-03-2026,8.20,10.37,137,3,safety correction,3,SIGNAL_TEST_SET,ACCESS_REQUIRED,SUBMITTED,TRUE
REQ04877,JOB04877,Engineering,SEC_KHA_LON,24-01-2026,6.11,6.58,47,4,coordination opportunity,7,SIGNAL_TEST_SET,SIGNAL_TEST_DEPENDENCY,SUBMITTED,TRUE
REQ04878,JOB04878,TRD,SEC_LON_TAL,08-03-2026,17.24,19.40,136,2,preventive plan,7,SIGNAL_TEST_SET,SIGNAL_TEST_DEPENDENCY,APPROVED,TRUE
REQ04879,JOB04879,S&T,SEC_MUM_DAD,05-01-2026,10.28,12.37,129,3,safety correction,8,SIGNAL_TEST_SET,TRACTION_ISOLATION,REJECTED,TRUE
REQ04880,JOB04880,S&T,SEC_SHI_PUN,03-02-2026,15.29,16.43,74,2,safety correction,5,OHE_TEST_KIT,TRACTION_ISOLATION,SUBMITTED,TRUE
REQ04881,JOB04881,Engineering,SEC_DAD_THA,16-03-2026,15.06,15.41,35,1,coordination opportunity,10,TAMPER,TRACTION_ISOLATION,APPROVED,TRUE
REQ04882,JOB04882,Engineering,SEC_DAD_THA,28-01-2026,8.02,8.35,33,2,preventive plan,6,OHE_TEST_KIT,ACCESS_REQUIRED,SUBMITTED,TRUE
REQ04883,JOB04883,TRD,SEC_TAL_CHI,28-03-2026,19.47,21.44,117,4,coordination opportunity,3,LIFTING_UNIT,TRACTION_ISOLATION,SUBMITTED,TRUE
REQ04884,JOB04884,TRD,SEC_KAL_KAR,23-03-2026,12.07,12.58,51,2,preventive plan,5,LIFTING_UNIT,SIGNAL_TEST_DEPENDENCY,REVIEW,TRUE
REQ04885,JOB04885,TRD,SEC_MUM_DAD,20-03-2026,19.40,20.42,62,4,coordination opportunity,10,SIGNAL_TEST_SET,ACCESS_REQUIRED,SUBMITTED,TRUE
REQ04886,JOB04886,S&T,SEC_KAR_KHA,07-02-2026,9.06,11.30,144,1,safety correction,8,SIGNAL_TEST_SET,NONE,SUBMITTED,TRUE
REQ04887,JOB04887,TRD,SEC_MUM_DAD,15-03-2026,13.35,14.11,36,1,preventive plan,4,TAMPER,TRACTION_ISOLATION,APPROVED,TRUE
REQ04888,JOB04888,Engineering,SEC_MUM_DAD,23-01-2026,20.00,21.09,69,1,overdue defect,8,HAND_TOOLS,SIGNAL_TEST_DEPENDENCY,APPROVED,TRUE
REQ04889,JOB04889,TRD,SEC_MUM_DAD,12-01-2026,16.39,17.16,37,1,coordination opportunity,5,TAMPER,TRACTION_ISOLATION,REVIEW,TRUE
REQ04890,JOB04890,Engineering,SEC_DAD_THA,08-02-2026,13.49,15.59,130,3,safety correction,8,TAMPER,SIGNAL_TEST_DEPENDENCY,APPROVED,TRUE
REQ04891,JOB04891,S&T,SEC_SHI_PUN,09-03-2026,19.57,21.15,78,4,coordination opportunity,3,LIFTING_UNIT,NONE,APPROVED,TRUE
REQ04892,JOB04892,Engineering,SEC_LON_TAL,06-01-2026,15.13,16.28,75,1,preventive plan,7,SIGNAL_TEST_SET,NONE,REVIEW,TRUE
REQ04893,JOB04893,TRD,SEC_KHA_LON,16-02-2026,9.24,11.07,103,3,overdue defect,5,TAMPER,TRACTION_ISOLATION,SUBMITTED,TRUE
REQ04894,JOB04894,Engineering,SEC_LON_TAL,24-01-2026,12.32,13.26,54,1,preventive plan,3,TAMPER,SIGNAL_TEST_DEPENDENCY,REVIEW,TRUE
REQ04895,JOB04895,TRD,SEC_THA_KAL,09-01-2026,9.37,11.14,97,2,preventive plan,5,LIFTING_UNIT,SIGNAL_TEST_DEPENDENCY,APPROVED,TRUE
REQ04896,JOB04896,Engineering,SEC_CHI_SHI,15-02-2026,16.11,17.34,83,1,overdue defect,8,LIFTING_UNIT,TRACTION_ISOLATION,APPROVED,TRUE
REQ04897,JOB04897,S&T,SEC_DAD_THA,07-03-2026,11.00,12.44,104,2,safety correction,3,OHE_TEST_KIT,NONE,SUBMITTED,TRUE
REQ04898,JOB04898,TRD,SEC_DAD_THA,12-02-2026,8.17,8.47,30,4,safety correction,4,LIFTING_UNIT,ACCESS_REQUIRED,SUBMITTED,TRUE
REQ04899,JOB04899,S&T,SEC_MUM_DAD,21-03-2026,8.58,11.11,133,2,preventive plan,3,LIFTING_UNIT,TRACTION_ISOLATION,APPROVED,TRUE
REQ04900,JOB04900,Engineering,SEC_TAL_CHI,13-03-2026,6.35,8.45,130,4,preventive plan,6,SIGNAL_TEST_SET,SIGNAL_TEST_DEPENDENCY,REJECTED,TRUE
REQ04901,JOB04901,Engineering,SEC_LON_TAL,14-01-2026,9.55,11.55,120,4,safety correction,10,HAND_TOOLS,TRACTION_ISOLATION,SUBMITTED,TRUE
REQ04902,JOB04902,Engineering,SEC_LON_TAL,15-02-2026,12.47,13.26,39,2,coordination opportunity,8,SIGNAL_TEST_SET,NONE,APPROVED,TRUE
REQ04903,JOB04903,Engineering,SEC_TAL_CHI,27-03-2026,8.21,9.33,72,4,overdue defect,3,LIFTING_UNIT,TRACTION_ISOLATION,REVIEW,TRUE
REQ04904,JOB04904,Engineering,SEC_TAL_CHI,23-03-2026,14.19,16.08,109,3,preventive plan,7,LIFTING_UNIT,TRACTION_ISOLATION,REJECTED,TRUE
REQ04905,JOB04905,TRD,SEC_KAR_KHA,06-02-2026,19.53,21.36,103,3,preventive plan,8,SIGNAL_TEST_SET,SIGNAL_TEST_DEPENDENCY,REJECTED,TRUE
REQ04906,JOB04906,Engineering,SEC_CHI_SHI,26-02-2026,16.02,18.29,147,3,safety correction,6,TAMPER,TRACTION_ISOLATION,REJECTED,TRUE
REQ04907,JOB04907,TRD,SEC_MUM_DAD,13-01-2026,18.29,20.49,140,2,safety correction,10,HAND_TOOLS,NONE,APPROVED,TRUE
REQ04908,JOB04908,TRD,SEC_LON_TAL,17-02-2026,12.27,13.29,62,3,preventive plan,5,HAND_TOOLS,TRACTION_ISOLATION,REVIEW,TRUE
REQ04909,JOB04909,Engineering,SEC_KAL_KAR,21-03-2026,11.03,12.23,80,4,safety correction,10,LIFTING_UNIT,ACCESS_REQUIRED,SUBMITTED,TRUE
REQ04910,JOB04910,Engineering,SEC_KHA_LON,22-02-2026,10.36,11.38,62,1,overdue defect,5,SIGNAL_TEST_SET,ACCESS_REQUIRED,SUBMITTED,TRUE
REQ04911,JOB04911,Engineering,SEC_TAL_CHI,11-03-2026,17.36,18.47,71,4,coordination opportunity,8,LIFTING_UNIT,NONE,APPROVED,TRUE
REQ04912,JOB04912,TRD,SEC_KAR_KHA,05-01-2026,13.05,15.19,134,1,overdue defect,10,SIGNAL_TEST_SET,NONE,APPROVED,TRUE
REQ04913,JOB04913,S&T,SEC_KAL_KAR,13-03-2026,15.14,16.09,55,3,preventive plan,5,LIFTING_UNIT,SIGNAL_TEST_DEPENDENCY,APPROVED,TRUE
REQ04914,JOB04914,S&T,SEC_MUM_DAD,13-01-2026,18.29,19.29,60,2,safety correction,9,OHE_TEST_KIT,ACCESS_REQUIRED,REJECTED,TRUE
REQ04915,JOB04915,TRD,SEC_KAR_KHA,17-01-2026,12.56,13.42,46,4,safety correction,9,LIFTING_UNIT,TRACTION_ISOLATION,REVIEW,TRUE
REQ04916,JOB04916,S&T,SEC_KAR_KHA,19-02-2026,18.30,19.09,39,4,preventive plan,9,LIFTING_UNIT,TRACTION_ISOLATION,REJECTED,TRUE
REQ04917,JOB04917,Engineering,SEC_SHI_PUN,23-01-2026,11.31,12.12,41,1,overdue defect,10,TAMPER,TRACTION_ISOLATION,REVIEW,TRUE
REQ04918,JOB04918,Engineering,SEC_DAD_THA,04-03-2026,11.04,12.32,88,3,safety correction,8,SIGNAL_TEST_SET,NONE,SUBMITTED,TRUE
REQ04919,JOB04919,S&T,SEC_KHA_LON,28-03-2026,16.48,19.11,143,3,coordination opportunity,5,HAND_TOOLS,NONE,SUBMITTED,TRUE
REQ04920,JOB04920,TRD,SEC_SHI_PUN,19-01-2026,18.37,21.06,149,2,safety correction,4,SIGNAL_TEST_SET,NONE,REVIEW,TRUE
REQ04921,JOB04921,S&T,SEC_DAD_THA,24-01-2026,19.59,21.58,119,4,safety correction,9,LIFTING_UNIT,NONE,APPROVED,TRUE
REQ04922,JOB04922,Engineering,SEC_KAR_KHA,23-01-2026,10.23,12.11,108,2,coordination opportunity,10,SIGNAL_TEST_SET,NONE,REVIEW,TRUE
REQ04923,JOB04923,TRD,SEC_KAR_KHA,23-01-2026,6.43,8.30,107,2,preventive plan,10,LIFTING_UNIT,TRACTION_ISOLATION,REJECTED,TRUE
REQ04924,JOB04924,S&T,SEC_KAR_KHA,16-02-2026,18.48,19.43,55,3,safety correction,3,OHE_TEST_KIT,TRACTION_ISOLATION,REVIEW,TRUE
REQ04925,JOB04925,Engineering,SEC_SHI_PUN,13-02-2026,8.01,9.16,75,3,overdue defect,9,HAND_TOOLS,NONE,SUBMITTED,TRUE
REQ04926,JOB04926,S&T,SEC_MUM_DAD,06-02-2026,17.39,19.22,103,3,preventive plan,7,HAND_TOOLS,NONE,REVIEW,TRUE
REQ04927,JOB04927,Engineering,SEC_DAD_THA,19-03-2026,9.28,10.34,66,4,safety correction,5,SIGNAL_TEST_SET,TRACTION_ISOLATION,SUBMITTED,TRUE
REQ04928,JOB04928,S&T,SEC_THA_KAL,11-02-2026,9.37,11.08,91,3,preventive plan,9,TAMPER,ACCESS_REQUIRED,REJECTED,TRUE
REQ04929,JOB04929,S&T,SEC_TAL_CHI,11-02-2026,13.25,15.35,130,2,safety correction,10,SIGNAL_TEST_SET,TRACTION_ISOLATION,REJECTED,TRUE
REQ04930,JOB04930,TRD,SEC_KAL_KAR,22-03-2026,8.41,9.28,47,2,overdue defect,8,OHE_TEST_KIT,TRACTION_ISOLATION,SUBMITTED,TRUE
REQ04931,JOB04931,Engineering,SEC_KAL_KAR,03-01-2026,15.13,16.07,54,3,preventive plan,6,HAND_TOOLS,TRACTION_ISOLATION,REJECTED,TRUE
REQ04932,JOB04932,Engineering,SEC_KAL_KAR,11-01-2026,10.35,11.23,48,1,overdue defect,6,TAMPER,SIGNAL_TEST_DEPENDENCY,REVIEW,TRUE
REQ04933,JOB04933,Engineering,SEC_LON_TAL,16-02-2026,6.13,8.24,131,1,overdue defect,4,LIFTING_UNIT,NONE,REJECTED,TRUE
REQ04934,JOB04934,S&T,SEC_CHI_SHI,02-02-2026,7.38,10.02,144,4,safety correction,6,TAMPER,ACCESS_REQUIRED,APPROVED,TRUE
REQ04935,JOB04935,TRD,SEC_MUM_DAD,03-03-2026,15.29,16.59,90,3,overdue defect,6,SIGNAL_TEST_SET,TRACTION_ISOLATION,SUBMITTED,TRUE
REQ04936,JOB04936,TRD,SEC_SHI_PUN,20-02-2026,9.22,11.00,98,1,overdue defect,8,TAMPER,TRACTION_ISOLATION,SUBMITTED,TRUE
REQ04937,JOB04937,S&T,SEC_CHI_SHI,23-01-2026,7.30,9.58,148,2,safety correction,4,TAMPER,TRACTION_ISOLATION,SUBMITTED,TRUE
REQ04938,JOB04938,TRD,SEC_KHA_LON,20-01-2026,12.50,13.52,62,2,preventive plan,3,HAND_TOOLS,NONE,REJECTED,TRUE
REQ04939,JOB04939,TRD,SEC_KAR_KHA,24-02-2026,15.13,16.21,68,4,preventive plan,6,SIGNAL_TEST_SET,ACCESS_REQUIRED,REVIEW,TRUE
REQ04940,JOB04940,TRD,SEC_DAD_THA,13-03-2026,18.50,21.11,141,2,safety correction,7,TAMPER,SIGNAL_TEST_DEPENDENCY,APPROVED,TRUE
REQ04941,JOB04941,TRD,SEC_TAL_CHI,01-03-2026,10.41,11.43,62,3,overdue defect,4,OHE_TEST_KIT,ACCESS_REQUIRED,APPROVED,TRUE
REQ04942,JOB04942,S&T,SEC_DAD_THA,29-01-2026,8.38,9.41,63,3,coordination opportunity,6,OHE_TEST_KIT,ACCESS_REQUIRED,APPROVED,TRUE
REQ04943,JOB04943,S&T,SEC_MUM_DAD,21-02-2026,16.05,17.01,56,1,coordination opportunity,6,SIGNAL_TEST_SET,ACCESS_REQUIRED,REJECTED,TRUE
REQ04944,JOB04944,S&T,SEC_MUM_DAD,19-02-2026,10.01,12.18,137,2,overdue defect,6,TAMPER,NONE,SUBMITTED,TRUE
REQ04945,JOB04945,TRD,SEC_THA_KAL,01-02-2026,8.33,10.12,99,3,overdue defect,8,HAND_TOOLS,TRACTION_ISOLATION,REJECTED,TRUE
REQ04946,JOB04946,S&T,SEC_DAD_THA,22-02-2026,6.16,8.29,133,1,coordination opportunity,7,TAMPER,ACCESS_REQUIRED,REVIEW,TRUE
REQ04947,JOB04947,Engineering,SEC_MUM_DAD,02-02-2026,13.12,14.09,57,4,coordination opportunity,4,SIGNAL_TEST_SET,SIGNAL_TEST_DEPENDENCY,APPROVED,TRUE
REQ04948,JOB04948,TRD,SEC_THA_KAL,14-02-2026,11.44,13.45,121,3,preventive plan,6,HAND_TOOLS,TRACTION_ISOLATION,REJECTED,TRUE
REQ04949,JOB04949,Engineering,SEC_KAR_KHA,10-01-2026,19.18,20.26,68,1,coordination opportunity,4,HAND_TOOLS,ACCESS_REQUIRED,APPROVED,TRUE
REQ04950,JOB04950,TRD,SEC_THA_KAL,07-03-2026,7.02,7.54,52,4,preventive plan,3,OHE_TEST_KIT,NONE,REJECTED,TRUE
REQ04951,JOB04951,Engineering,SEC_SHI_PUN,28-03-2026,8.29,9.07,38,4,preventive plan,9,TAMPER,SIGNAL_TEST_DEPENDENCY,REVIEW,TRUE
REQ04952,JOB04952,Engineering,SEC_THA_KAL,09-02-2026,9.55,10.33,38,4,overdue defect,5,OHE_TEST_KIT,SIGNAL_TEST_DEPENDENCY,REJECTED,TRUE
REQ04953,JOB04953,Engineering,SEC_LON_TAL,12-01-2026,9.42,11.59,137,3,coordination opportunity,7,OHE_TEST_KIT,ACCESS_REQUIRED,SUBMITTED,TRUE
REQ04954,JOB04954,TRD,SEC_KHA_LON,11-02-2026,10.28,12.40,132,3,safety correction,5,SIGNAL_TEST_SET,SIGNAL_TEST_DEPENDENCY,SUBMITTED,TRUE
REQ04955,JOB04955,Engineering,SEC_THA_KAL,06-02-2026,6.11,7.21,70,1,coordination opportunity,10,TAMPER,TRACTION_ISOLATION,SUBMITTED,TRUE
REQ04956,JOB04956,Engineering,SEC_DAD_THA,31-01-2026,6.49,7.19,30,3,preventive plan,3,OHE_TEST_KIT,TRACTION_ISOLATION,APPROVED,TRUE
REQ04957,JOB04957,TRD,SEC_LON_TAL,15-01-2026,11.18,13.42,144,3,coordination opportunity,3,SIGNAL_TEST_SET,TRACTION_ISOLATION,APPROVED,TRUE
REQ04958,JOB04958,S&T,SEC_DAD_THA,18-01-2026,6.59,7.53,54,4,safety correction,4,HAND_TOOLS,ACCESS_REQUIRED,SUBMITTED,TRUE
REQ04959,JOB04959,TRD,SEC_MUM_DAD,25-01-2026,8.36,9.25,49,3,overdue defect,4,TAMPER,TRACTION_ISOLATION,SUBMITTED,TRUE
REQ04960,JOB04960,TRD,SEC_CHI_SHI,22-01-2026,11.13,13.17,124,3,preventive plan,4,OHE_TEST_KIT,NONE,REVIEW,TRUE
REQ04961,JOB04961,TRD,SEC_DAD_THA,16-03-2026,9.10,10.43,93,2,safety correction,6,LIFTING_UNIT,NONE,APPROVED,TRUE
REQ04962,JOB04962,Engineering,SEC_THA_KAL,17-02-2026,18.54,19.49,55,3,preventive plan,9,HAND_TOOLS,SIGNAL_TEST_DEPENDENCY,APPROVED,TRUE
REQ04963,JOB04963,TRD,SEC_MUM_DAD,16-02-2026,15.31,16.54,83,1,safety correction,4,HAND_TOOLS,NONE,APPROVED,TRUE
REQ04964,JOB04964,Engineering,SEC_KAR_KHA,11-01-2026,18.31,20.20,109,1,overdue defect,9,TAMPER,SIGNAL_TEST_DEPENDENCY,REJECTED,TRUE
REQ04965,JOB04965,S&T,SEC_DAD_THA,27-03-2026,9.45,10.26,41,2,preventive plan,5,TAMPER,NONE,REVIEW,TRUE
REQ04966,JOB04966,S&T,SEC_TAL_CHI,11-03-2026,14.54,16.28,94,3,preventive plan,4,HAND_TOOLS,NONE,SUBMITTED,TRUE
REQ04967,JOB04967,Engineering,SEC_KAR_KHA,16-02-2026,11.10,11.52,42,4,preventive plan,10,SIGNAL_TEST_SET,TRACTION_ISOLATION,SUBMITTED,TRUE
REQ04968,JOB04968,Engineering,SEC_DAD_THA,06-01-2026,9.36,11.45,129,2,coordination opportunity,3,HAND_TOOLS,NONE,SUBMITTED,TRUE
REQ04969,JOB04969,TRD,SEC_TAL_CHI,09-02-2026,11.04,12.34,90,3,coordination opportunity,5,OHE_TEST_KIT,NONE,REVIEW,TRUE
REQ04970,JOB04970,S&T,SEC_MUM_DAD,05-01-2026,9.43,11.42,119,4,overdue defect,6,OHE_TEST_KIT,ACCESS_REQUIRED,REJECTED,TRUE
REQ04971,JOB04971,TRD,SEC_KAR_KHA,31-01-2026,10.51,13.05,134,3,overdue defect,4,SIGNAL_TEST_SET,ACCESS_REQUIRED,APPROVED,TRUE
REQ04972,JOB04972,Engineering,SEC_LON_TAL,04-03-2026,7.11,9.28,137,2,preventive plan,4,HAND_TOOLS,ACCESS_REQUIRED,REJECTED,TRUE
REQ04973,JOB04973,S&T,SEC_KAL_KAR,11-03-2026,8.33,10.40,127,4,preventive plan,9,HAND_TOOLS,ACCESS_REQUIRED,REJECTED,TRUE
REQ04974,JOB04974,S&T,SEC_SHI_PUN,09-01-2026,18.17,20.41,144,1,preventive plan,3,SIGNAL_TEST_SET,SIGNAL_TEST_DEPENDENCY,SUBMITTED,TRUE
REQ04975,JOB04975,TRD,SEC_CHI_SHI,31-01-2026,16.10,18.20,130,3,safety correction,3,SIGNAL_TEST_SET,TRACTION_ISOLATION,REJECTED,TRUE
REQ04976,JOB04976,S&T,SEC_CHI_SHI,15-01-2026,14.44,17.14,150,4,coordination opportunity,7,TAMPER,NONE,REVIEW,TRUE
REQ04977,JOB04977,TRD,SEC_KAL_KAR,23-03-2026,8.43,10.37,114,2,safety correction,8,TAMPER,ACCESS_REQUIRED,REVIEW,TRUE
REQ04978,JOB04978,S&T,SEC_SHI_PUN,05-01-2026,12.53,13.31,38,3,safety correction,7,SIGNAL_TEST_SET,SIGNAL_TEST_DEPENDENCY,SUBMITTED,TRUE
REQ04979,JOB04979,S&T,SEC_SHI_PUN,25-03-2026,14.02,15.32,90,2,safety correction,10,TAMPER,NONE,SUBMITTED,TRUE
REQ04980,JOB04980,Engineering,SEC_THA_KAL,10-01-2026,17.46,20.12,146,4,coordination opportunity,7,SIGNAL_TEST_SET,ACCESS_REQUIRED,SUBMITTED,TRUE
REQ04981,JOB04981,Engineering,SEC_DAD_THA,22-01-2026,12.58,15.22,144,2,preventive plan,6,TAMPER,NONE,APPROVED,TRUE
REQ04982,JOB04982,Engineering,SEC_LON_TAL,16-01-2026,6.35,7.21,46,1,preventive plan,9,LIFTING_UNIT,TRACTION_ISOLATION,REJECTED,TRUE
REQ04983,JOB04983,TRD,SEC_MUM_DAD,05-01-2026,7.41,9.41,120,1,safety correction,8,OHE_TEST_KIT,SIGNAL_TEST_DEPENDENCY,REJECTED,TRUE
REQ04984,JOB04984,TRD,SEC_KAR_KHA,28-01-2026,14.42,17.11,149,4,preventive plan,6,HAND_TOOLS,NONE,APPROVED,TRUE
REQ04985,JOB04985,Engineering,SEC_KHA_LON,18-02-2026,17.12,18.47,95,4,coordination opportunity,10,SIGNAL_TEST_SET,SIGNAL_TEST_DEPENDENCY,REJECTED,TRUE
REQ04986,JOB04986,Engineering,SEC_TAL_CHI,05-02-2026,18.01,20.18,137,3,safety correction,10,TAMPER,NONE,APPROVED,TRUE
REQ04987,JOB04987,TRD,SEC_MUM_DAD,10-03-2026,13.32,15.40,128,4,overdue defect,3,HAND_TOOLS,TRACTION_ISOLATION,APPROVED,TRUE
REQ04988,JOB04988,S&T,SEC_THA_KAL,02-02-2026,8.06,9.26,80,1,safety correction,4,LIFTING_UNIT,ACCESS_REQUIRED,REVIEW,TRUE
REQ04989,JOB04989,TRD,SEC_KAR_KHA,26-03-2026,8.58,10.23,85,1,preventive plan,4,TAMPER,SIGNAL_TEST_DEPENDENCY,SUBMITTED,TRUE
REQ04990,JOB04990,TRD,SEC_LON_TAL,17-02-2026,16.13,17.21,68,3,safety correction,6,TAMPER,NONE,APPROVED,TRUE
REQ04991,JOB04991,Engineering,SEC_TAL_CHI,10-01-2026,12.55,14.01,66,1,overdue defect,4,TAMPER,SIGNAL_TEST_DEPENDENCY,REVIEW,TRUE
REQ04992,JOB04992,Engineering,SEC_KAR_KHA,17-03-2026,18.49,21.17,148,2,preventive plan,3,LIFTING_UNIT,ACCESS_REQUIRED,REJECTED,TRUE
REQ04993,JOB04993,TRD,SEC_CHI_SHI,24-02-2026,17.05,19.17,132,2,preventive plan,7,LIFTING_UNIT,ACCESS_REQUIRED,APPROVED,TRUE
REQ04994,JOB04994,Engineering,SEC_KAL_KAR,23-02-2026,7.16,8.59,103,1,safety correction,3,HAND_TOOLS,TRACTION_ISOLATION,REJECTED,TRUE
REQ04995,JOB04995,TRD,SEC_MUM_DAD,12-01-2026,11.44,13.55,131,1,coordination opportunity,7,TAMPER,ACCESS_REQUIRED,APPROVED,TRUE
REQ04996,JOB04996,TRD,SEC_TAL_CHI,18-01-2026,14.49,16.01,72,3,preventive plan,5,SIGNAL_TEST_SET,ACCESS_REQUIRED,REVIEW,TRUE
REQ04997,JOB04997,Engineering,SEC_KHA_LON,20-03-2026,8.36,10.45,129,3,preventive plan,9,SIGNAL_TEST_SET,SIGNAL_TEST_DEPENDENCY,REJECTED,TRUE
REQ04998,JOB04998,Engineering,SEC_LON_TAL,03-02-2026,7.45,8.23,38,2,overdue defect,9,TAMPER,NONE,REJECTED,TRUE
REQ04999,JOB04999,Engineering,SEC_LON_TAL,12-01-2026,16.01,16.31,30,3,preventive plan,4,LIFTING_UNIT,SIGNAL_TEST_DEPENDENCY,APPROVED,TRUE
REQ05000,JOB05000,Engineering,SEC_KAR_KHA,18-03-2026,12.28,14.51,143,4,safety correction,9,OHE_TEST_KIT,NONE,REJECTED,TRUE
