availability_id,section_id,date,start_time,end_time,availability_status,reason,train_density,maintenance_allowed,synthetic_flag
AV00001,SEC_KAR_KHA,03-02-2026,4.08,6.22,RESTRICTED,synthetic planned availability window,HIGH,TRUE,TRUE
AV00002,SEC_KAL_KAR,11-03-2026,14.01,16.18,AVAILABLE,synthetic planned availability window,MEDIUM,TRUE,TRUE
AV00003,SEC_TAL_CHI,17-01-2026,13.34,16.29,AVAILABLE,synthetic planned availability window,LOW,TRUE,TRUE
AV00004,SEC_THA_KAL,28-01-2026,12.58,14.19,AVAILABLE,synthetic planned availability window,LOW,TRUE,TRUE
AV00005,SEC_KAR_KHA,27-02-2026,8.44,11.35,UNAVAILABLE,synthetic planned availability window,MEDIUM,TRUE,TRUE
AV00006,SEC_CHI_SHI,02-03-2026,21.44,23.47,AVAILABLE,synthetic planned availability window,HIGH,TRUE,TRUE
AV00007,SEC_KHA_LON,22-03-2026,1.52,3.56,AVAILABLE,synthetic planned availability window,HIGH,FALSE,TRUE
AV00008,SEC_KHA_LON,07-01-2026,17.12,19.56,UNAVAILABLE,synthetic planned availability window,LOW,TRUE,TRUE
AV00009,SEC_THA_KAL,31-01-2026,19.43,21.18,RESTRICTED,synthetic planned availability window,HIGH,FALSE,TRUE
AV00010,SEC_KAR_KHA,27-01-2026,1.58,4.50,RESTRICTED,synthetic planned availability window,LOW,TRUE,TRUE
AV00011,SEC_SHI_PUN,12-02-2026,0.00,1.02,UNAVAILABLE,synthetic planned availability window,HIGH,TRUE,TRUE
AV00012,SEC_KAR_KHA,23-02-2026,5.38,6.44,UNAVAILABLE,synthetic planned availability window,LOW,TRUE,TRUE
AV00013,SEC_DAD_THA,07-03-2026,1.48,4.38,RESTRICTED,synthetic planned availability window,HIGH,TRUE,TRUE
AV00014,SEC_THA_KAL,21-02-2026,19.39,22.06,UNAVAILABLE,synthetic planned availability window,MEDIUM,TRUE,TRUE
AV00015,SEC_DAD_THA,17-02-2026,2.45,4.18,AVAILABLE,synthetic planned availability window,MEDIUM,TRUE,TRUE
AV00016,SEC_SHI_PUN,11-01-2026,2.23,5.20,AVAILABLE,synthetic planned availability window,MEDIUM,FALSE,TRUE
AV00017,SEC_TAL_CHI,01-02-2026,13.17,15.17,AVAILABLE,synthetic planned availability window,MEDIUM,TRUE,TRUE
AV00018,SEC_CHI_SHI,12-01-2026,12.37,14.05,AVAILABLE,synthetic planned availability window,HIGH,TRUE,TRUE
AV00019,SEC_MUM_DAD,28-02-2026,19.21,21.28,RESTRICTED,synthetic planned availability window,HIGH,FALSE,TRUE
AV00020,SEC_SHI_PUN,14-01-2026,18.08,20.34,AVAILABLE,synthetic planned availability window,LOW,TRUE,TRUE
AV00021,SEC_THA_KAL,15-03-2026,18.21,20.21,RESTRICTED,synthetic planned availability window,LOW,TRUE,TRUE
AV00022,SEC_KAR_KHA,14-03-2026,20.49,22.50,UNAVAILABLE,synthetic planned availability window,LOW,FALSE,TRUE
AV00023,SEC_SHI_PUN,11-02-2026,14.40,17.12,RESTRICTED,synthetic planned availability window,MEDIUM,TRUE,TRUE
AV00024,SEC_THA_KAL,05-03-2026,11.02,13.25,AVAILABLE,synthetic planned availability window,HIGH,TRUE,TRUE
AV00025,SEC_KHA_LON,11-02-2026,7.43,9.55,AVAILABLE,synthetic planned availability window,MEDIUM,TRUE,TRUE
AV00026,SEC_KAL_KAR,16-01-2026,12.28,14.50,AVAILABLE,synthetic planned availability window,LOW,FALSE,TRUE
AV00027,SEC_DAD_THA,01-03-2026,19.41,21.26,RESTRICTED,synthetic planned availability window,MEDIUM,FALSE,TRUE
AV00028,SEC_THA_KAL,01-01-2026,12.55,14.33,AVAILABLE,synthetic planned availability window,HIGH,FALSE,TRUE
AV00029,SEC_KHA_LON,01-02-2026,1.59,3.17,RESTRICTED,synthetic planned availability window,LOW,TRUE,TRUE
AV00030,SEC_KAL_KAR,12-02-2026,5.40,8.09,RESTRICTED,synthetic planned availability window,HIGH,TRUE,TRUE
AV00031,SEC_MUM_DAD,14-01-2026,20.32,21.53,UNAVAILABLE,synthetic planned availability window,LOW,TRUE,TRUE
AV00032,SEC_MUM_DAD,17-02-2026,7.02,9.00,AVAILABLE,synthetic planned availability window,HIGH,TRUE,TRUE
AV00033,SEC_KHA_LON,13-03-2026,15.12,18.12,UNAVAILABLE,synthetic planned availability window,HIGH,TRUE,TRUE
AV00034,SEC_TAL_CHI,17-02-2026,20.48,21.54,RESTRICTED,synthetic planned availability window,MEDIUM,FALSE,TRUE
AV00035,SEC_TAL_CHI,19-01-2026,13.26,15.20,AVAILABLE,synthetic planned availability window,LOW,TRUE,TRUE
AV00036,SEC_THA_KAL,01-01-2026,8.05,9.52,RESTRICTED,synthetic planned availability window,LOW,FALSE,TRUE
AV00037,SEC_KAL_KAR,06-03-2026,17.32,20.19,AVAILABLE,synthetic planned availability window,HIGH,FALSE,TRUE
AV00038,SEC_KHA_LON,16-02-2026,8.27,11.18,UNAVAILABLE,synthetic planned availability window,LOW,TRUE,TRUE
AV00039,SEC_LON_TAL,12-03-2026,5.05,6.39,RESTRICTED,synthetic planned availability window,MEDIUM,TRUE,TRUE
AV00040,SEC_THA_KAL,23-01-2026,13.35,15.56,AVAILABLE,synthetic planned availability window,MEDIUM,TRUE,TRUE
AV00041,SEC_MUM_DAD,29-01-2026,4.33,6.50,RESTRICTED,synthetic planned availability window,MEDIUM,TRUE,TRUE
AV00042,SEC_THA_KAL,21-02-2026,20.09,22.40,RESTRICTED,synthetic planned availability window,LOW,FALSE,TRUE
AV00043,SEC_MUM_DAD,24-03-2026,19.30,20.58,UNAVAILABLE,synthetic planned availability window,LOW,FALSE,TRUE
AV00044,SEC_THA_KAL,21-02-2026,3.16,5.07,AVAILABLE,synthetic planned availability window,HIGH,TRUE,TRUE
AV00045,SEC_SHI_PUN,07-03-2026,4.46,6.12,RESTRICTED,synthetic planned availability window,HIGH,FALSE,TRUE
AV00046,SEC_KAR_KHA,11-01-2026,10.07,12.29,RESTRICTED,synthetic planned availability window,LOW,TRUE,TRUE
AV00047,SEC_LON_TAL,08-03-2026,5.36,7.25,RESTRICTED,synthetic planned availability window,MEDIUM,TRUE,TRUE
AV00048,SEC_THA_KAL,05-03-2026,18.21,20.48,AVAILABLE,synthetic planned availability window,LOW,FALSE,TRUE
AV00049,SEC_SHI_PUN,17-03-2026,2.29,5.23,UNAVAILABLE,synthetic planned availability window,MEDIUM,TRUE,TRUE
AV00050,SEC_KHA_LON,31-03-2026,19.40,22.11,UNAVAILABLE,synthetic planned availability window,HIGH,TRUE,TRUE
AV00051,SEC_TAL_CHI,01-03-2026,4.48,7.01,AVAILABLE,synthetic planned availability window,LOW,FALSE,TRUE
AV00052,SEC_MUM_DAD,20-02-2026,9.47,11.51,RESTRICTED,synthetic planned availability window,LOW,TRUE,TRUE
AV00053,SEC_LON_TAL,24-01-2026,6.40,8.44,UNAVAILABLE,synthetic planned availability window,MEDIUM,TRUE,TRUE
AV00054,SEC_KAL_KAR,19-03-2026,13.37,16.12,AVAILABLE,synthetic planned availability window,LOW,TRUE,TRUE
AV00055,SEC_KAR_KHA,05-03-2026,20.59,23.58,AVAILABLE,synthetic planned availability window,HIGH,TRUE,TRUE
AV00056,SEC_MUM_DAD,08-01-2026,8.44,11.43,RESTRICTED,synthetic planned availability window,MEDIUM,TRUE,TRUE
AV00057,SEC_DAD_THA,06-03-2026,11.56,13.22,RESTRICTED,synthetic planned availability window,LOW,TRUE,TRUE
AV00058,SEC_THA_KAL,17-02-2026,20.05,21.51,RESTRICTED,synthetic planned availability window,HIGH,FALSE,TRUE
AV00059,SEC_KAR_KHA,16-01-2026,21.21,23.12,AVAILABLE,synthetic planned availability window,HIGH,FALSE,TRUE
AV00060,SEC_THA_KAL,20-03-2026,7.11,10.10,AVAILABLE,synthetic planned availability window,MEDIUM,FALSE,TRUE
AV00061,SEC_DAD_THA,14-03-2026,0.27,2.29,RESTRICTED,synthetic planned availability window,HIGH,TRUE,TRUE
AV00062,SEC_MUM_DAD,04-03-2026,3.40,4.45,RESTRICTED,synthetic planned availability window,LOW,TRUE,TRUE
AV00063,SEC_SHI_PUN,16-02-2026,0.14,2.09,UNAVAILABLE,synthetic planned availability window,HIGH,TRUE,TRUE
AV00064,SEC_LON_TAL,22-02-2026,12.18,14.59,RESTRICTED,synthetic planned availability window,HIGH,TRUE,TRUE
AV00065,SEC_DAD_THA,17-01-2026,13.59,16.48,AVAILABLE,synthetic planned availability window,LOW,TRUE,TRUE
AV00066,SEC_THA_KAL,18-02-2026,0.32,1.43,UNAVAILABLE,synthetic planned availability window,HIGH,TRUE,TRUE
AV00067,SEC_THA_KAL,11-03-2026,17.32,18.37,UNAVAILABLE,synthetic planned availability window,LOW,TRUE,TRUE
AV00068,SEC_KHA_LON,09-03-2026,6.37,8.27,RESTRICTED,synthetic planned availability window,LOW,TRUE,TRUE
AV00069,SEC_SHI_PUN,11-03-2026,13.45,16.32,RESTRICTED,synthetic planned availability window,HIGH,TRUE,TRUE
AV00070,SEC_KAR_KHA,21-02-2026,3.17,4.38,RESTRICTED,synthetic planned availability window,HIGH,TRUE,TRUE
AV00071,SEC_TAL_CHI,11-03-2026,1.36,3.55,AVAILABLE,synthetic planned availability window,LOW,FALSE,TRUE
AV00072,SEC_KAR_KHA,23-03-2026,13.25,14.29,AVAILABLE,synthetic planned availability window,LOW,TRUE,TRUE
AV00073,SEC_KHA_LON,01-03-2026,18.36,20.59,UNAVAILABLE,synthetic planned availability window,HIGH,TRUE,TRUE
AV00074,SEC_KHA_LON,14-02-2026,4.03,6.09,RESTRICTED,synthetic planned availability window,MEDIUM,TRUE,TRUE
AV00075,SEC_KHA_LON,24-02-2026,15.09,16.56,RESTRICTED,synthetic planned availability window,MEDIUM,TRUE,TRUE
AV00076,SEC_THA_KAL,16-01-2026,21.06,23.46,UNAVAILABLE,synthetic planned availability window,MEDIUM,TRUE,TRUE
AV00077,SEC_TAL_CHI,17-03-2026,20.23,22.20,UNAVAILABLE,synthetic planned availability window,MEDIUM,TRUE,TRUE
AV00078,SEC_KAR_KHA,08-02-2026,1.39,2.52,AVAILABLE,synthetic planned availability window,HIGH,TRUE,TRUE
AV00079,SEC_TAL_CHI,26-03-2026,2.44,4.12,RESTRICTED,synthetic planned availability window,LOW,TRUE,TRUE
AV00080,SEC_TAL_CHI,21-02-2026,3.34,6.00,RESTRICTED,synthetic planned availability window,LOW,TRUE,TRUE
AV00081,SEC_MUM_DAD,02-02-2026,8.35,10.03,RESTRICTED,synthetic planned availability window,HIGH,TRUE,TRUE
AV00082,SEC_MUM_DAD,17-01-2026,11.54,14.12,UNAVAILABLE,synthetic planned availability window,MEDIUM,TRUE,TRUE
AV00083,SEC_KHA_LON,30-01-2026,4.31,6.00,AVAILABLE,synthetic planned availability window,HIGH,FALSE,TRUE
AV00084,SEC_MUM_DAD,31-03-2026,18.34,19.56,AVAILABLE,synthetic planned availability window,MEDIUM,TRUE,TRUE
AV00085,SEC_KAR_KHA,05-01-2026,15.02,16.11,AVAILABLE,synthetic planned availability window,MEDIUM,FALSE,TRUE
AV00086,SEC_MUM_DAD,26-03-2026,6.37,9.20,RESTRICTED,synthetic planned availability window,LOW,TRUE,TRUE
AV00087,SEC_SHI_PUN,23-01-2026,14.07,16.58,RESTRICTED,synthetic planned availability window,LOW,TRUE,TRUE
AV00088,SEC_THA_KAL,26-02-2026,8.10,9.53,UNAVAILABLE,synthetic planned availability window,HIGH,TRUE,TRUE
AV00089,SEC_KHA_LON,03-02-2026,6.36,9.17,AVAILABLE,synthetic planned availability window,LOW,FALSE,TRUE
AV00090,SEC_KAL_KAR,09-03-2026,12.52,14.21,AVAILABLE,synthetic planned availability window,MEDIUM,TRUE,TRUE
AV00091,SEC_KAL_KAR,25-03-2026,1.36,3.37,RESTRICTED,synthetic planned availability window,HIGH,TRUE,TRUE
AV00092,SEC_KAR_KHA,03-01-2026,17.21,19.15,UNAVAILABLE,synthetic planned availability window,LOW,TRUE,TRUE
AV00093,SEC_KHA_LON,29-03-2026,16.09,18.47,AVAILABLE,synthetic planned availability window,LOW,TRUE,TRUE
AV00094,SEC_TAL_CHI,23-03-2026,14.01,16.17,UNAVAILABLE,synthetic planned availability window,HIGH,TRUE,TRUE
AV00095,SEC_MUM_DAD,27-03-2026,19.45,20.51,RESTRICTED,synthetic planned availability window,LOW,TRUE,TRUE
AV00096,SEC_CHI_SHI,04-01-2026,8.00,9.49,UNAVAILABLE,synthetic planned availability window,LOW,TRUE,TRUE
AV00097,SEC_DAD_THA,15-01-2026,13.13,16.13,UNAVAILABLE,synthetic planned availability window,LOW,TRUE,TRUE
AV00098,SEC_MUM_DAD,15-03-2026,19.09,21.40,UNAVAILABLE,synthetic planned availability window,HIGH,FALSE,TRUE
AV00099,SEC_KHA_LON,24-02-2026,0.11,2.21,UNAVAILABLE,synthetic planned availability window,HIGH,TRUE,TRUE
AV00100,SEC_CHI_SHI,25-01-2026,6.04,7.11,RESTRICTED,synthetic planned availability window,HIGH,TRUE,TRUE
AV00101,SEC_TAL_CHI,03-02-2026,19.36,20.51,UNAVAILABLE,synthetic planned availability window,MEDIUM,FALSE,TRUE
AV00102,SEC_KAR_KHA,10-02-2026,5.48,8.47,RESTRICTED,synthetic planned availability window,LOW,FALSE,TRUE
AV00103,SEC_THA_KAL,24-02-2026,19.40,21.06,RESTRICTED,synthetic planned availability window,HIGH,FALSE,TRUE
AV00104,SEC_LON_TAL,30-01-2026,9.05,10.13,UNAVAILABLE,synthetic planned availability window,LOW,FALSE,TRUE
AV00105,SEC_TAL_CHI,08-02-2026,15.33,16.40,UNAVAILABLE,synthetic planned availability window,HIGH,TRUE,TRUE
AV00106,SEC_SHI_PUN,17-03-2026,18.08,20.13,RESTRICTED,synthetic planned availability window,HIGH,TRUE,TRUE
AV00107,SEC_SHI_PUN,06-02-2026,15.20,17.32,UNAVAILABLE,synthetic planned availability window,HIGH,TRUE,TRUE
AV00108,SEC_KAL_KAR,13-03-2026,18.14,20.10,UNAVAILABLE,synthetic planned availability window,MEDIUM,FALSE,TRUE
AV00109,SEC_CHI_SHI,23-03-2026,4.31,6.24,UNAVAILABLE,synthetic planned availability window,LOW,TRUE,TRUE
AV00110,SEC_TAL_CHI,06-03-2026,0.59,2.06,UNAVAILABLE,synthetic planned availability window,MEDIUM,FALSE,TRUE
AV00111,SEC_KAL_KAR,05-03-2026,13.26,16.13,AVAILABLE,synthetic planned availability window,LOW,FALSE,TRUE
AV00112,SEC_SHI_PUN,19-03-2026,14.16,15.48,RESTRICTED,synthetic planned availability window,HIGH,FALSE,TRUE
AV00113,SEC_KHA_LON,24-02-2026,21.11,22.54,AVAILABLE,synthetic planned availability window,MEDIUM,TRUE,TRUE
AV00114,SEC_KAR_KHA,04-03-2026,4.51,7.38,RESTRICTED,synthetic planned availability window,MEDIUM,FALSE,TRUE
AV00115,SEC_LON_TAL,06-02-2026,21.20,23.58,RESTRICTED,synthetic planned availability window,LOW,FALSE,TRUE
AV00116,SEC_MUM_DAD,17-01-2026,10.54,13.36,AVAILABLE,synthetic planned availability window,HIGH,FALSE,TRUE
AV00117,SEC_KAL_KAR,19-03-2026,6.13,8.57,UNAVAILABLE,synthetic planned availability window,MEDIUM,TRUE,TRUE
AV00118,SEC_MUM_DAD,26-03-2026,21.11,23.53,RESTRICTED,synthetic planned availability window,HIGH,TRUE,TRUE
AV00119,SEC_THA_KAL,18-02-2026,21.42,23.51,RESTRICTED,synthetic planned availability window,MEDIUM,TRUE,TRUE
AV00120,SEC_CHI_SHI,17-02-2026,17.45,19.03,AVAILABLE,synthetic planned availability window,LOW,TRUE,TRUE
AV00121,SEC_CHI_SHI,22-03-2026,10.59,13.44,UNAVAILABLE,synthetic planned availability window,MEDIUM,TRUE,TRUE
AV00122,SEC_KHA_LON,16-03-2026,21.48,23.59,RESTRICTED,synthetic planned availability window,LOW,TRUE,TRUE
AV00123,SEC_TAL_CHI,26-02-2026,8.56,11.48,AVAILABLE,synthetic planned availability window,LOW,TRUE,TRUE
AV00124,SEC_THA_KAL,20-02-2026,16.57,19.31,UNAVAILABLE,synthetic planned availability window,LOW,FALSE,TRUE
AV00125,SEC_TAL_CHI,10-01-2026,17.04,19.31,RESTRICTED,synthetic planned availability window,HIGH,FALSE,TRUE
AV00126,SEC_TAL_CHI,17-02-2026,0.47,2.43,AVAILABLE,synthetic planned availability window,MEDIUM,TRUE,TRUE
AV00127,SEC_KAL_KAR,11-03-2026,14.06,16.46,RESTRICTED,synthetic planned availability window,HIGH,FALSE,TRUE
AV00128,SEC_KHA_LON,03-01-2026,3.18,4.39,RESTRICTED,synthetic planned availability window,HIGH,TRUE,TRUE
AV00129,SEC_DAD_THA,22-01-2026,12.56,14.58,RESTRICTED,synthetic planned availability window,HIGH,FALSE,TRUE
AV00130,SEC_TAL_CHI,13-01-2026,18.13,20.28,AVAILABLE,synthetic planned availability window,HIGH,TRUE,TRUE
AV00131,SEC_DAD_THA,25-02-2026,2.17,5.05,AVAILABLE,synthetic planned availability window,LOW,TRUE,TRUE
AV00132,SEC_TAL_CHI,24-02-2026,9.23,10.35,AVAILABLE,synthetic planned availability window,LOW,TRUE,TRUE
AV00133,SEC_KAR_KHA,28-02-2026,10.27,11.59,AVAILABLE,synthetic planned availability window,HIGH,TRUE,TRUE
AV00134,SEC_TAL_CHI,13-03-2026,21.01,22.25,AVAILABLE,synthetic planned availability window,LOW,TRUE,TRUE
AV00135,SEC_KAR_KHA,25-03-2026,18.25,20.37,RESTRICTED,synthetic planned availability window,LOW,TRUE,TRUE
AV00136,SEC_DAD_THA,24-03-2026,9.08,10.12,AVAILABLE,synthetic planned availability window,LOW,TRUE,TRUE
AV00137,SEC_KAL_KAR,01-03-2026,20.18,22.13,UNAVAILABLE,synthetic planned availability window,MEDIUM,TRUE,TRUE
AV00138,SEC_SHI_PUN,13-02-2026,20.18,22.20,AVAILABLE,synthetic planned availability window,HIGH,TRUE,TRUE
AV00139,SEC_MUM_DAD,08-02-2026,12.45,15.23,UNAVAILABLE,synthetic planned availability window,MEDIUM,TRUE,TRUE
AV00140,SEC_LON_TAL,18-01-2026,20.12,22.04,RESTRICTED,synthetic planned availability window,MEDIUM,TRUE,TRUE
AV00141,SEC_KAL_KAR,23-02-2026,6.37,8.31,AVAILABLE,synthetic planned availability window,LOW,TRUE,TRUE
AV00142,SEC_KAL_KAR,17-02-2026,11.19,13.09,UNAVAILABLE,synthetic planned availability window,MEDIUM,TRUE,TRUE
AV00143,SEC_DAD_THA,15-01-2026,21.26,22.56,UNAVAILABLE,synthetic planned availability window,MEDIUM,FALSE,TRUE
AV00144,SEC_DAD_THA,03-02-2026,7.09,9.14,UNAVAILABLE,synthetic planned availability window,MEDIUM,TRUE,TRUE
AV00145,SEC_DAD_THA,26-03-2026,12.09,14.13,AVAILABLE,synthetic planned availability window,HIGH,FALSE,TRUE
AV00146,SEC_KHA_LON,12-01-2026,0.44,2.05,UNAVAILABLE,synthetic planned availability window,HIGH,FALSE,TRUE
AV00147,SEC_SHI_PUN,08-01-2026,19.15,20.37,RESTRICTED,synthetic planned availability window,HIGH,TRUE,TRUE
AV00148,SEC_KAL_KAR,19-03-2026,7.44,10.02,UNAVAILABLE,synthetic planned availability window,MEDIUM,TRUE,TRUE
AV00149,SEC_LON_TAL,10-03-2026,1.16,2.49,UNAVAILABLE,synthetic planned availability window,MEDIUM,FALSE,TRUE
AV00150,SEC_KAR_KHA,22-02-2026,19.26,22.23,UNAVAILABLE,synthetic planned availability window,HIGH,TRUE,TRUE
AV00151,SEC_LON_TAL,08-03-2026,11.28,14.14,UNAVAILABLE,synthetic planned availability window,LOW,FALSE,TRUE
AV00152,SEC_DAD_THA,11-02-2026,11.05,13.38,RESTRICTED,synthetic planned availability window,HIGH,TRUE,TRUE
AV00153,SEC_SHI_PUN,14-02-2026,21.10,23.02,AVAILABLE,synthetic planned availability window,HIGH,FALSE,TRUE
AV00154,SEC_CHI_SHI,09-03-2026,20.41,23.09,AVAILABLE,synthetic planned availability window,HIGH,TRUE,TRUE
AV00155,SEC_KHA_LON,01-02-2026,10.47,13.31,AVAILABLE,synthetic planned availability window,HIGH,FALSE,TRUE
AV00156,SEC_SHI_PUN,10-03-2026,13.22,14.44,RESTRICTED,synthetic planned availability window,LOW,FALSE,TRUE
AV00157,SEC_LON_TAL,30-03-2026,21.39,22.43,UNAVAILABLE,synthetic planned availability window,LOW,FALSE,TRUE
AV00158,SEC_SHI_PUN,05-01-2026,18.38,21.09,RESTRICTED,synthetic planned availability window,MEDIUM,TRUE,TRUE
AV00159,SEC_KHA_LON,19-03-2026,16.28,17.58,UNAVAILABLE,synthetic planned availability window,LOW,FALSE,TRUE
AV00160,SEC_KAR_KHA,30-01-2026,2.50,4.23,UNAVAILABLE,synthetic planned availability window,MEDIUM,FALSE,TRUE
AV00161,SEC_CHI_SHI,22-01-2026,3.55,6.37,UNAVAILABLE,synthetic planned availability window,MEDIUM,FALSE,TRUE
AV00162,SEC_KHA_LON,27-02-2026,10.03,11.50,UNAVAILABLE,synthetic planned availability window,MEDIUM,FALSE,TRUE
AV00163,SEC_TAL_CHI,30-03-2026,20.59,22.21,UNAVAILABLE,synthetic planned availability window,HIGH,TRUE,TRUE
AV00164,SEC_MUM_DAD,10-02-2026,1.52,3.31,RESTRICTED,synthetic planned availability window,MEDIUM,TRUE,TRUE
AV00165,SEC_MUM_DAD,03-02-2026,21.01,23.59,UNAVAILABLE,synthetic planned availability window,MEDIUM,TRUE,TRUE
AV00166,SEC_KAL_KAR,26-03-2026,2.40,5.35,UNAVAILABLE,synthetic planned availability window,MEDIUM,TRUE,TRUE
AV00167,SEC_MUM_DAD,02-03-2026,16.36,19.32,AVAILABLE,synthetic planned availability window,LOW,TRUE,TRUE
AV00168,SEC_DAD_THA,11-03-2026,2.02,4.46,AVAILABLE,synthetic planned availability window,HIGH,TRUE,TRUE
AV00169,SEC_CHI_SHI,01-03-2026,16.36,18.55,AVAILABLE,synthetic planned availability window,LOW,TRUE,TRUE
AV00170,SEC_KAL_KAR,02-02-2026,4.18,6.57,UNAVAILABLE,synthetic planned availability window,LOW,TRUE,TRUE
AV00171,SEC_KHA_LON,30-01-2026,0.09,2.09,RESTRICTED,synthetic planned availability window,MEDIUM,TRUE,TRUE
AV00172,SEC_KAL_KAR,22-02-2026,15.32,16.35,AVAILABLE,synthetic planned availability window,LOW,TRUE,TRUE
AV00173,SEC_SHI_PUN,30-01-2026,10.39,12.55,UNAVAILABLE,synthetic planned availability window,LOW,TRUE,TRUE
AV00174,SEC_THA_KAL,03-03-2026,14.17,16.29,RESTRICTED,synthetic planned availability window,MEDIUM,TRUE,TRUE
AV00175,SEC_THA_KAL,26-03-2026,11.06,12.50,AVAILABLE,synthetic planned availability window,MEDIUM,TRUE,TRUE
AV00176,SEC_TAL_CHI,03-01-2026,7.59,9.31,RESTRICTED,synthetic planned availability window,LOW,FALSE,TRUE
AV00177,SEC_KHA_LON,02-01-2026,5.42,8.36,RESTRICTED,synthetic planned availability window,HIGH,FALSE,TRUE
AV00178,SEC_KAL_KAR,25-02-2026,10.17,11.23,AVAILABLE,synthetic planned availability window,LOW,TRUE,TRUE
AV00179,SEC_DAD_THA,26-03-2026,11.44,13.57,AVAILABLE,synthetic planned availability window,HIGH,TRUE,TRUE
AV00180,SEC_KAR_KHA,11-02-2026,9.45,11.42,AVAILABLE,synthetic planned availability window,HIGH,TRUE,TRUE
AV00181,SEC_DAD_THA,20-01-2026,1.36,4.32,UNAVAILABLE,synthetic planned availability window,LOW,TRUE,TRUE
AV00182,SEC_SHI_PUN,28-01-2026,13.32,16.30,UNAVAILABLE,synthetic planned availability window,HIGH,TRUE,TRUE
AV00183,SEC_MUM_DAD,27-03-2026,13.10,15.24,RESTRICTED,synthetic planned availability window,LOW,TRUE,TRUE
AV00184,SEC_SHI_PUN,28-02-2026,17.08,19.07,UNAVAILABLE,synthetic planned availability window,MEDIUM,TRUE,TRUE
AV00185,SEC_KAR_KHA,18-01-2026,4.29,6.30,RESTRICTED,synthetic planned availability window,LOW,TRUE,TRUE
AV00186,SEC_KAR_KHA,23-03-2026,2.23,4.50,RESTRICTED,synthetic planned availability window,HIGH,TRUE,TRUE
AV00187,SEC_TAL_CHI,12-03-2026,13.35,15.16,AVAILABLE,synthetic planned availability window,LOW,TRUE,TRUE
AV00188,SEC_SHI_PUN,20-03-2026,16.41,17.51,AVAILABLE,synthetic planned availability window,HIGH,TRUE,TRUE
AV00189,SEC_KAL_KAR,28-02-2026,2.50,3.55,AVAILABLE,synthetic planned availability window,MEDIUM,FALSE,TRUE
AV00190,SEC_TAL_CHI,01-01-2026,15.01,17.21,UNAVAILABLE,synthetic planned availability window,LOW,TRUE,TRUE
AV00191,SEC_DAD_THA,15-01-2026,3.52,5.36,RESTRICTED,synthetic planned availability window,MEDIUM,FALSE,TRUE
AV00192,SEC_KHA_LON,04-03-2026,3.00,4.25,UNAVAILABLE,synthetic planned availability window,HIGH,FALSE,TRUE
AV00193,SEC_KAR_KHA,06-01-2026,0.42,2.01,UNAVAILABLE,synthetic planned availability window,HIGH,TRUE,TRUE
AV00194,SEC_LON_TAL,04-02-2026,4.11,6.32,RESTRICTED,synthetic planned availability window,HIGH,TRUE,TRUE
AV00195,SEC_SHI_PUN,08-03-2026,5.01,7.16,AVAILABLE,synthetic planned availability window,HIGH,FALSE,TRUE
AV00196,SEC_KAR_KHA,28-02-2026,1.41,4.11,UNAVAILABLE,synthetic planned availability window,MEDIUM,TRUE,TRUE
AV00197,SEC_DAD_THA,01-02-2026,17.13,18.28,UNAVAILABLE,synthetic planned availability window,HIGH,FALSE,TRUE
AV00198,SEC_DAD_THA,05-02-2026,2.41,4.06,RESTRICTED,synthetic planned availability window,LOW,FALSE,TRUE
AV00199,SEC_MUM_DAD,10-02-2026,16.06,18.02,UNAVAILABLE,synthetic planned availability window,LOW,TRUE,TRUE
AV00200,SEC_DAD_THA,21-02-2026,15.57,18.47,UNAVAILABLE,synthetic planned availability window,MEDIUM,TRUE,TRUE
AV00201,SEC_SHI_PUN,09-01-2026,16.24,17.37,UNAVAILABLE,synthetic planned availability window,MEDIUM,TRUE,TRUE
AV00202,SEC_THA_KAL,18-02-2026,16.55,19.44,RESTRICTED,synthetic planned availability window,LOW,TRUE,TRUE
AV00203,SEC_KAL_KAR,09-02-2026,9.17,11.50,AVAILABLE,synthetic planned availability window,LOW,FALSE,TRUE
AV00204,SEC_KAL_KAR,27-02-2026,1.53,2.53,UNAVAILABLE,synthetic planned availability window,LOW,TRUE,TRUE
AV00205,SEC_KAR_KHA,17-01-2026,4.38,5.43,UNAVAILABLE,synthetic planned availability window,MEDIUM,FALSE,TRUE
AV00206,SEC_LON_TAL,15-01-2026,12.54,14.01,AVAILABLE,synthetic planned availability window,MEDIUM,FALSE,TRUE
AV00207,SEC_SHI_PUN,05-01-2026,17.16,19.23,RESTRICTED,synthetic planned availability window,LOW,TRUE,TRUE
AV00208,SEC_SHI_PUN,27-01-2026,16.20,18.06,UNAVAILABLE,synthetic planned availability window,LOW,FALSE,TRUE
AV00209,SEC_KAL_KAR,08-02-2026,7.16,9.30,UNAVAILABLE,synthetic planned availability window,LOW,FALSE,TRUE
AV00210,SEC_MUM_DAD,08-03-2026,12.45,14.15,AVAILABLE,synthetic planned availability window,LOW,FALSE,TRUE
AV00211,SEC_MUM_DAD,17-01-2026,0.12,2.08,AVAILABLE,synthetic planned availability window,LOW,FALSE,TRUE
AV00212,SEC_TAL_CHI,27-02-2026,14.02,15.42,UNAVAILABLE,synthetic planned availability window,MEDIUM,FALSE,TRUE
AV00213,SEC_MUM_DAD,03-02-2026,8.00,9.39,RESTRICTED,synthetic planned availability window,MEDIUM,FALSE,TRUE
AV00214,SEC_THA_KAL,24-01-2026,19.33,21.31,RESTRICTED,synthetic planned availability window,MEDIUM,TRUE,TRUE
AV00215,SEC_DAD_THA,17-01-2026,14.24,16.47,RESTRICTED,synthetic planned availability window,LOW,TRUE,TRUE
AV00216,SEC_CHI_SHI,25-02-2026,21.02,23.34,UNAVAILABLE,synthetic planned availability window,LOW,TRUE,TRUE
AV00217,SEC_SHI_PUN,08-02-2026,16.34,17.48,RESTRICTED,synthetic planned availability window,HIGH,TRUE,TRUE
AV00218,SEC_MUM_DAD,24-01-2026,4.51,6.23,UNAVAILABLE,synthetic planned availability window,HIGH,TRUE,TRUE
AV00219,SEC_KAR_KHA,07-01-2026,16.54,19.29,RESTRICTED,synthetic planned availability window,MEDIUM,FALSE,TRUE
AV00220,SEC_THA_KAL,15-02-2026,5.05,7.41,UNAVAILABLE,synthetic planned availability window,LOW,FALSE,TRUE
AV00221,SEC_KAL_KAR,13-01-2026,13.24,14.40,RESTRICTED,synthetic planned availability window,MEDIUM,TRUE,TRUE
AV00222,SEC_CHI_SHI,17-01-2026,18.57,20.12,RESTRICTED,synthetic planned availability window,LOW,FALSE,TRUE
AV00223,SEC_TAL_CHI,29-03-2026,9.31,11.47,UNAVAILABLE,synthetic planned availability window,MEDIUM,TRUE,TRUE
AV00224,SEC_TAL_CHI,20-03-2026,1.12,4.12,UNAVAILABLE,synthetic planned availability window,HIGH,FALSE,TRUE
AV00225,SEC_LON_TAL,08-02-2026,21.59,23.59,RESTRICTED,synthetic planned availability window,MEDIUM,FALSE,TRUE
AV00226,SEC_DAD_THA,24-03-2026,5.01,7.37,RESTRICTED,synthetic planned availability window,HIGH,FALSE,TRUE
AV00227,SEC_KHA_LON,11-02-2026,2.38,5.10,AVAILABLE,synthetic planned availability window,MEDIUM,TRUE,TRUE
AV00228,SEC_KAR_KHA,29-01-2026,17.20,19.56,AVAILABLE,synthetic planned availability window,HIGH,TRUE,TRUE
AV00229,SEC_DAD_THA,14-01-2026,20.10,22.54,AVAILABLE,synthetic planned availability window,LOW,TRUE,TRUE
AV00230,SEC_KAR_KHA,27-03-2026,3.09,4.44,AVAILABLE,synthetic planned availability window,MEDIUM,FALSE,TRUE
AV00231,SEC_CHI_SHI,07-01-2026,4.07,6.41,UNAVAILABLE,synthetic planned availability window,MEDIUM,FALSE,TRUE
AV00232,SEC_LON_TAL,05-01-2026,15.24,18.16,RESTRICTED,synthetic planned availability window,LOW,TRUE,TRUE
AV00233,SEC_KAL_KAR,22-01-2026,5.29,8.12,UNAVAILABLE,synthetic planned availability window,LOW,TRUE,TRUE
AV00234,SEC_KHA_LON,11-02-2026,2.38,4.50,AVAILABLE,synthetic planned availability window,HIGH,TRUE,TRUE
AV00235,SEC_TAL_CHI,09-01-2026,17.20,19.44,UNAVAILABLE,synthetic planned availability window,LOW,TRUE,TRUE
AV00236,SEC_MUM_DAD,01-03-2026,16.59,18.51,RESTRICTED,synthetic planned availability window,HIGH,TRUE,TRUE
AV00237,SEC_MUM_DAD,24-01-2026,7.29,9.00,UNAVAILABLE,synthetic planned availability window,HIGH,TRUE,TRUE
AV00238,SEC_DAD_THA,11-02-2026,13.53,16.19,RESTRICTED,synthetic planned availability window,LOW,TRUE,TRUE
AV00239,SEC_TAL_CHI,12-01-2026,18.45,20.24,UNAVAILABLE,synthetic planned availability window,MEDIUM,TRUE,TRUE
AV00240,SEC_SHI_PUN,15-03-2026,13.26,14.37,RESTRICTED,synthetic planned availability window,LOW,FALSE,TRUE
AV00241,SEC_DAD_THA,13-03-2026,16.30,18.43,UNAVAILABLE,synthetic planned availability window,LOW,TRUE,TRUE
AV00242,SEC_MUM_DAD,23-03-2026,10.39,12.04,RESTRICTED,synthetic planned availability window,LOW,FALSE,TRUE
AV00243,SEC_CHI_SHI,05-01-2026,14.59,16.45,UNAVAILABLE,synthetic planned availability window,MEDIUM,TRUE,TRUE
AV00244,SEC_KAR_KHA,19-03-2026,11.20,12.48,RESTRICTED,synthetic planned availability window,MEDIUM,TRUE,TRUE
AV00245,SEC_CHI_SHI,28-02-2026,20.57,22.00,AVAILABLE,synthetic planned availability window,HIGH,TRUE,TRUE
AV00246,SEC_CHI_SHI,03-03-2026,2.48,4.38,RESTRICTED,synthetic planned availability window,LOW,TRUE,TRUE
AV00247,SEC_THA_KAL,16-01-2026,15.43,17.25,AVAILABLE,synthetic planned availability window,HIGH,TRUE,TRUE
AV00248,SEC_KHA_LON,23-01-2026,15.22,16.28,RESTRICTED,synthetic planned availability window,MEDIUM,TRUE,TRUE
AV00249,SEC_KAR_KHA,02-02-2026,12.49,14.34,RESTRICTED,synthetic planned availability window,LOW,TRUE,TRUE
AV00250,SEC_TAL_CHI,26-02-2026,9.09,10.24,UNAVAILABLE,synthetic planned availability window,MEDIUM,TRUE,TRUE
AV00251,SEC_LON_TAL,06-02-2026,8.39,10.28,UNAVAILABLE,synthetic planned availability window,HIGH,TRUE,TRUE
AV00252,SEC_LON_TAL,24-03-2026,6.23,7.28,AVAILABLE,synthetic planned availability window,HIGH,TRUE,TRUE
AV00253,SEC_KAR_KHA,10-03-2026,12.56,14.58,AVAILABLE,synthetic planned availability window,HIGH,TRUE,TRUE
AV00254,SEC_SHI_PUN,11-03-2026,3.12,4.53,AVAILABLE,synthetic planned availability window,HIGH,FALSE,TRUE
AV00255,SEC_THA_KAL,02-01-2026,1.57,4.08,AVAILABLE,synthetic planned availability window,LOW,FALSE,TRUE
AV00256,SEC_LON_TAL,02-01-2026,14.54,17.53,UNAVAILABLE,synthetic planned availability window,MEDIUM,TRUE,TRUE
AV00257,SEC_SHI_PUN,17-01-2026,6.49,8.51,UNAVAILABLE,synthetic planned availability window,HIGH,FALSE,TRUE
AV00258,SEC_KAL_KAR,06-02-2026,10.54,11.58,UNAVAILABLE,synthetic planned availability window,HIGH,TRUE,TRUE
AV00259,SEC_LON_TAL,11-02-2026,12.21,13.22,UNAVAILABLE,synthetic planned availability window,LOW,TRUE,TRUE
AV00260,SEC_TAL_CHI,30-01-2026,4.17,6.57,AVAILABLE,synthetic planned availability window,HIGH,FALSE,TRUE
AV00261,SEC_KAL_KAR,15-01-2026,3.10,4.51,UNAVAILABLE,synthetic planned availability window,MEDIUM,FALSE,TRUE
AV00262,SEC_DAD_THA,09-01-2026,8.51,11.16,UNAVAILABLE,synthetic planned availability window,MEDIUM,TRUE,TRUE
AV00263,SEC_TAL_CHI,05-02-2026,17.47,20.22,UNAVAILABLE,synthetic planned availability window,HIGH,TRUE,TRUE
AV00264,SEC_SHI_PUN,29-03-2026,1.08,3.49,RESTRICTED,synthetic planned availability window,HIGH,FALSE,TRUE
AV00265,SEC_KAR_KHA,22-01-2026,10.26,13.26,RESTRICTED,synthetic planned availability window,HIGH,TRUE,TRUE
AV00266,SEC_SHI_PUN,17-03-2026,6.08,8.33,RESTRICTED,synthetic planned availability window,LOW,TRUE,TRUE
AV00267,SEC_DAD_THA,23-02-2026,19.13,21.32,RESTRICTED,synthetic planned availability window,LOW,FALSE,TRUE
AV00268,SEC_LON_TAL,09-01-2026,9.15,10.35,AVAILABLE,synthetic planned availability window,LOW,FALSE,TRUE
AV00269,SEC_KHA_LON,26-02-2026,2.01,3.50,RESTRICTED,synthetic planned availability window,LOW,FALSE,TRUE
AV00270,SEC_DAD_THA,05-01-2026,6.55,9.22,RESTRICTED,synthetic planned availability window,MEDIUM,TRUE,TRUE
AV00271,SEC_KAL_KAR,16-03-2026,7.08,8.59,UNAVAILABLE,synthetic planned availability window,HIGH,TRUE,TRUE
AV00272,SEC_MUM_DAD,22-02-2026,4.46,6.08,UNAVAILABLE,synthetic planned availability window,LOW,FALSE,TRUE
AV00273,SEC_TAL_CHI,02-02-2026,20.29,22.22,UNAVAILABLE,synthetic planned availability window,MEDIUM,FALSE,TRUE
AV00274,SEC_KAR_KHA,14-03-2026,20.49,22.02,AVAILABLE,synthetic planned availability window,MEDIUM,FALSE,TRUE
AV00275,SEC_KHA_LON,12-03-2026,16.53,19.42,AVAILABLE,synthetic planned availability window,LOW,TRUE,TRUE
AV00276,SEC_THA_KAL,03-01-2026,6.46,8.22,RESTRICTED,synthetic planned availability window,HIGH,TRUE,TRUE
AV00277,SEC_MUM_DAD,30-03-2026,5.59,7.21,AVAILABLE,synthetic planned availability window,MEDIUM,FALSE,TRUE
AV00278,SEC_TAL_CHI,25-03-2026,1.39,3.42,UNAVAILABLE,synthetic planned availability window,LOW,TRUE,TRUE
AV00279,SEC_THA_KAL,01-03-2026,2.19,5.00,AVAILABLE,synthetic planned availability window,MEDIUM,FALSE,TRUE
AV00280,SEC_LON_TAL,19-01-2026,0.08,2.40,AVAILABLE,synthetic planned availability window,MEDIUM,TRUE,TRUE
AV00281,SEC_MUM_DAD,22-01-2026,19.42,21.14,AVAILABLE,synthetic planned availability window,MEDIUM,TRUE,TRUE
AV00282,SEC_THA_KAL,21-01-2026,19.57,21.43,RESTRICTED,synthetic planned availability window,MEDIUM,FALSE,TRUE
AV00283,SEC_THA_KAL,17-01-2026,17.16,18.58,AVAILABLE,synthetic planned availability window,HIGH,TRUE,TRUE
AV00284,SEC_THA_KAL,26-03-2026,13.57,16.11,UNAVAILABLE,synthetic planned availability window,HIGH,TRUE,TRUE
AV00285,SEC_CHI_SHI,09-01-2026,11.42,13.56,RESTRICTED,synthetic planned availability window,MEDIUM,TRUE,TRUE
AV00286,SEC_CHI_SHI,13-02-2026,21.06,22.10,RESTRICTED,synthetic planned availability window,MEDIUM,TRUE,TRUE
AV00287,SEC_LON_TAL,21-03-2026,20.33,21.51,UNAVAILABLE,synthetic planned availability window,MEDIUM,TRUE,TRUE
AV00288,SEC_LON_TAL,02-02-2026,8.09,9.34,RESTRICTED,synthetic planned availability window,LOW,FALSE,TRUE
AV00289,SEC_KAR_KHA,05-01-2026,10.06,11.38,AVAILABLE,synthetic planned availability window,LOW,TRUE,TRUE
AV00290,SEC_THA_KAL,14-03-2026,8.27,10.06,RESTRICTED,synthetic planned availability window,HIGH,FALSE,TRUE
AV00291,SEC_DAD_THA,13-02-2026,20.38,22.07,RESTRICTED,synthetic planned availability window,HIGH,TRUE,TRUE
AV00292,SEC_LON_TAL,12-03-2026,9.57,11.25,AVAILABLE,synthetic planned availability window,HIGH,TRUE,TRUE
AV00293,SEC_KAL_KAR,17-01-2026,1.35,3.19,AVAILABLE,synthetic planned availability window,MEDIUM,TRUE,TRUE
AV00294,SEC_DAD_THA,31-01-2026,5.09,6.24,RESTRICTED,synthetic planned availability window,LOW,TRUE,TRUE
AV00295,SEC_CHI_SHI,05-01-2026,1.31,3.05,UNAVAILABLE,synthetic planned availability window,LOW,TRUE,TRUE
AV00296,SEC_TAL_CHI,17-01-2026,7.46,9.17,AVAILABLE,synthetic planned availability window,LOW,TRUE,TRUE
AV00297,SEC_LON_TAL,25-02-2026,0.49,1.56,RESTRICTED,synthetic planned availability window,HIGH,TRUE,TRUE
AV00298,SEC_TAL_CHI,27-02-2026,20.29,22.37,RESTRICTED,synthetic planned availability window,MEDIUM,TRUE,TRUE
AV00299,SEC_KHA_LON,13-01-2026,6.41,8.58,RESTRICTED,synthetic planned availability window,HIGH,TRUE,TRUE
AV00300,SEC_TAL_CHI,16-03-2026,13.53,16.36,RESTRICTED,synthetic planned availability window,HIGH,TRUE,TRUE
AV00301,SEC_TAL_CHI,20-01-2026,9.37,11.43,UNAVAILABLE,synthetic planned availability window,LOW,TRUE,TRUE
AV00302,SEC_SHI_PUN,19-02-2026,11.44,13.15,UNAVAILABLE,synthetic planned availability window,LOW,FALSE,TRUE
AV00303,SEC_TAL_CHI,10-01-2026,18.56,19.56,AVAILABLE,synthetic planned availability window,MEDIUM,TRUE,TRUE
AV00304,SEC_TAL_CHI,26-02-2026,9.22,11.29,AVAILABLE,synthetic planned availability window,HIGH,TRUE,TRUE
AV00305,SEC_CHI_SHI,20-03-2026,14.43,17.11,AVAILABLE,synthetic planned availability window,LOW,FALSE,TRUE
AV00306,SEC_CHI_SHI,04-02-2026,8.38,10.48,AVAILABLE,synthetic planned availability window,HIGH,FALSE,TRUE
AV00307,SEC_THA_KAL,16-03-2026,12.30,13.46,RESTRICTED,synthetic planned availability window,MEDIUM,TRUE,TRUE
AV00308,SEC_DAD_THA,02-03-2026,13.55,15.12,RESTRICTED,synthetic planned availability window,LOW,TRUE,TRUE
AV00309,SEC_SHI_PUN,16-01-2026,14.35,15.48,AVAILABLE,synthetic planned availability window,HIGH,TRUE,TRUE
AV00310,SEC_TAL_CHI,16-03-2026,21.33,23.56,UNAVAILABLE,synthetic planned availability window,MEDIUM,FALSE,TRUE
AV00311,SEC_CHI_SHI,19-02-2026,15.34,17.58,UNAVAILABLE,synthetic planned availability window,HIGH,FALSE,TRUE
AV00312,SEC_KAR_KHA,31-03-2026,0.14,2.22,RESTRICTED,synthetic planned availability window,LOW,FALSE,TRUE
AV00313,SEC_MUM_DAD,22-01-2026,21.36,23.59,AVAILABLE,synthetic planned availability window,LOW,TRUE,TRUE
AV00314,SEC_KHA_LON,22-03-2026,0.19,1.55,UNAVAILABLE,synthetic planned availability window,LOW,TRUE,TRUE
AV00315,SEC_LON_TAL,26-01-2026,8.38,10.03,UNAVAILABLE,synthetic planned availability window,MEDIUM,TRUE,TRUE
AV00316,SEC_MUM_DAD,17-01-2026,11.00,13.15,UNAVAILABLE,synthetic planned availability window,HIGH,TRUE,TRUE
AV00317,SEC_TAL_CHI,09-03-2026,12.54,15.35,RESTRICTED,synthetic planned availability window,HIGH,TRUE,TRUE
AV00318,SEC_CHI_SHI,19-03-2026,19.07,20.47,AVAILABLE,synthetic planned availability window,MEDIUM,TRUE,TRUE
AV00319,SEC_THA_KAL,14-02-2026,8.45,9.57,UNAVAILABLE,synthetic planned availability window,LOW,FALSE,TRUE
AV00320,SEC_CHI_SHI,18-01-2026,21.07,22.48,RESTRICTED,synthetic planned availability window,LOW,FALSE,TRUE
AV00321,SEC_KHA_LON,18-03-2026,5.42,7.11,AVAILABLE,synthetic planned availability window,HIGH,TRUE,TRUE
AV00322,SEC_KHA_LON,14-02-2026,5.12,7.46,UNAVAILABLE,synthetic planned availability window,LOW,TRUE,TRUE
AV00323,SEC_CHI_SHI,20-03-2026,21.45,23.43,AVAILABLE,synthetic planned availability window,LOW,TRUE,TRUE
AV00324,SEC_KHA_LON,10-02-2026,21.43,23.59,UNAVAILABLE,synthetic planned availability window,LOW,FALSE,TRUE
AV00325,SEC_TAL_CHI,02-03-2026,11.58,14.13,AVAILABLE,synthetic planned availability window,LOW,FALSE,TRUE
AV00326,SEC_CHI_SHI,22-03-2026,20.28,22.46,UNAVAILABLE,synthetic planned availability window,MEDIUM,TRUE,TRUE
AV00327,SEC_MUM_DAD,15-03-2026,20.34,22.38,RESTRICTED,synthetic planned availability window,LOW,TRUE,TRUE
AV00328,SEC_KHA_LON,06-01-2026,3.10,5.05,AVAILABLE,synthetic planned availability window,HIGH,FALSE,TRUE
AV00329,SEC_SHI_PUN,13-02-2026,6.30,9.19,RESTRICTED,synthetic planned availability window,HIGH,TRUE,TRUE
AV00330,SEC_KAL_KAR,02-02-2026,12.41,13.48,RESTRICTED,synthetic planned availability window,MEDIUM,TRUE,TRUE
AV00331,SEC_DAD_THA,06-02-2026,9.44,11.41,AVAILABLE,synthetic planned availability window,LOW,TRUE,TRUE
AV00332,SEC_LON_TAL,23-03-2026,19.57,21.45,UNAVAILABLE,synthetic planned availability window,HIGH,FALSE,TRUE
AV00333,SEC_LON_TAL,17-02-2026,2.23,4.27,AVAILABLE,synthetic planned availability window,LOW,TRUE,TRUE
AV00334,SEC_KAL_KAR,05-03-2026,13.15,14.53,AVAILABLE,synthetic planned availability window,MEDIUM,TRUE,TRUE
AV00335,SEC_TAL_CHI,04-03-2026,3.49,5.25,AVAILABLE,synthetic planned availability window,MEDIUM,TRUE,TRUE
AV00336,SEC_CHI_SHI,24-03-2026,4.12,5.18,UNAVAILABLE,synthetic planned availability window,LOW,TRUE,TRUE
AV00337,SEC_DAD_THA,28-01-2026,12.39,14.34,UNAVAILABLE,synthetic planned availability window,MEDIUM,TRUE,TRUE
AV00338,SEC_SHI_PUN,03-02-2026,11.40,14.28,RESTRICTED,synthetic planned availability window,LOW,TRUE,TRUE
AV00339,SEC_DAD_THA,20-01-2026,8.35,10.50,UNAVAILABLE,synthetic planned availability window,HIGH,FALSE,TRUE
AV00340,SEC_KHA_LON,03-02-2026,12.17,13.28,RESTRICTED,synthetic planned availability window,LOW,TRUE,TRUE
AV00341,SEC_CHI_SHI,30-03-2026,13.54,16.04,AVAILABLE,synthetic planned availability window,MEDIUM,FALSE,TRUE
AV00342,SEC_KAL_KAR,31-03-2026,14.13,15.47,UNAVAILABLE,synthetic planned availability window,HIGH,FALSE,TRUE
AV00343,SEC_KHA_LON,22-01-2026,12.16,14.28,UNAVAILABLE,synthetic planned availability window,LOW,TRUE,TRUE
AV00344,SEC_CHI_SHI,31-03-2026,12.57,15.08,UNAVAILABLE,synthetic planned availability window,MEDIUM,TRUE,TRUE
AV00345,SEC_KAR_KHA,05-02-2026,18.10,20.57,AVAILABLE,synthetic planned availability window,HIGH,TRUE,TRUE
AV00346,SEC_THA_KAL,12-02-2026,12.18,13.21,UNAVAILABLE,synthetic planned availability window,LOW,TRUE,TRUE
AV00347,SEC_TAL_CHI,15-03-2026,17.19,18.41,AVAILABLE,synthetic planned availability window,MEDIUM,FALSE,TRUE
AV00348,SEC_LON_TAL,29-01-2026,15.31,18.15,AVAILABLE,synthetic planned availability window,LOW,TRUE,TRUE
AV00349,SEC_DAD_THA,11-03-2026,7.37,9.19,RESTRICTED,synthetic planned availability window,MEDIUM,TRUE,TRUE
AV00350,SEC_TAL_CHI,26-01-2026,20.27,21.45,UNAVAILABLE,synthetic planned availability window,LOW,TRUE,TRUE
AV00351,SEC_TAL_CHI,15-02-2026,2.15,3.33,UNAVAILABLE,synthetic planned availability window,LOW,TRUE,TRUE
AV00352,SEC_THA_KAL,02-01-2026,2.15,3.24,AVAILABLE,synthetic planned availability window,LOW,TRUE,TRUE
AV00353,SEC_SHI_PUN,18-01-2026,15.36,17.57,AVAILABLE,synthetic planned availability window,MEDIUM,TRUE,TRUE
AV00354,SEC_SHI_PUN,11-02-2026,16.03,17.49,AVAILABLE,synthetic planned availability window,HIGH,FALSE,TRUE
AV00355,SEC_DAD_THA,21-03-2026,3.25,5.14,AVAILABLE,synthetic planned availability window,MEDIUM,TRUE,TRUE
AV00356,SEC_KAL_KAR,08-02-2026,20.33,22.56,UNAVAILABLE,synthetic planned availability window,HIGH,TRUE,TRUE
AV00357,SEC_KAL_KAR,05-03-2026,18.32,19.40,RESTRICTED,synthetic planned availability window,MEDIUM,TRUE,TRUE
AV00358,SEC_KAR_KHA,20-01-2026,7.04,8.18,RESTRICTED,synthetic planned availability window,MEDIUM,FALSE,TRUE
AV00359,SEC_LON_TAL,02-02-2026,6.26,8.06,RESTRICTED,synthetic planned availability window,LOW,TRUE,TRUE
AV00360,SEC_KAR_KHA,24-03-2026,2.47,3.47,AVAILABLE,synthetic planned availability window,LOW,TRUE,TRUE
AV00361,SEC_MUM_DAD,09-01-2026,21.23,23.04,UNAVAILABLE,synthetic planned availability window,LOW,TRUE,TRUE
AV00362,SEC_CHI_SHI,25-01-2026,15.48,18.17,AVAILABLE,synthetic planned availability window,LOW,FALSE,TRUE
AV00363,SEC_KAR_KHA,14-03-2026,3.58,6.57,RESTRICTED,synthetic planned availability window,HIGH,TRUE,TRUE
AV00364,SEC_MUM_DAD,10-02-2026,11.28,13.19,UNAVAILABLE,synthetic planned availability window,LOW,TRUE,TRUE
AV00365,SEC_LON_TAL,10-01-2026,7.04,9.15,UNAVAILABLE,synthetic planned availability window,LOW,FALSE,TRUE
AV00366,SEC_KAL_KAR,12-02-2026,15.30,16.45,RESTRICTED,synthetic planned availability window,LOW,FALSE,TRUE
AV00367,SEC_DAD_THA,30-01-2026,7.06,9.43,UNAVAILABLE,synthetic planned availability window,MEDIUM,TRUE,TRUE
AV00368,SEC_KAR_KHA,22-01-2026,15.59,18.00,RESTRICTED,synthetic planned availability window,LOW,FALSE,TRUE
AV00369,SEC_LON_TAL,06-03-2026,19.22,21.05,AVAILABLE,synthetic planned availability window,HIGH,TRUE,TRUE
AV00370,SEC_DAD_THA,27-03-2026,6.10,7.55,RESTRICTED,synthetic planned availability window,MEDIUM,TRUE,TRUE
AV00371,SEC_KAL_KAR,09-02-2026,13.01,15.42,UNAVAILABLE,synthetic planned availability window,MEDIUM,TRUE,TRUE
AV00372,SEC_DAD_THA,24-02-2026,10.04,11.42,AVAILABLE,synthetic planned availability window,LOW,TRUE,TRUE
AV00373,SEC_MUM_DAD,05-01-2026,8.31,9.32,AVAILABLE,synthetic planned availability window,LOW,TRUE,TRUE
AV00374,SEC_KAL_KAR,18-01-2026,13.26,14.52,RESTRICTED,synthetic planned availability window,MEDIUM,TRUE,TRUE
AV00375,SEC_MUM_DAD,06-01-2026,15.13,18.04,RESTRICTED,synthetic planned availability window,MEDIUM,TRUE,TRUE
AV00376,SEC_KAR_KHA,02-02-2026,1.43,2.58,UNAVAILABLE,synthetic planned availability window,HIGH,TRUE,TRUE
AV00377,SEC_THA_KAL,01-03-2026,19.49,21.56,AVAILABLE,synthetic planned availability window,HIGH,TRUE,TRUE
AV00378,SEC_LON_TAL,21-01-2026,21.54,23.59,RESTRICTED,synthetic planned availability window,LOW,TRUE,TRUE
AV00379,SEC_KAR_KHA,05-02-2026,11.10,13.08,AVAILABLE,synthetic planned availability window,HIGH,TRUE,TRUE
AV00380,SEC_TAL_CHI,24-01-2026,21.32,23.35,UNAVAILABLE,synthetic planned availability window,LOW,TRUE,TRUE
AV00381,SEC_SHI_PUN,11-01-2026,16.27,17.50,RESTRICTED,synthetic planned availability window,LOW,FALSE,TRUE
AV00382,SEC_TAL_CHI,14-01-2026,7.58,9.28,RESTRICTED,synthetic planned availability window,LOW,FALSE,TRUE
AV00383,SEC_LON_TAL,27-02-2026,2.20,3.25,RESTRICTED,synthetic planned availability window,MEDIUM,TRUE,TRUE
AV00384,SEC_MUM_DAD,21-02-2026,21.55,23.59,RESTRICTED,synthetic planned availability window,MEDIUM,TRUE,TRUE
AV00385,SEC_THA_KAL,26-03-2026,14.44,16.34,RESTRICTED,synthetic planned availability window,MEDIUM,FALSE,TRUE
AV00386,SEC_CHI_SHI,02-01-2026,15.22,17.12,UNAVAILABLE,synthetic planned availability window,HIGH,FALSE,TRUE
AV00387,SEC_KAL_KAR,09-03-2026,5.55,7.28,UNAVAILABLE,synthetic planned availability window,LOW,TRUE,TRUE
AV00388,SEC_MUM_DAD,06-01-2026,20.53,21.56,UNAVAILABLE,synthetic planned availability window,LOW,TRUE,TRUE
AV00389,SEC_TAL_CHI,20-02-2026,13.47,14.47,RESTRICTED,synthetic planned availability window,MEDIUM,TRUE,TRUE
AV00390,SEC_TAL_CHI,01-02-2026,4.38,6.24,UNAVAILABLE,synthetic planned availability window,LOW,TRUE,TRUE
AV00391,SEC_CHI_SHI,06-02-2026,15.00,16.55,AVAILABLE,synthetic planned availability window,MEDIUM,TRUE,TRUE
AV00392,SEC_DAD_THA,03-03-2026,20.39,21.47,UNAVAILABLE,synthetic planned availability window,HIGH,TRUE,TRUE
AV00393,SEC_THA_KAL,17-03-2026,21.26,23.59,RESTRICTED,synthetic planned availability window,MEDIUM,TRUE,TRUE
AV00394,SEC_KHA_LON,21-02-2026,19.46,21.07,AVAILABLE,synthetic planned availability window,HIGH,TRUE,TRUE
AV00395,SEC_KHA_LON,13-02-2026,1.28,3.32,AVAILABLE,synthetic planned availability window,LOW,FALSE,TRUE
AV00396,SEC_THA_KAL,09-02-2026,16.17,18.56,UNAVAILABLE,synthetic planned availability window,HIGH,TRUE,TRUE
AV00397,SEC_KHA_LON,21-01-2026,6.08,8.38,RESTRICTED,synthetic planned availability window,LOW,TRUE,TRUE
AV00398,SEC_MUM_DAD,20-01-2026,3.34,6.27,UNAVAILABLE,synthetic planned availability window,MEDIUM,FALSE,TRUE
AV00399,SEC_KHA_LON,22-01-2026,9.00,11.04,RESTRICTED,synthetic planned availability window,MEDIUM,TRUE,TRUE
AV00400,SEC_KHA_LON,05-03-2026,12.57,15.49,UNAVAILABLE,synthetic planned availability window,MEDIUM,TRUE,TRUE
AV00401,SEC_LON_TAL,29-03-2026,2.08,4.59,AVAILABLE,synthetic planned availability window,LOW,TRUE,TRUE
AV00402,SEC_SHI_PUN,02-02-2026,15.42,17.26,AVAILABLE,synthetic planned availability window,LOW,TRUE,TRUE
AV00403,SEC_LON_TAL,02-02-2026,20.25,21.56,UNAVAILABLE,synthetic planned availability window,MEDIUM,FALSE,TRUE
AV00404,SEC_DAD_THA,01-01-2026,14.26,16.41,RESTRICTED,synthetic planned availability window,MEDIUM,TRUE,TRUE
AV00405,SEC_KHA_LON,08-01-2026,5.46,6.57,UNAVAILABLE,synthetic planned availability window,HIGH,TRUE,TRUE
AV00406,SEC_DAD_THA,26-03-2026,13.47,15.31,AVAILABLE,synthetic planned availability window,MEDIUM,TRUE,TRUE
AV00407,SEC_MUM_DAD,27-02-2026,1.16,3.40,AVAILABLE,synthetic planned availability window,MEDIUM,FALSE,TRUE
AV00408,SEC_CHI_SHI,14-02-2026,11.37,13.40,RESTRICTED,synthetic planned availability window,LOW,TRUE,TRUE
AV00409,SEC_KHA_LON,30-03-2026,2.23,4.08,AVAILABLE,synthetic planned availability window,MEDIUM,TRUE,TRUE
AV00410,SEC_DAD_THA,26-02-2026,0.14,3.09,AVAILABLE,synthetic planned availability window,MEDIUM,FALSE,TRUE
AV00411,SEC_SHI_PUN,07-02-2026,18.35,20.12,UNAVAILABLE,synthetic planned availability window,LOW,TRUE,TRUE
AV00412,SEC_KAL_KAR,28-03-2026,15.16,17.14,RESTRICTED,synthetic planned availability window,MEDIUM,TRUE,TRUE
AV00413,SEC_KAR_KHA,23-01-2026,1.07,2.43,AVAILABLE,synthetic planned availability window,MEDIUM,FALSE,TRUE
AV00414,SEC_CHI_SHI,19-03-2026,15.13,17.42,RESTRICTED,synthetic planned availability window,MEDIUM,FALSE,TRUE
AV00415,SEC_MUM_DAD,17-01-2026,4.24,6.23,AVAILABLE,synthetic planned availability window,HIGH,FALSE,TRUE
AV00416,SEC_KHA_LON,25-02-2026,9.18,12.10,UNAVAILABLE,synthetic planned availability window,HIGH,TRUE,TRUE
AV00417,SEC_KAL_KAR,14-02-2026,21.02,22.41,AVAILABLE,synthetic planned availability window,LOW,FALSE,TRUE
AV00418,SEC_KAL_KAR,21-03-2026,4.38,5.56,AVAILABLE,synthetic planned availability window,LOW,TRUE,TRUE
AV00419,SEC_TAL_CHI,11-01-2026,20.26,21.58,UNAVAILABLE,synthetic planned availability window,HIGH,TRUE,TRUE
AV00420,SEC_THA_KAL,07-02-2026,9.37,12.28,RESTRICTED,synthetic planned availability window,MEDIUM,TRUE,TRUE
AV00421,SEC_LON_TAL,10-03-2026,4.43,5.50,RESTRICTED,synthetic planned availability window,MEDIUM,FALSE,TRUE
AV00422,SEC_THA_KAL,13-03-2026,7.33,9.47,RESTRICTED,synthetic planned availability window,LOW,FALSE,TRUE
AV00423,SEC_KHA_LON,09-02-2026,5.50,8.27,UNAVAILABLE,synthetic planned availability window,HIGH,FALSE,TRUE
AV00424,SEC_DAD_THA,29-01-2026,10.10,11.21,AVAILABLE,synthetic planned availability window,HIGH,FALSE,TRUE
AV00425,SEC_KHA_LON,06-02-2026,13.22,14.47,UNAVAILABLE,synthetic planned availability window,HIGH,TRUE,TRUE
AV00426,SEC_THA_KAL,12-02-2026,18.56,20.15,RESTRICTED,synthetic planned availability window,LOW,TRUE,TRUE
AV00427,SEC_KAR_KHA,04-01-2026,4.19,7.09,UNAVAILABLE,synthetic planned availability window,HIGH,TRUE,TRUE
AV00428,SEC_KHA_LON,06-02-2026,19.04,21.21,AVAILABLE,synthetic planned availability window,HIGH,TRUE,TRUE
AV00429,SEC_KAR_KHA,12-02-2026,19.07,20.13,RESTRICTED,synthetic planned availability window,MEDIUM,TRUE,TRUE
AV00430,SEC_CHI_SHI,01-02-2026,3.53,6.49,UNAVAILABLE,synthetic planned availability window,MEDIUM,TRUE,TRUE
AV00431,SEC_LON_TAL,29-03-2026,16.01,17.28,AVAILABLE,synthetic planned availability window,MEDIUM,TRUE,TRUE
AV00432,SEC_KHA_LON,18-02-2026,20.32,22.04,UNAVAILABLE,synthetic planned availability window,HIGH,TRUE,TRUE
AV00433,SEC_TAL_CHI,06-02-2026,10.34,12.13,AVAILABLE,synthetic planned availability window,LOW,TRUE,TRUE
AV00434,SEC_DAD_THA,19-01-2026,20.26,22.37,RESTRICTED,synthetic planned availability window,MEDIUM,TRUE,TRUE
AV00435,SEC_KAR_KHA,07-01-2026,12.17,15.17,RESTRICTED,synthetic planned availability window,MEDIUM,TRUE,TRUE
AV00436,SEC_KAR_KHA,19-01-2026,2.13,4.20,AVAILABLE,synthetic planned availability window,MEDIUM,FALSE,TRUE
AV00437,SEC_DAD_THA,07-02-2026,16.00,18.03,RESTRICTED,synthetic planned availability window,LOW,TRUE,TRUE
AV00438,SEC_DAD_THA,20-01-2026,16.44,18.52,RESTRICTED,synthetic planned availability window,LOW,TRUE,TRUE
AV00439,SEC_KAL_KAR,08-01-2026,18.34,20.05,AVAILABLE,synthetic planned availability window,LOW,FALSE,TRUE
AV00440,SEC_MUM_DAD,09-02-2026,15.44,16.44,RESTRICTED,synthetic planned availability window,HIGH,TRUE,TRUE
AV00441,SEC_SHI_PUN,27-03-2026,7.26,10.13,RESTRICTED,synthetic planned availability window,MEDIUM,TRUE,TRUE
AV00442,SEC_KAL_KAR,11-02-2026,2.26,5.09,UNAVAILABLE,synthetic planned availability window,HIGH,TRUE,TRUE
AV00443,SEC_TAL_CHI,26-03-2026,6.03,8.17,RESTRICTED,synthetic planned availability window,MEDIUM,TRUE,TRUE
AV00444,SEC_SHI_PUN,24-02-2026,4.00,5.16,AVAILABLE,synthetic planned availability window,LOW,TRUE,TRUE
AV00445,SEC_THA_KAL,01-01-2026,17.44,20.33,AVAILABLE,synthetic planned availability window,HIGH,TRUE,TRUE
AV00446,SEC_CHI_SHI,14-02-2026,13.22,16.06,AVAILABLE,synthetic planned availability window,LOW,FALSE,TRUE
AV00447,SEC_KAR_KHA,16-01-2026,13.24,14.48,AVAILABLE,synthetic planned availability window,LOW,TRUE,TRUE
AV00448,SEC_MUM_DAD,11-01-2026,10.32,12.31,AVAILABLE,synthetic planned availability window,HIGH,FALSE,TRUE
AV00449,SEC_DAD_THA,25-02-2026,14.31,15.35,AVAILABLE,synthetic planned availability window,HIGH,TRUE,TRUE
AV00450,SEC_KAL_KAR,16-02-2026,14.53,17.25,UNAVAILABLE,synthetic planned availability window,LOW,TRUE,TRUE
AV00451,SEC_MUM_DAD,11-03-2026,7.56,9.48,UNAVAILABLE,synthetic planned availability window,HIGH,FALSE,TRUE
AV00452,SEC_KAL_KAR,14-01-2026,21.38,23.03,RESTRICTED,synthetic planned availability window,LOW,TRUE,TRUE
AV00453,SEC_KAR_KHA,09-01-2026,9.58,12.11,UNAVAILABLE,synthetic planned availability window,MEDIUM,TRUE,TRUE
AV00454,SEC_KHA_LON,18-02-2026,3.54,5.18,AVAILABLE,synthetic planned availability window,HIGH,TRUE,TRUE
AV00455,SEC_THA_KAL,26-02-2026,11.56,14.15,AVAILABLE,synthetic planned availability window,MEDIUM,FALSE,TRUE
AV00456,SEC_LON_TAL,31-03-2026,7.18,10.02,AVAILABLE,synthetic planned availability window,HIGH,TRUE,TRUE
AV00457,SEC_KAR_KHA,22-03-2026,5.50,6.51,AVAILABLE,synthetic planned availability window,LOW,TRUE,TRUE
AV00458,SEC_KAL_KAR,12-02-2026,15.46,17.35,AVAILABLE,synthetic planned availability window,LOW,FALSE,TRUE
AV00459,SEC_KAL_KAR,27-02-2026,18.30,20.28,UNAVAILABLE,synthetic planned availability window,HIGH,TRUE,TRUE
AV00460,SEC_TAL_CHI,04-02-2026,20.33,21.58,RESTRICTED,synthetic planned availability window,LOW,FALSE,TRUE
AV00461,SEC_MUM_DAD,12-03-2026,12.19,13.26,AVAILABLE,synthetic planned availability window,MEDIUM,TRUE,TRUE
AV00462,SEC_KAL_KAR,27-01-2026,12.22,14.05,UNAVAILABLE,synthetic planned availability window,HIGH,FALSE,TRUE
AV00463,SEC_DAD_THA,01-03-2026,15.11,18.09,UNAVAILABLE,synthetic planned availability window,LOW,TRUE,TRUE
AV00464,SEC_KHA_LON,03-03-2026,21.04,23.25,UNAVAILABLE,synthetic planned availability window,LOW,TRUE,TRUE
AV00465,SEC_CHI_SHI,15-03-2026,0.50,2.42,AVAILABLE,synthetic planned availability window,HIGH,FALSE,TRUE
AV00466,SEC_DAD_THA,18-03-2026,2.42,3.48,AVAILABLE,synthetic planned availability window,MEDIUM,FALSE,TRUE
AV00467,SEC_TAL_CHI,06-01-2026,8.22,10.54,RESTRICTED,synthetic planned availability window,LOW,TRUE,TRUE
AV00468,SEC_CHI_SHI,07-01-2026,7.55,9.41,UNAVAILABLE,synthetic planned availability window,MEDIUM,TRUE,TRUE
AV00469,SEC_TAL_CHI,22-03-2026,18.02,19.45,UNAVAILABLE,synthetic planned availability window,HIGH,TRUE,TRUE
AV00470,SEC_MUM_DAD,04-03-2026,6.12,7.46,AVAILABLE,synthetic planned availability window,HIGH,TRUE,TRUE
AV00471,SEC_TAL_CHI,15-02-2026,18.25,20.24,AVAILABLE,synthetic planned availability window,MEDIUM,TRUE,TRUE
AV00472,SEC_KHA_LON,17-03-2026,9.22,10.56,UNAVAILABLE,synthetic planned availability window,MEDIUM,FALSE,TRUE
AV00473,SEC_TAL_CHI,20-02-2026,17.46,20.39,UNAVAILABLE,synthetic planned availability window,HIGH,FALSE,TRUE
AV00474,SEC_DAD_THA,10-03-2026,21.15,22.27,RESTRICTED,synthetic planned availability window,LOW,TRUE,TRUE
AV00475,SEC_LON_TAL,28-02-2026,15.38,16.57,UNAVAILABLE,synthetic planned availability window,LOW,FALSE,TRUE
AV00476,SEC_MUM_DAD,28-03-2026,1.15,2.42,UNAVAILABLE,synthetic planned availability window,HIGH,TRUE,TRUE
AV00477,SEC_KHA_LON,24-01-2026,16.59,19.33,RESTRICTED,synthetic planned availability window,MEDIUM,TRUE,TRUE
AV00478,SEC_KAR_KHA,16-01-2026,14.32,16.04,RESTRICTED,synthetic planned availability window,LOW,FALSE,TRUE
AV00479,SEC_KAR_KHA,16-02-2026,3.49,5.30,AVAILABLE,synthetic planned availability window,LOW,FALSE,TRUE
AV00480,SEC_DAD_THA,23-02-2026,7.14,9.19,AVAILABLE,synthetic planned availability window,LOW,TRUE,TRUE
AV00481,SEC_SHI_PUN,23-01-2026,14.51,17.19,AVAILABLE,synthetic planned availability window,LOW,TRUE,TRUE
AV00482,SEC_TAL_CHI,10-01-2026,8.05,11.05,UNAVAILABLE,synthetic planned availability window,HIGH,TRUE,TRUE
AV00483,SEC_CHI_SHI,24-02-2026,8.07,9.34,UNAVAILABLE,synthetic planned availability window,MEDIUM,TRUE,TRUE
AV00484,SEC_CHI_SHI,01-02-2026,10.34,13.01,AVAILABLE,synthetic planned availability window,HIGH,TRUE,TRUE
AV00485,SEC_CHI_SHI,02-01-2026,7.32,10.20,RESTRICTED,synthetic planned availability window,HIGH,FALSE,TRUE
AV00486,SEC_KAL_KAR,24-01-2026,9.03,11.07,AVAILABLE,synthetic planned availability window,LOW,TRUE,TRUE
AV00487,SEC_CHI_SHI,14-02-2026,10.44,12.19,RESTRICTED,synthetic planned availability window,MEDIUM,FALSE,TRUE
AV00488,SEC_MUM_DAD,13-02-2026,14.47,17.09,RESTRICTED,synthetic planned availability window,MEDIUM,TRUE,TRUE
AV00489,SEC_SHI_PUN,12-02-2026,19.02,20.37,RESTRICTED,synthetic planned availability window,HIGH,TRUE,TRUE
AV00490,SEC_LON_TAL,08-02-2026,4.51,7.41,UNAVAILABLE,synthetic planned availability window,MEDIUM,TRUE,TRUE
AV00491,SEC_KHA_LON,11-03-2026,4.15,7.07,AVAILABLE,synthetic planned availability window,MEDIUM,TRUE,TRUE
AV00492,SEC_MUM_DAD,11-02-2026,6.39,8.15,AVAILABLE,synthetic planned availability window,MEDIUM,TRUE,TRUE
AV00493,SEC_THA_KAL,22-02-2026,10.54,12.55,UNAVAILABLE,synthetic planned availability window,HIGH,TRUE,TRUE
AV00494,SEC_TAL_CHI,29-03-2026,20.05,21.58,RESTRICTED,synthetic planned availability window,MEDIUM,TRUE,TRUE
AV00495,SEC_MUM_DAD,02-01-2026,21.30,23.07,UNAVAILABLE,synthetic planned availability window,LOW,TRUE,TRUE
AV00496,SEC_SHI_PUN,16-03-2026,4.27,5.27,AVAILABLE,synthetic planned availability window,HIGH,TRUE,TRUE
AV00497,SEC_SHI_PUN,18-01-2026,0.35,3.23,RESTRICTED,synthetic planned availability window,HIGH,TRUE,TRUE
AV00498,SEC_CHI_SHI,04-02-2026,13.35,16.13,RESTRICTED,synthetic planned availability window,LOW,TRUE,TRUE
AV00499,SEC_LON_TAL,28-01-2026,6.05,8.39,RESTRICTED,synthetic planned availability window,MEDIUM,TRUE,TRUE
AV00500,SEC_THA_KAL,21-02-2026,13.24,14.25,AVAILABLE,synthetic planned availability window,MEDIUM,TRUE,TRUE
AV00501,SEC_KAL_KAR,05-01-2026,7.58,10.38,UNAVAILABLE,synthetic planned availability window,HIGH,FALSE,TRUE
AV00502,SEC_LON_TAL,10-03-2026,17.36,18.41,AVAILABLE,synthetic planned availability window,HIGH,FALSE,TRUE
AV00503,SEC_KAR_KHA,13-02-2026,12.11,14.06,UNAVAILABLE,synthetic planned availability window,LOW,TRUE,TRUE
AV00504,SEC_SHI_PUN,19-01-2026,19.34,21.08,UNAVAILABLE,synthetic planned availability window,MEDIUM,TRUE,TRUE
AV00505,SEC_SHI_PUN,01-02-2026,6.04,7.39,AVAILABLE,synthetic planned availability window,MEDIUM,FALSE,TRUE
AV00506,SEC_SHI_PUN,23-01-2026,14.19,15.57,RESTRICTED,synthetic planned availability window,HIGH,FALSE,TRUE
AV00507,SEC_KHA_LON,09-03-2026,16.13,17.37,UNAVAILABLE,synthetic planned availability window,HIGH,TRUE,TRUE
AV00508,SEC_DAD_THA,18-01-2026,16.05,18.59,AVAILABLE,synthetic planned availability window,LOW,TRUE,TRUE
AV00509,SEC_KHA_LON,13-03-2026,7.01,8.11,RESTRICTED,synthetic planned availability window,LOW,TRUE,TRUE
AV00510,SEC_MUM_DAD,31-03-2026,7.24,9.41,UNAVAILABLE,synthetic planned availability window,HIGH,TRUE,TRUE
AV00511,SEC_MUM_DAD,07-01-2026,17.03,18.07,AVAILABLE,synthetic planned availability window,MEDIUM,TRUE,TRUE
AV00512,SEC_CHI_SHI,29-01-2026,15.35,17.01,AVAILABLE,synthetic planned availability window,MEDIUM,FALSE,TRUE
AV00513,SEC_TAL_CHI,16-03-2026,10.08,11.42,UNAVAILABLE,synthetic planned availability window,MEDIUM,TRUE,TRUE
AV00514,SEC_CHI_SHI,01-02-2026,7.08,9.51,UNAVAILABLE,synthetic planned availability window,MEDIUM,TRUE,TRUE
AV00515,SEC_KAR_KHA,20-03-2026,10.21,13.16,UNAVAILABLE,synthetic planned availability window,LOW,TRUE,TRUE
AV00516,SEC_DAD_THA,03-01-2026,18.51,20.38,AVAILABLE,synthetic planned availability window,LOW,TRUE,TRUE
AV00517,SEC_TAL_CHI,02-02-2026,10.35,11.56,AVAILABLE,synthetic planned availability window,HIGH,FALSE,TRUE
AV00518,SEC_THA_KAL,12-02-2026,0.30,3.08,UNAVAILABLE,synthetic planned availability window,HIGH,FALSE,TRUE
AV00519,SEC_LON_TAL,10-01-2026,3.08,4.53,AVAILABLE,synthetic planned availability window,HIGH,FALSE,TRUE
AV00520,SEC_MUM_DAD,31-01-2026,16.27,18.43,RESTRICTED,synthetic planned availability window,MEDIUM,TRUE,TRUE
AV00521,SEC_KAR_KHA,09-03-2026,20.52,22.19,UNAVAILABLE,synthetic planned availability window,LOW,TRUE,TRUE
AV00522,SEC_TAL_CHI,29-01-2026,8.19,9.23,UNAVAILABLE,synthetic planned availability window,HIGH,FALSE,TRUE
AV00523,SEC_KAL_KAR,28-03-2026,1.51,3.19,UNAVAILABLE,synthetic planned availability window,HIGH,FALSE,TRUE
AV00524,SEC_THA_KAL,31-03-2026,7.43,9.26,RESTRICTED,synthetic planned availability window,MEDIUM,TRUE,TRUE
AV00525,SEC_MUM_DAD,09-03-2026,15.50,17.34,UNAVAILABLE,synthetic planned availability window,HIGH,TRUE,TRUE
AV00526,SEC_TAL_CHI,12-02-2026,14.40,17.30,AVAILABLE,synthetic planned availability window,MEDIUM,TRUE,TRUE
AV00527,SEC_SHI_PUN,02-01-2026,1.54,4.35,RESTRICTED,synthetic planned availability window,MEDIUM,FALSE,TRUE
AV00528,SEC_TAL_CHI,27-02-2026,18.49,20.52,RESTRICTED,synthetic planned availability window,MEDIUM,FALSE,TRUE
AV00529,SEC_CHI_SHI,06-02-2026,15.37,17.48,UNAVAILABLE,synthetic planned availability window,LOW,TRUE,TRUE
AV00530,SEC_LON_TAL,20-02-2026,2.47,4.23,AVAILABLE,synthetic planned availability window,LOW,TRUE,TRUE
AV00531,SEC_MUM_DAD,30-03-2026,20.27,21.35,RESTRICTED,synthetic planned availability window,HIGH,TRUE,TRUE
AV00532,SEC_LON_TAL,19-03-2026,18.51,21.25,UNAVAILABLE,synthetic planned availability window,HIGH,TRUE,TRUE
AV00533,SEC_TAL_CHI,07-02-2026,9.11,11.32,UNAVAILABLE,synthetic planned availability window,MEDIUM,TRUE,TRUE
AV00534,SEC_DAD_THA,26-02-2026,7.13,9.34,UNAVAILABLE,synthetic planned availability window,HIGH,TRUE,TRUE
AV00535,SEC_KAL_KAR,02-03-2026,5.47,7.25,UNAVAILABLE,synthetic planned availability window,LOW,FALSE,TRUE
AV00536,SEC_MUM_DAD,07-03-2026,2.41,4.56,RESTRICTED,synthetic planned availability window,LOW,FALSE,TRUE
AV00537,SEC_KAR_KHA,12-03-2026,1.41,3.35,AVAILABLE,synthetic planned availability window,LOW,TRUE,TRUE
AV00538,SEC_MUM_DAD,08-02-2026,7.36,8.38,UNAVAILABLE,synthetic planned availability window,LOW,TRUE,TRUE
AV00539,SEC_DAD_THA,22-01-2026,5.55,8.31,UNAVAILABLE,synthetic planned availability window,LOW,TRUE,TRUE
AV00540,SEC_SHI_PUN,09-02-2026,5.41,7.22,RESTRICTED,synthetic planned availability window,LOW,FALSE,TRUE
AV00541,SEC_CHI_SHI,23-01-2026,11.51,14.32,UNAVAILABLE,synthetic planned availability window,LOW,FALSE,TRUE
AV00542,SEC_THA_KAL,24-02-2026,11.34,14.24,UNAVAILABLE,synthetic planned availability window,MEDIUM,FALSE,TRUE
AV00543,SEC_THA_KAL,24-01-2026,0.40,2.02,RESTRICTED,synthetic planned availability window,HIGH,FALSE,TRUE
AV00544,SEC_THA_KAL,13-03-2026,0.14,2.58,AVAILABLE,synthetic planned availability window,LOW,TRUE,TRUE
AV00545,SEC_LON_TAL,16-02-2026,17.26,18.27,AVAILABLE,synthetic planned availability window,LOW,TRUE,TRUE
AV00546,SEC_KHA_LON,25-01-2026,11.51,13.16,AVAILABLE,synthetic planned availability window,MEDIUM,TRUE,TRUE
AV00547,SEC_SHI_PUN,24-01-2026,8.26,10.46,AVAILABLE,synthetic planned availability window,MEDIUM,TRUE,TRUE
AV00548,SEC_DAD_THA,12-01-2026,5.53,7.16,AVAILABLE,synthetic planned availability window,MEDIUM,FALSE,TRUE
AV00549,SEC_MUM_DAD,14-02-2026,11.47,14.19,UNAVAILABLE,synthetic planned availability window,MEDIUM,FALSE,TRUE
AV00550,SEC_DAD_THA,24-01-2026,2.44,4.21,UNAVAILABLE,synthetic planned availability window,LOW,TRUE,TRUE
AV00551,SEC_TAL_CHI,15-01-2026,21.37,23.55,RESTRICTED,synthetic planned availability window,MEDIUM,TRUE,TRUE
AV00552,SEC_DAD_THA,13-02-2026,11.51,14.47,UNAVAILABLE,synthetic planned availability window,MEDIUM,TRUE,TRUE
AV00553,SEC_DAD_THA,22-01-2026,18.56,20.19,AVAILABLE,synthetic planned availability window,LOW,TRUE,TRUE
AV00554,SEC_TAL_CHI,13-02-2026,6.12,8.25,AVAILABLE,synthetic planned availability window,MEDIUM,TRUE,TRUE
AV00555,SEC_MUM_DAD,01-03-2026,2.37,4.35,RESTRICTED,synthetic planned availability window,LOW,FALSE,TRUE
AV00556,SEC_CHI_SHI,03-02-2026,4.56,6.22,UNAVAILABLE,synthetic planned availability window,HIGH,TRUE,TRUE
AV00557,SEC_KHA_LON,25-01-2026,6.44,9.28,RESTRICTED,synthetic planned availability window,HIGH,TRUE,TRUE
AV00558,SEC_LON_TAL,30-01-2026,3.41,6.04,AVAILABLE,synthetic planned availability window,HIGH,TRUE,TRUE
AV00559,SEC_LON_TAL,24-03-2026,2.42,5.39,RESTRICTED,synthetic planned availability window,MEDIUM,FALSE,TRUE
AV00560,SEC_LON_TAL,25-02-2026,15.42,17.14,RESTRICTED,synthetic planned availability window,HIGH,TRUE,TRUE
AV00561,SEC_THA_KAL,23-03-2026,18.35,20.46,UNAVAILABLE,synthetic planned availability window,HIGH,TRUE,TRUE
AV00562,SEC_KHA_LON,14-03-2026,21.31,22.44,RESTRICTED,synthetic planned availability window,MEDIUM,TRUE,TRUE
AV00563,SEC_KAR_KHA,14-02-2026,11.58,14.53,RESTRICTED,synthetic planned availability window,HIGH,TRUE,TRUE
AV00564,SEC_LON_TAL,31-03-2026,6.49,9.11,AVAILABLE,synthetic planned availability window,MEDIUM,TRUE,TRUE
AV00565,SEC_SHI_PUN,29-01-2026,16.30,19.21,UNAVAILABLE,synthetic planned availability window,HIGH,TRUE,TRUE
AV00566,SEC_THA_KAL,21-01-2026,12.43,14.15,RESTRICTED,synthetic planned availability window,MEDIUM,FALSE,TRUE
AV00567,SEC_MUM_DAD,07-01-2026,16.53,18.31,RESTRICTED,synthetic planned availability window,LOW,TRUE,TRUE
AV00568,SEC_MUM_DAD,20-01-2026,6.28,8.35,RESTRICTED,synthetic planned availability window,HIGH,TRUE,TRUE
AV00569,SEC_THA_KAL,29-01-2026,20.52,23.51,AVAILABLE,synthetic planned availability window,HIGH,TRUE,TRUE
AV00570,SEC_THA_KAL,21-02-2026,7.04,8.41,AVAILABLE,synthetic planned availability window,HIGH,FALSE,TRUE
AV00571,SEC_KAL_KAR,04-01-2026,15.59,18.45,UNAVAILABLE,synthetic planned availability window,HIGH,TRUE,TRUE
AV00572,SEC_LON_TAL,25-03-2026,21.13,23.51,RESTRICTED,synthetic planned availability window,MEDIUM,FALSE,TRUE
AV00573,SEC_LON_TAL,15-03-2026,3.25,6.15,UNAVAILABLE,synthetic planned availability window,HIGH,TRUE,TRUE
AV00574,SEC_KAL_KAR,24-01-2026,11.47,14.26,UNAVAILABLE,synthetic planned availability window,HIGH,TRUE,TRUE
AV00575,SEC_TAL_CHI,31-01-2026,6.19,8.56,UNAVAILABLE,synthetic planned availability window,LOW,TRUE,TRUE
AV00576,SEC_MUM_DAD,14-01-2026,8.57,11.39,AVAILABLE,synthetic planned availability window,MEDIUM,TRUE,TRUE
AV00577,SEC_SHI_PUN,03-02-2026,7.14,9.09,UNAVAILABLE,synthetic planned availability window,LOW,TRUE,TRUE
AV00578,SEC_DAD_THA,21-02-2026,7.38,9.15,RESTRICTED,synthetic planned availability window,LOW,TRUE,TRUE
AV00579,SEC_CHI_SHI,16-03-2026,13.50,16.42,AVAILABLE,synthetic planned availability window,HIGH,FALSE,TRUE
AV00580,SEC_THA_KAL,10-03-2026,13.20,15.54,RESTRICTED,synthetic planned availability window,LOW,TRUE,TRUE
AV00581,SEC_THA_KAL,11-02-2026,13.58,15.53,RESTRICTED,synthetic planned availability window,MEDIUM,FALSE,TRUE
AV00582,SEC_LON_TAL,22-01-2026,6.31,8.34,UNAVAILABLE,synthetic planned availability window,MEDIUM,TRUE,TRUE
AV00583,SEC_CHI_SHI,01-02-2026,1.01,2.50,RESTRICTED,synthetic planned availability window,MEDIUM,FALSE,TRUE
AV00584,SEC_CHI_SHI,25-02-2026,6.26,8.38,AVAILABLE,synthetic planned availability window,LOW,FALSE,TRUE
AV00585,SEC_KHA_LON,16-01-2026,7.29,9.39,RESTRICTED,synthetic planned availability window,MEDIUM,TRUE,TRUE
AV00586,SEC_KAR_KHA,16-02-2026,2.05,3.10,UNAVAILABLE,synthetic planned availability window,LOW,TRUE,TRUE
AV00587,SEC_LON_TAL,01-03-2026,1.49,3.50,AVAILABLE,synthetic planned availability window,LOW,TRUE,TRUE
AV00588,SEC_TAL_CHI,19-03-2026,15.18,16.46,AVAILABLE,synthetic planned availability window,LOW,TRUE,TRUE
AV00589,SEC_KAL_KAR,19-03-2026,16.40,18.45,RESTRICTED,synthetic planned availability window,MEDIUM,TRUE,TRUE
AV00590,SEC_THA_KAL,23-02-2026,6.16,8.56,UNAVAILABLE,synthetic planned availability window,MEDIUM,FALSE,TRUE
AV00591,SEC_TAL_CHI,26-01-2026,1.50,3.42,UNAVAILABLE,synthetic planned availability window,MEDIUM,TRUE,TRUE
AV00592,SEC_THA_KAL,28-01-2026,3.28,5.46,RESTRICTED,synthetic planned availability window,LOW,FALSE,TRUE
AV00593,SEC_DAD_THA,13-03-2026,3.09,5.17,RESTRICTED,synthetic planned availability window,HIGH,FALSE,TRUE
AV00594,SEC_KAR_KHA,27-02-2026,14.14,15.36,UNAVAILABLE,synthetic planned availability window,MEDIUM,TRUE,TRUE
AV00595,SEC_KAL_KAR,02-03-2026,7.42,10.03,RESTRICTED,synthetic planned availability window,HIGH,FALSE,TRUE
AV00596,SEC_LON_TAL,13-01-2026,18.01,19.13,UNAVAILABLE,synthetic planned availability window,MEDIUM,FALSE,TRUE
AV00597,SEC_KAL_KAR,19-03-2026,9.24,10.40,UNAVAILABLE,synthetic planned availability window,HIGH,FALSE,TRUE
AV00598,SEC_KHA_LON,03-03-2026,6.35,8.52,RESTRICTED,synthetic planned availability window,HIGH,TRUE,TRUE
AV00599,SEC_SHI_PUN,06-01-2026,11.12,12.27,RESTRICTED,synthetic planned availability window,LOW,TRUE,TRUE
AV00600,SEC_SHI_PUN,04-01-2026,16.44,18.10,UNAVAILABLE,synthetic planned availability window,HIGH,TRUE,TRUE
AV00601,SEC_CHI_SHI,01-01-2026,12.04,14.49,AVAILABLE,synthetic planned availability window,LOW,FALSE,TRUE
AV00602,SEC_MUM_DAD,15-03-2026,13.04,15.51,AVAILABLE,synthetic planned availability window,HIGH,TRUE,TRUE
AV00603,SEC_KAL_KAR,06-03-2026,20.54,23.10,AVAILABLE,synthetic planned availability window,MEDIUM,FALSE,TRUE
AV00604,SEC_TAL_CHI,02-03-2026,0.55,2.28,RESTRICTED,synthetic planned availability window,MEDIUM,FALSE,TRUE
AV00605,SEC_KAR_KHA,11-02-2026,18.34,21.25,UNAVAILABLE,synthetic planned availability window,LOW,TRUE,TRUE
AV00606,SEC_THA_KAL,08-02-2026,14.24,16.44,UNAVAILABLE,synthetic planned availability window,LOW,TRUE,TRUE
AV00607,SEC_LON_TAL,23-03-2026,6.47,9.08,UNAVAILABLE,synthetic planned availability window,MEDIUM,TRUE,TRUE
AV00608,SEC_MUM_DAD,13-03-2026,14.37,15.59,UNAVAILABLE,synthetic planned availability window,HIGH,TRUE,TRUE
AV00609,SEC_KAR_KHA,29-01-2026,18.06,19.07,AVAILABLE,synthetic planned availability window,LOW,TRUE,TRUE
AV00610,SEC_LON_TAL,23-02-2026,16.42,19.32,AVAILABLE,synthetic planned availability window,LOW,TRUE,TRUE
AV00611,SEC_KAL_KAR,13-02-2026,5.40,7.48,RESTRICTED,synthetic planned availability window,HIGH,TRUE,TRUE
AV00612,SEC_LON_TAL,04-02-2026,1.28,4.07,UNAVAILABLE,synthetic planned availability window,LOW,TRUE,TRUE
AV00613,SEC_SHI_PUN,20-01-2026,13.56,16.03,RESTRICTED,synthetic planned availability window,LOW,FALSE,TRUE
AV00614,SEC_KAR_KHA,05-02-2026,9.51,10.59,UNAVAILABLE,synthetic planned availability window,HIGH,TRUE,TRUE
AV00615,SEC_THA_KAL,17-03-2026,8.55,10.00,RESTRICTED,synthetic planned availability window,MEDIUM,TRUE,TRUE
AV00616,SEC_SHI_PUN,21-01-2026,14.48,16.13,UNAVAILABLE,synthetic planned availability window,LOW,TRUE,TRUE
AV00617,SEC_KAL_KAR,20-01-2026,21.39,23.59,UNAVAILABLE,synthetic planned availability window,LOW,FALSE,TRUE
AV00618,SEC_SHI_PUN,10-03-2026,14.34,17.29,UNAVAILABLE,synthetic planned availability window,LOW,TRUE,TRUE
AV00619,SEC_TAL_CHI,24-02-2026,15.47,17.26,AVAILABLE,synthetic planned availability window,LOW,FALSE,TRUE
AV00620,SEC_MUM_DAD,23-03-2026,4.48,7.08,AVAILABLE,synthetic planned availability window,LOW,TRUE,TRUE
AV00621,SEC_SHI_PUN,17-02-2026,4.04,7.01,AVAILABLE,synthetic planned availability window,HIGH,FALSE,TRUE
AV00622,SEC_TAL_CHI,15-02-2026,9.22,12.13,UNAVAILABLE,synthetic planned availability window,MEDIUM,FALSE,TRUE
AV00623,SEC_KAR_KHA,21-02-2026,12.30,15.09,UNAVAILABLE,synthetic planned availability window,HIGH,TRUE,TRUE
AV00624,SEC_SHI_PUN,04-03-2026,14.00,15.17,AVAILABLE,synthetic planned availability window,LOW,TRUE,TRUE
AV00625,SEC_THA_KAL,21-02-2026,7.28,8.52,AVAILABLE,synthetic planned availability window,LOW,TRUE,TRUE
AV00626,SEC_MUM_DAD,29-01-2026,2.56,4.53,RESTRICTED,synthetic planned availability window,HIGH,TRUE,TRUE
AV00627,SEC_LON_TAL,04-03-2026,19.46,22.04,UNAVAILABLE,synthetic planned availability window,MEDIUM,FALSE,TRUE
AV00628,SEC_KAL_KAR,20-01-2026,15.34,17.41,UNAVAILABLE,synthetic planned availability window,LOW,TRUE,TRUE
AV00629,SEC_THA_KAL,14-02-2026,21.37,23.08,RESTRICTED,synthetic planned availability window,LOW,FALSE,TRUE
AV00630,SEC_DAD_THA,15-01-2026,3.36,6.07,AVAILABLE,synthetic planned availability window,HIGH,FALSE,TRUE
AV00631,SEC_DAD_THA,15-02-2026,14.46,16.18,RESTRICTED,synthetic planned availability window,HIGH,TRUE,TRUE
AV00632,SEC_CHI_SHI,03-02-2026,14.09,16.01,AVAILABLE,synthetic planned availability window,MEDIUM,TRUE,TRUE
AV00633,SEC_CHI_SHI,03-02-2026,14.13,15.52,UNAVAILABLE,synthetic planned availability window,LOW,FALSE,TRUE
AV00634,SEC_DAD_THA,12-03-2026,10.31,12.46,RESTRICTED,synthetic planned availability window,MEDIUM,TRUE,TRUE
AV00635,SEC_CHI_SHI,28-02-2026,3.51,5.37,AVAILABLE,synthetic planned availability window,HIGH,TRUE,TRUE
AV00636,SEC_KHA_LON,07-03-2026,21.57,23.59,UNAVAILABLE,synthetic planned availability window,MEDIUM,FALSE,TRUE
AV00637,SEC_KAR_KHA,09-01-2026,14.11,15.23,UNAVAILABLE,synthetic planned availability window,LOW,TRUE,TRUE
AV00638,SEC_LON_TAL,05-02-2026,5.01,6.20,AVAILABLE,synthetic planned availability window,HIGH,TRUE,TRUE
AV00639,SEC_KAR_KHA,28-02-2026,3.45,5.47,UNAVAILABLE,synthetic planned availability window,HIGH,TRUE,TRUE
AV00640,SEC_KAL_KAR,01-01-2026,3.59,6.46,UNAVAILABLE,synthetic planned availability window,MEDIUM,FALSE,TRUE
AV00641,SEC_KAR_KHA,16-03-2026,19.34,21.16,AVAILABLE,synthetic planned availability window,MEDIUM,TRUE,TRUE
AV00642,SEC_MUM_DAD,30-01-2026,8.31,10.00,RESTRICTED,synthetic planned availability window,LOW,TRUE,TRUE
AV00643,SEC_KAL_KAR,18-03-2026,2.56,4.37,AVAILABLE,synthetic planned availability window,HIGH,FALSE,TRUE
AV00644,SEC_KHA_LON,03-03-2026,13.59,15.22,RESTRICTED,synthetic planned availability window,MEDIUM,TRUE,TRUE
AV00645,SEC_KHA_LON,27-02-2026,18.15,19.41,AVAILABLE,synthetic planned availability window,LOW,TRUE,TRUE
AV00646,SEC_DAD_THA,24-03-2026,1.02,3.07,RESTRICTED,synthetic planned availability window,LOW,TRUE,TRUE
AV00647,SEC_THA_KAL,29-03-2026,5.05,7.15,AVAILABLE,synthetic planned availability window,MEDIUM,TRUE,TRUE
AV00648,SEC_LON_TAL,13-01-2026,17.52,19.51,RESTRICTED,synthetic planned availability window,MEDIUM,TRUE,TRUE
AV00649,SEC_KHA_LON,08-02-2026,11.26,13.02,AVAILABLE,synthetic planned availability window,HIGH,TRUE,TRUE
AV00650,SEC_SHI_PUN,14-03-2026,8.55,11.03,UNAVAILABLE,synthetic planned availability window,MEDIUM,FALSE,TRUE
AV00651,SEC_TAL_CHI,08-02-2026,17.32,20.10,UNAVAILABLE,synthetic planned availability window,LOW,TRUE,TRUE
AV00652,SEC_DAD_THA,24-01-2026,10.29,12.03,UNAVAILABLE,synthetic planned availability window,MEDIUM,TRUE,TRUE
AV00653,SEC_THA_KAL,22-02-2026,19.30,22.00,AVAILABLE,synthetic planned availability window,MEDIUM,TRUE,TRUE
AV00654,SEC_TAL_CHI,05-02-2026,20.23,22.50,UNAVAILABLE,synthetic planned availability window,LOW,TRUE,TRUE
AV00655,SEC_LON_TAL,14-03-2026,2.11,3.45,UNAVAILABLE,synthetic planned availability window,HIGH,TRUE,TRUE
AV00656,SEC_TAL_CHI,10-03-2026,19.54,22.25,UNAVAILABLE,synthetic planned availability window,HIGH,TRUE,TRUE
AV00657,SEC_MUM_DAD,22-03-2026,13.15,15.55,AVAILABLE,synthetic planned availability window,LOW,FALSE,TRUE
AV00658,SEC_KAR_KHA,02-03-2026,5.26,7.09,UNAVAILABLE,synthetic planned availability window,LOW,TRUE,TRUE
AV00659,SEC_DAD_THA,26-03-2026,17.05,18.30,UNAVAILABLE,synthetic planned availability window,LOW,FALSE,TRUE
AV00660,SEC_LON_TAL,13-03-2026,5.14,7.51,AVAILABLE,synthetic planned availability window,LOW,TRUE,TRUE
AV00661,SEC_LON_TAL,03-01-2026,17.46,19.15,AVAILABLE,synthetic planned availability window,HIGH,TRUE,TRUE
AV00662,SEC_MUM_DAD,19-01-2026,19.44,22.11,AVAILABLE,synthetic planned availability window,LOW,TRUE,TRUE
AV00663,SEC_TAL_CHI,06-01-2026,4.13,5.52,UNAVAILABLE,synthetic planned availability window,MEDIUM,TRUE,TRUE
AV00664,SEC_DAD_THA,05-03-2026,15.50,18.24,RESTRICTED,synthetic planned availability window,MEDIUM,TRUE,TRUE
AV00665,SEC_KAL_KAR,14-02-2026,18.06,19.51,RESTRICTED,synthetic planned availability window,MEDIUM,TRUE,TRUE
AV00666,SEC_MUM_DAD,07-02-2026,2.26,3.43,AVAILABLE,synthetic planned availability window,MEDIUM,TRUE,TRUE
AV00667,SEC_LON_TAL,27-01-2026,15.25,16.43,AVAILABLE,synthetic planned availability window,MEDIUM,TRUE,TRUE
AV00668,SEC_CHI_SHI,24-01-2026,6.24,8.09,RESTRICTED,synthetic planned availability window,MEDIUM,FALSE,TRUE
AV00669,SEC_THA_KAL,06-03-2026,19.00,21.07,AVAILABLE,synthetic planned availability window,LOW,TRUE,TRUE
AV00670,SEC_THA_KAL,13-02-2026,8.44,11.42,RESTRICTED,synthetic planned availability window,LOW,TRUE,TRUE
AV00671,SEC_CHI_SHI,04-01-2026,8.42,10.49,AVAILABLE,synthetic planned availability window,MEDIUM,FALSE,TRUE
AV00672,SEC_LON_TAL,07-02-2026,7.10,8.41,RESTRICTED,synthetic planned availability window,LOW,TRUE,TRUE
AV00673,SEC_CHI_SHI,17-03-2026,13.15,15.57,AVAILABLE,synthetic planned availability window,HIGH,TRUE,TRUE
AV00674,SEC_CHI_SHI,24-03-2026,16.14,17.18,RESTRICTED,synthetic planned availability window,LOW,TRUE,TRUE
AV00675,SEC_KAR_KHA,28-03-2026,9.03,10.03,RESTRICTED,synthetic planned availability window,HIGH,TRUE,TRUE
AV00676,SEC_CHI_SHI,16-01-2026,0.57,3.24,AVAILABLE,synthetic planned availability window,HIGH,TRUE,TRUE
AV00677,SEC_CHI_SHI,01-02-2026,19.15,21.50,UNAVAILABLE,synthetic planned availability window,MEDIUM,TRUE,TRUE
AV00678,SEC_LON_TAL,09-01-2026,14.14,16.21,RESTRICTED,synthetic planned availability window,MEDIUM,TRUE,TRUE
AV00679,SEC_CHI_SHI,21-03-2026,9.15,10.31,AVAILABLE,synthetic planned availability window,LOW,FALSE,TRUE
AV00680,SEC_LON_TAL,12-02-2026,0.58,2.37,UNAVAILABLE,synthetic planned availability window,HIGH,TRUE,TRUE
AV00681,SEC_MUM_DAD,17-02-2026,11.18,13.04,UNAVAILABLE,synthetic planned availability window,HIGH,TRUE,TRUE
AV00682,SEC_MUM_DAD,03-01-2026,3.34,5.39,AVAILABLE,synthetic planned availability window,LOW,TRUE,TRUE
AV00683,SEC_SHI_PUN,06-01-2026,4.44,6.56,UNAVAILABLE,synthetic planned availability window,MEDIUM,FALSE,TRUE
AV00684,SEC_LON_TAL,18-01-2026,15.41,16.42,AVAILABLE,synthetic planned availability window,LOW,TRUE,TRUE
AV00685,SEC_LON_TAL,10-02-2026,6.54,7.55,RESTRICTED,synthetic planned availability window,HIGH,TRUE,TRUE
AV00686,SEC_KAR_KHA,28-02-2026,11.54,14.10,AVAILABLE,synthetic planned availability window,LOW,FALSE,TRUE
AV00687,SEC_KAL_KAR,27-02-2026,19.08,20.57,UNAVAILABLE,synthetic planned availability window,HIGH,TRUE,TRUE
AV00688,SEC_CHI_SHI,06-01-2026,0.41,2.38,RESTRICTED,synthetic planned availability window,MEDIUM,TRUE,TRUE
AV00689,SEC_KHA_LON,06-03-2026,3.34,6.16,UNAVAILABLE,synthetic planned availability window,LOW,FALSE,TRUE
AV00690,SEC_KAR_KHA,16-03-2026,10.53,13.28,RESTRICTED,synthetic planned availability window,LOW,TRUE,TRUE
AV00691,SEC_SHI_PUN,30-01-2026,13.18,15.19,RESTRICTED,synthetic planned availability window,LOW,FALSE,TRUE
AV00692,SEC_DAD_THA,06-02-2026,7.09,9.58,RESTRICTED,synthetic planned availability window,MEDIUM,TRUE,TRUE
AV00693,SEC_KAL_KAR,24-03-2026,11.51,13.20,RESTRICTED,synthetic planned availability window,HIGH,TRUE,TRUE
AV00694,SEC_KAL_KAR,22-02-2026,12.14,14.58,RESTRICTED,synthetic planned availability window,HIGH,TRUE,TRUE
AV00695,SEC_DAD_THA,24-01-2026,12.02,13.48,UNAVAILABLE,synthetic planned availability window,MEDIUM,TRUE,TRUE
AV00696,SEC_LON_TAL,16-01-2026,11.38,13.11,RESTRICTED,synthetic planned availability window,LOW,TRUE,TRUE
AV00697,SEC_MUM_DAD,01-02-2026,16.41,17.41,AVAILABLE,synthetic planned availability window,LOW,FALSE,TRUE
AV00698,SEC_THA_KAL,23-01-2026,18.12,20.47,AVAILABLE,synthetic planned availability window,LOW,TRUE,TRUE
AV00699,SEC_CHI_SHI,21-02-2026,11.01,13.32,RESTRICTED,synthetic planned availability window,LOW,TRUE,TRUE
AV00700,SEC_TAL_CHI,02-03-2026,7.40,10.30,RESTRICTED,synthetic planned availability window,MEDIUM,TRUE,TRUE
AV00701,SEC_THA_KAL,19-01-2026,4.47,7.24,AVAILABLE,synthetic planned availability window,LOW,FALSE,TRUE
AV00702,SEC_MUM_DAD,28-02-2026,1.02,3.30,AVAILABLE,synthetic planned availability window,MEDIUM,FALSE,TRUE
AV00703,SEC_TAL_CHI,07-03-2026,10.30,11.41,RESTRICTED,synthetic planned availability window,MEDIUM,FALSE,TRUE
AV00704,SEC_THA_KAL,25-01-2026,18.26,20.32,RESTRICTED,synthetic planned availability window,MEDIUM,TRUE,TRUE
AV00705,SEC_KAR_KHA,10-02-2026,18.23,20.32,AVAILABLE,synthetic planned availability window,LOW,TRUE,TRUE
AV00706,SEC_DAD_THA,28-03-2026,9.44,11.32,AVAILABLE,synthetic planned availability window,MEDIUM,FALSE,TRUE
AV00707,SEC_MUM_DAD,25-02-2026,21.32,23.48,AVAILABLE,synthetic planned availability window,MEDIUM,TRUE,TRUE
AV00708,SEC_DAD_THA,04-03-2026,8.47,10.34,RESTRICTED,synthetic planned availability window,LOW,FALSE,TRUE
AV00709,SEC_KAR_KHA,07-01-2026,15.23,17.41,RESTRICTED,synthetic planned availability window,MEDIUM,TRUE,TRUE
AV00710,SEC_CHI_SHI,17-02-2026,9.45,11.57,RESTRICTED,synthetic planned availability window,LOW,TRUE,TRUE
AV00711,SEC_KAR_KHA,08-02-2026,16.52,18.22,UNAVAILABLE,synthetic planned availability window,LOW,TRUE,TRUE
AV00712,SEC_KAL_KAR,10-03-2026,8.18,10.49,AVAILABLE,synthetic planned availability window,LOW,FALSE,TRUE
AV00713,SEC_KAR_KHA,21-03-2026,2.36,5.14,RESTRICTED,synthetic planned availability window,HIGH,TRUE,TRUE
AV00714,SEC_SHI_PUN,28-01-2026,19.36,21.11,RESTRICTED,synthetic planned availability window,HIGH,TRUE,TRUE
AV00715,SEC_LON_TAL,28-02-2026,2.19,3.53,AVAILABLE,synthetic planned availability window,MEDIUM,FALSE,TRUE
AV00716,SEC_KAL_KAR,09-02-2026,11.06,12.59,AVAILABLE,synthetic planned availability window,MEDIUM,TRUE,TRUE
AV00717,SEC_CHI_SHI,14-03-2026,2.06,4.42,UNAVAILABLE,synthetic planned availability window,HIGH,FALSE,TRUE
AV00718,SEC_DAD_THA,18-01-2026,8.17,9.18,RESTRICTED,synthetic planned availability window,LOW,FALSE,TRUE
AV00719,SEC_CHI_SHI,12-02-2026,8.02,10.28,UNAVAILABLE,synthetic planned availability window,LOW,TRUE,TRUE
AV00720,SEC_TAL_CHI,04-01-2026,17.19,18.43,RESTRICTED,synthetic planned availability window,HIGH,TRUE,TRUE
AV00721,SEC_KHA_LON,17-01-2026,2.18,5.13,AVAILABLE,synthetic planned availability window,LOW,FALSE,TRUE
AV00722,SEC_TAL_CHI,26-01-2026,9.41,12.16,UNAVAILABLE,synthetic planned availability window,HIGH,FALSE,TRUE
AV00723,SEC_KHA_LON,16-03-2026,14.22,16.43,AVAILABLE,synthetic planned availability window,LOW,TRUE,TRUE
AV00724,SEC_KAR_KHA,16-01-2026,9.36,12.34,UNAVAILABLE,synthetic planned availability window,HIGH,TRUE,TRUE
AV00725,SEC_CHI_SHI,17-01-2026,21.50,23.54,AVAILABLE,synthetic planned availability window,HIGH,FALSE,TRUE
AV00726,SEC_SHI_PUN,24-02-2026,6.05,8.44,RESTRICTED,synthetic planned availability window,MEDIUM,FALSE,TRUE
AV00727,SEC_THA_KAL,10-02-2026,7.23,8.42,AVAILABLE,synthetic planned availability window,MEDIUM,FALSE,TRUE
AV00728,SEC_LON_TAL,11-02-2026,3.12,4.18,RESTRICTED,synthetic planned availability window,MEDIUM,TRUE,TRUE
AV00729,SEC_TAL_CHI,24-03-2026,10.57,13.06,AVAILABLE,synthetic planned availability window,MEDIUM,TRUE,TRUE
AV00730,SEC_LON_TAL,04-02-2026,1.39,3.59,AVAILABLE,synthetic planned availability window,LOW,TRUE,TRUE
AV00731,SEC_SHI_PUN,07-01-2026,13.12,14.34,AVAILABLE,synthetic planned availability window,HIGH,TRUE,TRUE
AV00732,SEC_KAL_KAR,06-01-2026,18.09,20.54,RESTRICTED,synthetic planned availability window,LOW,TRUE,TRUE
AV00733,SEC_KAL_KAR,23-01-2026,20.16,23.11,RESTRICTED,synthetic planned availability window,HIGH,FALSE,TRUE
AV00734,SEC_MUM_DAD,06-01-2026,7.14,10.13,AVAILABLE,synthetic planned availability window,LOW,TRUE,TRUE
AV00735,SEC_MUM_DAD,18-03-2026,9.41,10.58,AVAILABLE,synthetic planned availability window,MEDIUM,FALSE,TRUE
AV00736,SEC_KHA_LON,23-01-2026,21.02,23.12,UNAVAILABLE,synthetic planned availability window,LOW,TRUE,TRUE
AV00737,SEC_SHI_PUN,03-03-2026,9.36,11.00,RESTRICTED,synthetic planned availability window,MEDIUM,TRUE,TRUE
AV00738,SEC_TAL_CHI,16-02-2026,0.26,2.07,UNAVAILABLE,synthetic planned availability window,LOW,TRUE,TRUE
AV00739,SEC_TAL_CHI,25-02-2026,15.41,17.28,RESTRICTED,synthetic planned availability window,MEDIUM,FALSE,TRUE
AV00740,SEC_THA_KAL,30-01-2026,13.20,14.29,RESTRICTED,synthetic planned availability window,MEDIUM,TRUE,TRUE
AV00741,SEC_MUM_DAD,01-01-2026,2.27,3.30,RESTRICTED,synthetic planned availability window,MEDIUM,TRUE,TRUE
AV00742,SEC_KAL_KAR,04-02-2026,17.00,19.36,UNAVAILABLE,synthetic planned availability window,MEDIUM,TRUE,TRUE
AV00743,SEC_MUM_DAD,10-01-2026,19.32,21.31,UNAVAILABLE,synthetic planned availability window,HIGH,TRUE,TRUE
AV00744,SEC_CHI_SHI,08-02-2026,9.09,11.53,AVAILABLE,synthetic planned availability window,MEDIUM,FALSE,TRUE
AV00745,SEC_CHI_SHI,27-01-2026,7.17,10.17,RESTRICTED,synthetic planned availability window,MEDIUM,TRUE,TRUE
AV00746,SEC_MUM_DAD,26-01-2026,10.13,12.01,UNAVAILABLE,synthetic planned availability window,LOW,FALSE,TRUE
AV00747,SEC_DAD_THA,08-03-2026,0.22,1.22,RESTRICTED,synthetic planned availability window,HIGH,FALSE,TRUE
AV00748,SEC_LON_TAL,24-01-2026,4.02,5.56,RESTRICTED,synthetic planned availability window,HIGH,FALSE,TRUE
AV00749,SEC_SHI_PUN,13-01-2026,9.54,12.02,AVAILABLE,synthetic planned availability window,HIGH,FALSE,TRUE
AV00750,SEC_SHI_PUN,09-03-2026,19.56,22.29,UNAVAILABLE,synthetic planned availability window,LOW,FALSE,TRUE
AV00751,SEC_TAL_CHI,03-01-2026,2.13,4.09,UNAVAILABLE,synthetic planned availability window,MEDIUM,FALSE,TRUE
AV00752,SEC_SHI_PUN,31-01-2026,7.59,10.30,RESTRICTED,synthetic planned availability window,LOW,FALSE,TRUE
AV00753,SEC_DAD_THA,23-02-2026,2.35,4.01,AVAILABLE,synthetic planned availability window,LOW,TRUE,TRUE
AV00754,SEC_KHA_LON,10-01-2026,7.57,9.20,UNAVAILABLE,synthetic planned availability window,MEDIUM,TRUE,TRUE
AV00755,SEC_MUM_DAD,09-01-2026,9.21,11.35,AVAILABLE,synthetic planned availability window,HIGH,TRUE,TRUE
AV00756,SEC_THA_KAL,27-03-2026,11.32,14.10,AVAILABLE,synthetic planned availability window,MEDIUM,FALSE,TRUE
AV00757,SEC_KHA_LON,07-03-2026,7.48,8.53,RESTRICTED,synthetic planned availability window,HIGH,TRUE,TRUE
AV00758,SEC_SHI_PUN,31-01-2026,7.24,9.38,UNAVAILABLE,synthetic planned availability window,LOW,TRUE,TRUE
AV00759,SEC_KHA_LON,12-03-2026,3.02,4.16,UNAVAILABLE,synthetic planned availability window,MEDIUM,FALSE,TRUE
AV00760,SEC_TAL_CHI,22-03-2026,13.01,15.42,RESTRICTED,synthetic planned availability window,HIGH,TRUE,TRUE
AV00761,SEC_DAD_THA,15-03-2026,7.19,8.46,UNAVAILABLE,synthetic planned availability window,MEDIUM,FALSE,TRUE
AV00762,SEC_SHI_PUN,31-01-2026,10.51,12.31,UNAVAILABLE,synthetic planned availability window,LOW,FALSE,TRUE
AV00763,SEC_LON_TAL,28-01-2026,6.31,8.52,AVAILABLE,synthetic planned availability window,HIGH,TRUE,TRUE
AV00764,SEC_THA_KAL,27-03-2026,18.40,20.23,RESTRICTED,synthetic planned availability window,LOW,FALSE,TRUE
AV00765,SEC_TAL_CHI,10-02-2026,18.49,19.56,UNAVAILABLE,synthetic planned availability window,MEDIUM,FALSE,TRUE
AV00766,SEC_THA_KAL,26-01-2026,11.55,14.07,UNAVAILABLE,synthetic planned availability window,LOW,TRUE,TRUE
AV00767,SEC_KAL_KAR,28-01-2026,5.59,8.47,AVAILABLE,synthetic planned availability window,MEDIUM,TRUE,TRUE
AV00768,SEC_MUM_DAD,26-01-2026,0.30,2.33,UNAVAILABLE,synthetic planned availability window,MEDIUM,TRUE,TRUE
AV00769,SEC_DAD_THA,20-03-2026,19.15,20.21,RESTRICTED,synthetic planned availability window,LOW,TRUE,TRUE
AV00770,SEC_LON_TAL,08-01-2026,14.21,16.53,AVAILABLE,synthetic planned availability window,MEDIUM,TRUE,TRUE
AV00771,SEC_KAR_KHA,29-01-2026,5.52,7.24,RESTRICTED,synthetic planned availability window,LOW,TRUE,TRUE
AV00772,SEC_KHA_LON,04-03-2026,17.12,18.13,AVAILABLE,synthetic planned availability window,MEDIUM,TRUE,TRUE
AV00773,SEC_DAD_THA,15-03-2026,17.48,19.36,UNAVAILABLE,synthetic planned availability window,MEDIUM,TRUE,TRUE
AV00774,SEC_MUM_DAD,16-01-2026,4.51,7.16,RESTRICTED,synthetic planned availability window,LOW,FALSE,TRUE
AV00775,SEC_MUM_DAD,07-03-2026,1.12,3.56,AVAILABLE,synthetic planned availability window,MEDIUM,TRUE,TRUE
AV00776,SEC_THA_KAL,05-01-2026,4.21,6.44,UNAVAILABLE,synthetic planned availability window,LOW,TRUE,TRUE
AV00777,SEC_KHA_LON,22-01-2026,18.08,19.49,RESTRICTED,synthetic planned availability window,LOW,TRUE,TRUE
AV00778,SEC_KAR_KHA,23-01-2026,9.01,11.47,RESTRICTED,synthetic planned availability window,HIGH,FALSE,TRUE
AV00779,SEC_TAL_CHI,15-02-2026,13.25,14.34,AVAILABLE,synthetic planned availability window,MEDIUM,FALSE,TRUE
AV00780,SEC_SHI_PUN,12-02-2026,17.14,20.12,UNAVAILABLE,synthetic planned availability window,HIGH,FALSE,TRUE
AV00781,SEC_DAD_THA,26-02-2026,8.05,10.30,AVAILABLE,synthetic planned availability window,LOW,TRUE,TRUE
AV00782,SEC_THA_KAL,08-03-2026,20.11,22.59,AVAILABLE,synthetic planned availability window,LOW,TRUE,TRUE
AV00783,SEC_SHI_PUN,05-02-2026,16.54,19.43,UNAVAILABLE,synthetic planned availability window,LOW,TRUE,TRUE
AV00784,SEC_KAR_KHA,06-03-2026,2.42,4.19,UNAVAILABLE,synthetic planned availability window,LOW,FALSE,TRUE
AV00785,SEC_KAR_KHA,20-03-2026,20.00,21.06,UNAVAILABLE,synthetic planned availability window,LOW,FALSE,TRUE
AV00786,SEC_KHA_LON,28-03-2026,16.33,17.35,AVAILABLE,synthetic planned availability window,HIGH,TRUE,TRUE
AV00787,SEC_TAL_CHI,06-03-2026,10.22,13.01,RESTRICTED,synthetic planned availability window,HIGH,FALSE,TRUE
AV00788,SEC_SHI_PUN,10-01-2026,21.09,22.25,UNAVAILABLE,synthetic planned availability window,LOW,TRUE,TRUE
AV00789,SEC_LON_TAL,26-03-2026,12.35,15.00,AVAILABLE,synthetic planned availability window,LOW,FALSE,TRUE
AV00790,SEC_KAL_KAR,11-02-2026,10.25,11.41,RESTRICTED,synthetic planned availability window,HIGH,TRUE,TRUE
AV00791,SEC_CHI_SHI,04-01-2026,13.44,15.12,RESTRICTED,synthetic planned availability window,HIGH,FALSE,TRUE
AV00792,SEC_KAR_KHA,02-01-2026,8.18,9.36,UNAVAILABLE,synthetic planned availability window,HIGH,FALSE,TRUE
AV00793,SEC_SHI_PUN,23-01-2026,12.10,13.53,AVAILABLE,synthetic planned availability window,LOW,TRUE,TRUE
AV00794,SEC_MUM_DAD,10-02-2026,6.29,8.07,RESTRICTED,synthetic planned availability window,HIGH,TRUE,TRUE
AV00795,SEC_KAL_KAR,02-01-2026,8.31,9.38,RESTRICTED,synthetic planned availability window,HIGH,FALSE,TRUE
AV00796,SEC_SHI_PUN,05-02-2026,16.02,17.03,AVAILABLE,synthetic planned availability window,LOW,TRUE,TRUE
AV00797,SEC_CHI_SHI,12-03-2026,2.24,5.15,RESTRICTED,synthetic planned availability window,MEDIUM,FALSE,TRUE
AV00798,SEC_SHI_PUN,16-03-2026,8.00,9.20,AVAILABLE,synthetic planned availability window,LOW,TRUE,TRUE
AV00799,SEC_LON_TAL,24-01-2026,7.00,9.40,AVAILABLE,synthetic planned availability window,LOW,TRUE,TRUE
AV00800,SEC_SHI_PUN,14-03-2026,9.42,11.42,UNAVAILABLE,synthetic planned availability window,LOW,TRUE,TRUE
AV00801,SEC_TAL_CHI,13-02-2026,18.59,21.26,UNAVAILABLE,synthetic planned availability window,LOW,FALSE,TRUE
AV00802,SEC_LON_TAL,09-02-2026,5.29,8.12,AVAILABLE,synthetic planned availability window,LOW,TRUE,TRUE
AV00803,SEC_MUM_DAD,28-01-2026,6.41,8.14,RESTRICTED,synthetic planned availability window,LOW,TRUE,TRUE
AV00804,SEC_THA_KAL,07-02-2026,19.14,20.16,UNAVAILABLE,synthetic planned availability window,HIGH,TRUE,TRUE
AV00805,SEC_CHI_SHI,02-02-2026,5.19,6.59,UNAVAILABLE,synthetic planned availability window,LOW,TRUE,TRUE
AV00806,SEC_SHI_PUN,12-01-2026,5.50,8.47,UNAVAILABLE,synthetic planned availability window,MEDIUM,TRUE,TRUE
AV00807,SEC_MUM_DAD,15-03-2026,17.02,18.40,AVAILABLE,synthetic planned availability window,LOW,FALSE,TRUE
AV00808,SEC_THA_KAL,25-01-2026,4.56,7.05,UNAVAILABLE,synthetic planned availability window,MEDIUM,TRUE,TRUE
AV00809,SEC_LON_TAL,08-03-2026,6.18,8.43,RESTRICTED,synthetic planned availability window,MEDIUM,FALSE,TRUE
AV00810,SEC_CHI_SHI,16-02-2026,7.40,10.31,RESTRICTED,synthetic planned availability window,HIGH,TRUE,TRUE
AV00811,SEC_KAR_KHA,21-01-2026,4.03,5.44,RESTRICTED,synthetic planned availability window,HIGH,TRUE,TRUE
AV00812,SEC_CHI_SHI,22-02-2026,19.28,22.15,RESTRICTED,synthetic planned availability window,MEDIUM,TRUE,TRUE
AV00813,SEC_MUM_DAD,28-02-2026,13.59,16.47,AVAILABLE,synthetic planned availability window,LOW,FALSE,TRUE
AV00814,SEC_LON_TAL,04-01-2026,19.59,22.07,RESTRICTED,synthetic planned availability window,LOW,FALSE,TRUE
AV00815,SEC_KAR_KHA,09-02-2026,16.20,18.05,RESTRICTED,synthetic planned availability window,MEDIUM,TRUE,TRUE
AV00816,SEC_DAD_THA,08-03-2026,0.40,2.53,AVAILABLE,synthetic planned availability window,HIGH,FALSE,TRUE
AV00817,SEC_KAR_KHA,04-01-2026,9.20,11.30,UNAVAILABLE,synthetic planned availability window,LOW,TRUE,TRUE
AV00818,SEC_KAR_KHA,23-03-2026,9.31,11.02,AVAILABLE,synthetic planned availability window,LOW,FALSE,TRUE
AV00819,SEC_TAL_CHI,30-01-2026,6.03,7.24,AVAILABLE,synthetic planned availability window,HIGH,FALSE,TRUE
AV00820,SEC_DAD_THA,20-01-2026,20.35,22.06,UNAVAILABLE,synthetic planned availability window,MEDIUM,FALSE,TRUE
AV00821,SEC_CHI_SHI,22-01-2026,5.52,7.59,RESTRICTED,synthetic planned availability window,MEDIUM,FALSE,TRUE
AV00822,SEC_LON_TAL,15-01-2026,21.15,22.45,RESTRICTED,synthetic planned availability window,MEDIUM,TRUE,TRUE
AV00823,SEC_CHI_SHI,02-01-2026,5.08,6.44,RESTRICTED,synthetic planned availability window,MEDIUM,TRUE,TRUE
AV00824,SEC_DAD_THA,14-02-2026,1.43,4.24,UNAVAILABLE,synthetic planned availability window,LOW,FALSE,TRUE
AV00825,SEC_TAL_CHI,06-03-2026,20.33,23.21,UNAVAILABLE,synthetic planned availability window,MEDIUM,TRUE,TRUE
AV00826,SEC_LON_TAL,23-03-2026,14.29,16.26,RESTRICTED,synthetic planned availability window,LOW,FALSE,TRUE
AV00827,SEC_SHI_PUN,10-03-2026,11.29,14.19,AVAILABLE,synthetic planned availability window,HIGH,TRUE,TRUE
AV00828,SEC_MUM_DAD,10-03-2026,10.13,11.34,RESTRICTED,synthetic planned availability window,LOW,TRUE,TRUE
AV00829,SEC_KHA_LON,06-02-2026,7.19,9.25,UNAVAILABLE,synthetic planned availability window,HIGH,FALSE,TRUE
AV00830,SEC_CHI_SHI,16-02-2026,3.22,6.09,AVAILABLE,synthetic planned availability window,HIGH,TRUE,TRUE
AV00831,SEC_TAL_CHI,24-03-2026,19.43,22.40,AVAILABLE,synthetic planned availability window,LOW,TRUE,TRUE
AV00832,SEC_MUM_DAD,11-01-2026,0.44,3.34,RESTRICTED,synthetic planned availability window,HIGH,TRUE,TRUE
AV00833,SEC_THA_KAL,10-03-2026,20.38,21.52,UNAVAILABLE,synthetic planned availability window,HIGH,TRUE,TRUE
AV00834,SEC_MUM_DAD,20-03-2026,12.06,14.44,AVAILABLE,synthetic planned availability window,MEDIUM,TRUE,TRUE
AV00835,SEC_KAL_KAR,02-03-2026,11.15,13.26,UNAVAILABLE,synthetic planned availability window,LOW,FALSE,TRUE
AV00836,SEC_KAR_KHA,16-03-2026,12.46,15.17,AVAILABLE,synthetic planned availability window,MEDIUM,TRUE,TRUE
AV00837,SEC_CHI_SHI,01-03-2026,11.58,14.53,UNAVAILABLE,synthetic planned availability window,MEDIUM,TRUE,TRUE
AV00838,SEC_KHA_LON,24-03-2026,4.26,5.29,UNAVAILABLE,synthetic planned availability window,MEDIUM,TRUE,TRUE
AV00839,SEC_DAD_THA,10-03-2026,13.17,14.28,UNAVAILABLE,synthetic planned availability window,HIGH,FALSE,TRUE
AV00840,SEC_DAD_THA,09-02-2026,8.27,10.10,UNAVAILABLE,synthetic planned availability window,MEDIUM,TRUE,TRUE
AV00841,SEC_KHA_LON,11-03-2026,7.09,9.39,RESTRICTED,synthetic planned availability window,LOW,FALSE,TRUE
AV00842,SEC_LON_TAL,12-01-2026,10.51,12.34,RESTRICTED,synthetic planned availability window,LOW,TRUE,TRUE
AV00843,SEC_KAR_KHA,08-03-2026,11.02,13.47,RESTRICTED,synthetic planned availability window,MEDIUM,TRUE,TRUE
AV00844,SEC_KAR_KHA,03-03-2026,3.04,4.49,UNAVAILABLE,synthetic planned availability window,HIGH,TRUE,TRUE
AV00845,SEC_LON_TAL,02-02-2026,14.20,16.59,UNAVAILABLE,synthetic planned availability window,LOW,TRUE,TRUE
AV00846,SEC_CHI_SHI,05-03-2026,1.01,3.25,UNAVAILABLE,synthetic planned availability window,MEDIUM,TRUE,TRUE
AV00847,SEC_KAR_KHA,17-03-2026,16.35,18.20,UNAVAILABLE,synthetic planned availability window,HIGH,TRUE,TRUE
AV00848,SEC_CHI_SHI,16-03-2026,4.54,6.21,RESTRICTED,synthetic planned availability window,MEDIUM,TRUE,TRUE
AV00849,SEC_KAL_KAR,03-01-2026,12.52,15.49,RESTRICTED,synthetic planned availability window,MEDIUM,FALSE,TRUE
AV00850,SEC_THA_KAL,27-03-2026,11.29,13.03,UNAVAILABLE,synthetic planned availability window,HIGH,FALSE,TRUE
AV00851,SEC_KHA_LON,02-02-2026,16.25,19.25,UNAVAILABLE,synthetic planned availability window,LOW,TRUE,TRUE
AV00852,SEC_MUM_DAD,09-02-2026,7.35,9.56,UNAVAILABLE,synthetic planned availability window,HIGH,TRUE,TRUE
AV00853,SEC_KAR_KHA,19-01-2026,21.41,23.59,RESTRICTED,synthetic planned availability window,HIGH,TRUE,TRUE
AV00854,SEC_KAL_KAR,05-03-2026,0.49,3.39,RESTRICTED,synthetic planned availability window,HIGH,FALSE,TRUE
AV00855,SEC_MUM_DAD,25-01-2026,2.19,3.29,AVAILABLE,synthetic planned availability window,HIGH,TRUE,TRUE
AV00856,SEC_KAL_KAR,22-02-2026,18.19,19.26,AVAILABLE,synthetic planned availability window,HIGH,FALSE,TRUE
AV00857,SEC_KAR_KHA,28-03-2026,10.05,12.13,UNAVAILABLE,synthetic planned availability window,HIGH,TRUE,TRUE
AV00858,SEC_MUM_DAD,31-03-2026,2.10,4.56,AVAILABLE,synthetic planned availability window,LOW,FALSE,TRUE
AV00859,SEC_KAL_KAR,17-03-2026,3.43,5.35,RESTRICTED,synthetic planned availability window,LOW,TRUE,TRUE
AV00860,SEC_MUM_DAD,09-01-2026,14.23,16.37,AVAILABLE,synthetic planned availability window,HIGH,FALSE,TRUE
AV00861,SEC_MUM_DAD,17-03-2026,4.58,6.15,AVAILABLE,synthetic planned availability window,LOW,TRUE,TRUE
AV00862,SEC_KHA_LON,13-01-2026,1.16,2.18,UNAVAILABLE,synthetic planned availability window,LOW,TRUE,TRUE
AV00863,SEC_TAL_CHI,14-03-2026,10.48,11.55,UNAVAILABLE,synthetic planned availability window,MEDIUM,FALSE,TRUE
AV00864,SEC_KAR_KHA,18-02-2026,13.11,14.14,RESTRICTED,synthetic planned availability window,HIGH,FALSE,TRUE
AV00865,SEC_TAL_CHI,16-02-2026,19.43,20.45,UNAVAILABLE,synthetic planned availability window,LOW,TRUE,TRUE
AV00866,SEC_TAL_CHI,20-01-2026,3.01,5.57,RESTRICTED,synthetic planned availability window,MEDIUM,FALSE,TRUE
AV00867,SEC_MUM_DAD,21-01-2026,2.54,5.20,RESTRICTED,synthetic planned availability window,LOW,TRUE,TRUE
AV00868,SEC_LON_TAL,05-03-2026,9.23,11.29,UNAVAILABLE,synthetic planned availability window,HIGH,FALSE,TRUE
AV00869,SEC_CHI_SHI,10-02-2026,7.20,10.08,AVAILABLE,synthetic planned availability window,MEDIUM,FALSE,TRUE
AV00870,SEC_KHA_LON,11-01-2026,21.19,22.38,UNAVAILABLE,synthetic planned availability window,HIGH,TRUE,TRUE
AV00871,SEC_KHA_LON,27-03-2026,19.19,21.49,RESTRICTED,synthetic planned availability window,LOW,TRUE,TRUE
AV00872,SEC_KAL_KAR,03-03-2026,20.41,23.08,UNAVAILABLE,synthetic planned availability window,MEDIUM,TRUE,TRUE
AV00873,SEC_KAL_KAR,01-01-2026,3.50,6.43,UNAVAILABLE,synthetic planned availability window,MEDIUM,TRUE,TRUE
AV00874,SEC_KHA_LON,24-02-2026,0.56,3.37,UNAVAILABLE,synthetic planned availability window,MEDIUM,FALSE,TRUE
AV00875,SEC_KHA_LON,18-01-2026,21.45,23.59,UNAVAILABLE,synthetic planned availability window,MEDIUM,FALSE,TRUE
AV00876,SEC_KAL_KAR,27-02-2026,4.41,6.56,UNAVAILABLE,synthetic planned availability window,LOW,TRUE,TRUE
AV00877,SEC_KHA_LON,26-02-2026,17.30,20.07,UNAVAILABLE,synthetic planned availability window,MEDIUM,TRUE,TRUE
AV00878,SEC_KHA_LON,08-03-2026,8.22,10.58,UNAVAILABLE,synthetic planned availability window,HIGH,TRUE,TRUE
AV00879,SEC_THA_KAL,28-01-2026,8.32,10.33,AVAILABLE,synthetic planned availability window,LOW,FALSE,TRUE
AV00880,SEC_DAD_THA,09-02-2026,13.14,16.03,UNAVAILABLE,synthetic planned availability window,MEDIUM,TRUE,TRUE
AV00881,SEC_THA_KAL,26-02-2026,3.43,5.40,RESTRICTED,synthetic planned availability window,MEDIUM,TRUE,TRUE
AV00882,SEC_DAD_THA,19-01-2026,2.09,3.16,AVAILABLE,synthetic planned availability window,MEDIUM,TRUE,TRUE
AV00883,SEC_MUM_DAD,11-02-2026,1.29,4.01,UNAVAILABLE,synthetic planned availability window,MEDIUM,TRUE,TRUE
AV00884,SEC_LON_TAL,17-02-2026,3.35,5.30,RESTRICTED,synthetic planned availability window,LOW,FALSE,TRUE
AV00885,SEC_KHA_LON,13-03-2026,8.11,9.47,AVAILABLE,synthetic planned availability window,MEDIUM,TRUE,TRUE
AV00886,SEC_MUM_DAD,26-01-2026,10.27,13.08,UNAVAILABLE,synthetic planned availability window,MEDIUM,TRUE,TRUE
AV00887,SEC_THA_KAL,14-03-2026,18.16,20.18,UNAVAILABLE,synthetic planned availability window,LOW,TRUE,TRUE
AV00888,SEC_KAL_KAR,25-03-2026,16.33,19.21,UNAVAILABLE,synthetic planned availability window,MEDIUM,TRUE,TRUE
AV00889,SEC_MUM_DAD,22-02-2026,10.58,12.16,UNAVAILABLE,synthetic planned availability window,HIGH,TRUE,TRUE
AV00890,SEC_KHA_LON,02-01-2026,21.42,22.50,AVAILABLE,synthetic planned availability window,LOW,TRUE,TRUE
AV00891,SEC_KAR_KHA,03-01-2026,1.35,2.47,AVAILABLE,synthetic planned availability window,MEDIUM,TRUE,TRUE
AV00892,SEC_CHI_SHI,31-01-2026,11.39,13.41,UNAVAILABLE,synthetic planned availability window,LOW,FALSE,TRUE
AV00893,SEC_KAR_KHA,22-01-2026,5.56,8.54,AVAILABLE,synthetic planned availability window,LOW,TRUE,TRUE
AV00894,SEC_DAD_THA,31-01-2026,7.29,9.28,AVAILABLE,synthetic planned availability window,LOW,TRUE,TRUE
AV00895,SEC_LON_TAL,13-03-2026,2.49,5.40,AVAILABLE,synthetic planned availability window,MEDIUM,TRUE,TRUE
AV00896,SEC_SHI_PUN,27-01-2026,10.33,11.44,AVAILABLE,synthetic planned availability window,HIGH,TRUE,TRUE
AV00897,SEC_KAR_KHA,03-02-2026,2.02,4.33,RESTRICTED,synthetic planned availability window,LOW,TRUE,TRUE
AV00898,SEC_DAD_THA,19-03-2026,12.30,14.42,RESTRICTED,synthetic planned availability window,HIGH,TRUE,TRUE
AV00899,SEC_THA_KAL,18-02-2026,18.00,19.06,UNAVAILABLE,synthetic planned availability window,HIGH,FALSE,TRUE
AV00900,SEC_KHA_LON,22-02-2026,0.41,2.36,RESTRICTED,synthetic planned availability window,LOW,TRUE,TRUE
AV00901,SEC_KAL_KAR,14-03-2026,1.49,3.16,RESTRICTED,synthetic planned availability window,HIGH,TRUE,TRUE
AV00902,SEC_TAL_CHI,08-02-2026,0.59,2.11,AVAILABLE,synthetic planned availability window,HIGH,TRUE,TRUE
AV00903,SEC_CHI_SHI,05-02-2026,2.29,3.38,RESTRICTED,synthetic planned availability window,LOW,TRUE,TRUE
AV00904,SEC_DAD_THA,12-02-2026,1.20,4.08,AVAILABLE,synthetic planned availability window,MEDIUM,TRUE,TRUE
AV00905,SEC_CHI_SHI,23-02-2026,19.33,21.30,AVAILABLE,synthetic planned availability window,LOW,TRUE,TRUE
AV00906,SEC_TAL_CHI,09-03-2026,1.06,2.39,RESTRICTED,synthetic planned availability window,LOW,FALSE,TRUE
AV00907,SEC_THA_KAL,20-03-2026,5.55,7.59,UNAVAILABLE,synthetic planned availability window,HIGH,TRUE,TRUE
AV00908,SEC_TAL_CHI,17-03-2026,19.56,21.12,AVAILABLE,synthetic planned availability window,LOW,TRUE,TRUE
AV00909,SEC_THA_KAL,25-03-2026,20.43,22.44,RESTRICTED,synthetic planned availability window,MEDIUM,TRUE,TRUE
AV00910,SEC_LON_TAL,13-01-2026,2.59,4.51,UNAVAILABLE,synthetic planned availability window,LOW,TRUE,TRUE
AV00911,SEC_KHA_LON,18-03-2026,3.18,5.08,AVAILABLE,synthetic planned availability window,HIGH,FALSE,TRUE
AV00912,SEC_KAL_KAR,25-03-2026,9.18,10.43,AVAILABLE,synthetic planned availability window,MEDIUM,TRUE,TRUE
AV00913,SEC_KAL_KAR,11-02-2026,6.44,9.17,AVAILABLE,synthetic planned availability window,HIGH,TRUE,TRUE
AV00914,SEC_KAL_KAR,29-03-2026,18.20,19.23,UNAVAILABLE,synthetic planned availability window,HIGH,TRUE,TRUE
AV00915,SEC_LON_TAL,01-01-2026,19.25,21.11,RESTRICTED,synthetic planned availability window,HIGH,FALSE,TRUE
AV00916,SEC_TAL_CHI,12-03-2026,21.28,22.46,RESTRICTED,synthetic planned availability window,MEDIUM,TRUE,TRUE
AV00917,SEC_DAD_THA,21-02-2026,9.28,11.42,UNAVAILABLE,synthetic planned availability window,LOW,TRUE,TRUE
AV00918,SEC_LON_TAL,07-01-2026,5.11,6.19,UNAVAILABLE,synthetic planned availability window,MEDIUM,FALSE,TRUE
AV00919,SEC_THA_KAL,20-02-2026,14.32,15.35,UNAVAILABLE,synthetic planned availability window,LOW,FALSE,TRUE
AV00920,SEC_CHI_SHI,08-01-2026,6.24,9.00,AVAILABLE,synthetic planned availability window,MEDIUM,FALSE,TRUE
AV00921,SEC_SHI_PUN,15-01-2026,9.45,11.30,UNAVAILABLE,synthetic planned availability window,MEDIUM,FALSE,TRUE
AV00922,SEC_LON_TAL,13-03-2026,6.40,8.32,UNAVAILABLE,synthetic planned availability window,MEDIUM,TRUE,TRUE
AV00923,SEC_KHA_LON,14-01-2026,5.45,8.30,AVAILABLE,synthetic planned availability window,LOW,TRUE,TRUE
AV00924,SEC_CHI_SHI,17-03-2026,6.55,9.15,RESTRICTED,synthetic planned availability window,HIGH,TRUE,TRUE
AV00925,SEC_CHI_SHI,29-01-2026,0.51,3.47,RESTRICTED,synthetic planned availability window,MEDIUM,TRUE,TRUE
AV00926,SEC_SHI_PUN,16-02-2026,12.05,13.34,AVAILABLE,synthetic planned availability window,MEDIUM,FALSE,TRUE
AV00927,SEC_MUM_DAD,11-03-2026,21.38,22.46,AVAILABLE,synthetic planned availability window,LOW,TRUE,TRUE
AV00928,SEC_CHI_SHI,22-02-2026,6.18,8.28,RESTRICTED,synthetic planned availability window,HIGH,TRUE,TRUE
AV00929,SEC_DAD_THA,26-03-2026,13.13,15.06,RESTRICTED,synthetic planned availability window,LOW,TRUE,TRUE
AV00930,SEC_THA_KAL,09-01-2026,8.27,9.33,AVAILABLE,synthetic planned availability window,LOW,FALSE,TRUE
AV00931,SEC_KHA_LON,24-01-2026,5.41,7.06,UNAVAILABLE,synthetic planned availability window,LOW,FALSE,TRUE
AV00932,SEC_MUM_DAD,30-01-2026,11.14,13.02,RESTRICTED,synthetic planned availability window,HIGH,TRUE,TRUE
AV00933,SEC_LON_TAL,04-02-2026,7.30,10.03,RESTRICTED,synthetic planned availability window,MEDIUM,TRUE,TRUE
AV00934,SEC_LON_TAL,14-01-2026,13.47,15.10,RESTRICTED,synthetic planned availability window,LOW,FALSE,TRUE
AV00935,SEC_THA_KAL,22-03-2026,19.25,21.42,AVAILABLE,synthetic planned availability window,MEDIUM,TRUE,TRUE
AV00936,SEC_TAL_CHI,06-01-2026,3.14,5.40,RESTRICTED,synthetic planned availability window,HIGH,FALSE,TRUE
AV00937,SEC_KHA_LON,27-01-2026,15.56,17.22,AVAILABLE,synthetic planned availability window,HIGH,TRUE,TRUE
AV00938,SEC_THA_KAL,10-01-2026,7.52,10.38,AVAILABLE,synthetic planned availability window,HIGH,FALSE,TRUE
AV00939,SEC_KAR_KHA,14-01-2026,2.34,4.26,RESTRICTED,synthetic planned availability window,MEDIUM,TRUE,TRUE
AV00940,SEC_THA_KAL,06-03-2026,18.08,20.50,UNAVAILABLE,synthetic planned availability window,MEDIUM,FALSE,TRUE
AV00941,SEC_KHA_LON,27-01-2026,7.43,9.17,RESTRICTED,synthetic planned availability window,LOW,TRUE,TRUE
AV00942,SEC_SHI_PUN,28-03-2026,10.20,11.46,UNAVAILABLE,synthetic planned availability window,MEDIUM,FALSE,TRUE
AV00943,SEC_KAL_KAR,02-02-2026,6.35,8.42,AVAILABLE,synthetic planned availability window,LOW,TRUE,TRUE
AV00944,SEC_TAL_CHI,30-03-2026,5.19,7.12,RESTRICTED,synthetic planned availability window,MEDIUM,TRUE,TRUE
AV00945,SEC_KHA_LON,19-03-2026,11.32,14.25,UNAVAILABLE,synthetic planned availability window,LOW,TRUE,TRUE
AV00946,SEC_TAL_CHI,25-02-2026,3.08,5.55,AVAILABLE,synthetic planned availability window,MEDIUM,TRUE,TRUE
AV00947,SEC_THA_KAL,31-03-2026,2.35,4.06,RESTRICTED,synthetic planned availability window,MEDIUM,TRUE,TRUE
AV00948,SEC_TAL_CHI,10-01-2026,2.25,5.11,UNAVAILABLE,synthetic planned availability window,HIGH,TRUE,TRUE
AV00949,SEC_MUM_DAD,18-03-2026,8.00,10.23,AVAILABLE,synthetic planned availability window,HIGH,TRUE,TRUE
AV00950,SEC_TAL_CHI,21-02-2026,14.39,16.26,AVAILABLE,synthetic planned availability window,HIGH,TRUE,TRUE
AV00951,SEC_MUM_DAD,27-03-2026,8.52,9.57,UNAVAILABLE,synthetic planned availability window,LOW,TRUE,TRUE
AV00952,SEC_MUM_DAD,25-01-2026,15.24,16.44,AVAILABLE,synthetic planned availability window,MEDIUM,TRUE,TRUE
AV00953,SEC_CHI_SHI,08-03-2026,12.45,13.48,RESTRICTED,synthetic planned availability window,HIGH,TRUE,TRUE
AV00954,SEC_KAL_KAR,26-02-2026,15.35,17.10,AVAILABLE,synthetic planned availability window,LOW,TRUE,TRUE
AV00955,SEC_CHI_SHI,23-02-2026,0.57,3.44,AVAILABLE,synthetic planned availability window,MEDIUM,TRUE,TRUE
AV00956,SEC_KAL_KAR,11-02-2026,9.43,11.56,AVAILABLE,synthetic planned availability window,MEDIUM,FALSE,TRUE
AV00957,SEC_KAR_KHA,07-03-2026,0.00,2.41,RESTRICTED,synthetic planned availability window,HIGH,TRUE,TRUE
AV00958,SEC_KAL_KAR,11-02-2026,0.37,2.27,AVAILABLE,synthetic planned availability window,MEDIUM,FALSE,TRUE
AV00959,SEC_LON_TAL,11-02-2026,20.24,23.22,AVAILABLE,synthetic planned availability window,MEDIUM,TRUE,TRUE
AV00960,SEC_KHA_LON,15-02-2026,21.12,23.02,RESTRICTED,synthetic planned availability window,LOW,TRUE,TRUE
AV00961,SEC_KAR_KHA,09-01-2026,6.54,8.00,AVAILABLE,synthetic planned availability window,MEDIUM,TRUE,TRUE
AV00962,SEC_SHI_PUN,26-01-2026,4.41,6.24,UNAVAILABLE,synthetic planned availability window,LOW,FALSE,TRUE
AV00963,SEC_KHA_LON,31-01-2026,11.27,14.19,RESTRICTED,synthetic planned availability window,HIGH,TRUE,TRUE
AV00964,SEC_MUM_DAD,04-02-2026,10.33,12.54,RESTRICTED,synthetic planned availability window,LOW,TRUE,TRUE
AV00965,SEC_SHI_PUN,19-01-2026,11.38,13.51,AVAILABLE,synthetic planned availability window,LOW,FALSE,TRUE
AV00966,SEC_THA_KAL,20-03-2026,0.33,3.33,RESTRICTED,synthetic planned availability window,LOW,FALSE,TRUE
AV00967,SEC_KHA_LON,09-03-2026,14.39,16.33,AVAILABLE,synthetic planned availability window,HIGH,TRUE,TRUE
AV00968,SEC_THA_KAL,16-02-2026,10.29,13.03,RESTRICTED,synthetic planned availability window,LOW,TRUE,TRUE
AV00969,SEC_LON_TAL,16-01-2026,12.33,14.17,RESTRICTED,synthetic planned availability window,LOW,TRUE,TRUE
AV00970,SEC_LON_TAL,23-02-2026,8.45,10.48,RESTRICTED,synthetic planned availability window,HIGH,TRUE,TRUE
AV00971,SEC_MUM_DAD,31-03-2026,13.53,15.13,RESTRICTED,synthetic planned availability window,MEDIUM,FALSE,TRUE
AV00972,SEC_SHI_PUN,07-03-2026,12.45,15.06,UNAVAILABLE,synthetic planned availability window,MEDIUM,TRUE,TRUE
AV00973,SEC_LON_TAL,10-02-2026,11.52,14.51,UNAVAILABLE,synthetic planned availability window,LOW,TRUE,TRUE
AV00974,SEC_SHI_PUN,27-02-2026,16.32,18.46,UNAVAILABLE,synthetic planned availability window,LOW,TRUE,TRUE
AV00975,SEC_CHI_SHI,19-02-2026,13.22,15.07,RESTRICTED,synthetic planned availability window,HIGH,TRUE,TRUE
AV00976,SEC_THA_KAL,19-03-2026,1.36,3.18,RESTRICTED,synthetic planned availability window,HIGH,TRUE,TRUE
AV00977,SEC_KAL_KAR,21-02-2026,8.20,10.24,UNAVAILABLE,synthetic planned availability window,LOW,FALSE,TRUE
AV00978,SEC_SHI_PUN,29-01-2026,4.56,6.55,UNAVAILABLE,synthetic planned availability window,LOW,TRUE,TRUE
AV00979,SEC_MUM_DAD,09-01-2026,12.16,13.57,AVAILABLE,synthetic planned availability window,MEDIUM,TRUE,TRUE
AV00980,SEC_KAL_KAR,24-01-2026,4.08,6.48,AVAILABLE,synthetic planned availability window,MEDIUM,TRUE,TRUE
AV00981,SEC_KHA_LON,25-01-2026,4.53,7.49,AVAILABLE,synthetic planned availability window,HIGH,TRUE,TRUE
AV00982,SEC_DAD_THA,29-03-2026,4.30,6.06,RESTRICTED,synthetic planned availability window,MEDIUM,TRUE,TRUE
AV00983,SEC_LON_TAL,09-03-2026,19.49,21.31,UNAVAILABLE,synthetic planned availability window,HIGH,TRUE,TRUE
AV00984,SEC_KHA_LON,29-01-2026,4.44,7.24,AVAILABLE,synthetic planned availability window,LOW,TRUE,TRUE
AV00985,SEC_TAL_CHI,06-03-2026,6.10,7.18,RESTRICTED,synthetic planned availability window,MEDIUM,TRUE,TRUE
AV00986,SEC_CHI_SHI,06-03-2026,17.55,20.08,UNAVAILABLE,synthetic planned availability window,LOW,FALSE,TRUE
AV00987,SEC_THA_KAL,07-01-2026,3.36,6.20,RESTRICTED,synthetic planned availability window,LOW,TRUE,TRUE
AV00988,SEC_DAD_THA,04-02-2026,6.58,8.14,RESTRICTED,synthetic planned availability window,HIGH,FALSE,TRUE
AV00989,SEC_TAL_CHI,23-03-2026,7.59,10.30,UNAVAILABLE,synthetic planned availability window,LOW,TRUE,TRUE
AV00990,SEC_KHA_LON,06-01-2026,15.02,17.19,AVAILABLE,synthetic planned availability window,MEDIUM,FALSE,TRUE
AV00991,SEC_KHA_LON,24-01-2026,0.48,3.35,UNAVAILABLE,synthetic planned availability window,LOW,TRUE,TRUE
AV00992,SEC_TAL_CHI,21-01-2026,6.40,8.04,RESTRICTED,synthetic planned availability window,HIGH,TRUE,TRUE
AV00993,SEC_THA_KAL,27-01-2026,4.57,7.11,AVAILABLE,synthetic planned availability window,MEDIUM,TRUE,TRUE
AV00994,SEC_KAR_KHA,09-01-2026,6.59,8.49,UNAVAILABLE,synthetic planned availability window,MEDIUM,TRUE,TRUE
AV00995,SEC_MUM_DAD,30-03-2026,2.35,4.13,AVAILABLE,synthetic planned availability window,MEDIUM,TRUE,TRUE
AV00996,SEC_TAL_CHI,07-03-2026,6.06,8.02,UNAVAILABLE,synthetic planned availability window,LOW,FALSE,TRUE
AV00997,SEC_KAR_KHA,27-01-2026,5.22,7.00,UNAVAILABLE,synthetic planned availability window,HIGH,FALSE,TRUE
AV00998,SEC_KAR_KHA,20-01-2026,2.52,4.49,RESTRICTED,synthetic planned availability window,LOW,TRUE,TRUE
AV00999,SEC_DAD_THA,05-02-2026,7.57,9.04,AVAILABLE,synthetic planned availability window,LOW,TRUE,TRUE
AV01000,SEC_CHI_SHI,29-03-2026,12.55,14.28,RESTRICTED,synthetic planned availability window,HIGH,TRUE,TRUE
AV01001,SEC_THA_KAL,13-03-2026,7.24,10.07,UNAVAILABLE,synthetic planned availability window,MEDIUM,TRUE,TRUE
AV01002,SEC_KHA_LON,06-01-2026,9.01,12.01,RESTRICTED,synthetic planned availability window,HIGH,TRUE,TRUE
AV01003,SEC_KHA_LON,22-03-2026,19.34,22.18,UNAVAILABLE,synthetic planned availability window,MEDIUM,FALSE,TRUE
AV01004,SEC_TAL_CHI,13-01-2026,1.18,4.12,RESTRICTED,synthetic planned availability window,MEDIUM,FALSE,TRUE
AV01005,SEC_KAL_KAR,14-03-2026,3.42,5.17,UNAVAILABLE,synthetic planned availability window,LOW,TRUE,TRUE
AV01006,SEC_TAL_CHI,19-01-2026,11.40,12.47,RESTRICTED,synthetic planned availability window,LOW,TRUE,TRUE
AV01007,SEC_CHI_SHI,24-02-2026,6.05,7.37,AVAILABLE,synthetic planned availability window,LOW,TRUE,TRUE
AV01008,SEC_KAL_KAR,17-03-2026,17.31,20.06,UNAVAILABLE,synthetic planned availability window,MEDIUM,FALSE,TRUE
AV01009,SEC_CHI_SHI,17-01-2026,11.12,13.32,AVAILABLE,synthetic planned availability window,LOW,TRUE,TRUE
AV01010,SEC_THA_KAL,26-01-2026,19.36,22.26,AVAILABLE,synthetic planned availability window,HIGH,FALSE,TRUE
AV01011,SEC_LON_TAL,16-03-2026,21.33,23.18,RESTRICTED,synthetic planned availability window,LOW,TRUE,TRUE
AV01012,SEC_KAL_KAR,10-01-2026,15.16,17.19,AVAILABLE,synthetic planned availability window,MEDIUM,TRUE,TRUE
AV01013,SEC_SHI_PUN,27-01-2026,16.27,18.57,AVAILABLE,synthetic planned availability window,LOW,FALSE,TRUE
AV01014,SEC_DAD_THA,17-01-2026,11.34,13.02,RESTRICTED,synthetic planned availability window,MEDIUM,FALSE,TRUE
AV01015,SEC_KHA_LON,15-01-2026,21.00,22.25,AVAILABLE,synthetic planned availability window,LOW,FALSE,TRUE
AV01016,SEC_DAD_THA,11-02-2026,17.09,19.50,RESTRICTED,synthetic planned availability window,HIGH,TRUE,TRUE
AV01017,SEC_LON_TAL,28-02-2026,20.41,22.30,UNAVAILABLE,synthetic planned availability window,HIGH,TRUE,TRUE
AV01018,SEC_MUM_DAD,18-02-2026,20.12,21.29,UNAVAILABLE,synthetic planned availability window,HIGH,FALSE,TRUE
AV01019,SEC_KAR_KHA,05-03-2026,16.23,17.36,UNAVAILABLE,synthetic planned availability window,MEDIUM,TRUE,TRUE
AV01020,SEC_TAL_CHI,20-01-2026,10.36,12.01,UNAVAILABLE,synthetic planned availability window,HIGH,FALSE,TRUE
AV01021,SEC_THA_KAL,12-01-2026,2.03,3.35,AVAILABLE,synthetic planned availability window,HIGH,TRUE,TRUE
AV01022,SEC_SHI_PUN,08-03-2026,11.33,12.35,UNAVAILABLE,synthetic planned availability window,HIGH,FALSE,TRUE
AV01023,SEC_KHA_LON,27-03-2026,17.13,19.57,RESTRICTED,synthetic planned availability window,LOW,FALSE,TRUE
AV01024,SEC_THA_KAL,13-01-2026,16.47,19.43,UNAVAILABLE,synthetic planned availability window,HIGH,FALSE,TRUE
AV01025,SEC_SHI_PUN,24-01-2026,18.09,20.50,UNAVAILABLE,synthetic planned availability window,MEDIUM,TRUE,TRUE
AV01026,SEC_KHA_LON,08-03-2026,18.04,20.05,AVAILABLE,synthetic planned availability window,LOW,TRUE,TRUE
AV01027,SEC_MUM_DAD,22-02-2026,18.57,20.51,UNAVAILABLE,synthetic planned availability window,HIGH,TRUE,TRUE
AV01028,SEC_KAR_KHA,18-03-2026,14.09,16.10,UNAVAILABLE,synthetic planned availability window,MEDIUM,TRUE,TRUE
AV01029,SEC_TAL_CHI,11-02-2026,15.41,17.43,UNAVAILABLE,synthetic planned availability window,LOW,FALSE,TRUE
AV01030,SEC_LON_TAL,28-03-2026,15.17,17.14,UNAVAILABLE,synthetic planned availability window,LOW,FALSE,TRUE
AV01031,SEC_KAL_KAR,24-02-2026,5.27,8.16,RESTRICTED,synthetic planned availability window,LOW,FALSE,TRUE
AV01032,SEC_TAL_CHI,04-02-2026,13.43,16.34,UNAVAILABLE,synthetic planned availability window,HIGH,TRUE,TRUE
AV01033,SEC_KAL_KAR,06-02-2026,12.20,14.03,RESTRICTED,synthetic planned availability window,LOW,FALSE,TRUE
AV01034,SEC_KAR_KHA,01-02-2026,13.13,15.55,AVAILABLE,synthetic planned availability window,MEDIUM,TRUE,TRUE
AV01035,SEC_SHI_PUN,26-01-2026,13.36,16.16,RESTRICTED,synthetic planned availability window,LOW,TRUE,TRUE
AV01036,SEC_MUM_DAD,10-03-2026,15.03,17.01,UNAVAILABLE,synthetic planned availability window,LOW,TRUE,TRUE
AV01037,SEC_SHI_PUN,20-02-2026,20.02,22.26,RESTRICTED,synthetic planned availability window,HIGH,FALSE,TRUE
AV01038,SEC_KHA_LON,17-02-2026,13.11,15.33,RESTRICTED,synthetic planned availability window,HIGH,TRUE,TRUE
AV01039,SEC_SHI_PUN,25-01-2026,7.57,10.15,UNAVAILABLE,synthetic planned availability window,LOW,TRUE,TRUE
AV01040,SEC_MUM_DAD,12-02-2026,11.51,14.01,AVAILABLE,synthetic planned availability window,MEDIUM,TRUE,TRUE
AV01041,SEC_MUM_DAD,25-01-2026,3.16,4.59,RESTRICTED,synthetic planned availability window,LOW,FALSE,TRUE
AV01042,SEC_KHA_LON,20-03-2026,9.47,11.21,AVAILABLE,synthetic planned availability window,HIGH,TRUE,TRUE
AV01043,SEC_LON_TAL,18-02-2026,6.09,8.08,AVAILABLE,synthetic planned availability window,HIGH,TRUE,TRUE
AV01044,SEC_SHI_PUN,11-03-2026,13.08,15.59,AVAILABLE,synthetic planned availability window,HIGH,TRUE,TRUE
AV01045,SEC_MUM_DAD,25-03-2026,0.37,2.15,AVAILABLE,synthetic planned availability window,MEDIUM,TRUE,TRUE
AV01046,SEC_KAR_KHA,20-03-2026,16.28,18.18,UNAVAILABLE,synthetic planned availability window,MEDIUM,FALSE,TRUE
AV01047,SEC_THA_KAL,16-02-2026,5.04,7.05,UNAVAILABLE,synthetic planned availability window,MEDIUM,FALSE,TRUE
AV01048,SEC_DAD_THA,16-01-2026,0.20,1.54,RESTRICTED,synthetic planned availability window,LOW,TRUE,TRUE
AV01049,SEC_CHI_SHI,31-03-2026,11.17,14.01,RESTRICTED,synthetic planned availability window,HIGH,FALSE,TRUE
AV01050,SEC_KAR_KHA,03-03-2026,4.26,7.24,UNAVAILABLE,synthetic planned availability window,LOW,TRUE,TRUE
AV01051,SEC_TAL_CHI,22-02-2026,11.26,13.06,RESTRICTED,synthetic planned availability window,LOW,TRUE,TRUE
AV01052,SEC_THA_KAL,18-02-2026,2.54,4.16,UNAVAILABLE,synthetic planned availability window,LOW,TRUE,TRUE
AV01053,SEC_TAL_CHI,10-03-2026,17.36,20.29,RESTRICTED,synthetic planned availability window,LOW,TRUE,TRUE
AV01054,SEC_SHI_PUN,23-03-2026,5.00,7.04,UNAVAILABLE,synthetic planned availability window,MEDIUM,TRUE,TRUE
AV01055,SEC_MUM_DAD,22-02-2026,7.59,9.53,RESTRICTED,synthetic planned availability window,LOW,TRUE,TRUE
AV01056,SEC_TAL_CHI,03-03-2026,1.49,3.23,UNAVAILABLE,synthetic planned availability window,LOW,TRUE,TRUE
AV01057,SEC_SHI_PUN,19-01-2026,8.57,11.03,RESTRICTED,synthetic planned availability window,LOW,FALSE,TRUE
AV01058,SEC_TAL_CHI,04-02-2026,9.17,11.27,RESTRICTED,synthetic planned availability window,LOW,TRUE,TRUE
AV01059,SEC_THA_KAL,16-03-2026,2.38,3.53,UNAVAILABLE,synthetic planned availability window,LOW,TRUE,TRUE
AV01060,SEC_SHI_PUN,05-03-2026,11.26,14.09,AVAILABLE,synthetic planned availability window,LOW,TRUE,TRUE
AV01061,SEC_THA_KAL,12-03-2026,12.15,13.48,UNAVAILABLE,synthetic planned availability window,LOW,TRUE,TRUE
AV01062,SEC_CHI_SHI,17-03-2026,19.04,20.21,UNAVAILABLE,synthetic planned availability window,LOW,TRUE,TRUE
AV01063,SEC_KHA_LON,26-01-2026,18.10,21.09,RESTRICTED,synthetic planned availability window,HIGH,TRUE,TRUE
AV01064,SEC_KAR_KHA,07-02-2026,12.01,14.17,UNAVAILABLE,synthetic planned availability window,LOW,TRUE,TRUE
AV01065,SEC_TAL_CHI,30-03-2026,7.58,10.23,AVAILABLE,synthetic planned availability window,LOW,TRUE,TRUE
AV01066,SEC_KHA_LON,17-01-2026,13.57,16.11,RESTRICTED,synthetic planned availability window,LOW,TRUE,TRUE
AV01067,SEC_SHI_PUN,04-01-2026,6.21,7.41,AVAILABLE,synthetic planned availability window,MEDIUM,TRUE,TRUE
AV01068,SEC_MUM_DAD,12-02-2026,19.06,20.18,AVAILABLE,synthetic planned availability window,MEDIUM,FALSE,TRUE
AV01069,SEC_SHI_PUN,19-03-2026,2.03,4.52,UNAVAILABLE,synthetic planned availability window,LOW,TRUE,TRUE
AV01070,SEC_THA_KAL,09-01-2026,9.48,11.36,AVAILABLE,synthetic planned availability window,LOW,TRUE,TRUE
AV01071,SEC_THA_KAL,28-01-2026,9.42,10.58,UNAVAILABLE,synthetic planned availability window,HIGH,FALSE,TRUE
AV01072,SEC_MUM_DAD,05-03-2026,0.40,3.00,UNAVAILABLE,synthetic planned availability window,HIGH,TRUE,TRUE
AV01073,SEC_KAR_KHA,20-02-2026,12.48,15.11,UNAVAILABLE,synthetic planned availability window,LOW,TRUE,TRUE
AV01074,SEC_TAL_CHI,06-01-2026,16.16,18.13,AVAILABLE,synthetic planned availability window,MEDIUM,TRUE,TRUE
AV01075,SEC_THA_KAL,30-01-2026,12.54,14.03,UNAVAILABLE,synthetic planned availability window,LOW,FALSE,TRUE
AV01076,SEC_MUM_DAD,02-01-2026,1.53,3.23,AVAILABLE,synthetic planned availability window,MEDIUM,TRUE,TRUE
AV01077,SEC_KAR_KHA,03-01-2026,15.15,17.29,RESTRICTED,synthetic planned availability window,HIGH,TRUE,TRUE
AV01078,SEC_DAD_THA,08-03-2026,18.58,20.44,RESTRICTED,synthetic planned availability window,LOW,FALSE,TRUE
AV01079,SEC_KHA_LON,17-03-2026,6.07,9.01,UNAVAILABLE,synthetic planned availability window,MEDIUM,FALSE,TRUE
AV01080,SEC_TAL_CHI,22-03-2026,0.26,3.12,AVAILABLE,synthetic planned availability window,HIGH,TRUE,TRUE
AV01081,SEC_CHI_SHI,18-02-2026,10.35,11.46,AVAILABLE,synthetic planned availability window,HIGH,FALSE,TRUE
AV01082,SEC_LON_TAL,29-03-2026,4.49,7.17,AVAILABLE,synthetic planned availability window,MEDIUM,FALSE,TRUE
AV01083,SEC_KAR_KHA,28-03-2026,15.06,16.40,RESTRICTED,synthetic planned availability window,HIGH,FALSE,TRUE
AV01084,SEC_LON_TAL,25-03-2026,13.45,16.15,UNAVAILABLE,synthetic planned availability window,MEDIUM,TRUE,TRUE
AV01085,SEC_TAL_CHI,01-02-2026,20.43,22.46,AVAILABLE,synthetic planned availability window,HIGH,TRUE,TRUE
AV01086,SEC_THA_KAL,31-03-2026,21.15,23.59,AVAILABLE,synthetic planned availability window,LOW,FALSE,TRUE
AV01087,SEC_DAD_THA,16-01-2026,8.04,9.18,AVAILABLE,synthetic planned availability window,MEDIUM,TRUE,TRUE
AV01088,SEC_DAD_THA,18-01-2026,15.18,17.32,RESTRICTED,synthetic planned availability window,LOW,FALSE,TRUE
AV01089,SEC_THA_KAL,27-02-2026,6.21,8.32,RESTRICTED,synthetic planned availability window,LOW,FALSE,TRUE
AV01090,SEC_KAL_KAR,04-01-2026,1.03,2.15,RESTRICTED,synthetic planned availability window,HIGH,FALSE,TRUE
AV01091,SEC_KHA_LON,30-01-2026,7.05,8.23,RESTRICTED,synthetic planned availability window,MEDIUM,TRUE,TRUE
AV01092,SEC_KAL_KAR,09-01-2026,20.33,22.56,UNAVAILABLE,synthetic planned availability window,LOW,TRUE,TRUE
AV01093,SEC_THA_KAL,17-03-2026,1.00,3.51,AVAILABLE,synthetic planned availability window,HIGH,FALSE,TRUE
AV01094,SEC_SHI_PUN,23-03-2026,18.13,20.59,RESTRICTED,synthetic planned availability window,HIGH,FALSE,TRUE
AV01095,SEC_KAL_KAR,14-03-2026,10.50,12.51,UNAVAILABLE,synthetic planned availability window,MEDIUM,TRUE,TRUE
AV01096,SEC_SHI_PUN,27-01-2026,18.14,19.28,RESTRICTED,synthetic planned availability window,LOW,TRUE,TRUE
AV01097,SEC_SHI_PUN,21-01-2026,8.23,9.39,AVAILABLE,synthetic planned availability window,MEDIUM,FALSE,TRUE
AV01098,SEC_DAD_THA,25-01-2026,8.48,10.56,AVAILABLE,synthetic planned availability window,HIGH,TRUE,TRUE
AV01099,SEC_TAL_CHI,28-03-2026,7.34,9.53,AVAILABLE,synthetic planned availability window,HIGH,TRUE,TRUE
AV01100,SEC_KAR_KHA,25-02-2026,18.53,21.00,UNAVAILABLE,synthetic planned availability window,HIGH,TRUE,TRUE
AV01101,SEC_TAL_CHI,24-02-2026,16.25,19.16,AVAILABLE,synthetic planned availability window,LOW,TRUE,TRUE
AV01102,SEC_MUM_DAD,11-01-2026,1.12,2.26,UNAVAILABLE,synthetic planned availability window,MEDIUM,FALSE,TRUE
AV01103,SEC_KAR_KHA,12-01-2026,2.27,4.38,RESTRICTED,synthetic planned availability window,LOW,TRUE,TRUE
AV01104,SEC_TAL_CHI,09-01-2026,8.02,10.00,UNAVAILABLE,synthetic planned availability window,MEDIUM,TRUE,TRUE
AV01105,SEC_DAD_THA,15-03-2026,17.41,20.03,UNAVAILABLE,synthetic planned availability window,LOW,TRUE,TRUE
AV01106,SEC_DAD_THA,20-02-2026,3.51,6.00,RESTRICTED,synthetic planned availability window,MEDIUM,TRUE,TRUE
AV01107,SEC_KAR_KHA,05-02-2026,13.45,15.25,UNAVAILABLE,synthetic planned availability window,LOW,TRUE,TRUE
AV01108,SEC_THA_KAL,15-03-2026,2.52,5.37,AVAILABLE,synthetic planned availability window,MEDIUM,TRUE,TRUE
AV01109,SEC_LON_TAL,29-03-2026,21.19,23.16,RESTRICTED,synthetic planned availability window,HIGH,TRUE,TRUE
AV01110,SEC_LON_TAL,16-01-2026,19.25,21.33,UNAVAILABLE,synthetic planned availability window,LOW,TRUE,TRUE
AV01111,SEC_SHI_PUN,01-03-2026,15.12,17.28,UNAVAILABLE,synthetic planned availability window,HIGH,TRUE,TRUE
AV01112,SEC_KAL_KAR,23-02-2026,3.22,4.40,AVAILABLE,synthetic planned availability window,HIGH,TRUE,TRUE
AV01113,SEC_SHI_PUN,02-03-2026,0.10,2.52,RESTRICTED,synthetic planned availability window,LOW,TRUE,TRUE
AV01114,SEC_KAL_KAR,17-01-2026,3.14,5.14,UNAVAILABLE,synthetic planned availability window,MEDIUM,TRUE,TRUE
AV01115,SEC_DAD_THA,28-02-2026,12.51,13.56,RESTRICTED,synthetic planned availability window,HIGH,TRUE,TRUE
AV01116,SEC_MUM_DAD,13-03-2026,0.15,2.02,AVAILABLE,synthetic planned availability window,MEDIUM,TRUE,TRUE
AV01117,SEC_SHI_PUN,23-03-2026,10.11,12.30,AVAILABLE,synthetic planned availability window,LOW,TRUE,TRUE
AV01118,SEC_LON_TAL,16-01-2026,19.10,21.32,UNAVAILABLE,synthetic planned availability window,LOW,FALSE,TRUE
AV01119,SEC_TAL_CHI,08-01-2026,7.29,9.35,RESTRICTED,synthetic planned availability window,LOW,TRUE,TRUE
AV01120,SEC_KHA_LON,31-01-2026,19.15,22.02,AVAILABLE,synthetic planned availability window,HIGH,FALSE,TRUE
AV01121,SEC_KAL_KAR,03-02-2026,6.30,8.36,UNAVAILABLE,synthetic planned availability window,LOW,FALSE,TRUE
AV01122,SEC_DAD_THA,14-02-2026,8.03,9.29,RESTRICTED,synthetic planned availability window,MEDIUM,FALSE,TRUE
AV01123,SEC_KHA_LON,21-03-2026,0.03,1.21,UNAVAILABLE,synthetic planned availability window,MEDIUM,TRUE,TRUE
AV01124,SEC_SHI_PUN,19-01-2026,4.35,5.43,RESTRICTED,synthetic planned availability window,LOW,FALSE,TRUE
AV01125,SEC_LON_TAL,17-02-2026,9.10,11.21,RESTRICTED,synthetic planned availability window,HIGH,TRUE,TRUE
AV01126,SEC_MUM_DAD,17-03-2026,2.27,4.55,RESTRICTED,synthetic planned availability window,MEDIUM,TRUE,TRUE
AV01127,SEC_LON_TAL,16-01-2026,1.37,4.03,RESTRICTED,synthetic planned availability window,HIGH,FALSE,TRUE
AV01128,SEC_KAL_KAR,09-01-2026,5.20,7.35,UNAVAILABLE,synthetic planned availability window,LOW,TRUE,TRUE
AV01129,SEC_TAL_CHI,07-02-2026,7.07,9.15,UNAVAILABLE,synthetic planned availability window,HIGH,FALSE,TRUE
AV01130,SEC_TAL_CHI,07-01-2026,4.49,7.44,AVAILABLE,synthetic planned availability window,LOW,FALSE,TRUE
AV01131,SEC_KAL_KAR,21-03-2026,2.53,5.44,UNAVAILABLE,synthetic planned availability window,MEDIUM,FALSE,TRUE
AV01132,SEC_TAL_CHI,31-03-2026,6.34,9.28,AVAILABLE,synthetic planned availability window,LOW,FALSE,TRUE
AV01133,SEC_SHI_PUN,17-02-2026,1.18,3.43,UNAVAILABLE,synthetic planned availability window,MEDIUM,TRUE,TRUE
AV01134,SEC_CHI_SHI,07-02-2026,3.48,5.10,AVAILABLE,synthetic planned availability window,LOW,TRUE,TRUE
AV01135,SEC_MUM_DAD,02-03-2026,9.50,12.33,RESTRICTED,synthetic planned availability window,LOW,FALSE,TRUE
AV01136,SEC_TAL_CHI,19-01-2026,13.37,14.39,AVAILABLE,synthetic planned availability window,HIGH,FALSE,TRUE
AV01137,SEC_SHI_PUN,09-01-2026,15.01,16.25,UNAVAILABLE,synthetic planned availability window,MEDIUM,TRUE,TRUE
AV01138,SEC_KAR_KHA,22-02-2026,11.37,12.50,UNAVAILABLE,synthetic planned availability window,LOW,TRUE,TRUE
AV01139,SEC_THA_KAL,14-01-2026,21.14,23.29,AVAILABLE,synthetic planned availability window,HIGH,TRUE,TRUE
AV01140,SEC_MUM_DAD,22-02-2026,19.37,20.57,RESTRICTED,synthetic planned availability window,LOW,TRUE,TRUE
AV01141,SEC_MUM_DAD,28-03-2026,18.18,20.25,UNAVAILABLE,synthetic planned availability window,LOW,TRUE,TRUE
AV01142,SEC_DAD_THA,10-02-2026,14.32,16.10,RESTRICTED,synthetic planned availability window,HIGH,TRUE,TRUE
AV01143,SEC_LON_TAL,18-01-2026,17.46,19.36,AVAILABLE,synthetic planned availability window,MEDIUM,TRUE,TRUE
AV01144,SEC_TAL_CHI,28-03-2026,10.47,13.17,AVAILABLE,synthetic planned availability window,LOW,TRUE,TRUE
AV01145,SEC_SHI_PUN,19-03-2026,16.30,18.43,RESTRICTED,synthetic planned availability window,LOW,TRUE,TRUE
AV01146,SEC_SHI_PUN,15-03-2026,5.17,7.45,AVAILABLE,synthetic planned availability window,MEDIUM,TRUE,TRUE
AV01147,SEC_CHI_SHI,24-03-2026,10.01,12.39,RESTRICTED,synthetic planned availability window,LOW,TRUE,TRUE
AV01148,SEC_KAL_KAR,12-03-2026,11.08,14.08,UNAVAILABLE,synthetic planned availability window,HIGH,TRUE,TRUE
AV01149,SEC_KAL_KAR,17-03-2026,8.42,11.22,RESTRICTED,synthetic planned availability window,HIGH,TRUE,TRUE
AV01150,SEC_SHI_PUN,06-02-2026,8.33,11.25,AVAILABLE,synthetic planned availability window,LOW,FALSE,TRUE
AV01151,SEC_SHI_PUN,08-02-2026,5.13,7.46,UNAVAILABLE,synthetic planned availability window,MEDIUM,FALSE,TRUE
AV01152,SEC_CHI_SHI,26-03-2026,17.35,19.59,RESTRICTED,synthetic planned availability window,MEDIUM,TRUE,TRUE
AV01153,SEC_CHI_SHI,24-01-2026,12.22,13.36,AVAILABLE,synthetic planned availability window,HIGH,TRUE,TRUE
AV01154,SEC_DAD_THA,29-03-2026,7.37,8.57,AVAILABLE,synthetic planned availability window,MEDIUM,TRUE,TRUE
AV01155,SEC_KHA_LON,15-03-2026,0.59,3.59,AVAILABLE,synthetic planned availability window,HIGH,TRUE,TRUE
AV01156,SEC_THA_KAL,22-03-2026,8.25,9.25,AVAILABLE,synthetic planned availability window,MEDIUM,FALSE,TRUE
AV01157,SEC_KAL_KAR,19-01-2026,2.48,5.20,UNAVAILABLE,synthetic planned availability window,MEDIUM,TRUE,TRUE
AV01158,SEC_MUM_DAD,02-03-2026,12.52,14.57,AVAILABLE,synthetic planned availability window,HIGH,FALSE,TRUE
AV01159,SEC_CHI_SHI,15-03-2026,18.19,20.18,RESTRICTED,synthetic planned availability window,MEDIUM,TRUE,TRUE
AV01160,SEC_KAL_KAR,25-01-2026,5.17,6.23,UNAVAILABLE,synthetic planned availability window,LOW,TRUE,TRUE
AV01161,SEC_KAL_KAR,25-03-2026,9.31,10.31,RESTRICTED,synthetic planned availability window,LOW,FALSE,TRUE
AV01162,SEC_LON_TAL,30-03-2026,16.58,19.41,AVAILABLE,synthetic planned availability window,HIGH,TRUE,TRUE
AV01163,SEC_KAR_KHA,15-03-2026,0.09,2.12,RESTRICTED,synthetic planned availability window,LOW,TRUE,TRUE
AV01164,SEC_LON_TAL,25-01-2026,19.32,21.58,UNAVAILABLE,synthetic planned availability window,LOW,TRUE,TRUE
AV01165,SEC_THA_KAL,15-01-2026,17.20,19.04,UNAVAILABLE,synthetic planned availability window,LOW,TRUE,TRUE
AV01166,SEC_LON_TAL,28-03-2026,6.27,9.09,UNAVAILABLE,synthetic planned availability window,MEDIUM,TRUE,TRUE
AV01167,SEC_SHI_PUN,05-01-2026,15.12,16.55,AVAILABLE,synthetic planned availability window,LOW,FALSE,TRUE
AV01168,SEC_KHA_LON,20-01-2026,0.48,2.52,UNAVAILABLE,synthetic planned availability window,LOW,FALSE,TRUE
AV01169,SEC_KAL_KAR,04-02-2026,16.35,19.19,AVAILABLE,synthetic planned availability window,LOW,TRUE,TRUE
AV01170,SEC_LON_TAL,17-02-2026,19.40,22.13,RESTRICTED,synthetic planned availability window,HIGH,TRUE,TRUE
AV01171,SEC_KAR_KHA,25-02-2026,2.11,4.00,UNAVAILABLE,synthetic planned availability window,HIGH,TRUE,TRUE
AV01172,SEC_CHI_SHI,01-01-2026,18.19,21.11,RESTRICTED,synthetic planned availability window,HIGH,TRUE,TRUE
AV01173,SEC_SHI_PUN,19-01-2026,13.38,16.09,RESTRICTED,synthetic planned availability window,LOW,FALSE,TRUE
AV01174,SEC_SHI_PUN,08-02-2026,19.14,21.23,RESTRICTED,synthetic planned availability window,HIGH,TRUE,TRUE
AV01175,SEC_TAL_CHI,10-02-2026,20.27,22.08,AVAILABLE,synthetic planned availability window,HIGH,FALSE,TRUE
AV01176,SEC_MUM_DAD,14-01-2026,0.06,2.42,UNAVAILABLE,synthetic planned availability window,HIGH,TRUE,TRUE
AV01177,SEC_DAD_THA,12-01-2026,1.54,4.15,AVAILABLE,synthetic planned availability window,LOW,TRUE,TRUE
AV01178,SEC_CHI_SHI,23-01-2026,3.04,4.20,AVAILABLE,synthetic planned availability window,HIGH,TRUE,TRUE
AV01179,SEC_THA_KAL,08-02-2026,17.39,20.05,UNAVAILABLE,synthetic planned availability window,LOW,TRUE,TRUE
AV01180,SEC_THA_KAL,01-03-2026,2.54,5.01,AVAILABLE,synthetic planned availability window,MEDIUM,TRUE,TRUE
AV01181,SEC_KAR_KHA,03-03-2026,15.50,18.25,AVAILABLE,synthetic planned availability window,MEDIUM,TRUE,TRUE
AV01182,SEC_MUM_DAD,28-02-2026,21.48,23.34,UNAVAILABLE,synthetic planned availability window,HIGH,TRUE,TRUE
AV01183,SEC_TAL_CHI,20-03-2026,1.15,2.36,AVAILABLE,synthetic planned availability window,HIGH,FALSE,TRUE
AV01184,SEC_KAR_KHA,07-01-2026,6.29,8.50,AVAILABLE,synthetic planned availability window,HIGH,TRUE,TRUE
AV01185,SEC_SHI_PUN,04-01-2026,5.22,7.40,AVAILABLE,synthetic planned availability window,LOW,FALSE,TRUE
AV01186,SEC_KAR_KHA,19-01-2026,21.44,23.55,UNAVAILABLE,synthetic planned availability window,HIGH,FALSE,TRUE
AV01187,SEC_SHI_PUN,10-02-2026,7.44,10.17,UNAVAILABLE,synthetic planned availability window,MEDIUM,FALSE,TRUE
AV01188,SEC_DAD_THA,03-01-2026,17.43,19.49,RESTRICTED,synthetic planned availability window,LOW,FALSE,TRUE
AV01189,SEC_SHI_PUN,04-01-2026,4.02,5.06,RESTRICTED,synthetic planned availability window,MEDIUM,TRUE,TRUE
AV01190,SEC_KHA_LON,11-01-2026,10.17,13.05,AVAILABLE,synthetic planned availability window,MEDIUM,TRUE,TRUE
AV01191,SEC_KAL_KAR,26-01-2026,20.44,22.58,UNAVAILABLE,synthetic planned availability window,MEDIUM,TRUE,TRUE
AV01192,SEC_SHI_PUN,13-01-2026,12.35,15.28,RESTRICTED,synthetic planned availability window,LOW,TRUE,TRUE
AV01193,SEC_LON_TAL,28-01-2026,6.31,7.45,AVAILABLE,synthetic planned availability window,MEDIUM,TRUE,TRUE
AV01194,SEC_TAL_CHI,01-03-2026,12.32,14.28,AVAILABLE,synthetic planned availability window,HIGH,FALSE,TRUE
AV01195,SEC_KAL_KAR,03-03-2026,4.30,5.47,UNAVAILABLE,synthetic planned availability window,LOW,TRUE,TRUE
AV01196,SEC_KHA_LON,05-03-2026,7.58,10.45,UNAVAILABLE,synthetic planned availability window,LOW,FALSE,TRUE
AV01197,SEC_CHI_SHI,01-01-2026,15.50,16.51,AVAILABLE,synthetic planned availability window,MEDIUM,TRUE,TRUE
AV01198,SEC_KAR_KHA,11-01-2026,12.32,14.36,UNAVAILABLE,synthetic planned availability window,MEDIUM,TRUE,TRUE
AV01199,SEC_CHI_SHI,24-03-2026,16.05,18.52,UNAVAILABLE,synthetic planned availability window,LOW,TRUE,TRUE
AV01200,SEC_KAL_KAR,07-01-2026,12.08,14.24,RESTRICTED,synthetic planned availability window,MEDIUM,TRUE,TRUE
AV01201,SEC_KHA_LON,05-03-2026,6.05,8.56,RESTRICTED,synthetic planned availability window,LOW,TRUE,TRUE
AV01202,SEC_KAL_KAR,12-02-2026,13.35,16.21,UNAVAILABLE,synthetic planned availability window,LOW,TRUE,TRUE
AV01203,SEC_TAL_CHI,10-01-2026,8.00,9.29,RESTRICTED,synthetic planned availability window,HIGH,FALSE,TRUE
AV01204,SEC_KHA_LON,08-03-2026,2.48,4.15,AVAILABLE,synthetic planned availability window,HIGH,TRUE,TRUE
AV01205,SEC_LON_TAL,30-03-2026,9.50,10.53,RESTRICTED,synthetic planned availability window,LOW,TRUE,TRUE
AV01206,SEC_KAL_KAR,18-01-2026,9.56,12.30,AVAILABLE,synthetic planned availability window,MEDIUM,TRUE,TRUE
AV01207,SEC_KAR_KHA,20-03-2026,4.04,6.59,AVAILABLE,synthetic planned availability window,LOW,FALSE,TRUE
AV01208,SEC_KAL_KAR,13-03-2026,20.49,22.00,UNAVAILABLE,synthetic planned availability window,LOW,TRUE,TRUE
AV01209,SEC_MUM_DAD,25-03-2026,3.43,5.47,AVAILABLE,synthetic planned availability window,LOW,TRUE,TRUE
AV01210,SEC_CHI_SHI,06-02-2026,8.24,11.04,RESTRICTED,synthetic planned availability window,LOW,FALSE,TRUE
AV01211,SEC_SHI_PUN,18-02-2026,21.21,23.59,RESTRICTED,synthetic planned availability window,HIGH,TRUE,TRUE
AV01212,SEC_THA_KAL,26-03-2026,8.58,10.11,UNAVAILABLE,synthetic planned availability window,HIGH,TRUE,TRUE
AV01213,SEC_KHA_LON,02-03-2026,19.53,22.32,RESTRICTED,synthetic planned availability window,LOW,TRUE,TRUE
AV01214,SEC_CHI_SHI,06-03-2026,3.48,5.21,AVAILABLE,synthetic planned availability window,HIGH,TRUE,TRUE
AV01215,SEC_LON_TAL,07-03-2026,21.50,23.00,RESTRICTED,synthetic planned availability window,MEDIUM,FALSE,TRUE
AV01216,SEC_KAL_KAR,19-01-2026,4.31,5.31,AVAILABLE,synthetic planned availability window,LOW,TRUE,TRUE
AV01217,SEC_DAD_THA,23-01-2026,20.25,23.20,AVAILABLE,synthetic planned availability window,MEDIUM,TRUE,TRUE
AV01218,SEC_KAL_KAR,15-01-2026,1.42,3.59,AVAILABLE,synthetic planned availability window,HIGH,FALSE,TRUE
AV01219,SEC_LON_TAL,26-03-2026,14.31,16.38,UNAVAILABLE,synthetic planned availability window,MEDIUM,FALSE,TRUE
AV01220,SEC_LON_TAL,20-02-2026,6.33,7.56,AVAILABLE,synthetic planned availability window,HIGH,TRUE,TRUE
AV01221,SEC_LON_TAL,25-01-2026,14.43,16.27,AVAILABLE,synthetic planned availability window,HIGH,TRUE,TRUE
AV01222,SEC_LON_TAL,20-01-2026,13.28,16.04,UNAVAILABLE,synthetic planned availability window,LOW,FALSE,TRUE
AV01223,SEC_KHA_LON,07-01-2026,12.39,15.32,AVAILABLE,synthetic planned availability window,LOW,TRUE,TRUE
AV01224,SEC_KAL_KAR,13-03-2026,15.31,16.41,AVAILABLE,synthetic planned availability window,MEDIUM,FALSE,TRUE
AV01225,SEC_KAL_KAR,08-02-2026,14.05,16.43,RESTRICTED,synthetic planned availability window,MEDIUM,FALSE,TRUE
AV01226,SEC_MUM_DAD,28-02-2026,6.30,8.28,RESTRICTED,synthetic planned availability window,HIGH,TRUE,TRUE
AV01227,SEC_MUM_DAD,18-01-2026,11.24,13.48,UNAVAILABLE,synthetic planned availability window,HIGH,FALSE,TRUE
AV01228,SEC_DAD_THA,28-01-2026,15.09,16.48,RESTRICTED,synthetic planned availability window,HIGH,TRUE,TRUE
AV01229,SEC_CHI_SHI,08-01-2026,7.12,9.37,AVAILABLE,synthetic planned availability window,HIGH,FALSE,TRUE
AV01230,SEC_SHI_PUN,27-02-2026,14.10,15.53,UNAVAILABLE,synthetic planned availability window,HIGH,TRUE,TRUE
AV01231,SEC_THA_KAL,09-01-2026,6.16,8.22,AVAILABLE,synthetic planned availability window,MEDIUM,TRUE,TRUE
AV01232,SEC_DAD_THA,11-02-2026,8.46,11.27,AVAILABLE,synthetic planned availability window,LOW,TRUE,TRUE
AV01233,SEC_THA_KAL,03-02-2026,19.02,20.13,AVAILABLE,synthetic planned availability window,HIGH,TRUE,TRUE
AV01234,SEC_LON_TAL,25-02-2026,10.11,12.47,RESTRICTED,synthetic planned availability window,HIGH,TRUE,TRUE
AV01235,SEC_DAD_THA,25-02-2026,9.22,11.30,UNAVAILABLE,synthetic planned availability window,HIGH,FALSE,TRUE
AV01236,SEC_CHI_SHI,19-02-2026,0.56,3.36,AVAILABLE,synthetic planned availability window,HIGH,TRUE,TRUE
AV01237,SEC_LON_TAL,01-02-2026,4.08,6.41,AVAILABLE,synthetic planned availability window,LOW,TRUE,TRUE
AV01238,SEC_MUM_DAD,02-03-2026,7.06,9.36,AVAILABLE,synthetic planned availability window,LOW,TRUE,TRUE
AV01239,SEC_TAL_CHI,11-02-2026,1.06,2.49,UNAVAILABLE,synthetic planned availability window,LOW,TRUE,TRUE
AV01240,SEC_THA_KAL,17-01-2026,21.34,23.59,RESTRICTED,synthetic planned availability window,LOW,TRUE,TRUE
AV01241,SEC_KAL_KAR,14-03-2026,6.38,9.36,UNAVAILABLE,synthetic planned availability window,MEDIUM,FALSE,TRUE
AV01242,SEC_TAL_CHI,15-02-2026,16.00,17.29,UNAVAILABLE,synthetic planned availability window,MEDIUM,TRUE,TRUE
AV01243,SEC_THA_KAL,05-02-2026,18.36,20.22,AVAILABLE,synthetic planned availability window,MEDIUM,FALSE,TRUE
AV01244,SEC_KHA_LON,10-01-2026,8.35,11.29,AVAILABLE,synthetic planned availability window,MEDIUM,FALSE,TRUE
AV01245,SEC_SHI_PUN,15-03-2026,9.11,11.31,AVAILABLE,synthetic planned availability window,LOW,TRUE,TRUE
AV01246,SEC_THA_KAL,11-01-2026,12.28,14.11,UNAVAILABLE,synthetic planned availability window,HIGH,TRUE,TRUE
AV01247,SEC_KAL_KAR,02-02-2026,18.09,21.07,AVAILABLE,synthetic planned availability window,LOW,TRUE,TRUE
AV01248,SEC_KAR_KHA,22-03-2026,19.33,22.26,RESTRICTED,synthetic planned availability window,MEDIUM,TRUE,TRUE
AV01249,SEC_CHI_SHI,25-03-2026,10.22,11.55,RESTRICTED,synthetic planned availability window,LOW,TRUE,TRUE
AV01250,SEC_TAL_CHI,05-01-2026,16.58,18.01,AVAILABLE,synthetic planned availability window,HIGH,TRUE,TRUE
AV01251,SEC_KHA_LON,03-02-2026,7.16,9.27,AVAILABLE,synthetic planned availability window,MEDIUM,TRUE,TRUE
AV01252,SEC_KHA_LON,30-03-2026,18.11,20.03,AVAILABLE,synthetic planned availability window,HIGH,TRUE,TRUE
AV01253,SEC_KAL_KAR,20-01-2026,9.57,11.16,UNAVAILABLE,synthetic planned availability window,LOW,FALSE,TRUE
AV01254,SEC_KHA_LON,03-01-2026,6.07,7.54,AVAILABLE,synthetic planned availability window,HIGH,TRUE,TRUE
AV01255,SEC_CHI_SHI,01-02-2026,11.15,13.57,AVAILABLE,synthetic planned availability window,MEDIUM,FALSE,TRUE
AV01256,SEC_LON_TAL,11-03-2026,20.42,23.41,AVAILABLE,synthetic planned availability window,LOW,TRUE,TRUE
AV01257,SEC_TAL_CHI,25-01-2026,9.55,12.06,AVAILABLE,synthetic planned availability window,LOW,FALSE,TRUE
AV01258,SEC_SHI_PUN,27-01-2026,14.09,15.27,RESTRICTED,synthetic planned availability window,LOW,FALSE,TRUE
AV01259,SEC_SHI_PUN,25-01-2026,10.52,13.32,AVAILABLE,synthetic planned availability window,HIGH,FALSE,TRUE
AV01260,SEC_CHI_SHI,16-01-2026,13.30,16.01,RESTRICTED,synthetic planned availability window,MEDIUM,TRUE,TRUE
AV01261,SEC_THA_KAL,07-01-2026,1.00,3.03,AVAILABLE,synthetic planned availability window,HIGH,TRUE,TRUE
AV01262,SEC_LON_TAL,14-01-2026,0.30,1.30,RESTRICTED,synthetic planned availability window,MEDIUM,FALSE,TRUE
AV01263,SEC_LON_TAL,28-03-2026,10.41,11.42,AVAILABLE,synthetic planned availability window,MEDIUM,TRUE,TRUE
AV01264,SEC_CHI_SHI,06-01-2026,1.07,2.27,RESTRICTED,synthetic planned availability window,LOW,FALSE,TRUE
AV01265,SEC_CHI_SHI,20-03-2026,6.28,7.51,RESTRICTED,synthetic planned availability window,LOW,TRUE,TRUE
AV01266,SEC_KAL_KAR,24-01-2026,17.16,19.15,RESTRICTED,synthetic planned availability window,MEDIUM,FALSE,TRUE
AV01267,SEC_DAD_THA,16-03-2026,4.14,5.23,RESTRICTED,synthetic planned availability window,LOW,TRUE,TRUE
AV01268,SEC_CHI_SHI,21-01-2026,6.23,8.36,UNAVAILABLE,synthetic planned availability window,MEDIUM,TRUE,TRUE
AV01269,SEC_CHI_SHI,18-02-2026,12.10,13.55,RESTRICTED,synthetic planned availability window,HIGH,TRUE,TRUE
AV01270,SEC_KHA_LON,22-02-2026,13.22,16.19,RESTRICTED,synthetic planned availability window,HIGH,TRUE,TRUE
AV01271,SEC_KAL_KAR,09-02-2026,2.20,4.23,RESTRICTED,synthetic planned availability window,MEDIUM,FALSE,TRUE
AV01272,SEC_KAL_KAR,16-03-2026,10.14,12.07,AVAILABLE,synthetic planned availability window,MEDIUM,FALSE,TRUE
AV01273,SEC_LON_TAL,25-02-2026,8.29,10.57,UNAVAILABLE,synthetic planned availability window,MEDIUM,TRUE,TRUE
AV01274,SEC_KAR_KHA,14-02-2026,17.35,19.20,UNAVAILABLE,synthetic planned availability window,HIGH,TRUE,TRUE
AV01275,SEC_CHI_SHI,11-01-2026,19.09,21.33,UNAVAILABLE,synthetic planned availability window,MEDIUM,TRUE,TRUE
AV01276,SEC_LON_TAL,25-01-2026,7.09,10.09,RESTRICTED,synthetic planned availability window,HIGH,FALSE,TRUE
AV01277,SEC_SHI_PUN,24-03-2026,9.26,11.32,UNAVAILABLE,synthetic planned availability window,LOW,TRUE,TRUE
AV01278,SEC_TAL_CHI,15-03-2026,17.16,19.07,UNAVAILABLE,synthetic planned availability window,LOW,TRUE,TRUE
AV01279,SEC_DAD_THA,24-02-2026,6.10,8.15,AVAILABLE,synthetic planned availability window,HIGH,TRUE,TRUE
AV01280,SEC_KAR_KHA,20-01-2026,3.55,6.00,AVAILABLE,synthetic planned availability window,HIGH,TRUE,TRUE
AV01281,SEC_DAD_THA,03-01-2026,9.23,12.06,UNAVAILABLE,synthetic planned availability window,LOW,TRUE,TRUE
AV01282,SEC_THA_KAL,08-03-2026,14.07,16.28,AVAILABLE,synthetic planned availability window,LOW,TRUE,TRUE
AV01283,SEC_MUM_DAD,01-02-2026,0.12,1.32,RESTRICTED,synthetic planned availability window,LOW,TRUE,TRUE
AV01284,SEC_KAR_KHA,09-03-2026,7.01,9.11,RESTRICTED,synthetic planned availability window,MEDIUM,TRUE,TRUE
AV01285,SEC_CHI_SHI,01-02-2026,12.10,14.16,UNAVAILABLE,synthetic planned availability window,LOW,TRUE,TRUE
AV01286,SEC_KAL_KAR,03-02-2026,13.44,16.08,UNAVAILABLE,synthetic planned availability window,HIGH,TRUE,TRUE
AV01287,SEC_DAD_THA,02-02-2026,13.52,16.20,UNAVAILABLE,synthetic planned availability window,HIGH,FALSE,TRUE
AV01288,SEC_MUM_DAD,22-03-2026,6.45,8.17,AVAILABLE,synthetic planned availability window,MEDIUM,TRUE,TRUE
AV01289,SEC_KHA_LON,06-03-2026,11.56,13.55,RESTRICTED,synthetic planned availability window,LOW,FALSE,TRUE
AV01290,SEC_KAL_KAR,24-01-2026,11.10,13.45,RESTRICTED,synthetic planned availability window,LOW,FALSE,TRUE
AV01291,SEC_CHI_SHI,20-01-2026,17.28,19.25,UNAVAILABLE,synthetic planned availability window,MEDIUM,TRUE,TRUE
AV01292,SEC_KAL_KAR,08-01-2026,17.56,20.25,RESTRICTED,synthetic planned availability window,MEDIUM,FALSE,TRUE
AV01293,SEC_KAR_KHA,13-03-2026,7.25,10.10,UNAVAILABLE,synthetic planned availability window,HIGH,TRUE,TRUE
AV01294,SEC_TAL_CHI,16-02-2026,8.31,10.16,AVAILABLE,synthetic planned availability window,HIGH,FALSE,TRUE
AV01295,SEC_KHA_LON,14-03-2026,0.41,3.00,RESTRICTED,synthetic planned availability window,HIGH,TRUE,TRUE
AV01296,SEC_MUM_DAD,04-02-2026,17.56,19.15,UNAVAILABLE,synthetic planned availability window,MEDIUM,TRUE,TRUE
AV01297,SEC_DAD_THA,27-03-2026,2.12,5.09,RESTRICTED,synthetic planned availability window,LOW,FALSE,TRUE
AV01298,SEC_KAR_KHA,28-01-2026,15.35,17.12,UNAVAILABLE,synthetic planned availability window,MEDIUM,FALSE,TRUE
AV01299,SEC_TAL_CHI,27-01-2026,17.09,18.56,AVAILABLE,synthetic planned availability window,HIGH,TRUE,TRUE
AV01300,SEC_DAD_THA,18-02-2026,21.32,23.14,RESTRICTED,synthetic planned availability window,LOW,TRUE,TRUE
AV01301,SEC_TAL_CHI,16-02-2026,16.54,18.29,AVAILABLE,synthetic planned availability window,HIGH,TRUE,TRUE
AV01302,SEC_CHI_SHI,23-02-2026,4.22,7.17,AVAILABLE,synthetic planned availability window,MEDIUM,TRUE,TRUE
AV01303,SEC_DAD_THA,14-01-2026,20.18,22.54,AVAILABLE,synthetic planned availability window,HIGH,FALSE,TRUE
AV01304,SEC_KAL_KAR,23-01-2026,17.07,19.30,AVAILABLE,synthetic planned availability window,HIGH,TRUE,TRUE
AV01305,SEC_SHI_PUN,16-02-2026,11.15,12.27,UNAVAILABLE,synthetic planned availability window,LOW,FALSE,TRUE
AV01306,SEC_KHA_LON,10-03-2026,17.52,20.51,AVAILABLE,synthetic planned availability window,MEDIUM,FALSE,TRUE
AV01307,SEC_LON_TAL,22-02-2026,17.59,20.40,RESTRICTED,synthetic planned availability window,HIGH,TRUE,TRUE
AV01308,SEC_KHA_LON,30-01-2026,3.27,4.58,UNAVAILABLE,synthetic planned availability window,LOW,TRUE,TRUE
AV01309,SEC_DAD_THA,18-02-2026,15.41,18.40,AVAILABLE,synthetic planned availability window,HIGH,TRUE,TRUE
AV01310,SEC_TAL_CHI,24-02-2026,14.21,16.22,UNAVAILABLE,synthetic planned availability window,LOW,FALSE,TRUE
AV01311,SEC_KAR_KHA,12-01-2026,13.22,14.44,UNAVAILABLE,synthetic planned availability window,HIGH,TRUE,TRUE
AV01312,SEC_DAD_THA,22-02-2026,14.07,15.30,AVAILABLE,synthetic planned availability window,MEDIUM,TRUE,TRUE
AV01313,SEC_SHI_PUN,10-02-2026,8.42,11.32,UNAVAILABLE,synthetic planned availability window,MEDIUM,TRUE,TRUE
AV01314,SEC_TAL_CHI,22-01-2026,3.25,4.41,UNAVAILABLE,synthetic planned availability window,MEDIUM,TRUE,TRUE
AV01315,SEC_MUM_DAD,04-02-2026,10.37,11.42,AVAILABLE,synthetic planned availability window,LOW,TRUE,TRUE
AV01316,SEC_SHI_PUN,16-02-2026,1.53,3.30,AVAILABLE,synthetic planned availability window,LOW,FALSE,TRUE
AV01317,SEC_KAL_KAR,21-01-2026,5.10,6.26,UNAVAILABLE,synthetic planned availability window,HIGH,FALSE,TRUE
AV01318,SEC_TAL_CHI,19-01-2026,20.24,22.27,UNAVAILABLE,synthetic planned availability window,LOW,TRUE,TRUE
AV01319,SEC_THA_KAL,17-03-2026,1.14,3.04,AVAILABLE,synthetic planned availability window,MEDIUM,TRUE,TRUE
AV01320,SEC_SHI_PUN,10-02-2026,16.47,18.12,RESTRICTED,synthetic planned availability window,MEDIUM,TRUE,TRUE
AV01321,SEC_MUM_DAD,27-02-2026,10.14,12.12,RESTRICTED,synthetic planned availability window,LOW,FALSE,TRUE
AV01322,SEC_MUM_DAD,04-01-2026,9.39,11.22,UNAVAILABLE,synthetic planned availability window,MEDIUM,TRUE,TRUE
AV01323,SEC_SHI_PUN,14-02-2026,5.28,7.55,RESTRICTED,synthetic planned availability window,MEDIUM,TRUE,TRUE
AV01324,SEC_KHA_LON,14-01-2026,5.25,8.04,UNAVAILABLE,synthetic planned availability window,MEDIUM,TRUE,TRUE
AV01325,SEC_KHA_LON,14-03-2026,4.18,5.46,RESTRICTED,synthetic planned availability window,HIGH,FALSE,TRUE
AV01326,SEC_THA_KAL,13-02-2026,18.32,21.09,UNAVAILABLE,synthetic planned availability window,MEDIUM,TRUE,TRUE
AV01327,SEC_CHI_SHI,19-01-2026,17.24,20.11,UNAVAILABLE,synthetic planned availability window,HIGH,TRUE,TRUE
AV01328,SEC_MUM_DAD,30-01-2026,0.32,2.59,UNAVAILABLE,synthetic planned availability window,LOW,FALSE,TRUE
AV01329,SEC_CHI_SHI,19-03-2026,14.55,16.21,UNAVAILABLE,synthetic planned availability window,LOW,FALSE,TRUE
AV01330,SEC_MUM_DAD,23-02-2026,2.33,4.29,UNAVAILABLE,synthetic planned availability window,MEDIUM,TRUE,TRUE
AV01331,SEC_LON_TAL,09-01-2026,18.28,21.25,RESTRICTED,synthetic planned availability window,LOW,TRUE,TRUE
AV01332,SEC_MUM_DAD,21-01-2026,11.10,14.01,AVAILABLE,synthetic planned availability window,HIGH,FALSE,TRUE
AV01333,SEC_THA_KAL,10-01-2026,4.27,6.07,UNAVAILABLE,synthetic planned availability window,HIGH,TRUE,TRUE
AV01334,SEC_THA_KAL,09-03-2026,7.30,9.41,AVAILABLE,synthetic planned availability window,HIGH,TRUE,TRUE
AV01335,SEC_LON_TAL,04-02-2026,13.35,15.42,UNAVAILABLE,synthetic planned availability window,MEDIUM,TRUE,TRUE
AV01336,SEC_KAL_KAR,23-01-2026,16.42,18.39,AVAILABLE,synthetic planned availability window,LOW,TRUE,TRUE
AV01337,SEC_LON_TAL,04-03-2026,10.41,12.37,UNAVAILABLE,synthetic planned availability window,HIGH,TRUE,TRUE
AV01338,SEC_CHI_SHI,14-03-2026,10.47,12.53,AVAILABLE,synthetic planned availability window,HIGH,TRUE,TRUE
AV01339,SEC_KAR_KHA,12-02-2026,17.16,18.58,AVAILABLE,synthetic planned availability window,LOW,FALSE,TRUE
AV01340,SEC_DAD_THA,09-02-2026,2.36,3.53,UNAVAILABLE,synthetic planned availability window,MEDIUM,FALSE,TRUE
AV01341,SEC_MUM_DAD,07-03-2026,10.36,11.59,AVAILABLE,synthetic planned availability window,MEDIUM,FALSE,TRUE
AV01342,SEC_MUM_DAD,31-03-2026,12.18,14.05,RESTRICTED,synthetic planned availability window,HIGH,TRUE,TRUE
AV01343,SEC_MUM_DAD,31-01-2026,11.35,12.46,AVAILABLE,synthetic planned availability window,LOW,TRUE,TRUE
AV01344,SEC_KHA_LON,19-01-2026,4.58,6.43,UNAVAILABLE,synthetic planned availability window,LOW,TRUE,TRUE
AV01345,SEC_SHI_PUN,02-01-2026,13.13,14.35,RESTRICTED,synthetic planned availability window,MEDIUM,TRUE,TRUE
AV01346,SEC_KAR_KHA,06-01-2026,4.42,6.23,AVAILABLE,synthetic planned availability window,MEDIUM,TRUE,TRUE
AV01347,SEC_THA_KAL,24-01-2026,13.08,14.22,AVAILABLE,synthetic planned availability window,HIGH,FALSE,TRUE
AV01348,SEC_SHI_PUN,04-01-2026,6.11,8.31,AVAILABLE,synthetic planned availability window,MEDIUM,TRUE,TRUE
AV01349,SEC_SHI_PUN,13-02-2026,20.41,21.59,RESTRICTED,synthetic planned availability window,LOW,TRUE,TRUE
AV01350,SEC_THA_KAL,02-03-2026,10.17,11.30,RESTRICTED,synthetic planned availability window,LOW,TRUE,TRUE
AV01351,SEC_CHI_SHI,08-02-2026,10.19,11.59,UNAVAILABLE,synthetic planned availability window,HIGH,TRUE,TRUE
AV01352,SEC_KAR_KHA,02-01-2026,3.25,5.21,RESTRICTED,synthetic planned availability window,MEDIUM,TRUE,TRUE
AV01353,SEC_MUM_DAD,04-03-2026,15.45,18.32,UNAVAILABLE,synthetic planned availability window,MEDIUM,FALSE,TRUE
AV01354,SEC_CHI_SHI,16-03-2026,3.05,5.03,UNAVAILABLE,synthetic planned availability window,LOW,FALSE,TRUE
AV01355,SEC_THA_KAL,10-02-2026,4.25,6.01,UNAVAILABLE,synthetic planned availability window,HIGH,TRUE,TRUE
AV01356,SEC_TAL_CHI,17-01-2026,2.56,5.36,RESTRICTED,synthetic planned availability window,MEDIUM,TRUE,TRUE
AV01357,SEC_SHI_PUN,15-02-2026,5.08,7.45,RESTRICTED,synthetic planned availability window,HIGH,FALSE,TRUE
AV01358,SEC_CHI_SHI,24-03-2026,18.12,20.05,RESTRICTED,synthetic planned availability window,MEDIUM,FALSE,TRUE
AV01359,SEC_THA_KAL,30-03-2026,17.53,18.54,AVAILABLE,synthetic planned availability window,HIGH,TRUE,TRUE
AV01360,SEC_KAL_KAR,27-03-2026,17.31,19.37,RESTRICTED,synthetic planned availability window,MEDIUM,TRUE,TRUE
AV01361,SEC_KHA_LON,10-03-2026,3.03,4.11,AVAILABLE,synthetic planned availability window,HIGH,TRUE,TRUE
AV01362,SEC_CHI_SHI,02-02-2026,21.06,23.59,AVAILABLE,synthetic planned availability window,LOW,TRUE,TRUE
AV01363,SEC_MUM_DAD,03-01-2026,9.58,11.50,RESTRICTED,synthetic planned availability window,LOW,FALSE,TRUE
AV01364,SEC_THA_KAL,20-02-2026,6.17,9.09,AVAILABLE,synthetic planned availability window,LOW,TRUE,TRUE
AV01365,SEC_SHI_PUN,22-02-2026,0.26,2.17,UNAVAILABLE,synthetic planned availability window,MEDIUM,FALSE,TRUE
AV01366,SEC_DAD_THA,03-02-2026,8.41,11.02,RESTRICTED,synthetic planned availability window,HIGH,TRUE,TRUE
AV01367,SEC_KAL_KAR,27-03-2026,0.24,2.13,AVAILABLE,synthetic planned availability window,HIGH,TRUE,TRUE
AV01368,SEC_KAL_KAR,16-03-2026,18.41,20.40,AVAILABLE,synthetic planned availability window,MEDIUM,FALSE,TRUE
AV01369,SEC_LON_TAL,13-03-2026,17.29,20.19,AVAILABLE,synthetic planned availability window,MEDIUM,TRUE,TRUE
AV01370,SEC_KHA_LON,26-03-2026,4.56,6.42,UNAVAILABLE,synthetic planned availability window,LOW,TRUE,TRUE
AV01371,SEC_KAR_KHA,06-03-2026,13.52,16.02,RESTRICTED,synthetic planned availability window,LOW,TRUE,TRUE
AV01372,SEC_TAL_CHI,21-01-2026,6.03,7.46,AVAILABLE,synthetic planned availability window,LOW,TRUE,TRUE
AV01373,SEC_LON_TAL,22-02-2026,13.49,15.46,UNAVAILABLE,synthetic planned availability window,LOW,FALSE,TRUE
AV01374,SEC_KAR_KHA,15-01-2026,8.20,9.41,UNAVAILABLE,synthetic planned availability window,HIGH,FALSE,TRUE
AV01375,SEC_TAL_CHI,03-02-2026,20.52,22.19,AVAILABLE,synthetic planned availability window,MEDIUM,TRUE,TRUE
AV01376,SEC_TAL_CHI,21-03-2026,3.55,6.08,RESTRICTED,synthetic planned availability window,HIGH,TRUE,TRUE
AV01377,SEC_KAR_KHA,12-03-2026,7.56,9.23,AVAILABLE,synthetic planned availability window,MEDIUM,TRUE,TRUE
AV01378,SEC_KHA_LON,16-01-2026,8.52,11.32,UNAVAILABLE,synthetic planned availability window,MEDIUM,TRUE,TRUE
AV01379,SEC_MUM_DAD,18-01-2026,8.55,10.43,AVAILABLE,synthetic planned availability window,HIGH,FALSE,TRUE
AV01380,SEC_CHI_SHI,08-01-2026,9.41,11.43,RESTRICTED,synthetic planned availability window,LOW,FALSE,TRUE
AV01381,SEC_LON_TAL,28-03-2026,14.13,17.13,RESTRICTED,synthetic planned availability window,LOW,TRUE,TRUE
AV01382,SEC_LON_TAL,01-02-2026,12.49,14.08,AVAILABLE,synthetic planned availability window,MEDIUM,TRUE,TRUE
AV01383,SEC_KAR_KHA,27-03-2026,1.11,3.52,UNAVAILABLE,synthetic planned availability window,LOW,TRUE,TRUE
AV01384,SEC_KAL_KAR,07-02-2026,5.11,6.26,RESTRICTED,synthetic planned availability window,LOW,TRUE,TRUE
AV01385,SEC_KAR_KHA,03-03-2026,9.59,11.21,UNAVAILABLE,synthetic planned availability window,LOW,TRUE,TRUE
AV01386,SEC_KAL_KAR,03-02-2026,9.24,12.23,RESTRICTED,synthetic planned availability window,LOW,FALSE,TRUE
AV01387,SEC_CHI_SHI,31-03-2026,8.36,10.18,RESTRICTED,synthetic planned availability window,LOW,FALSE,TRUE
AV01388,SEC_KHA_LON,17-03-2026,18.43,21.31,RESTRICTED,synthetic planned availability window,LOW,FALSE,TRUE
AV01389,SEC_MUM_DAD,28-02-2026,19.24,22.15,AVAILABLE,synthetic planned availability window,LOW,TRUE,TRUE
AV01390,SEC_MUM_DAD,31-01-2026,21.45,23.58,UNAVAILABLE,synthetic planned availability window,LOW,FALSE,TRUE
AV01391,SEC_CHI_SHI,15-02-2026,6.40,9.02,AVAILABLE,synthetic planned availability window,LOW,TRUE,TRUE
AV01392,SEC_CHI_SHI,26-02-2026,18.43,21.13,UNAVAILABLE,synthetic planned availability window,MEDIUM,TRUE,TRUE
AV01393,SEC_KAR_KHA,07-02-2026,6.22,9.04,RESTRICTED,synthetic planned availability window,HIGH,TRUE,TRUE
AV01394,SEC_KAL_KAR,02-03-2026,4.20,6.22,RESTRICTED,synthetic planned availability window,HIGH,FALSE,TRUE
AV01395,SEC_KAL_KAR,19-03-2026,15.00,16.34,UNAVAILABLE,synthetic planned availability window,MEDIUM,TRUE,TRUE
AV01396,SEC_DAD_THA,04-01-2026,21.39,22.41,RESTRICTED,synthetic planned availability window,MEDIUM,FALSE,TRUE
AV01397,SEC_THA_KAL,29-03-2026,11.13,13.31,UNAVAILABLE,synthetic planned availability window,HIGH,TRUE,TRUE
AV01398,SEC_LON_TAL,19-02-2026,1.12,3.59,AVAILABLE,synthetic planned availability window,HIGH,FALSE,TRUE
AV01399,SEC_SHI_PUN,24-03-2026,5.49,8.12,RESTRICTED,synthetic planned availability window,HIGH,FALSE,TRUE
AV01400,SEC_CHI_SHI,27-03-2026,13.02,15.50,UNAVAILABLE,synthetic planned availability window,LOW,TRUE,TRUE
AV01401,SEC_DAD_THA,26-01-2026,9.53,11.43,AVAILABLE,synthetic planned availability window,LOW,TRUE,TRUE
AV01402,SEC_KAR_KHA,14-02-2026,3.40,5.36,AVAILABLE,synthetic planned availability window,HIGH,TRUE,TRUE
AV01403,SEC_KHA_LON,20-02-2026,11.37,12.59,UNAVAILABLE,synthetic planned availability window,LOW,TRUE,TRUE
AV01404,SEC_KAL_KAR,10-03-2026,3.35,6.04,UNAVAILABLE,synthetic planned availability window,HIGH,TRUE,TRUE
AV01405,SEC_KAR_KHA,01-03-2026,19.08,21.36,RESTRICTED,synthetic planned availability window,MEDIUM,FALSE,TRUE
AV01406,SEC_KAL_KAR,26-03-2026,0.10,2.55,UNAVAILABLE,synthetic planned availability window,MEDIUM,TRUE,TRUE
AV01407,SEC_KAL_KAR,06-03-2026,4.23,7.07,AVAILABLE,synthetic planned availability window,LOW,TRUE,TRUE
AV01408,SEC_CHI_SHI,09-01-2026,6.21,7.35,RESTRICTED,synthetic planned availability window,MEDIUM,FALSE,TRUE
AV01409,SEC_TAL_CHI,02-02-2026,21.11,23.59,UNAVAILABLE,synthetic planned availability window,LOW,TRUE,TRUE
AV01410,SEC_MUM_DAD,06-03-2026,16.18,19.18,RESTRICTED,synthetic planned availability window,HIGH,TRUE,TRUE
AV01411,SEC_THA_KAL,09-01-2026,16.20,18.39,RESTRICTED,synthetic planned availability window,HIGH,FALSE,TRUE
AV01412,SEC_KAL_KAR,07-02-2026,4.04,6.11,UNAVAILABLE,synthetic planned availability window,LOW,FALSE,TRUE
AV01413,SEC_KAR_KHA,06-02-2026,2.45,5.12,RESTRICTED,synthetic planned availability window,MEDIUM,TRUE,TRUE
AV01414,SEC_LON_TAL,22-03-2026,12.39,15.18,UNAVAILABLE,synthetic planned availability window,HIGH,TRUE,TRUE
AV01415,SEC_DAD_THA,08-01-2026,15.02,17.52,RESTRICTED,synthetic planned availability window,MEDIUM,TRUE,TRUE
AV01416,SEC_KAL_KAR,11-02-2026,7.57,9.54,AVAILABLE,synthetic planned availability window,MEDIUM,FALSE,TRUE
AV01417,SEC_DAD_THA,07-03-2026,0.22,2.48,RESTRICTED,synthetic planned availability window,MEDIUM,TRUE,TRUE
AV01418,SEC_THA_KAL,14-01-2026,5.40,7.10,AVAILABLE,synthetic planned availability window,HIGH,TRUE,TRUE
AV01419,SEC_MUM_DAD,26-02-2026,16.51,18.56,RESTRICTED,synthetic planned availability window,MEDIUM,FALSE,TRUE
AV01420,SEC_CHI_SHI,24-02-2026,4.36,7.03,AVAILABLE,synthetic planned availability window,HIGH,FALSE,TRUE
AV01421,SEC_KAL_KAR,12-02-2026,0.39,2.55,AVAILABLE,synthetic planned availability window,MEDIUM,TRUE,TRUE
AV01422,SEC_DAD_THA,17-02-2026,13.44,16.14,RESTRICTED,synthetic planned availability window,HIGH,FALSE,TRUE
AV01423,SEC_KAR_KHA,22-02-2026,20.35,22.26,RESTRICTED,synthetic planned availability window,HIGH,FALSE,TRUE
AV01424,SEC_KHA_LON,25-03-2026,13.56,15.11,RESTRICTED,synthetic planned availability window,MEDIUM,TRUE,TRUE
AV01425,SEC_DAD_THA,15-02-2026,12.29,14.03,AVAILABLE,synthetic planned availability window,LOW,TRUE,TRUE
AV01426,SEC_TAL_CHI,27-03-2026,10.55,12.54,AVAILABLE,synthetic planned availability window,LOW,FALSE,TRUE
AV01427,SEC_CHI_SHI,02-03-2026,6.33,8.40,UNAVAILABLE,synthetic planned availability window,MEDIUM,TRUE,TRUE
AV01428,SEC_SHI_PUN,05-02-2026,15.07,16.21,UNAVAILABLE,synthetic planned availability window,MEDIUM,TRUE,TRUE
AV01429,SEC_MUM_DAD,13-01-2026,14.58,17.12,UNAVAILABLE,synthetic planned availability window,LOW,TRUE,TRUE
AV01430,SEC_KAR_KHA,08-01-2026,16.01,18.56,UNAVAILABLE,synthetic planned availability window,LOW,TRUE,TRUE
AV01431,SEC_KHA_LON,23-03-2026,15.06,16.25,AVAILABLE,synthetic planned availability window,MEDIUM,FALSE,TRUE
AV01432,SEC_KAR_KHA,03-03-2026,12.55,14.55,UNAVAILABLE,synthetic planned availability window,LOW,TRUE,TRUE
AV01433,SEC_KHA_LON,03-03-2026,6.50,8.02,RESTRICTED,synthetic planned availability window,LOW,TRUE,TRUE
AV01434,SEC_LON_TAL,09-03-2026,18.26,20.13,AVAILABLE,synthetic planned availability window,HIGH,TRUE,TRUE
AV01435,SEC_KAR_KHA,07-01-2026,21.58,23.59,AVAILABLE,synthetic planned availability window,LOW,TRUE,TRUE
AV01436,SEC_MUM_DAD,15-01-2026,4.50,5.54,RESTRICTED,synthetic planned availability window,LOW,TRUE,TRUE
AV01437,SEC_TAL_CHI,15-01-2026,5.34,8.14,UNAVAILABLE,synthetic planned availability window,LOW,TRUE,TRUE
AV01438,SEC_KAR_KHA,05-03-2026,13.25,15.37,RESTRICTED,synthetic planned availability window,LOW,TRUE,TRUE
AV01439,SEC_KAL_KAR,28-02-2026,5.39,7.16,AVAILABLE,synthetic planned availability window,MEDIUM,TRUE,TRUE
AV01440,SEC_DAD_THA,13-02-2026,7.56,10.00,RESTRICTED,synthetic planned availability window,HIGH,TRUE,TRUE
AV01441,SEC_SHI_PUN,08-03-2026,15.53,16.53,RESTRICTED,synthetic planned availability window,HIGH,TRUE,TRUE
AV01442,SEC_CHI_SHI,28-02-2026,12.44,15.05,RESTRICTED,synthetic planned availability window,HIGH,TRUE,TRUE
AV01443,SEC_DAD_THA,19-03-2026,5.46,7.32,RESTRICTED,synthetic planned availability window,HIGH,FALSE,TRUE
AV01444,SEC_DAD_THA,23-03-2026,20.31,22.24,UNAVAILABLE,synthetic planned availability window,MEDIUM,TRUE,TRUE
AV01445,SEC_MUM_DAD,05-02-2026,17.57,18.58,RESTRICTED,synthetic planned availability window,MEDIUM,TRUE,TRUE
AV01446,SEC_KHA_LON,21-02-2026,21.29,23.59,UNAVAILABLE,synthetic planned availability window,MEDIUM,TRUE,TRUE
AV01447,SEC_CHI_SHI,22-01-2026,19.13,20.24,RESTRICTED,synthetic planned availability window,HIGH,TRUE,TRUE
AV01448,SEC_KAL_KAR,19-03-2026,7.40,10.25,AVAILABLE,synthetic planned availability window,MEDIUM,TRUE,TRUE
AV01449,SEC_THA_KAL,29-01-2026,5.42,8.38,UNAVAILABLE,synthetic planned availability window,MEDIUM,TRUE,TRUE
AV01450,SEC_SHI_PUN,08-01-2026,11.58,14.30,UNAVAILABLE,synthetic planned availability window,HIGH,TRUE,TRUE
AV01451,SEC_KHA_LON,02-01-2026,0.09,1.14,AVAILABLE,synthetic planned availability window,MEDIUM,TRUE,TRUE
AV01452,SEC_CHI_SHI,11-01-2026,7.26,8.30,RESTRICTED,synthetic planned availability window,MEDIUM,FALSE,TRUE
AV01453,SEC_KAR_KHA,03-02-2026,9.55,10.59,UNAVAILABLE,synthetic planned availability window,MEDIUM,FALSE,TRUE
AV01454,SEC_DAD_THA,13-03-2026,18.49,19.53,RESTRICTED,synthetic planned availability window,HIGH,TRUE,TRUE
AV01455,SEC_LON_TAL,15-03-2026,11.27,13.55,UNAVAILABLE,synthetic planned availability window,HIGH,TRUE,TRUE
AV01456,SEC_KAL_KAR,13-02-2026,12.46,14.02,UNAVAILABLE,synthetic planned availability window,MEDIUM,TRUE,TRUE
AV01457,SEC_MUM_DAD,08-02-2026,6.55,9.25,RESTRICTED,synthetic planned availability window,MEDIUM,TRUE,TRUE
AV01458,SEC_KAL_KAR,19-01-2026,9.04,11.34,RESTRICTED,synthetic planned availability window,HIGH,TRUE,TRUE
AV01459,SEC_KHA_LON,12-03-2026,12.33,13.46,UNAVAILABLE,synthetic planned availability window,MEDIUM,TRUE,TRUE
AV01460,SEC_TAL_CHI,30-03-2026,7.21,8.52,UNAVAILABLE,synthetic planned availability window,MEDIUM,TRUE,TRUE
AV01461,SEC_LON_TAL,25-01-2026,14.15,15.55,UNAVAILABLE,synthetic planned availability window,LOW,FALSE,TRUE
AV01462,SEC_KHA_LON,26-03-2026,3.43,6.14,AVAILABLE,synthetic planned availability window,LOW,TRUE,TRUE
AV01463,SEC_KAR_KHA,21-01-2026,20.35,22.22,UNAVAILABLE,synthetic planned availability window,MEDIUM,FALSE,TRUE
AV01464,SEC_LON_TAL,09-01-2026,2.54,4.01,AVAILABLE,synthetic planned availability window,HIGH,TRUE,TRUE
AV01465,SEC_LON_TAL,17-02-2026,16.56,18.59,RESTRICTED,synthetic planned availability window,MEDIUM,TRUE,TRUE
AV01466,SEC_KAL_KAR,27-02-2026,12.17,15.05,RESTRICTED,synthetic planned availability window,MEDIUM,FALSE,TRUE
AV01467,SEC_THA_KAL,29-01-2026,9.06,11.34,RESTRICTED,synthetic planned availability window,LOW,TRUE,TRUE
AV01468,SEC_DAD_THA,01-03-2026,6.01,7.44,AVAILABLE,synthetic planned availability window,LOW,TRUE,TRUE
AV01469,SEC_LON_TAL,27-03-2026,5.07,7.09,AVAILABLE,synthetic planned availability window,LOW,FALSE,TRUE
AV01470,SEC_KAR_KHA,13-02-2026,7.51,9.32,AVAILABLE,synthetic planned availability window,LOW,TRUE,TRUE
AV01471,SEC_LON_TAL,16-01-2026,18.46,20.29,RESTRICTED,synthetic planned availability window,LOW,FALSE,TRUE
AV01472,SEC_DAD_THA,14-01-2026,8.06,10.02,AVAILABLE,synthetic planned availability window,LOW,TRUE,TRUE
AV01473,SEC_KAL_KAR,21-01-2026,0.22,2.24,RESTRICTED,synthetic planned availability window,MEDIUM,TRUE,TRUE
AV01474,SEC_KHA_LON,24-01-2026,15.21,17.12,RESTRICTED,synthetic planned availability window,HIGH,FALSE,TRUE
AV01475,SEC_KAR_KHA,18-01-2026,10.06,11.46,UNAVAILABLE,synthetic planned availability window,LOW,TRUE,TRUE
AV01476,SEC_SHI_PUN,09-01-2026,16.16,18.20,RESTRICTED,synthetic planned availability window,MEDIUM,FALSE,TRUE
AV01477,SEC_THA_KAL,03-01-2026,20.12,22.29,UNAVAILABLE,synthetic planned availability window,MEDIUM,TRUE,TRUE
AV01478,SEC_DAD_THA,22-02-2026,10.39,13.24,AVAILABLE,synthetic planned availability window,MEDIUM,TRUE,TRUE
AV01479,SEC_KAL_KAR,03-02-2026,3.26,4.56,AVAILABLE,synthetic planned availability window,MEDIUM,TRUE,TRUE
AV01480,SEC_SHI_PUN,22-02-2026,5.01,6.33,UNAVAILABLE,synthetic planned availability window,MEDIUM,TRUE,TRUE
AV01481,SEC_KAR_KHA,16-03-2026,9.58,12.53,AVAILABLE,synthetic planned availability window,LOW,TRUE,TRUE
AV01482,SEC_TAL_CHI,23-03-2026,8.25,10.35,RESTRICTED,synthetic planned availability window,MEDIUM,FALSE,TRUE
AV01483,SEC_LON_TAL,24-01-2026,12.41,14.27,UNAVAILABLE,synthetic planned availability window,MEDIUM,TRUE,TRUE
AV01484,SEC_KAL_KAR,22-01-2026,1.31,3.31,RESTRICTED,synthetic planned availability window,MEDIUM,TRUE,TRUE
AV01485,SEC_KHA_LON,04-01-2026,15.02,17.12,AVAILABLE,synthetic planned availability window,LOW,FALSE,TRUE
AV01486,SEC_THA_KAL,15-01-2026,10.25,11.58,RESTRICTED,synthetic planned availability window,LOW,TRUE,TRUE
AV01487,SEC_CHI_SHI,07-01-2026,22.00,23.17,RESTRICTED,synthetic planned availability window,HIGH,TRUE,TRUE
AV01488,SEC_SHI_PUN,04-02-2026,17.53,19.29,UNAVAILABLE,synthetic planned availability window,LOW,TRUE,TRUE
AV01489,SEC_CHI_SHI,13-03-2026,5.04,6.44,RESTRICTED,synthetic planned availability window,HIGH,TRUE,TRUE
AV01490,SEC_TAL_CHI,23-03-2026,14.08,15.15,RESTRICTED,synthetic planned availability window,HIGH,FALSE,TRUE
AV01491,SEC_MUM_DAD,03-03-2026,12.03,14.11,RESTRICTED,synthetic planned availability window,LOW,TRUE,TRUE
AV01492,SEC_KAL_KAR,24-03-2026,6.24,7.59,RESTRICTED,synthetic planned availability window,LOW,TRUE,TRUE
AV01493,SEC_KHA_LON,20-03-2026,8.04,9.31,RESTRICTED,synthetic planned availability window,HIGH,TRUE,TRUE
AV01494,SEC_THA_KAL,06-01-2026,16.41,18.59,RESTRICTED,synthetic planned availability window,LOW,FALSE,TRUE
AV01495,SEC_TAL_CHI,03-03-2026,17.13,19.52,AVAILABLE,synthetic planned availability window,LOW,TRUE,TRUE
AV01496,SEC_MUM_DAD,25-01-2026,11.59,14.16,RESTRICTED,synthetic planned availability window,HIGH,TRUE,TRUE
AV01497,SEC_SHI_PUN,28-03-2026,5.42,8.02,UNAVAILABLE,synthetic planned availability window,LOW,TRUE,TRUE
AV01498,SEC_CHI_SHI,04-01-2026,18.25,19.56,AVAILABLE,synthetic planned availability window,HIGH,TRUE,TRUE
AV01499,SEC_CHI_SHI,04-02-2026,20.25,21.29,RESTRICTED,synthetic planned availability window,MEDIUM,FALSE,TRUE
AV01500,SEC_TAL_CHI,28-02-2026,6.45,9.10,UNAVAILABLE,synthetic planned availability window,HIGH,TRUE,TRUE
AV01501,SEC_SHI_PUN,14-01-2026,3.32,4.45,AVAILABLE,synthetic planned availability window,HIGH,TRUE,TRUE
AV01502,SEC_CHI_SHI,28-02-2026,5.51,8.41,UNAVAILABLE,synthetic planned availability window,HIGH,TRUE,TRUE
AV01503,SEC_MUM_DAD,27-03-2026,16.31,17.45,RESTRICTED,synthetic planned availability window,LOW,TRUE,TRUE
AV01504,SEC_LON_TAL,31-01-2026,19.41,22.18,RESTRICTED,synthetic planned availability window,LOW,TRUE,TRUE
AV01505,SEC_KHA_LON,05-03-2026,16.34,19.11,UNAVAILABLE,synthetic planned availability window,MEDIUM,TRUE,TRUE
AV01506,SEC_SHI_PUN,21-03-2026,5.39,7.45,RESTRICTED,synthetic planned availability window,MEDIUM,TRUE,TRUE
AV01507,SEC_MUM_DAD,15-02-2026,3.13,5.50,RESTRICTED,synthetic planned availability window,HIGH,FALSE,TRUE
AV01508,SEC_THA_KAL,08-02-2026,11.56,13.28,UNAVAILABLE,synthetic planned availability window,MEDIUM,FALSE,TRUE
AV01509,SEC_MUM_DAD,13-03-2026,9.18,11.28,UNAVAILABLE,synthetic planned availability window,HIGH,TRUE,TRUE
AV01510,SEC_DAD_THA,03-03-2026,10.26,11.39,RESTRICTED,synthetic planned availability window,LOW,FALSE,TRUE
AV01511,SEC_KAL_KAR,03-01-2026,7.02,8.48,UNAVAILABLE,synthetic planned availability window,LOW,TRUE,TRUE
AV01512,SEC_KAL_KAR,19-03-2026,14.45,15.47,AVAILABLE,synthetic planned availability window,HIGH,FALSE,TRUE
AV01513,SEC_CHI_SHI,04-01-2026,16.23,18.58,RESTRICTED,synthetic planned availability window,LOW,TRUE,TRUE
AV01514,SEC_SHI_PUN,27-01-2026,0.28,1.38,RESTRICTED,synthetic planned availability window,MEDIUM,FALSE,TRUE
AV01515,SEC_LON_TAL,10-01-2026,3.04,4.16,RESTRICTED,synthetic planned availability window,LOW,TRUE,TRUE
AV01516,SEC_MUM_DAD,15-03-2026,3.01,4.12,RESTRICTED,synthetic planned availability window,MEDIUM,TRUE,TRUE
AV01517,SEC_SHI_PUN,11-01-2026,15.28,16.52,AVAILABLE,synthetic planned availability window,LOW,TRUE,TRUE
AV01518,SEC_SHI_PUN,08-02-2026,5.34,7.45,AVAILABLE,synthetic planned availability window,LOW,TRUE,TRUE
AV01519,SEC_KHA_LON,10-02-2026,8.08,9.52,RESTRICTED,synthetic planned availability window,MEDIUM,TRUE,TRUE
AV01520,SEC_KHA_LON,27-03-2026,0.38,2.37,RESTRICTED,synthetic planned availability window,LOW,FALSE,TRUE
AV01521,SEC_KAL_KAR,11-02-2026,16.40,19.20,UNAVAILABLE,synthetic planned availability window,HIGH,TRUE,TRUE
AV01522,SEC_DAD_THA,17-01-2026,4.52,5.53,AVAILABLE,synthetic planned availability window,LOW,TRUE,TRUE
AV01523,SEC_KHA_LON,03-02-2026,5.42,8.23,UNAVAILABLE,synthetic planned availability window,MEDIUM,TRUE,TRUE
AV01524,SEC_CHI_SHI,25-02-2026,7.58,9.23,UNAVAILABLE,synthetic planned availability window,MEDIUM,FALSE,TRUE
AV01525,SEC_MUM_DAD,27-03-2026,6.15,8.10,RESTRICTED,synthetic planned availability window,MEDIUM,TRUE,TRUE
AV01526,SEC_CHI_SHI,23-01-2026,15.52,18.42,AVAILABLE,synthetic planned availability window,LOW,FALSE,TRUE
AV01527,SEC_THA_KAL,05-01-2026,1.21,3.23,AVAILABLE,synthetic planned availability window,MEDIUM,FALSE,TRUE
AV01528,SEC_THA_KAL,07-02-2026,3.29,5.48,AVAILABLE,synthetic planned availability window,LOW,FALSE,TRUE
AV01529,SEC_DAD_THA,31-03-2026,20.58,22.39,UNAVAILABLE,synthetic planned availability window,HIGH,TRUE,TRUE
AV01530,SEC_TAL_CHI,13-02-2026,20.50,22.39,UNAVAILABLE,synthetic planned availability window,MEDIUM,TRUE,TRUE
AV01531,SEC_THA_KAL,31-01-2026,7.32,10.03,AVAILABLE,synthetic planned availability window,MEDIUM,TRUE,TRUE
AV01532,SEC_TAL_CHI,09-03-2026,3.37,5.45,RESTRICTED,synthetic planned availability window,MEDIUM,TRUE,TRUE
AV01533,SEC_KAR_KHA,11-01-2026,3.10,5.24,RESTRICTED,synthetic planned availability window,MEDIUM,FALSE,TRUE
AV01534,SEC_DAD_THA,12-03-2026,21.03,23.25,AVAILABLE,synthetic planned availability window,LOW,TRUE,TRUE
AV01535,SEC_KHA_LON,16-02-2026,4.44,7.00,UNAVAILABLE,synthetic planned availability window,HIGH,TRUE,TRUE
AV01536,SEC_THA_KAL,09-01-2026,13.25,14.47,UNAVAILABLE,synthetic planned availability window,MEDIUM,TRUE,TRUE
AV01537,SEC_KAL_KAR,30-01-2026,21.04,23.56,AVAILABLE,synthetic planned availability window,MEDIUM,FALSE,TRUE
AV01538,SEC_KAL_KAR,23-03-2026,3.56,6.20,UNAVAILABLE,synthetic planned availability window,HIGH,FALSE,TRUE
AV01539,SEC_KHA_LON,10-01-2026,2.47,4.29,UNAVAILABLE,synthetic planned availability window,MEDIUM,TRUE,TRUE
AV01540,SEC_KAR_KHA,20-01-2026,4.35,5.57,RESTRICTED,synthetic planned availability window,LOW,TRUE,TRUE
AV01541,SEC_CHI_SHI,16-02-2026,3.10,5.31,UNAVAILABLE,synthetic planned availability window,HIGH,FALSE,TRUE
AV01542,SEC_SHI_PUN,07-02-2026,6.58,8.06,RESTRICTED,synthetic planned availability window,HIGH,TRUE,TRUE
AV01543,SEC_LON_TAL,30-03-2026,0.07,2.31,AVAILABLE,synthetic planned availability window,HIGH,TRUE,TRUE
AV01544,SEC_DAD_THA,12-01-2026,14.31,16.05,UNAVAILABLE,synthetic planned availability window,MEDIUM,TRUE,TRUE
AV01545,SEC_SHI_PUN,10-01-2026,13.03,14.16,AVAILABLE,synthetic planned availability window,HIGH,TRUE,TRUE
AV01546,SEC_SHI_PUN,26-03-2026,20.59,22.58,UNAVAILABLE,synthetic planned availability window,HIGH,TRUE,TRUE
AV01547,SEC_LON_TAL,16-03-2026,9.08,11.27,UNAVAILABLE,synthetic planned availability window,LOW,TRUE,TRUE
AV01548,SEC_KAR_KHA,02-02-2026,11.32,13.06,AVAILABLE,synthetic planned availability window,MEDIUM,TRUE,TRUE
AV01549,SEC_TAL_CHI,16-03-2026,5.38,7.05,AVAILABLE,synthetic planned availability window,HIGH,TRUE,TRUE
AV01550,SEC_DAD_THA,10-03-2026,5.23,6.37,RESTRICTED,synthetic planned availability window,MEDIUM,TRUE,TRUE
AV01551,SEC_MUM_DAD,30-03-2026,13.08,14.24,UNAVAILABLE,synthetic planned availability window,LOW,TRUE,TRUE
AV01552,SEC_CHI_SHI,08-01-2026,2.24,4.47,UNAVAILABLE,synthetic planned availability window,MEDIUM,TRUE,TRUE
AV01553,SEC_THA_KAL,31-01-2026,18.57,21.12,UNAVAILABLE,synthetic planned availability window,HIGH,TRUE,TRUE
AV01554,SEC_KAL_KAR,10-01-2026,10.03,12.45,RESTRICTED,synthetic planned availability window,MEDIUM,TRUE,TRUE
AV01555,SEC_KAR_KHA,20-03-2026,11.23,12.58,AVAILABLE,synthetic planned availability window,HIGH,TRUE,TRUE
AV01556,SEC_DAD_THA,20-03-2026,9.12,10.22,UNAVAILABLE,synthetic planned availability window,HIGH,TRUE,TRUE
AV01557,SEC_KAL_KAR,06-01-2026,10.45,12.39,RESTRICTED,synthetic planned availability window,LOW,TRUE,TRUE
AV01558,SEC_KAR_KHA,16-03-2026,12.40,14.09,RESTRICTED,synthetic planned availability window,LOW,TRUE,TRUE
AV01559,SEC_SHI_PUN,31-03-2026,16.33,19.11,UNAVAILABLE,synthetic planned availability window,LOW,FALSE,TRUE
AV01560,SEC_KHA_LON,01-01-2026,2.39,5.17,RESTRICTED,synthetic planned availability window,HIGH,FALSE,TRUE
AV01561,SEC_LON_TAL,03-01-2026,18.02,20.28,RESTRICTED,synthetic planned availability window,LOW,TRUE,TRUE
AV01562,SEC_MUM_DAD,11-01-2026,19.45,21.23,UNAVAILABLE,synthetic planned availability window,LOW,TRUE,TRUE
AV01563,SEC_SHI_PUN,23-01-2026,14.02,15.29,UNAVAILABLE,synthetic planned availability window,MEDIUM,TRUE,TRUE
AV01564,SEC_DAD_THA,28-02-2026,20.03,21.16,AVAILABLE,synthetic planned availability window,HIGH,TRUE,TRUE
AV01565,SEC_MUM_DAD,06-02-2026,21.09,22.59,UNAVAILABLE,synthetic planned availability window,HIGH,TRUE,TRUE
AV01566,SEC_KAL_KAR,19-02-2026,8.08,10.26,UNAVAILABLE,synthetic planned availability window,MEDIUM,TRUE,TRUE
AV01567,SEC_SHI_PUN,19-02-2026,8.57,10.58,AVAILABLE,synthetic planned availability window,MEDIUM,FALSE,TRUE
AV01568,SEC_SHI_PUN,08-03-2026,8.14,9.27,RESTRICTED,synthetic planned availability window,MEDIUM,TRUE,TRUE
AV01569,SEC_KHA_LON,15-01-2026,14.08,16.27,UNAVAILABLE,synthetic planned availability window,MEDIUM,TRUE,TRUE
AV01570,SEC_SHI_PUN,10-03-2026,19.42,22.31,UNAVAILABLE,synthetic planned availability window,HIGH,FALSE,TRUE
AV01571,SEC_KAL_KAR,03-02-2026,0.49,2.54,AVAILABLE,synthetic planned availability window,MEDIUM,TRUE,TRUE
AV01572,SEC_DAD_THA,15-01-2026,5.50,8.29,RESTRICTED,synthetic planned availability window,MEDIUM,TRUE,TRUE
AV01573,SEC_CHI_SHI,01-02-2026,1.32,3.52,UNAVAILABLE,synthetic planned availability window,MEDIUM,FALSE,TRUE
AV01574,SEC_DAD_THA,29-01-2026,15.01,17.27,RESTRICTED,synthetic planned availability window,MEDIUM,TRUE,TRUE
AV01575,SEC_KAL_KAR,21-02-2026,7.46,9.00,RESTRICTED,synthetic planned availability window,LOW,TRUE,TRUE
AV01576,SEC_KAR_KHA,14-02-2026,9.31,10.42,RESTRICTED,synthetic planned availability window,LOW,FALSE,TRUE
AV01577,SEC_KAR_KHA,10-03-2026,13.02,15.57,AVAILABLE,synthetic planned availability window,MEDIUM,TRUE,TRUE
AV01578,SEC_LON_TAL,11-03-2026,20.31,22.30,UNAVAILABLE,synthetic planned availability window,HIGH,TRUE,TRUE
AV01579,SEC_DAD_THA,03-02-2026,14.27,16.32,RESTRICTED,synthetic planned availability window,LOW,TRUE,TRUE
AV01580,SEC_THA_KAL,05-02-2026,7.21,9.12,AVAILABLE,synthetic planned availability window,LOW,FALSE,TRUE
AV01581,SEC_KHA_LON,07-02-2026,10.46,13.07,RESTRICTED,synthetic planned availability window,LOW,FALSE,TRUE
AV01582,SEC_CHI_SHI,30-01-2026,8.11,10.07,UNAVAILABLE,synthetic planned availability window,HIGH,TRUE,TRUE
AV01583,SEC_KHA_LON,14-01-2026,15.27,17.22,AVAILABLE,synthetic planned availability window,MEDIUM,TRUE,TRUE
AV01584,SEC_KAR_KHA,22-01-2026,1.22,3.39,RESTRICTED,synthetic planned availability window,HIGH,FALSE,TRUE
AV01585,SEC_DAD_THA,27-02-2026,3.55,5.07,RESTRICTED,synthetic planned availability window,HIGH,TRUE,TRUE
AV01586,SEC_TAL_CHI,15-03-2026,5.45,7.57,UNAVAILABLE,synthetic planned availability window,LOW,TRUE,TRUE
AV01587,SEC_TAL_CHI,27-02-2026,7.54,9.03,AVAILABLE,synthetic planned availability window,MEDIUM,FALSE,TRUE
AV01588,SEC_KAR_KHA,10-03-2026,11.17,13.54,RESTRICTED,synthetic planned availability window,MEDIUM,TRUE,TRUE
AV01589,SEC_CHI_SHI,21-03-2026,3.37,5.39,UNAVAILABLE,synthetic planned availability window,HIGH,TRUE,TRUE
AV01590,SEC_KHA_LON,04-03-2026,15.13,17.37,RESTRICTED,synthetic planned availability window,HIGH,TRUE,TRUE
AV01591,SEC_CHI_SHI,05-01-2026,18.09,20.46,AVAILABLE,synthetic planned availability window,MEDIUM,TRUE,TRUE
AV01592,SEC_CHI_SHI,17-03-2026,4.10,6.14,RESTRICTED,synthetic planned availability window,LOW,FALSE,TRUE
AV01593,SEC_DAD_THA,20-02-2026,2.17,4.38,AVAILABLE,synthetic planned availability window,HIGH,FALSE,TRUE
AV01594,SEC_THA_KAL,25-02-2026,6.10,9.06,AVAILABLE,synthetic planned availability window,HIGH,TRUE,TRUE
AV01595,SEC_KAR_KHA,07-03-2026,7.08,9.17,UNAVAILABLE,synthetic planned availability window,LOW,TRUE,TRUE
AV01596,SEC_MUM_DAD,28-01-2026,11.28,14.09,AVAILABLE,synthetic planned availability window,MEDIUM,FALSE,TRUE
AV01597,SEC_DAD_THA,21-02-2026,3.58,5.21,AVAILABLE,synthetic planned availability window,HIGH,TRUE,TRUE
AV01598,SEC_THA_KAL,14-03-2026,19.10,21.31,UNAVAILABLE,synthetic planned availability window,MEDIUM,FALSE,TRUE
AV01599,SEC_MUM_DAD,04-01-2026,0.14,2.21,AVAILABLE,synthetic planned availability window,MEDIUM,TRUE,TRUE
AV01600,SEC_DAD_THA,02-02-2026,21.45,23.59,UNAVAILABLE,synthetic planned availability window,HIGH,FALSE,TRUE
AV01601,SEC_SHI_PUN,28-01-2026,6.01,8.25,UNAVAILABLE,synthetic planned availability window,MEDIUM,TRUE,TRUE
AV01602,SEC_DAD_THA,15-03-2026,1.14,3.49,RESTRICTED,synthetic planned availability window,HIGH,TRUE,TRUE
AV01603,SEC_CHI_SHI,11-01-2026,19.08,20.42,RESTRICTED,synthetic planned availability window,LOW,FALSE,TRUE
AV01604,SEC_MUM_DAD,13-01-2026,8.15,11.01,AVAILABLE,synthetic planned availability window,MEDIUM,FALSE,TRUE
AV01605,SEC_TAL_CHI,08-01-2026,8.25,11.06,UNAVAILABLE,synthetic planned availability window,MEDIUM,TRUE,TRUE
AV01606,SEC_CHI_SHI,29-03-2026,21.50,23.59,AVAILABLE,synthetic planned availability window,MEDIUM,TRUE,TRUE
AV01607,SEC_SHI_PUN,12-03-2026,14.05,15.14,RESTRICTED,synthetic planned availability window,MEDIUM,FALSE,TRUE
AV01608,SEC_KHA_LON,15-01-2026,12.01,14.24,UNAVAILABLE,synthetic planned availability window,LOW,TRUE,TRUE
AV01609,SEC_KAR_KHA,22-01-2026,17.08,18.46,RESTRICTED,synthetic planned availability window,HIGH,TRUE,TRUE
AV01610,SEC_KHA_LON,01-01-2026,3.51,5.24,AVAILABLE,synthetic planned availability window,LOW,TRUE,TRUE
AV01611,SEC_DAD_THA,13-01-2026,13.01,14.47,UNAVAILABLE,synthetic planned availability window,LOW,TRUE,TRUE
AV01612,SEC_KAL_KAR,08-01-2026,3.51,5.49,RESTRICTED,synthetic planned availability window,HIGH,FALSE,TRUE
AV01613,SEC_KAL_KAR,18-02-2026,14.51,16.34,UNAVAILABLE,synthetic planned availability window,HIGH,TRUE,TRUE
AV01614,SEC_DAD_THA,05-03-2026,2.36,4.19,UNAVAILABLE,synthetic planned availability window,MEDIUM,TRUE,TRUE
AV01615,SEC_KAL_KAR,10-03-2026,0.34,1.56,AVAILABLE,synthetic planned availability window,HIGH,FALSE,TRUE
AV01616,SEC_CHI_SHI,28-01-2026,12.53,14.08,RESTRICTED,synthetic planned availability window,HIGH,TRUE,TRUE
AV01617,SEC_DAD_THA,12-03-2026,18.18,20.46,UNAVAILABLE,synthetic planned availability window,MEDIUM,TRUE,TRUE
AV01618,SEC_KHA_LON,05-03-2026,19.37,21.43,RESTRICTED,synthetic planned availability window,HIGH,TRUE,TRUE
AV01619,SEC_SHI_PUN,21-02-2026,19.32,20.45,UNAVAILABLE,synthetic planned availability window,LOW,TRUE,TRUE
AV01620,SEC_SHI_PUN,29-03-2026,1.04,3.03,AVAILABLE,synthetic planned availability window,HIGH,TRUE,TRUE
AV01621,SEC_CHI_SHI,02-01-2026,17.40,19.44,RESTRICTED,synthetic planned availability window,MEDIUM,FALSE,TRUE
AV01622,SEC_CHI_SHI,23-02-2026,8.28,10.23,AVAILABLE,synthetic planned availability window,MEDIUM,TRUE,TRUE
AV01623,SEC_KAR_KHA,26-02-2026,3.43,5.36,AVAILABLE,synthetic planned availability window,LOW,TRUE,TRUE
AV01624,SEC_THA_KAL,17-01-2026,20.52,23.40,AVAILABLE,synthetic planned availability window,MEDIUM,TRUE,TRUE
AV01625,SEC_TAL_CHI,03-02-2026,10.39,11.55,RESTRICTED,synthetic planned availability window,MEDIUM,FALSE,TRUE
AV01626,SEC_CHI_SHI,07-01-2026,10.20,12.46,RESTRICTED,synthetic planned availability window,LOW,FALSE,TRUE
AV01627,SEC_KAR_KHA,01-02-2026,19.44,21.06,RESTRICTED,synthetic planned availability window,LOW,FALSE,TRUE
AV01628,SEC_CHI_SHI,20-03-2026,15.09,17.59,UNAVAILABLE,synthetic planned availability window,LOW,TRUE,TRUE
AV01629,SEC_MUM_DAD,27-01-2026,13.16,14.48,RESTRICTED,synthetic planned availability window,LOW,FALSE,TRUE
AV01630,SEC_KAL_KAR,12-02-2026,1.50,4.39,UNAVAILABLE,synthetic planned availability window,MEDIUM,TRUE,TRUE
AV01631,SEC_LON_TAL,26-02-2026,10.59,12.24,RESTRICTED,synthetic planned availability window,LOW,TRUE,TRUE
AV01632,SEC_DAD_THA,10-02-2026,4.35,6.03,AVAILABLE,synthetic planned availability window,MEDIUM,TRUE,TRUE
AV01633,SEC_MUM_DAD,19-03-2026,3.45,5.43,AVAILABLE,synthetic planned availability window,LOW,FALSE,TRUE
AV01634,SEC_TAL_CHI,11-02-2026,20.55,23.15,AVAILABLE,synthetic planned availability window,MEDIUM,TRUE,TRUE
AV01635,SEC_KAL_KAR,24-02-2026,2.50,3.54,RESTRICTED,synthetic planned availability window,MEDIUM,TRUE,TRUE
AV01636,SEC_TAL_CHI,07-02-2026,16.45,18.28,RESTRICTED,synthetic planned availability window,LOW,TRUE,TRUE
AV01637,SEC_TAL_CHI,19-03-2026,3.53,6.49,RESTRICTED,synthetic planned availability window,HIGH,TRUE,TRUE
AV01638,SEC_KAR_KHA,04-01-2026,20.44,23.36,AVAILABLE,synthetic planned availability window,MEDIUM,TRUE,TRUE
AV01639,SEC_THA_KAL,09-03-2026,0.49,1.54,UNAVAILABLE,synthetic planned availability window,LOW,FALSE,TRUE
AV01640,SEC_MUM_DAD,07-02-2026,21.44,23.59,AVAILABLE,synthetic planned availability window,MEDIUM,FALSE,TRUE
AV01641,SEC_TAL_CHI,25-02-2026,14.47,17.41,UNAVAILABLE,synthetic planned availability window,MEDIUM,FALSE,TRUE
AV01642,SEC_CHI_SHI,15-02-2026,0.02,2.49,UNAVAILABLE,synthetic planned availability window,MEDIUM,FALSE,TRUE
AV01643,SEC_DAD_THA,28-01-2026,0.24,2.09,AVAILABLE,synthetic planned availability window,MEDIUM,TRUE,TRUE
AV01644,SEC_TAL_CHI,31-03-2026,1.28,3.29,RESTRICTED,synthetic planned availability window,LOW,TRUE,TRUE
AV01645,SEC_MUM_DAD,25-03-2026,7.07,8.55,UNAVAILABLE,synthetic planned availability window,HIGH,FALSE,TRUE
AV01646,SEC_TAL_CHI,16-01-2026,14.06,16.47,AVAILABLE,synthetic planned availability window,HIGH,TRUE,TRUE
AV01647,SEC_KHA_LON,04-02-2026,20.24,21.28,UNAVAILABLE,synthetic planned availability window,MEDIUM,FALSE,TRUE
AV01648,SEC_CHI_SHI,20-01-2026,10.45,12.43,RESTRICTED,synthetic planned availability window,MEDIUM,TRUE,TRUE
AV01649,SEC_KAL_KAR,04-02-2026,0.38,2.55,AVAILABLE,synthetic planned availability window,MEDIUM,TRUE,TRUE
AV01650,SEC_THA_KAL,22-01-2026,21.37,23.44,AVAILABLE,synthetic planned availability window,HIGH,TRUE,TRUE
AV01651,SEC_MUM_DAD,25-01-2026,21.38,23.36,RESTRICTED,synthetic planned availability window,HIGH,TRUE,TRUE
AV01652,SEC_CHI_SHI,30-03-2026,1.39,3.15,UNAVAILABLE,synthetic planned availability window,LOW,TRUE,TRUE
AV01653,SEC_THA_KAL,15-02-2026,3.43,4.46,RESTRICTED,synthetic planned availability window,HIGH,TRUE,TRUE
AV01654,SEC_KAL_KAR,27-02-2026,7.20,10.20,AVAILABLE,synthetic planned availability window,MEDIUM,FALSE,TRUE
AV01655,SEC_DAD_THA,02-03-2026,11.05,13.11,AVAILABLE,synthetic planned availability window,LOW,TRUE,TRUE
AV01656,SEC_KHA_LON,03-01-2026,15.34,17.49,RESTRICTED,synthetic planned availability window,HIGH,FALSE,TRUE
AV01657,SEC_KAL_KAR,27-03-2026,12.12,13.45,AVAILABLE,synthetic planned availability window,MEDIUM,TRUE,TRUE
AV01658,SEC_DAD_THA,19-03-2026,7.42,8.55,RESTRICTED,synthetic planned availability window,HIGH,TRUE,TRUE
AV01659,SEC_MUM_DAD,20-02-2026,9.00,11.20,RESTRICTED,synthetic planned availability window,LOW,TRUE,TRUE
AV01660,SEC_DAD_THA,03-02-2026,15.36,18.11,RESTRICTED,synthetic planned availability window,LOW,TRUE,TRUE
AV01661,SEC_THA_KAL,23-02-2026,8.55,11.32,AVAILABLE,synthetic planned availability window,LOW,TRUE,TRUE
AV01662,SEC_TAL_CHI,09-02-2026,11.39,14.03,AVAILABLE,synthetic planned availability window,LOW,FALSE,TRUE
AV01663,SEC_LON_TAL,15-03-2026,21.13,23.58,UNAVAILABLE,synthetic planned availability window,MEDIUM,TRUE,TRUE
AV01664,SEC_KAR_KHA,14-03-2026,7.19,8.49,RESTRICTED,synthetic planned availability window,LOW,FALSE,TRUE
AV01665,SEC_LON_TAL,02-02-2026,0.29,2.02,RESTRICTED,synthetic planned availability window,MEDIUM,TRUE,TRUE
AV01666,SEC_LON_TAL,29-01-2026,20.00,22.08,RESTRICTED,synthetic planned availability window,MEDIUM,TRUE,TRUE
AV01667,SEC_THA_KAL,17-03-2026,18.41,20.08,AVAILABLE,synthetic planned availability window,LOW,TRUE,TRUE
AV01668,SEC_CHI_SHI,28-01-2026,19.22,21.09,UNAVAILABLE,synthetic planned availability window,MEDIUM,FALSE,TRUE
AV01669,SEC_KAL_KAR,27-01-2026,17.22,19.45,RESTRICTED,synthetic planned availability window,MEDIUM,TRUE,TRUE
AV01670,SEC_LON_TAL,10-01-2026,12.06,13.07,UNAVAILABLE,synthetic planned availability window,MEDIUM,FALSE,TRUE
AV01671,SEC_DAD_THA,25-02-2026,12.18,14.19,UNAVAILABLE,synthetic planned availability window,MEDIUM,TRUE,TRUE
AV01672,SEC_TAL_CHI,04-01-2026,9.53,12.13,RESTRICTED,synthetic planned availability window,LOW,TRUE,TRUE
AV01673,SEC_KAL_KAR,16-02-2026,7.39,8.56,AVAILABLE,synthetic planned availability window,MEDIUM,TRUE,TRUE
AV01674,SEC_LON_TAL,03-02-2026,21.28,23.59,UNAVAILABLE,synthetic planned availability window,LOW,FALSE,TRUE
AV01675,SEC_KAL_KAR,09-02-2026,18.03,19.15,AVAILABLE,synthetic planned availability window,MEDIUM,FALSE,TRUE
AV01676,SEC_KAR_KHA,28-03-2026,13.43,15.20,RESTRICTED,synthetic planned availability window,LOW,FALSE,TRUE
AV01677,SEC_SHI_PUN,14-02-2026,16.04,18.22,UNAVAILABLE,synthetic planned availability window,LOW,FALSE,TRUE
AV01678,SEC_KAL_KAR,26-01-2026,5.23,8.04,RESTRICTED,synthetic planned availability window,LOW,TRUE,TRUE
AV01679,SEC_LON_TAL,11-02-2026,14.00,16.28,AVAILABLE,synthetic planned availability window,HIGH,TRUE,TRUE
AV01680,SEC_KAL_KAR,15-03-2026,21.04,22.13,AVAILABLE,synthetic planned availability window,LOW,TRUE,TRUE
AV01681,SEC_DAD_THA,10-01-2026,13.14,14.43,UNAVAILABLE,synthetic planned availability window,LOW,TRUE,TRUE
AV01682,SEC_TAL_CHI,19-02-2026,2.52,5.25,AVAILABLE,synthetic planned availability window,HIGH,FALSE,TRUE
AV01683,SEC_DAD_THA,01-03-2026,12.04,14.41,UNAVAILABLE,synthetic planned availability window,HIGH,TRUE,TRUE
AV01684,SEC_KAR_KHA,15-03-2026,18.56,21.34,RESTRICTED,synthetic planned availability window,HIGH,FALSE,TRUE
AV01685,SEC_CHI_SHI,03-01-2026,9.16,10.19,UNAVAILABLE,synthetic planned availability window,LOW,TRUE,TRUE
AV01686,SEC_KAR_KHA,16-01-2026,10.40,12.12,RESTRICTED,synthetic planned availability window,MEDIUM,FALSE,TRUE
AV01687,SEC_KAR_KHA,11-02-2026,3.39,5.45,RESTRICTED,synthetic planned availability window,HIGH,FALSE,TRUE
AV01688,SEC_DAD_THA,13-03-2026,8.25,10.45,RESTRICTED,synthetic planned availability window,LOW,TRUE,TRUE
AV01689,SEC_KHA_LON,25-02-2026,13.51,16.29,UNAVAILABLE,synthetic planned availability window,HIGH,TRUE,TRUE
AV01690,SEC_KAR_KHA,11-03-2026,14.29,16.08,UNAVAILABLE,synthetic planned availability window,MEDIUM,FALSE,TRUE
AV01691,SEC_DAD_THA,13-01-2026,17.02,18.22,UNAVAILABLE,synthetic planned availability window,LOW,TRUE,TRUE
AV01692,SEC_KHA_LON,17-01-2026,13.59,15.55,RESTRICTED,synthetic planned availability window,MEDIUM,TRUE,TRUE
AV01693,SEC_DAD_THA,07-03-2026,2.47,4.20,UNAVAILABLE,synthetic planned availability window,MEDIUM,TRUE,TRUE
AV01694,SEC_KAL_KAR,04-01-2026,16.09,17.40,AVAILABLE,synthetic planned availability window,HIGH,TRUE,TRUE
AV01695,SEC_THA_KAL,13-02-2026,11.06,14.00,UNAVAILABLE,synthetic planned availability window,HIGH,FALSE,TRUE
AV01696,SEC_CHI_SHI,11-03-2026,8.40,10.33,RESTRICTED,synthetic planned availability window,MEDIUM,TRUE,TRUE
AV01697,SEC_THA_KAL,17-03-2026,13.04,15.39,RESTRICTED,synthetic planned availability window,HIGH,TRUE,TRUE
AV01698,SEC_SHI_PUN,01-02-2026,9.22,12.17,UNAVAILABLE,synthetic planned availability window,HIGH,TRUE,TRUE
AV01699,SEC_TAL_CHI,21-02-2026,19.40,20.43,UNAVAILABLE,synthetic planned availability window,LOW,TRUE,TRUE
AV01700,SEC_TAL_CHI,27-03-2026,8.07,9.42,RESTRICTED,synthetic planned availability window,HIGH,TRUE,TRUE
AV01701,SEC_KAL_KAR,25-03-2026,2.27,4.32,AVAILABLE,synthetic planned availability window,LOW,FALSE,TRUE
AV01702,SEC_MUM_DAD,04-01-2026,11.38,13.44,RESTRICTED,synthetic planned availability window,HIGH,TRUE,TRUE
AV01703,SEC_KAR_KHA,29-01-2026,7.39,9.30,UNAVAILABLE,synthetic planned availability window,MEDIUM,TRUE,TRUE
AV01704,SEC_MUM_DAD,26-02-2026,15.51,18.38,AVAILABLE,synthetic planned availability window,MEDIUM,FALSE,TRUE
AV01705,SEC_KHA_LON,11-03-2026,8.57,11.36,AVAILABLE,synthetic planned availability window,LOW,FALSE,TRUE
AV01706,SEC_TAL_CHI,14-01-2026,10.14,11.51,UNAVAILABLE,synthetic planned availability window,HIGH,TRUE,TRUE
AV01707,SEC_TAL_CHI,16-03-2026,14.52,16.32,AVAILABLE,synthetic planned availability window,MEDIUM,FALSE,TRUE
AV01708,SEC_MUM_DAD,23-01-2026,15.56,17.56,AVAILABLE,synthetic planned availability window,MEDIUM,TRUE,TRUE
AV01709,SEC_CHI_SHI,12-01-2026,20.32,22.57,RESTRICTED,synthetic planned availability window,MEDIUM,TRUE,TRUE
AV01710,SEC_KHA_LON,23-01-2026,5.45,7.04,UNAVAILABLE,synthetic planned availability window,MEDIUM,TRUE,TRUE
AV01711,SEC_KHA_LON,01-03-2026,8.52,10.56,RESTRICTED,synthetic planned availability window,LOW,TRUE,TRUE
AV01712,SEC_DAD_THA,13-01-2026,21.17,23.00,RESTRICTED,synthetic planned availability window,MEDIUM,FALSE,TRUE
AV01713,SEC_MUM_DAD,22-02-2026,17.09,18.58,UNAVAILABLE,synthetic planned availability window,LOW,TRUE,TRUE
AV01714,SEC_MUM_DAD,04-03-2026,11.34,13.46,AVAILABLE,synthetic planned availability window,MEDIUM,FALSE,TRUE
AV01715,SEC_DAD_THA,04-02-2026,6.20,8.41,AVAILABLE,synthetic planned availability window,HIGH,TRUE,TRUE
AV01716,SEC_THA_KAL,19-01-2026,14.34,16.30,RESTRICTED,synthetic planned availability window,HIGH,TRUE,TRUE
AV01717,SEC_KHA_LON,15-01-2026,18.11,19.34,RESTRICTED,synthetic planned availability window,HIGH,TRUE,TRUE
AV01718,SEC_TAL_CHI,01-02-2026,6.04,7.47,RESTRICTED,synthetic planned availability window,MEDIUM,TRUE,TRUE
AV01719,SEC_TAL_CHI,10-01-2026,11.41,14.37,RESTRICTED,synthetic planned availability window,MEDIUM,FALSE,TRUE
AV01720,SEC_MUM_DAD,11-01-2026,3.24,4.40,AVAILABLE,synthetic planned availability window,HIGH,FALSE,TRUE
AV01721,SEC_KAL_KAR,12-03-2026,4.55,7.43,RESTRICTED,synthetic planned availability window,LOW,FALSE,TRUE
AV01722,SEC_THA_KAL,12-02-2026,10.35,12.03,UNAVAILABLE,synthetic planned availability window,LOW,FALSE,TRUE
AV01723,SEC_MUM_DAD,28-01-2026,12.31,14.06,AVAILABLE,synthetic planned availability window,HIGH,TRUE,TRUE
AV01724,SEC_KHA_LON,03-03-2026,8.35,11.16,AVAILABLE,synthetic planned availability window,HIGH,FALSE,TRUE
AV01725,SEC_KAL_KAR,23-01-2026,6.33,8.25,RESTRICTED,synthetic planned availability window,HIGH,TRUE,TRUE
AV01726,SEC_SHI_PUN,27-02-2026,12.43,14.58,RESTRICTED,synthetic planned availability window,MEDIUM,TRUE,TRUE
AV01727,SEC_KAL_KAR,28-02-2026,10.35,11.52,AVAILABLE,synthetic planned availability window,MEDIUM,TRUE,TRUE
AV01728,SEC_DAD_THA,30-01-2026,11.54,14.28,AVAILABLE,synthetic planned availability window,LOW,TRUE,TRUE
AV01729,SEC_KAR_KHA,26-02-2026,8.30,10.09,RESTRICTED,synthetic planned availability window,LOW,TRUE,TRUE
AV01730,SEC_SHI_PUN,07-02-2026,11.04,13.57,AVAILABLE,synthetic planned availability window,HIGH,TRUE,TRUE
AV01731,SEC_KAR_KHA,01-03-2026,1.53,3.21,RESTRICTED,synthetic planned availability window,MEDIUM,TRUE,TRUE
AV01732,SEC_MUM_DAD,26-01-2026,2.58,4.39,RESTRICTED,synthetic planned availability window,HIGH,TRUE,TRUE
AV01733,SEC_LON_TAL,21-01-2026,12.59,15.40,UNAVAILABLE,synthetic planned availability window,HIGH,FALSE,TRUE
AV01734,SEC_THA_KAL,23-03-2026,16.46,17.51,AVAILABLE,synthetic planned availability window,MEDIUM,TRUE,TRUE
AV01735,SEC_MUM_DAD,16-02-2026,8.17,9.56,AVAILABLE,synthetic planned availability window,MEDIUM,TRUE,TRUE
AV01736,SEC_KHA_LON,05-03-2026,9.53,11.10,UNAVAILABLE,synthetic planned availability window,MEDIUM,TRUE,TRUE
AV01737,SEC_LON_TAL,03-01-2026,5.01,7.50,RESTRICTED,synthetic planned availability window,HIGH,TRUE,TRUE
AV01738,SEC_DAD_THA,12-02-2026,6.26,8.32,UNAVAILABLE,synthetic planned availability window,MEDIUM,TRUE,TRUE
AV01739,SEC_KAR_KHA,16-01-2026,17.10,19.11,RESTRICTED,synthetic planned availability window,HIGH,TRUE,TRUE
AV01740,SEC_SHI_PUN,10-01-2026,12.52,15.12,UNAVAILABLE,synthetic planned availability window,MEDIUM,TRUE,TRUE
AV01741,SEC_KAR_KHA,31-03-2026,4.35,5.59,RESTRICTED,synthetic planned availability window,MEDIUM,TRUE,TRUE
AV01742,SEC_LON_TAL,02-02-2026,9.05,11.53,AVAILABLE,synthetic planned availability window,MEDIUM,TRUE,TRUE
AV01743,SEC_SHI_PUN,01-02-2026,19.20,20.45,RESTRICTED,synthetic planned availability window,MEDIUM,FALSE,TRUE
AV01744,SEC_MUM_DAD,13-03-2026,16.12,17.14,AVAILABLE,synthetic planned availability window,MEDIUM,FALSE,TRUE
AV01745,SEC_KAR_KHA,15-03-2026,8.45,11.34,AVAILABLE,synthetic planned availability window,MEDIUM,TRUE,TRUE
AV01746,SEC_LON_TAL,17-01-2026,4.52,6.20,AVAILABLE,synthetic planned availability window,HIGH,TRUE,TRUE
AV01747,SEC_MUM_DAD,20-03-2026,20.34,21.34,UNAVAILABLE,synthetic planned availability window,LOW,TRUE,TRUE
AV01748,SEC_CHI_SHI,11-02-2026,4.24,5.28,RESTRICTED,synthetic planned availability window,HIGH,TRUE,TRUE
AV01749,SEC_DAD_THA,23-01-2026,1.50,4.13,AVAILABLE,synthetic planned availability window,MEDIUM,TRUE,TRUE
AV01750,SEC_SHI_PUN,03-01-2026,11.47,13.01,RESTRICTED,synthetic planned availability window,MEDIUM,TRUE,TRUE
AV01751,SEC_THA_KAL,25-03-2026,9.59,11.38,RESTRICTED,synthetic planned availability window,LOW,FALSE,TRUE
AV01752,SEC_TAL_CHI,09-01-2026,15.52,18.51,RESTRICTED,synthetic planned availability window,LOW,TRUE,TRUE
AV01753,SEC_SHI_PUN,02-02-2026,17.40,19.42,UNAVAILABLE,synthetic planned availability window,HIGH,TRUE,TRUE
AV01754,SEC_MUM_DAD,06-01-2026,11.29,13.18,UNAVAILABLE,synthetic planned availability window,MEDIUM,TRUE,TRUE
AV01755,SEC_DAD_THA,18-02-2026,16.41,19.00,AVAILABLE,synthetic planned availability window,LOW,TRUE,TRUE
AV01756,SEC_TAL_CHI,04-03-2026,15.22,17.19,UNAVAILABLE,synthetic planned availability window,HIGH,FALSE,TRUE
AV01757,SEC_DAD_THA,22-02-2026,1.22,3.22,AVAILABLE,synthetic planned availability window,HIGH,FALSE,TRUE
AV01758,SEC_CHI_SHI,31-03-2026,16.52,18.47,UNAVAILABLE,synthetic planned availability window,HIGH,FALSE,TRUE
AV01759,SEC_CHI_SHI,27-02-2026,10.15,12.59,UNAVAILABLE,synthetic planned availability window,LOW,TRUE,TRUE
AV01760,SEC_KAL_KAR,21-03-2026,10.58,13.22,RESTRICTED,synthetic planned availability window,LOW,TRUE,TRUE
AV01761,SEC_LON_TAL,26-01-2026,5.50,8.49,AVAILABLE,synthetic planned availability window,HIGH,TRUE,TRUE
AV01762,SEC_LON_TAL,18-01-2026,19.09,21.48,UNAVAILABLE,synthetic planned availability window,MEDIUM,FALSE,TRUE
AV01763,SEC_KAL_KAR,28-01-2026,19.02,20.35,UNAVAILABLE,synthetic planned availability window,MEDIUM,TRUE,TRUE
AV01764,SEC_KAL_KAR,04-03-2026,5.00,7.29,RESTRICTED,synthetic planned availability window,MEDIUM,FALSE,TRUE
AV01765,SEC_MUM_DAD,08-03-2026,3.33,6.18,UNAVAILABLE,synthetic planned availability window,HIGH,TRUE,TRUE
AV01766,SEC_TAL_CHI,29-01-2026,7.09,9.15,AVAILABLE,synthetic planned availability window,HIGH,FALSE,TRUE
AV01767,SEC_LON_TAL,18-01-2026,17.05,18.25,UNAVAILABLE,synthetic planned availability window,HIGH,FALSE,TRUE
AV01768,SEC_CHI_SHI,06-02-2026,8.27,11.08,AVAILABLE,synthetic planned availability window,MEDIUM,FALSE,TRUE
AV01769,SEC_TAL_CHI,23-03-2026,16.52,17.55,RESTRICTED,synthetic planned availability window,MEDIUM,TRUE,TRUE
AV01770,SEC_MUM_DAD,23-03-2026,5.26,7.43,UNAVAILABLE,synthetic planned availability window,LOW,FALSE,TRUE
AV01771,SEC_KAL_KAR,13-02-2026,15.36,17.17,RESTRICTED,synthetic planned availability window,LOW,FALSE,TRUE
AV01772,SEC_THA_KAL,13-01-2026,6.20,7.53,UNAVAILABLE,synthetic planned availability window,LOW,TRUE,TRUE
AV01773,SEC_THA_KAL,26-03-2026,5.38,6.49,AVAILABLE,synthetic planned availability window,MEDIUM,TRUE,TRUE
AV01774,SEC_LON_TAL,01-02-2026,16.12,19.10,AVAILABLE,synthetic planned availability window,LOW,TRUE,TRUE
AV01775,SEC_DAD_THA,05-02-2026,7.19,8.45,AVAILABLE,synthetic planned availability window,LOW,TRUE,TRUE
AV01776,SEC_SHI_PUN,25-02-2026,18.26,20.33,RESTRICTED,synthetic planned availability window,HIGH,TRUE,TRUE
AV01777,SEC_SHI_PUN,03-02-2026,4.41,6.10,AVAILABLE,synthetic planned availability window,HIGH,FALSE,TRUE
AV01778,SEC_KAL_KAR,03-02-2026,21.00,22.15,RESTRICTED,synthetic planned availability window,LOW,FALSE,TRUE
AV01779,SEC_CHI_SHI,21-03-2026,12.01,14.19,RESTRICTED,synthetic planned availability window,MEDIUM,FALSE,TRUE
AV01780,SEC_SHI_PUN,11-02-2026,16.55,18.18,UNAVAILABLE,synthetic planned availability window,HIGH,TRUE,TRUE
AV01781,SEC_DAD_THA,25-02-2026,17.58,20.57,AVAILABLE,synthetic planned availability window,LOW,TRUE,TRUE
AV01782,SEC_KHA_LON,06-01-2026,14.17,16.58,AVAILABLE,synthetic planned availability window,MEDIUM,FALSE,TRUE
AV01783,SEC_LON_TAL,14-03-2026,18.54,21.41,RESTRICTED,synthetic planned availability window,MEDIUM,TRUE,TRUE
AV01784,SEC_SHI_PUN,18-02-2026,4.52,6.08,AVAILABLE,synthetic planned availability window,LOW,TRUE,TRUE
AV01785,SEC_KAR_KHA,05-03-2026,10.06,12.20,RESTRICTED,synthetic planned availability window,MEDIUM,FALSE,TRUE
AV01786,SEC_SHI_PUN,01-01-2026,12.28,15.04,UNAVAILABLE,synthetic planned availability window,HIGH,FALSE,TRUE
AV01787,SEC_KAR_KHA,16-03-2026,9.38,11.00,AVAILABLE,synthetic planned availability window,MEDIUM,TRUE,TRUE
AV01788,SEC_KHA_LON,10-03-2026,1.58,3.18,RESTRICTED,synthetic planned availability window,HIGH,TRUE,TRUE
AV01789,SEC_KAL_KAR,07-01-2026,21.33,23.01,AVAILABLE,synthetic planned availability window,LOW,TRUE,TRUE
AV01790,SEC_LON_TAL,08-02-2026,20.15,22.50,RESTRICTED,synthetic planned availability window,MEDIUM,TRUE,TRUE
AV01791,SEC_MUM_DAD,16-02-2026,19.13,20.52,RESTRICTED,synthetic planned availability window,LOW,TRUE,TRUE
AV01792,SEC_LON_TAL,01-03-2026,13.36,15.53,UNAVAILABLE,synthetic planned availability window,HIGH,TRUE,TRUE
AV01793,SEC_KHA_LON,19-01-2026,1.46,4.20,UNAVAILABLE,synthetic planned availability window,LOW,FALSE,TRUE
AV01794,SEC_MUM_DAD,11-01-2026,19.04,20.37,RESTRICTED,synthetic planned availability window,LOW,FALSE,TRUE
AV01795,SEC_DAD_THA,25-02-2026,15.55,17.39,UNAVAILABLE,synthetic planned availability window,HIGH,FALSE,TRUE
AV01796,SEC_MUM_DAD,12-02-2026,6.04,7.13,AVAILABLE,synthetic planned availability window,MEDIUM,TRUE,TRUE
AV01797,SEC_DAD_THA,28-02-2026,19.12,21.04,UNAVAILABLE,synthetic planned availability window,LOW,FALSE,TRUE
AV01798,SEC_KAR_KHA,05-03-2026,2.49,3.59,UNAVAILABLE,synthetic planned availability window,LOW,TRUE,TRUE
AV01799,SEC_TAL_CHI,27-01-2026,19.21,22.18,AVAILABLE,synthetic planned availability window,HIGH,TRUE,TRUE
AV01800,SEC_THA_KAL,19-02-2026,4.39,7.00,RESTRICTED,synthetic planned availability window,MEDIUM,TRUE,TRUE
AV01801,SEC_KAR_KHA,29-01-2026,18.45,19.49,UNAVAILABLE,synthetic planned availability window,HIGH,TRUE,TRUE
AV01802,SEC_KAL_KAR,01-01-2026,11.24,12.28,UNAVAILABLE,synthetic planned availability window,MEDIUM,FALSE,TRUE
AV01803,SEC_MUM_DAD,23-01-2026,14.34,16.30,UNAVAILABLE,synthetic planned availability window,HIGH,TRUE,TRUE
AV01804,SEC_LON_TAL,16-01-2026,19.38,21.46,UNAVAILABLE,synthetic planned availability window,HIGH,FALSE,TRUE
AV01805,SEC_SHI_PUN,25-03-2026,21.00,22.59,AVAILABLE,synthetic planned availability window,LOW,FALSE,TRUE
AV01806,SEC_MUM_DAD,24-03-2026,11.21,12.40,RESTRICTED,synthetic planned availability window,MEDIUM,TRUE,TRUE
AV01807,SEC_THA_KAL,21-03-2026,17.55,20.52,AVAILABLE,synthetic planned availability window,HIGH,TRUE,TRUE
AV01808,SEC_KAL_KAR,16-01-2026,13.50,16.31,UNAVAILABLE,synthetic planned availability window,MEDIUM,FALSE,TRUE
AV01809,SEC_KAL_KAR,25-01-2026,9.27,11.53,AVAILABLE,synthetic planned availability window,MEDIUM,FALSE,TRUE
AV01810,SEC_TAL_CHI,25-02-2026,10.09,11.29,AVAILABLE,synthetic planned availability window,LOW,FALSE,TRUE
AV01811,SEC_SHI_PUN,28-01-2026,19.39,21.42,AVAILABLE,synthetic planned availability window,HIGH,TRUE,TRUE
AV01812,SEC_CHI_SHI,24-03-2026,1.09,3.04,AVAILABLE,synthetic planned availability window,LOW,FALSE,TRUE
AV01813,SEC_KAL_KAR,20-01-2026,18.29,20.52,UNAVAILABLE,synthetic planned availability window,LOW,TRUE,TRUE
AV01814,SEC_TAL_CHI,23-02-2026,6.48,9.08,RESTRICTED,synthetic planned availability window,HIGH,TRUE,TRUE
AV01815,SEC_SHI_PUN,04-03-2026,17.50,19.38,UNAVAILABLE,synthetic planned availability window,HIGH,TRUE,TRUE
AV01816,SEC_SHI_PUN,14-03-2026,12.35,15.35,UNAVAILABLE,synthetic planned availability window,LOW,FALSE,TRUE
AV01817,SEC_TAL_CHI,18-02-2026,9.21,10.52,AVAILABLE,synthetic planned availability window,LOW,TRUE,TRUE
AV01818,SEC_MUM_DAD,06-03-2026,5.30,7.53,AVAILABLE,synthetic planned availability window,LOW,TRUE,TRUE
AV01819,SEC_LON_TAL,29-03-2026,19.59,22.17,RESTRICTED,synthetic planned availability window,HIGH,TRUE,TRUE
AV01820,SEC_THA_KAL,14-03-2026,17.47,20.43,UNAVAILABLE,synthetic planned availability window,LOW,TRUE,TRUE
AV01821,SEC_KAR_KHA,25-02-2026,5.10,7.05,UNAVAILABLE,synthetic planned availability window,MEDIUM,TRUE,TRUE
AV01822,SEC_KAL_KAR,16-01-2026,15.11,16.48,UNAVAILABLE,synthetic planned availability window,HIGH,TRUE,TRUE
AV01823,SEC_THA_KAL,07-01-2026,21.53,23.59,AVAILABLE,synthetic planned availability window,MEDIUM,TRUE,TRUE
AV01824,SEC_MUM_DAD,12-03-2026,7.04,9.50,RESTRICTED,synthetic planned availability window,LOW,FALSE,TRUE
AV01825,SEC_SHI_PUN,04-03-2026,17.34,20.09,AVAILABLE,synthetic planned availability window,HIGH,FALSE,TRUE
AV01826,SEC_KAR_KHA,09-03-2026,4.11,6.38,AVAILABLE,synthetic planned availability window,HIGH,FALSE,TRUE
AV01827,SEC_KAR_KHA,31-01-2026,9.30,12.18,RESTRICTED,synthetic planned availability window,HIGH,TRUE,TRUE
AV01828,SEC_KAL_KAR,21-02-2026,2.22,3.27,RESTRICTED,synthetic planned availability window,MEDIUM,FALSE,TRUE
AV01829,SEC_KAL_KAR,20-03-2026,14.09,15.18,AVAILABLE,synthetic planned availability window,HIGH,FALSE,TRUE
AV01830,SEC_THA_KAL,08-01-2026,4.39,6.12,UNAVAILABLE,synthetic planned availability window,HIGH,FALSE,TRUE
AV01831,SEC_SHI_PUN,11-01-2026,3.24,5.09,RESTRICTED,synthetic planned availability window,MEDIUM,TRUE,TRUE
AV01832,SEC_SHI_PUN,01-02-2026,8.07,9.18,UNAVAILABLE,synthetic planned availability window,HIGH,TRUE,TRUE
AV01833,SEC_CHI_SHI,31-03-2026,12.33,13.33,AVAILABLE,synthetic planned availability window,LOW,TRUE,TRUE
AV01834,SEC_DAD_THA,28-03-2026,12.06,13.34,RESTRICTED,synthetic planned availability window,HIGH,TRUE,TRUE
AV01835,SEC_KAL_KAR,04-01-2026,21.12,23.45,UNAVAILABLE,synthetic planned availability window,LOW,TRUE,TRUE
AV01836,SEC_KAR_KHA,17-03-2026,7.29,9.30,AVAILABLE,synthetic planned availability window,LOW,TRUE,TRUE
AV01837,SEC_MUM_DAD,18-02-2026,4.15,5.52,RESTRICTED,synthetic planned availability window,LOW,TRUE,TRUE
AV01838,SEC_LON_TAL,12-01-2026,11.17,12.35,AVAILABLE,synthetic planned availability window,MEDIUM,TRUE,TRUE
AV01839,SEC_MUM_DAD,01-03-2026,7.24,9.05,UNAVAILABLE,synthetic planned availability window,HIGH,TRUE,TRUE
AV01840,SEC_THA_KAL,16-03-2026,18.26,19.58,RESTRICTED,synthetic planned availability window,MEDIUM,TRUE,TRUE
AV01841,SEC_KAL_KAR,22-02-2026,12.59,14.22,RESTRICTED,synthetic planned availability window,LOW,TRUE,TRUE
AV01842,SEC_THA_KAL,31-03-2026,6.37,7.43,UNAVAILABLE,synthetic planned availability window,LOW,TRUE,TRUE
AV01843,SEC_CHI_SHI,24-01-2026,2.07,4.42,AVAILABLE,synthetic planned availability window,HIGH,TRUE,TRUE
AV01844,SEC_DAD_THA,05-01-2026,3.07,4.07,UNAVAILABLE,synthetic planned availability window,MEDIUM,FALSE,TRUE
AV01845,SEC_THA_KAL,13-02-2026,10.40,13.16,AVAILABLE,synthetic planned availability window,LOW,TRUE,TRUE
AV01846,SEC_THA_KAL,22-03-2026,11.53,14.22,AVAILABLE,synthetic planned availability window,MEDIUM,TRUE,TRUE
AV01847,SEC_CHI_SHI,07-03-2026,17.40,20.40,UNAVAILABLE,synthetic planned availability window,LOW,TRUE,TRUE
AV01848,SEC_LON_TAL,27-01-2026,9.59,11.56,UNAVAILABLE,synthetic planned availability window,HIGH,TRUE,TRUE
AV01849,SEC_SHI_PUN,23-02-2026,3.56,5.54,UNAVAILABLE,synthetic planned availability window,LOW,FALSE,TRUE
AV01850,SEC_TAL_CHI,09-01-2026,3.41,6.20,RESTRICTED,synthetic planned availability window,MEDIUM,TRUE,TRUE
AV01851,SEC_TAL_CHI,11-02-2026,2.04,4.10,UNAVAILABLE,synthetic planned availability window,HIGH,TRUE,TRUE
AV01852,SEC_KAL_KAR,25-02-2026,21.06,23.43,RESTRICTED,synthetic planned availability window,MEDIUM,TRUE,TRUE
AV01853,SEC_KAR_KHA,05-01-2026,18.04,20.05,UNAVAILABLE,synthetic planned availability window,HIGH,TRUE,TRUE
AV01854,SEC_LON_TAL,02-02-2026,9.33,10.42,RESTRICTED,synthetic planned availability window,MEDIUM,FALSE,TRUE
AV01855,SEC_CHI_SHI,24-01-2026,5.58,7.26,AVAILABLE,synthetic planned availability window,HIGH,TRUE,TRUE
AV01856,SEC_LON_TAL,06-01-2026,4.03,7.00,AVAILABLE,synthetic planned availability window,MEDIUM,TRUE,TRUE
AV01857,SEC_LON_TAL,11-02-2026,7.38,10.20,RESTRICTED,synthetic planned availability window,MEDIUM,FALSE,TRUE
AV01858,SEC_MUM_DAD,23-03-2026,16.02,17.33,UNAVAILABLE,synthetic planned availability window,HIGH,FALSE,TRUE
AV01859,SEC_MUM_DAD,28-03-2026,9.55,11.12,RESTRICTED,synthetic planned availability window,LOW,TRUE,TRUE
AV01860,SEC_CHI_SHI,19-03-2026,3.51,5.44,RESTRICTED,synthetic planned availability window,LOW,TRUE,TRUE
AV01861,SEC_KAL_KAR,07-01-2026,10.31,11.51,AVAILABLE,synthetic planned availability window,HIGH,TRUE,TRUE
AV01862,SEC_KAL_KAR,15-01-2026,4.51,7.14,UNAVAILABLE,synthetic planned availability window,LOW,FALSE,TRUE
AV01863,SEC_THA_KAL,20-01-2026,3.07,5.29,AVAILABLE,synthetic planned availability window,MEDIUM,TRUE,TRUE
AV01864,SEC_KAR_KHA,24-03-2026,16.36,19.11,UNAVAILABLE,synthetic planned availability window,LOW,TRUE,TRUE
AV01865,SEC_MUM_DAD,12-02-2026,7.10,9.53,UNAVAILABLE,synthetic planned availability window,MEDIUM,TRUE,TRUE
AV01866,SEC_KAR_KHA,17-01-2026,13.29,15.17,UNAVAILABLE,synthetic planned availability window,HIGH,FALSE,TRUE
AV01867,SEC_SHI_PUN,18-03-2026,17.21,19.51,AVAILABLE,synthetic planned availability window,LOW,FALSE,TRUE
AV01868,SEC_KHA_LON,02-01-2026,12.44,15.43,AVAILABLE,synthetic planned availability window,MEDIUM,TRUE,TRUE
AV01869,SEC_KHA_LON,04-03-2026,13.58,16.09,RESTRICTED,synthetic planned availability window,MEDIUM,TRUE,TRUE
AV01870,SEC_SHI_PUN,13-03-2026,13.00,15.45,RESTRICTED,synthetic planned availability window,LOW,TRUE,TRUE
AV01871,SEC_LON_TAL,26-03-2026,8.26,11.02,RESTRICTED,synthetic planned availability window,HIGH,TRUE,TRUE
AV01872,SEC_CHI_SHI,14-03-2026,12.20,14.29,RESTRICTED,synthetic planned availability window,MEDIUM,TRUE,TRUE
AV01873,SEC_CHI_SHI,22-01-2026,6.15,9.05,AVAILABLE,synthetic planned availability window,LOW,TRUE,TRUE
AV01874,SEC_THA_KAL,17-03-2026,6.29,8.24,AVAILABLE,synthetic planned availability window,LOW,TRUE,TRUE
AV01875,SEC_CHI_SHI,27-01-2026,15.09,17.55,UNAVAILABLE,synthetic planned availability window,HIGH,FALSE,TRUE
AV01876,SEC_MUM_DAD,23-01-2026,9.30,10.35,RESTRICTED,synthetic planned availability window,MEDIUM,FALSE,TRUE
AV01877,SEC_MUM_DAD,06-02-2026,22.00,23.59,AVAILABLE,synthetic planned availability window,HIGH,TRUE,TRUE
AV01878,SEC_CHI_SHI,06-03-2026,16.50,19.43,UNAVAILABLE,synthetic planned availability window,HIGH,FALSE,TRUE
AV01879,SEC_THA_KAL,28-03-2026,9.04,10.34,RESTRICTED,synthetic planned availability window,HIGH,FALSE,TRUE
AV01880,SEC_KAL_KAR,06-02-2026,9.24,10.33,UNAVAILABLE,synthetic planned availability window,LOW,FALSE,TRUE
AV01881,SEC_KAR_KHA,28-01-2026,9.03,11.31,RESTRICTED,synthetic planned availability window,HIGH,TRUE,TRUE
AV01882,SEC_CHI_SHI,08-03-2026,18.20,20.01,RESTRICTED,synthetic planned availability window,HIGH,TRUE,TRUE
AV01883,SEC_DAD_THA,03-02-2026,1.55,3.13,UNAVAILABLE,synthetic planned availability window,HIGH,TRUE,TRUE
AV01884,SEC_DAD_THA,25-02-2026,10.56,12.08,AVAILABLE,synthetic planned availability window,HIGH,TRUE,TRUE
AV01885,SEC_MUM_DAD,28-02-2026,4.59,7.12,UNAVAILABLE,synthetic planned availability window,LOW,FALSE,TRUE
AV01886,SEC_LON_TAL,18-01-2026,3.47,4.57,UNAVAILABLE,synthetic planned availability window,HIGH,FALSE,TRUE
AV01887,SEC_DAD_THA,21-02-2026,6.22,9.19,UNAVAILABLE,synthetic planned availability window,MEDIUM,TRUE,TRUE
AV01888,SEC_CHI_SHI,13-01-2026,19.32,22.24,UNAVAILABLE,synthetic planned availability window,HIGH,TRUE,TRUE
AV01889,SEC_KHA_LON,26-03-2026,14.09,15.09,RESTRICTED,synthetic planned availability window,HIGH,TRUE,TRUE
AV01890,SEC_CHI_SHI,11-01-2026,10.54,13.49,AVAILABLE,synthetic planned availability window,MEDIUM,FALSE,TRUE
AV01891,SEC_DAD_THA,21-01-2026,19.52,22.36,RESTRICTED,synthetic planned availability window,HIGH,FALSE,TRUE
AV01892,SEC_TAL_CHI,07-01-2026,21.43,23.59,UNAVAILABLE,synthetic planned availability window,HIGH,FALSE,TRUE
AV01893,SEC_KAL_KAR,22-02-2026,6.35,7.53,UNAVAILABLE,synthetic planned availability window,HIGH,TRUE,TRUE
AV01894,SEC_KAL_KAR,13-02-2026,9.24,11.37,RESTRICTED,synthetic planned availability window,HIGH,FALSE,TRUE
AV01895,SEC_MUM_DAD,12-02-2026,15.33,16.38,AVAILABLE,synthetic planned availability window,HIGH,TRUE,TRUE
AV01896,SEC_THA_KAL,21-02-2026,15.45,18.29,AVAILABLE,synthetic planned availability window,HIGH,FALSE,TRUE
AV01897,SEC_KHA_LON,03-01-2026,3.50,6.21,UNAVAILABLE,synthetic planned availability window,MEDIUM,TRUE,TRUE
AV01898,SEC_KAR_KHA,23-03-2026,11.37,13.28,AVAILABLE,synthetic planned availability window,LOW,FALSE,TRUE
AV01899,SEC_KHA_LON,23-01-2026,16.37,18.01,UNAVAILABLE,synthetic planned availability window,LOW,TRUE,TRUE
AV01900,SEC_TAL_CHI,02-02-2026,8.36,11.28,UNAVAILABLE,synthetic planned availability window,HIGH,TRUE,TRUE
AV01901,SEC_MUM_DAD,22-02-2026,14.05,15.14,UNAVAILABLE,synthetic planned availability window,MEDIUM,TRUE,TRUE
AV01902,SEC_THA_KAL,05-03-2026,13.09,15.17,UNAVAILABLE,synthetic planned availability window,LOW,TRUE,TRUE
AV01903,SEC_CHI_SHI,30-01-2026,18.32,19.50,RESTRICTED,synthetic planned availability window,MEDIUM,TRUE,TRUE
AV01904,SEC_KAR_KHA,11-02-2026,14.15,15.22,AVAILABLE,synthetic planned availability window,HIGH,TRUE,TRUE
AV01905,SEC_THA_KAL,08-02-2026,15.45,16.46,AVAILABLE,synthetic planned availability window,HIGH,TRUE,TRUE
AV01906,SEC_THA_KAL,05-03-2026,18.11,20.06,AVAILABLE,synthetic planned availability window,HIGH,TRUE,TRUE
AV01907,SEC_DAD_THA,22-01-2026,8.36,10.31,AVAILABLE,synthetic planned availability window,LOW,TRUE,TRUE
AV01908,SEC_THA_KAL,23-03-2026,15.49,17.20,AVAILABLE,synthetic planned availability window,MEDIUM,TRUE,TRUE
AV01909,SEC_KHA_LON,12-01-2026,15.25,18.08,RESTRICTED,synthetic planned availability window,MEDIUM,TRUE,TRUE
AV01910,SEC_KAR_KHA,29-01-2026,17.37,18.45,RESTRICTED,synthetic planned availability window,LOW,FALSE,TRUE
AV01911,SEC_THA_KAL,14-03-2026,1.10,4.04,UNAVAILABLE,synthetic planned availability window,LOW,TRUE,TRUE
AV01912,SEC_KHA_LON,14-02-2026,15.27,16.31,RESTRICTED,synthetic planned availability window,HIGH,FALSE,TRUE
AV01913,SEC_KAR_KHA,11-03-2026,13.48,15.39,AVAILABLE,synthetic planned availability window,LOW,TRUE,TRUE
AV01914,SEC_KHA_LON,25-01-2026,9.59,11.35,RESTRICTED,synthetic planned availability window,HIGH,TRUE,TRUE
AV01915,SEC_THA_KAL,18-01-2026,21.03,23.27,AVAILABLE,synthetic planned availability window,HIGH,TRUE,TRUE
AV01916,SEC_KHA_LON,27-03-2026,0.43,3.42,UNAVAILABLE,synthetic planned availability window,LOW,FALSE,TRUE
AV01917,SEC_LON_TAL,28-02-2026,13.58,15.18,RESTRICTED,synthetic planned availability window,HIGH,TRUE,TRUE
AV01918,SEC_KAR_KHA,01-01-2026,16.47,18.33,UNAVAILABLE,synthetic planned availability window,MEDIUM,FALSE,TRUE
AV01919,SEC_TAL_CHI,19-03-2026,0.12,1.17,UNAVAILABLE,synthetic planned availability window,LOW,FALSE,TRUE
AV01920,SEC_SHI_PUN,03-03-2026,4.27,7.11,RESTRICTED,synthetic planned availability window,HIGH,TRUE,TRUE
AV01921,SEC_KHA_LON,31-03-2026,7.41,10.38,UNAVAILABLE,synthetic planned availability window,HIGH,TRUE,TRUE
AV01922,SEC_LON_TAL,28-03-2026,11.07,12.54,RESTRICTED,synthetic planned availability window,LOW,TRUE,TRUE
AV01923,SEC_MUM_DAD,03-01-2026,15.45,17.22,AVAILABLE,synthetic planned availability window,MEDIUM,TRUE,TRUE
AV01924,SEC_SHI_PUN,07-02-2026,9.05,10.49,UNAVAILABLE,synthetic planned availability window,LOW,FALSE,TRUE
AV01925,SEC_MUM_DAD,07-03-2026,0.17,1.27,UNAVAILABLE,synthetic planned availability window,LOW,TRUE,TRUE
AV01926,SEC_THA_KAL,01-03-2026,15.42,17.51,AVAILABLE,synthetic planned availability window,LOW,FALSE,TRUE
AV01927,SEC_SHI_PUN,31-01-2026,1.06,3.23,UNAVAILABLE,synthetic planned availability window,LOW,FALSE,TRUE
AV01928,SEC_DAD_THA,27-02-2026,12.37,15.07,RESTRICTED,synthetic planned availability window,LOW,FALSE,TRUE
AV01929,SEC_KAL_KAR,15-03-2026,5.37,6.51,UNAVAILABLE,synthetic planned availability window,HIGH,FALSE,TRUE
AV01930,SEC_MUM_DAD,28-01-2026,16.48,18.56,UNAVAILABLE,synthetic planned availability window,MEDIUM,TRUE,TRUE
AV01931,SEC_MUM_DAD,08-01-2026,1.35,3.04,RESTRICTED,synthetic planned availability window,MEDIUM,TRUE,TRUE
AV01932,SEC_CHI_SHI,26-02-2026,8.34,10.49,AVAILABLE,synthetic planned availability window,LOW,TRUE,TRUE
AV01933,SEC_KAR_KHA,16-02-2026,20.46,22.47,UNAVAILABLE,synthetic planned availability window,HIGH,FALSE,TRUE
AV01934,SEC_KAL_KAR,22-01-2026,3.27,5.13,UNAVAILABLE,synthetic planned availability window,LOW,TRUE,TRUE
AV01935,SEC_DAD_THA,20-02-2026,5.25,7.55,AVAILABLE,synthetic planned availability window,HIGH,TRUE,TRUE
AV01936,SEC_LON_TAL,08-01-2026,11.04,12.11,UNAVAILABLE,synthetic planned availability window,LOW,TRUE,TRUE
AV01937,SEC_TAL_CHI,11-01-2026,16.44,18.31,UNAVAILABLE,synthetic planned availability window,HIGH,TRUE,TRUE
AV01938,SEC_KHA_LON,03-03-2026,13.58,15.01,RESTRICTED,synthetic planned availability window,LOW,FALSE,TRUE
AV01939,SEC_KAL_KAR,15-02-2026,0.30,2.20,UNAVAILABLE,synthetic planned availability window,MEDIUM,TRUE,TRUE
AV01940,SEC_TAL_CHI,29-01-2026,14.59,17.10,AVAILABLE,synthetic planned availability window,LOW,TRUE,TRUE
AV01941,SEC_DAD_THA,13-03-2026,5.02,6.08,UNAVAILABLE,synthetic planned availability window,MEDIUM,TRUE,TRUE
AV01942,SEC_KAL_KAR,16-01-2026,1.03,3.56,AVAILABLE,synthetic planned availability window,MEDIUM,FALSE,TRUE
AV01943,SEC_KAR_KHA,16-02-2026,3.41,5.37,AVAILABLE,synthetic planned availability window,HIGH,TRUE,TRUE
AV01944,SEC_DAD_THA,28-02-2026,18.32,19.54,RESTRICTED,synthetic planned availability window,LOW,FALSE,TRUE
AV01945,SEC_KHA_LON,06-01-2026,3.45,6.15,RESTRICTED,synthetic planned availability window,MEDIUM,TRUE,TRUE
AV01946,SEC_SHI_PUN,26-03-2026,11.17,13.23,AVAILABLE,synthetic planned availability window,MEDIUM,TRUE,TRUE
AV01947,SEC_LON_TAL,07-02-2026,8.10,10.42,AVAILABLE,synthetic planned availability window,MEDIUM,FALSE,TRUE
AV01948,SEC_LON_TAL,08-03-2026,19.18,20.46,AVAILABLE,synthetic planned availability window,HIGH,TRUE,TRUE
AV01949,SEC_KAR_KHA,21-02-2026,15.55,17.09,RESTRICTED,synthetic planned availability window,HIGH,TRUE,TRUE
AV01950,SEC_DAD_THA,22-02-2026,17.51,19.35,RESTRICTED,synthetic planned availability window,MEDIUM,TRUE,TRUE
AV01951,SEC_MUM_DAD,30-01-2026,5.34,6.43,RESTRICTED,synthetic planned availability window,HIGH,TRUE,TRUE
AV01952,SEC_MUM_DAD,13-01-2026,16.43,18.48,RESTRICTED,synthetic planned availability window,LOW,TRUE,TRUE
AV01953,SEC_LON_TAL,29-01-2026,2.17,4.18,UNAVAILABLE,synthetic planned availability window,HIGH,TRUE,TRUE
AV01954,SEC_CHI_SHI,20-02-2026,4.47,7.10,RESTRICTED,synthetic planned availability window,HIGH,FALSE,TRUE
AV01955,SEC_KAR_KHA,01-03-2026,9.13,12.07,RESTRICTED,synthetic planned availability window,HIGH,TRUE,TRUE
AV01956,SEC_LON_TAL,11-03-2026,20.35,22.58,RESTRICTED,synthetic planned availability window,HIGH,TRUE,TRUE
AV01957,SEC_KAL_KAR,01-02-2026,21.26,22.51,AVAILABLE,synthetic planned availability window,MEDIUM,TRUE,TRUE
AV01958,SEC_MUM_DAD,23-01-2026,0.52,2.14,UNAVAILABLE,synthetic planned availability window,HIGH,TRUE,TRUE
AV01959,SEC_KAL_KAR,07-02-2026,0.22,2.38,UNAVAILABLE,synthetic planned availability window,LOW,TRUE,TRUE
AV01960,SEC_MUM_DAD,06-01-2026,5.06,7.22,RESTRICTED,synthetic planned availability window,MEDIUM,FALSE,TRUE
AV01961,SEC_LON_TAL,12-03-2026,11.52,13.49,AVAILABLE,synthetic planned availability window,LOW,TRUE,TRUE
AV01962,SEC_SHI_PUN,25-03-2026,20.20,21.30,RESTRICTED,synthetic planned availability window,LOW,TRUE,TRUE
AV01963,SEC_DAD_THA,22-01-2026,10.59,12.19,AVAILABLE,synthetic planned availability window,LOW,TRUE,TRUE
AV01964,SEC_TAL_CHI,01-03-2026,19.48,20.50,RESTRICTED,synthetic planned availability window,MEDIUM,TRUE,TRUE
AV01965,SEC_SHI_PUN,09-02-2026,5.03,6.21,RESTRICTED,synthetic planned availability window,MEDIUM,TRUE,TRUE
AV01966,SEC_KAL_KAR,09-03-2026,10.08,11.38,AVAILABLE,synthetic planned availability window,HIGH,FALSE,TRUE
AV01967,SEC_KHA_LON,01-02-2026,21.12,23.59,UNAVAILABLE,synthetic planned availability window,MEDIUM,TRUE,TRUE
AV01968,SEC_MUM_DAD,19-01-2026,0.15,2.42,RESTRICTED,synthetic planned availability window,LOW,TRUE,TRUE
AV01969,SEC_CHI_SHI,11-02-2026,0.28,3.14,UNAVAILABLE,synthetic planned availability window,HIGH,TRUE,TRUE
AV01970,SEC_KHA_LON,31-03-2026,8.53,11.07,AVAILABLE,synthetic planned availability window,LOW,TRUE,TRUE
AV01971,SEC_MUM_DAD,11-01-2026,10.18,12.06,UNAVAILABLE,synthetic planned availability window,LOW,TRUE,TRUE
AV01972,SEC_MUM_DAD,22-02-2026,12.52,14.42,AVAILABLE,synthetic planned availability window,LOW,FALSE,TRUE
AV01973,SEC_THA_KAL,20-03-2026,7.36,9.29,AVAILABLE,synthetic planned availability window,LOW,FALSE,TRUE
AV01974,SEC_KAL_KAR,27-01-2026,17.56,20.47,UNAVAILABLE,synthetic planned availability window,HIGH,TRUE,TRUE
AV01975,SEC_KHA_LON,16-02-2026,11.18,13.10,RESTRICTED,synthetic planned availability window,HIGH,TRUE,TRUE
AV01976,SEC_KHA_LON,15-03-2026,0.48,2.05,RESTRICTED,synthetic planned availability window,LOW,FALSE,TRUE
AV01977,SEC_KAL_KAR,08-02-2026,15.04,17.06,UNAVAILABLE,synthetic planned availability window,HIGH,FALSE,TRUE
AV01978,SEC_THA_KAL,03-01-2026,8.42,10.32,RESTRICTED,synthetic planned availability window,LOW,TRUE,TRUE
AV01979,SEC_DAD_THA,24-02-2026,13.24,15.41,RESTRICTED,synthetic planned availability window,LOW,FALSE,TRUE
AV01980,SEC_CHI_SHI,12-02-2026,16.25,17.27,RESTRICTED,synthetic planned availability window,LOW,FALSE,TRUE
AV01981,SEC_TAL_CHI,13-02-2026,2.29,4.07,AVAILABLE,synthetic planned availability window,LOW,TRUE,TRUE
AV01982,SEC_KAL_KAR,18-02-2026,15.46,17.57,AVAILABLE,synthetic planned availability window,MEDIUM,TRUE,TRUE
AV01983,SEC_THA_KAL,30-01-2026,19.44,22.13,UNAVAILABLE,synthetic planned availability window,HIGH,TRUE,TRUE
AV01984,SEC_DAD_THA,22-03-2026,20.32,22.44,UNAVAILABLE,synthetic planned availability window,LOW,TRUE,TRUE
AV01985,SEC_KAR_KHA,21-03-2026,8.20,10.55,AVAILABLE,synthetic planned availability window,LOW,TRUE,TRUE
AV01986,SEC_LON_TAL,29-01-2026,3.02,5.38,RESTRICTED,synthetic planned availability window,HIGH,FALSE,TRUE
AV01987,SEC_SHI_PUN,03-02-2026,17.38,18.41,AVAILABLE,synthetic planned availability window,MEDIUM,TRUE,TRUE
AV01988,SEC_DAD_THA,13-03-2026,15.10,17.39,UNAVAILABLE,synthetic planned availability window,HIGH,TRUE,TRUE
AV01989,SEC_SHI_PUN,21-02-2026,6.17,9.10,RESTRICTED,synthetic planned availability window,MEDIUM,FALSE,TRUE
AV01990,SEC_KAL_KAR,05-02-2026,3.45,5.51,UNAVAILABLE,synthetic planned availability window,HIGH,TRUE,TRUE
AV01991,SEC_KAL_KAR,21-02-2026,19.45,20.50,UNAVAILABLE,synthetic planned availability window,HIGH,TRUE,TRUE
AV01992,SEC_TAL_CHI,01-01-2026,7.39,10.16,AVAILABLE,synthetic planned availability window,LOW,TRUE,TRUE
AV01993,SEC_KHA_LON,16-03-2026,7.49,8.57,UNAVAILABLE,synthetic planned availability window,MEDIUM,TRUE,TRUE
AV01994,SEC_DAD_THA,11-03-2026,8.24,10.09,UNAVAILABLE,synthetic planned availability window,MEDIUM,FALSE,TRUE
AV01995,SEC_TAL_CHI,17-02-2026,12.41,13.46,AVAILABLE,synthetic planned availability window,HIGH,FALSE,TRUE
AV01996,SEC_TAL_CHI,04-01-2026,13.50,14.58,UNAVAILABLE,synthetic planned availability window,LOW,TRUE,TRUE
AV01997,SEC_MUM_DAD,07-02-2026,5.38,8.31,RESTRICTED,synthetic planned availability window,LOW,TRUE,TRUE
AV01998,SEC_KHA_LON,18-02-2026,0.24,2.42,UNAVAILABLE,synthetic planned availability window,LOW,FALSE,TRUE
AV01999,SEC_DAD_THA,21-01-2026,4.17,6.28,AVAILABLE,synthetic planned availability window,LOW,TRUE,TRUE
AV02000,SEC_MUM_DAD,02-01-2026,14.04,16.28,RESTRICTED,synthetic planned availability window,HIGH,TRUE,TRUE
AV02001,SEC_KAL_KAR,14-02-2026,9.01,10.13,RESTRICTED,synthetic planned availability window,HIGH,TRUE,TRUE
AV02002,SEC_SHI_PUN,03-03-2026,10.20,12.06,RESTRICTED,synthetic planned availability window,HIGH,TRUE,TRUE
AV02003,SEC_SHI_PUN,04-02-2026,16.50,18.24,RESTRICTED,synthetic planned availability window,HIGH,FALSE,TRUE
AV02004,SEC_CHI_SHI,21-01-2026,6.13,8.08,AVAILABLE,synthetic planned availability window,HIGH,TRUE,TRUE
AV02005,SEC_LON_TAL,25-02-2026,10.20,11.40,AVAILABLE,synthetic planned availability window,LOW,TRUE,TRUE
AV02006,SEC_KAR_KHA,14-03-2026,2.59,5.27,AVAILABLE,synthetic planned availability window,HIGH,FALSE,TRUE
AV02007,SEC_CHI_SHI,07-01-2026,20.24,22.14,RESTRICTED,synthetic planned availability window,MEDIUM,TRUE,TRUE
AV02008,SEC_KAL_KAR,18-02-2026,14.59,17.20,RESTRICTED,synthetic planned availability window,MEDIUM,TRUE,TRUE
AV02009,SEC_DAD_THA,08-03-2026,0.20,2.00,AVAILABLE,synthetic planned availability window,MEDIUM,TRUE,TRUE
AV02010,SEC_SHI_PUN,21-02-2026,15.50,17.39,UNAVAILABLE,synthetic planned availability window,MEDIUM,FALSE,TRUE
AV02011,SEC_LON_TAL,01-03-2026,17.44,19.35,RESTRICTED,synthetic planned availability window,HIGH,TRUE,TRUE
AV02012,SEC_KHA_LON,22-02-2026,15.46,17.06,RESTRICTED,synthetic planned availability window,LOW,FALSE,TRUE
AV02013,SEC_KAR_KHA,21-02-2026,10.45,13.11,AVAILABLE,synthetic planned availability window,MEDIUM,TRUE,TRUE
AV02014,SEC_SHI_PUN,14-01-2026,12.44,14.58,UNAVAILABLE,synthetic planned availability window,LOW,TRUE,TRUE
AV02015,SEC_SHI_PUN,27-02-2026,4.30,6.16,UNAVAILABLE,synthetic planned availability window,MEDIUM,FALSE,TRUE
AV02016,SEC_KAR_KHA,16-01-2026,21.35,23.03,AVAILABLE,synthetic planned availability window,HIGH,TRUE,TRUE
AV02017,SEC_DAD_THA,05-02-2026,21.44,23.38,AVAILABLE,synthetic planned availability window,HIGH,TRUE,TRUE
AV02018,SEC_SHI_PUN,17-03-2026,14.57,17.05,AVAILABLE,synthetic planned availability window,LOW,TRUE,TRUE
AV02019,SEC_LON_TAL,27-02-2026,9.11,12.04,AVAILABLE,synthetic planned availability window,HIGH,TRUE,TRUE
AV02020,SEC_MUM_DAD,14-01-2026,10.57,13.10,RESTRICTED,synthetic planned availability window,HIGH,FALSE,TRUE
AV02021,SEC_KAL_KAR,11-03-2026,8.25,10.06,UNAVAILABLE,synthetic planned availability window,LOW,FALSE,TRUE
AV02022,SEC_MUM_DAD,08-03-2026,15.52,17.08,UNAVAILABLE,synthetic planned availability window,HIGH,TRUE,TRUE
AV02023,SEC_SHI_PUN,16-03-2026,19.25,20.36,UNAVAILABLE,synthetic planned availability window,MEDIUM,TRUE,TRUE
AV02024,SEC_TAL_CHI,08-02-2026,0.46,3.14,RESTRICTED,synthetic planned availability window,HIGH,TRUE,TRUE
AV02025,SEC_TAL_CHI,13-02-2026,6.37,9.01,RESTRICTED,synthetic planned availability window,HIGH,FALSE,TRUE
AV02026,SEC_KAR_KHA,02-02-2026,6.14,9.01,RESTRICTED,synthetic planned availability window,LOW,TRUE,TRUE
AV02027,SEC_TAL_CHI,26-03-2026,8.22,10.17,AVAILABLE,synthetic planned availability window,MEDIUM,TRUE,TRUE
AV02028,SEC_TAL_CHI,15-02-2026,8.59,11.11,UNAVAILABLE,synthetic planned availability window,MEDIUM,TRUE,TRUE
AV02029,SEC_LON_TAL,25-02-2026,16.38,18.31,AVAILABLE,synthetic planned availability window,MEDIUM,TRUE,TRUE
AV02030,SEC_KAL_KAR,06-01-2026,5.41,7.13,UNAVAILABLE,synthetic planned availability window,LOW,TRUE,TRUE
AV02031,SEC_THA_KAL,23-01-2026,2.33,4.03,AVAILABLE,synthetic planned availability window,MEDIUM,TRUE,TRUE
AV02032,SEC_TAL_CHI,11-01-2026,5.33,7.05,RESTRICTED,synthetic planned availability window,LOW,TRUE,TRUE
AV02033,SEC_THA_KAL,26-03-2026,3.17,5.25,UNAVAILABLE,synthetic planned availability window,MEDIUM,FALSE,TRUE
AV02034,SEC_LON_TAL,20-03-2026,20.04,21.08,UNAVAILABLE,synthetic planned availability window,LOW,FALSE,TRUE
AV02035,SEC_THA_KAL,12-02-2026,11.28,13.19,AVAILABLE,synthetic planned availability window,MEDIUM,TRUE,TRUE
AV02036,SEC_TAL_CHI,04-03-2026,7.46,9.28,AVAILABLE,synthetic planned availability window,MEDIUM,FALSE,TRUE
AV02037,SEC_DAD_THA,12-03-2026,8.20,10.44,UNAVAILABLE,synthetic planned availability window,MEDIUM,TRUE,TRUE
AV02038,SEC_DAD_THA,14-02-2026,6.02,8.04,RESTRICTED,synthetic planned availability window,HIGH,FALSE,TRUE
AV02039,SEC_KHA_LON,23-01-2026,12.41,15.32,UNAVAILABLE,synthetic planned availability window,MEDIUM,FALSE,TRUE
AV02040,SEC_KAR_KHA,22-02-2026,12.17,14.09,AVAILABLE,synthetic planned availability window,HIGH,TRUE,TRUE
AV02041,SEC_MUM_DAD,12-01-2026,17.32,20.32,AVAILABLE,synthetic planned availability window,MEDIUM,TRUE,TRUE
AV02042,SEC_MUM_DAD,24-01-2026,0.54,2.26,RESTRICTED,synthetic planned availability window,HIGH,FALSE,TRUE
AV02043,SEC_KHA_LON,07-02-2026,11.00,12.02,UNAVAILABLE,synthetic planned availability window,LOW,TRUE,TRUE
AV02044,SEC_KAR_KHA,11-01-2026,13.14,14.34,AVAILABLE,synthetic planned availability window,MEDIUM,TRUE,TRUE
AV02045,SEC_LON_TAL,26-03-2026,5.52,7.49,AVAILABLE,synthetic planned availability window,MEDIUM,TRUE,TRUE
AV02046,SEC_THA_KAL,12-01-2026,13.28,15.21,AVAILABLE,synthetic planned availability window,LOW,TRUE,TRUE
AV02047,SEC_MUM_DAD,14-03-2026,2.05,3.08,RESTRICTED,synthetic planned availability window,HIGH,TRUE,TRUE
AV02048,SEC_THA_KAL,15-01-2026,10.21,13.09,UNAVAILABLE,synthetic planned availability window,LOW,TRUE,TRUE
AV02049,SEC_KAR_KHA,03-03-2026,10.55,12.37,AVAILABLE,synthetic planned availability window,LOW,FALSE,TRUE
AV02050,SEC_SHI_PUN,27-03-2026,11.03,13.33,RESTRICTED,synthetic planned availability window,LOW,TRUE,TRUE
AV02051,SEC_CHI_SHI,04-02-2026,14.06,16.35,AVAILABLE,synthetic planned availability window,LOW,TRUE,TRUE
AV02052,SEC_SHI_PUN,25-01-2026,5.18,7.08,AVAILABLE,synthetic planned availability window,LOW,TRUE,TRUE
AV02053,SEC_MUM_DAD,15-03-2026,6.35,8.52,UNAVAILABLE,synthetic planned availability window,LOW,TRUE,TRUE
AV02054,SEC_KAR_KHA,28-01-2026,14.07,16.08,UNAVAILABLE,synthetic planned availability window,HIGH,FALSE,TRUE
AV02055,SEC_TAL_CHI,23-01-2026,9.18,12.15,UNAVAILABLE,synthetic planned availability window,LOW,FALSE,TRUE
AV02056,SEC_KAR_KHA,03-03-2026,16.59,19.54,AVAILABLE,synthetic planned availability window,LOW,TRUE,TRUE
AV02057,SEC_CHI_SHI,08-03-2026,17.20,18.42,UNAVAILABLE,synthetic planned availability window,MEDIUM,TRUE,TRUE
AV02058,SEC_MUM_DAD,29-01-2026,16.48,19.33,RESTRICTED,synthetic planned availability window,HIGH,FALSE,TRUE
AV02059,SEC_KAR_KHA,21-02-2026,8.29,10.38,AVAILABLE,synthetic planned availability window,LOW,FALSE,TRUE
AV02060,SEC_DAD_THA,23-01-2026,9.21,11.11,UNAVAILABLE,synthetic planned availability window,LOW,TRUE,TRUE
AV02061,SEC_LON_TAL,09-01-2026,7.17,10.02,AVAILABLE,synthetic planned availability window,MEDIUM,TRUE,TRUE
AV02062,SEC_THA_KAL,15-03-2026,14.53,17.41,UNAVAILABLE,synthetic planned availability window,MEDIUM,TRUE,TRUE
AV02063,SEC_KAR_KHA,04-01-2026,14.12,15.43,RESTRICTED,synthetic planned availability window,LOW,TRUE,TRUE
AV02064,SEC_MUM_DAD,03-03-2026,13.07,15.09,AVAILABLE,synthetic planned availability window,MEDIUM,TRUE,TRUE
AV02065,SEC_LON_TAL,18-02-2026,1.17,2.33,AVAILABLE,synthetic planned availability window,LOW,FALSE,TRUE
AV02066,SEC_LON_TAL,24-03-2026,7.40,10.35,AVAILABLE,synthetic planned availability window,MEDIUM,FALSE,TRUE
AV02067,SEC_LON_TAL,25-02-2026,11.12,12.23,UNAVAILABLE,synthetic planned availability window,MEDIUM,TRUE,TRUE
AV02068,SEC_KHA_LON,16-01-2026,4.54,6.26,AVAILABLE,synthetic planned availability window,HIGH,FALSE,TRUE
AV02069,SEC_KHA_LON,20-02-2026,16.06,17.29,AVAILABLE,synthetic planned availability window,LOW,TRUE,TRUE
AV02070,SEC_KAR_KHA,12-01-2026,12.33,14.59,RESTRICTED,synthetic planned availability window,MEDIUM,TRUE,TRUE
AV02071,SEC_SHI_PUN,02-01-2026,4.26,6.25,AVAILABLE,synthetic planned availability window,LOW,TRUE,TRUE
AV02072,SEC_SHI_PUN,28-01-2026,4.08,6.31,UNAVAILABLE,synthetic planned availability window,HIGH,TRUE,TRUE
AV02073,SEC_KHA_LON,05-02-2026,21.35,23.59,RESTRICTED,synthetic planned availability window,MEDIUM,TRUE,TRUE
AV02074,SEC_KHA_LON,31-03-2026,21.04,23.11,RESTRICTED,synthetic planned availability window,MEDIUM,TRUE,TRUE
AV02075,SEC_KHA_LON,22-02-2026,6.59,8.07,UNAVAILABLE,synthetic planned availability window,HIGH,TRUE,TRUE
AV02076,SEC_MUM_DAD,01-01-2026,20.13,21.51,RESTRICTED,synthetic planned availability window,HIGH,TRUE,TRUE
AV02077,SEC_KHA_LON,06-03-2026,5.20,8.00,AVAILABLE,synthetic planned availability window,MEDIUM,TRUE,TRUE
AV02078,SEC_KHA_LON,18-02-2026,19.54,21.35,RESTRICTED,synthetic planned availability window,LOW,TRUE,TRUE
AV02079,SEC_SHI_PUN,01-02-2026,16.41,18.28,UNAVAILABLE,synthetic planned availability window,MEDIUM,TRUE,TRUE
AV02080,SEC_THA_KAL,14-01-2026,5.32,8.21,RESTRICTED,synthetic planned availability window,MEDIUM,TRUE,TRUE
AV02081,SEC_TAL_CHI,20-03-2026,19.21,20.36,UNAVAILABLE,synthetic planned availability window,LOW,TRUE,TRUE
AV02082,SEC_KAL_KAR,29-03-2026,8.35,9.43,UNAVAILABLE,synthetic planned availability window,MEDIUM,TRUE,TRUE
AV02083,SEC_TAL_CHI,12-02-2026,8.44,9.46,UNAVAILABLE,synthetic planned availability window,HIGH,FALSE,TRUE
AV02084,SEC_CHI_SHI,22-02-2026,18.35,20.27,AVAILABLE,synthetic planned availability window,LOW,FALSE,TRUE
AV02085,SEC_KHA_LON,09-02-2026,19.29,21.04,AVAILABLE,synthetic planned availability window,MEDIUM,FALSE,TRUE
AV02086,SEC_KHA_LON,20-03-2026,14.49,17.05,RESTRICTED,synthetic planned availability window,LOW,TRUE,TRUE
AV02087,SEC_CHI_SHI,14-01-2026,19.50,22.26,UNAVAILABLE,synthetic planned availability window,LOW,TRUE,TRUE
AV02088,SEC_SHI_PUN,30-03-2026,3.53,6.52,AVAILABLE,synthetic planned availability window,LOW,TRUE,TRUE
AV02089,SEC_KAL_KAR,28-03-2026,14.06,16.13,UNAVAILABLE,synthetic planned availability window,LOW,TRUE,TRUE
AV02090,SEC_TAL_CHI,24-02-2026,15.32,16.33,UNAVAILABLE,synthetic planned availability window,MEDIUM,TRUE,TRUE
AV02091,SEC_KAL_KAR,07-01-2026,5.31,7.07,UNAVAILABLE,synthetic planned availability window,HIGH,TRUE,TRUE
AV02092,SEC_TAL_CHI,09-02-2026,12.42,13.50,AVAILABLE,synthetic planned availability window,LOW,TRUE,TRUE
AV02093,SEC_KAR_KHA,23-02-2026,11.05,13.08,AVAILABLE,synthetic planned availability window,HIGH,FALSE,TRUE
AV02094,SEC_DAD_THA,22-03-2026,4.52,7.48,AVAILABLE,synthetic planned availability window,MEDIUM,TRUE,TRUE
AV02095,SEC_KAL_KAR,23-03-2026,8.47,11.03,RESTRICTED,synthetic planned availability window,LOW,TRUE,TRUE
AV02096,SEC_KAR_KHA,22-03-2026,9.52,12.19,AVAILABLE,synthetic planned availability window,LOW,TRUE,TRUE
AV02097,SEC_DAD_THA,29-03-2026,21.54,23.59,AVAILABLE,synthetic planned availability window,MEDIUM,TRUE,TRUE
AV02098,SEC_DAD_THA,03-01-2026,14.55,16.49,UNAVAILABLE,synthetic planned availability window,MEDIUM,TRUE,TRUE
AV02099,SEC_THA_KAL,18-02-2026,5.52,8.14,AVAILABLE,synthetic planned availability window,LOW,TRUE,TRUE
AV02100,SEC_SHI_PUN,13-02-2026,8.30,10.36,UNAVAILABLE,synthetic planned availability window,MEDIUM,FALSE,TRUE
AV02101,SEC_SHI_PUN,16-02-2026,17.28,19.41,AVAILABLE,synthetic planned availability window,LOW,FALSE,TRUE
AV02102,SEC_TAL_CHI,04-02-2026,14.47,17.05,AVAILABLE,synthetic planned availability window,HIGH,TRUE,TRUE
AV02103,SEC_SHI_PUN,05-03-2026,20.37,23.29,RESTRICTED,synthetic planned availability window,LOW,TRUE,TRUE
AV02104,SEC_TAL_CHI,07-03-2026,12.38,15.28,AVAILABLE,synthetic planned availability window,HIGH,TRUE,TRUE
AV02105,SEC_LON_TAL,27-02-2026,21.17,23.44,UNAVAILABLE,synthetic planned availability window,LOW,FALSE,TRUE
AV02106,SEC_LON_TAL,22-02-2026,19.01,21.22,RESTRICTED,synthetic planned availability window,HIGH,TRUE,TRUE
AV02107,SEC_KAL_KAR,17-03-2026,4.36,6.44,RESTRICTED,synthetic planned availability window,LOW,TRUE,TRUE
AV02108,SEC_KHA_LON,13-03-2026,14.49,16.47,AVAILABLE,synthetic planned availability window,LOW,FALSE,TRUE
AV02109,SEC_KAL_KAR,22-03-2026,4.38,6.54,RESTRICTED,synthetic planned availability window,MEDIUM,TRUE,TRUE
AV02110,SEC_KHA_LON,18-01-2026,8.55,11.43,AVAILABLE,synthetic planned availability window,LOW,FALSE,TRUE
AV02111,SEC_TAL_CHI,08-03-2026,20.59,23.24,UNAVAILABLE,synthetic planned availability window,MEDIUM,TRUE,TRUE
AV02112,SEC_DAD_THA,14-02-2026,5.30,7.40,RESTRICTED,synthetic planned availability window,HIGH,TRUE,TRUE
AV02113,SEC_DAD_THA,31-01-2026,19.52,21.48,UNAVAILABLE,synthetic planned availability window,LOW,TRUE,TRUE
AV02114,SEC_TAL_CHI,26-02-2026,16.36,18.46,RESTRICTED,synthetic planned availability window,LOW,TRUE,TRUE
AV02115,SEC_KAL_KAR,14-03-2026,20.30,23.21,RESTRICTED,synthetic planned availability window,MEDIUM,TRUE,TRUE
AV02116,SEC_KHA_LON,07-03-2026,8.41,11.21,AVAILABLE,synthetic planned availability window,HIGH,TRUE,TRUE
AV02117,SEC_THA_KAL,26-01-2026,19.02,21.34,UNAVAILABLE,synthetic planned availability window,MEDIUM,FALSE,TRUE
AV02118,SEC_THA_KAL,08-01-2026,15.18,17.47,AVAILABLE,synthetic planned availability window,HIGH,TRUE,TRUE
AV02119,SEC_LON_TAL,19-01-2026,3.45,5.51,UNAVAILABLE,synthetic planned availability window,HIGH,TRUE,TRUE
AV02120,SEC_SHI_PUN,13-03-2026,10.12,12.04,AVAILABLE,synthetic planned availability window,HIGH,TRUE,TRUE
AV02121,SEC_DAD_THA,19-02-2026,10.47,13.47,UNAVAILABLE,synthetic planned availability window,HIGH,TRUE,TRUE
AV02122,SEC_SHI_PUN,09-02-2026,17.16,20.00,RESTRICTED,synthetic planned availability window,MEDIUM,TRUE,TRUE
AV02123,SEC_TAL_CHI,03-03-2026,13.43,15.46,RESTRICTED,synthetic planned availability window,MEDIUM,TRUE,TRUE
AV02124,SEC_CHI_SHI,10-03-2026,19.55,22.04,RESTRICTED,synthetic planned availability window,HIGH,FALSE,TRUE
AV02125,SEC_DAD_THA,11-02-2026,16.07,18.30,UNAVAILABLE,synthetic planned availability window,MEDIUM,TRUE,TRUE
AV02126,SEC_TAL_CHI,14-02-2026,21.07,22.20,UNAVAILABLE,synthetic planned availability window,LOW,TRUE,TRUE
AV02127,SEC_TAL_CHI,08-01-2026,6.20,8.11,RESTRICTED,synthetic planned availability window,HIGH,FALSE,TRUE
AV02128,SEC_CHI_SHI,26-03-2026,2.06,3.30,RESTRICTED,synthetic planned availability window,LOW,FALSE,TRUE
AV02129,SEC_MUM_DAD,21-02-2026,10.30,12.12,RESTRICTED,synthetic planned availability window,MEDIUM,FALSE,TRUE
AV02130,SEC_THA_KAL,16-01-2026,5.49,7.19,AVAILABLE,synthetic planned availability window,MEDIUM,TRUE,TRUE
AV02131,SEC_KHA_LON,26-01-2026,12.28,14.35,RESTRICTED,synthetic planned availability window,HIGH,TRUE,TRUE
AV02132,SEC_LON_TAL,13-02-2026,17.11,18.42,AVAILABLE,synthetic planned availability window,MEDIUM,TRUE,TRUE
AV02133,SEC_LON_TAL,11-03-2026,5.40,7.52,RESTRICTED,synthetic planned availability window,LOW,TRUE,TRUE
AV02134,SEC_THA_KAL,19-03-2026,9.27,10.29,RESTRICTED,synthetic planned availability window,HIGH,TRUE,TRUE
AV02135,SEC_LON_TAL,24-01-2026,7.08,10.02,UNAVAILABLE,synthetic planned availability window,MEDIUM,FALSE,TRUE
AV02136,SEC_THA_KAL,06-03-2026,11.21,13.15,RESTRICTED,synthetic planned availability window,LOW,TRUE,TRUE
AV02137,SEC_THA_KAL,06-02-2026,0.28,2.44,RESTRICTED,synthetic planned availability window,HIGH,TRUE,TRUE
AV02138,SEC_KHA_LON,05-01-2026,3.23,4.55,AVAILABLE,synthetic planned availability window,MEDIUM,TRUE,TRUE
AV02139,SEC_SHI_PUN,26-02-2026,18.19,21.14,UNAVAILABLE,synthetic planned availability window,LOW,FALSE,TRUE
AV02140,SEC_SHI_PUN,20-03-2026,12.20,14.43,UNAVAILABLE,synthetic planned availability window,HIGH,TRUE,TRUE
AV02141,SEC_SHI_PUN,22-02-2026,15.23,17.39,RESTRICTED,synthetic planned availability window,HIGH,TRUE,TRUE
AV02142,SEC_SHI_PUN,19-03-2026,11.51,13.51,AVAILABLE,synthetic planned availability window,MEDIUM,TRUE,TRUE
AV02143,SEC_DAD_THA,25-01-2026,1.10,3.51,RESTRICTED,synthetic planned availability window,LOW,TRUE,TRUE
AV02144,SEC_KAL_KAR,11-02-2026,15.32,18.25,RESTRICTED,synthetic planned availability window,LOW,TRUE,TRUE
AV02145,SEC_LON_TAL,19-03-2026,15.10,17.24,UNAVAILABLE,synthetic planned availability window,HIGH,TRUE,TRUE
AV02146,SEC_SHI_PUN,14-01-2026,8.34,9.48,RESTRICTED,synthetic planned availability window,LOW,TRUE,TRUE
AV02147,SEC_KAL_KAR,14-03-2026,2.42,5.40,AVAILABLE,synthetic planned availability window,HIGH,TRUE,TRUE
AV02148,SEC_DAD_THA,15-03-2026,4.58,6.20,AVAILABLE,synthetic planned availability window,LOW,FALSE,TRUE
AV02149,SEC_SHI_PUN,01-01-2026,11.03,12.08,UNAVAILABLE,synthetic planned availability window,LOW,FALSE,TRUE
AV02150,SEC_THA_KAL,09-03-2026,8.44,10.31,AVAILABLE,synthetic planned availability window,LOW,TRUE,TRUE
AV02151,SEC_MUM_DAD,22-01-2026,15.06,16.47,RESTRICTED,synthetic planned availability window,MEDIUM,FALSE,TRUE
AV02152,SEC_TAL_CHI,04-02-2026,11.53,13.37,UNAVAILABLE,synthetic planned availability window,HIGH,TRUE,TRUE
AV02153,SEC_DAD_THA,21-02-2026,6.45,9.11,AVAILABLE,synthetic planned availability window,HIGH,TRUE,TRUE
AV02154,SEC_KAL_KAR,17-03-2026,13.36,15.23,UNAVAILABLE,synthetic planned availability window,HIGH,FALSE,TRUE
AV02155,SEC_KAL_KAR,04-01-2026,7.43,8.43,AVAILABLE,synthetic planned availability window,LOW,TRUE,TRUE
AV02156,SEC_SHI_PUN,17-01-2026,4.40,6.02,UNAVAILABLE,synthetic planned availability window,LOW,TRUE,TRUE
AV02157,SEC_SHI_PUN,06-02-2026,13.32,15.47,AVAILABLE,synthetic planned availability window,MEDIUM,FALSE,TRUE
AV02158,SEC_TAL_CHI,28-03-2026,11.22,14.01,AVAILABLE,synthetic planned availability window,MEDIUM,TRUE,TRUE
AV02159,SEC_SHI_PUN,26-03-2026,0.16,1.43,UNAVAILABLE,synthetic planned availability window,MEDIUM,TRUE,TRUE
AV02160,SEC_CHI_SHI,23-01-2026,5.50,8.37,UNAVAILABLE,synthetic planned availability window,LOW,TRUE,TRUE
AV02161,SEC_CHI_SHI,23-02-2026,17.51,19.37,UNAVAILABLE,synthetic planned availability window,MEDIUM,TRUE,TRUE
AV02162,SEC_TAL_CHI,11-01-2026,13.17,15.15,AVAILABLE,synthetic planned availability window,LOW,TRUE,TRUE
AV02163,SEC_THA_KAL,03-03-2026,4.28,6.24,RESTRICTED,synthetic planned availability window,MEDIUM,FALSE,TRUE
AV02164,SEC_KAR_KHA,09-02-2026,9.01,11.19,RESTRICTED,synthetic planned availability window,HIGH,TRUE,TRUE
AV02165,SEC_THA_KAL,20-03-2026,20.30,22.17,AVAILABLE,synthetic planned availability window,MEDIUM,TRUE,TRUE
AV02166,SEC_KHA_LON,28-03-2026,9.23,11.30,RESTRICTED,synthetic planned availability window,HIGH,TRUE,TRUE
AV02167,SEC_KHA_LON,01-02-2026,18.46,21.02,UNAVAILABLE,synthetic planned availability window,MEDIUM,TRUE,TRUE
AV02168,SEC_KHA_LON,06-01-2026,21.55,23.59,AVAILABLE,synthetic planned availability window,HIGH,TRUE,TRUE
AV02169,SEC_LON_TAL,31-03-2026,5.56,7.32,AVAILABLE,synthetic planned availability window,HIGH,FALSE,TRUE
AV02170,SEC_KAR_KHA,31-03-2026,10.02,12.34,UNAVAILABLE,synthetic planned availability window,MEDIUM,TRUE,TRUE
AV02171,SEC_LON_TAL,04-03-2026,14.58,17.30,RESTRICTED,synthetic planned availability window,HIGH,TRUE,TRUE
AV02172,SEC_DAD_THA,01-01-2026,0.01,2.37,AVAILABLE,synthetic planned availability window,HIGH,FALSE,TRUE
AV02173,SEC_CHI_SHI,08-01-2026,20.56,23.22,RESTRICTED,synthetic planned availability window,MEDIUM,TRUE,TRUE
AV02174,SEC_KAR_KHA,02-03-2026,15.51,17.26,RESTRICTED,synthetic planned availability window,HIGH,TRUE,TRUE
AV02175,SEC_KAR_KHA,02-02-2026,12.52,14.39,RESTRICTED,synthetic planned availability window,LOW,TRUE,TRUE
AV02176,SEC_TAL_CHI,01-02-2026,0.14,2.28,AVAILABLE,synthetic planned availability window,LOW,TRUE,TRUE
AV02177,SEC_KAL_KAR,16-01-2026,20.50,21.51,UNAVAILABLE,synthetic planned availability window,LOW,TRUE,TRUE
AV02178,SEC_CHI_SHI,15-02-2026,2.51,4.32,UNAVAILABLE,synthetic planned availability window,HIGH,TRUE,TRUE
AV02179,SEC_KHA_LON,06-02-2026,14.34,16.12,RESTRICTED,synthetic planned availability window,LOW,TRUE,TRUE
AV02180,SEC_TAL_CHI,12-01-2026,13.43,16.28,RESTRICTED,synthetic planned availability window,MEDIUM,TRUE,TRUE
AV02181,SEC_LON_TAL,23-03-2026,11.11,14.11,RESTRICTED,synthetic planned availability window,MEDIUM,TRUE,TRUE
AV02182,SEC_CHI_SHI,05-01-2026,11.31,13.17,RESTRICTED,synthetic planned availability window,LOW,FALSE,TRUE
AV02183,SEC_SHI_PUN,28-03-2026,5.15,7.47,UNAVAILABLE,synthetic planned availability window,LOW,FALSE,TRUE
AV02184,SEC_TAL_CHI,06-03-2026,4.01,6.47,AVAILABLE,synthetic planned availability window,LOW,TRUE,TRUE
AV02185,SEC_SHI_PUN,11-02-2026,0.02,2.02,RESTRICTED,synthetic planned availability window,LOW,TRUE,TRUE
AV02186,SEC_CHI_SHI,25-03-2026,19.20,21.21,AVAILABLE,synthetic planned availability window,HIGH,FALSE,TRUE
AV02187,SEC_SHI_PUN,03-01-2026,21.47,22.48,UNAVAILABLE,synthetic planned availability window,MEDIUM,TRUE,TRUE
AV02188,SEC_SHI_PUN,31-03-2026,8.43,10.17,RESTRICTED,synthetic planned availability window,MEDIUM,TRUE,TRUE
AV02189,SEC_SHI_PUN,17-03-2026,11.05,14.01,UNAVAILABLE,synthetic planned availability window,HIGH,FALSE,TRUE
AV02190,SEC_SHI_PUN,22-01-2026,16.24,19.12,RESTRICTED,synthetic planned availability window,HIGH,TRUE,TRUE
AV02191,SEC_LON_TAL,28-02-2026,18.18,19.25,UNAVAILABLE,synthetic planned availability window,HIGH,TRUE,TRUE
AV02192,SEC_TAL_CHI,04-02-2026,9.42,12.11,AVAILABLE,synthetic planned availability window,LOW,TRUE,TRUE
AV02193,SEC_SHI_PUN,08-03-2026,7.32,10.13,AVAILABLE,synthetic planned availability window,LOW,TRUE,TRUE
AV02194,SEC_CHI_SHI,17-01-2026,14.47,16.22,AVAILABLE,synthetic planned availability window,MEDIUM,FALSE,TRUE
AV02195,SEC_DAD_THA,21-01-2026,8.51,10.55,AVAILABLE,synthetic planned availability window,MEDIUM,FALSE,TRUE
AV02196,SEC_KHA_LON,20-03-2026,1.11,2.21,AVAILABLE,synthetic planned availability window,LOW,TRUE,TRUE
AV02197,SEC_MUM_DAD,15-02-2026,16.45,19.14,UNAVAILABLE,synthetic planned availability window,HIGH,FALSE,TRUE
AV02198,SEC_DAD_THA,26-03-2026,19.27,21.22,AVAILABLE,synthetic planned availability window,HIGH,TRUE,TRUE
AV02199,SEC_CHI_SHI,12-03-2026,11.24,13.13,RESTRICTED,synthetic planned availability window,HIGH,FALSE,TRUE
AV02200,SEC_KAR_KHA,18-02-2026,11.34,13.51,RESTRICTED,synthetic planned availability window,HIGH,TRUE,TRUE
AV02201,SEC_SHI_PUN,01-02-2026,17.19,18.20,UNAVAILABLE,synthetic planned availability window,HIGH,TRUE,TRUE
AV02202,SEC_LON_TAL,11-01-2026,6.06,7.08,UNAVAILABLE,synthetic planned availability window,MEDIUM,FALSE,TRUE
AV02203,SEC_TAL_CHI,09-03-2026,12.48,15.09,UNAVAILABLE,synthetic planned availability window,MEDIUM,TRUE,TRUE
AV02204,SEC_THA_KAL,07-02-2026,17.40,19.46,UNAVAILABLE,synthetic planned availability window,HIGH,TRUE,TRUE
AV02205,SEC_DAD_THA,25-03-2026,19.24,22.24,AVAILABLE,synthetic planned availability window,MEDIUM,TRUE,TRUE
AV02206,SEC_SHI_PUN,30-03-2026,5.04,6.52,UNAVAILABLE,synthetic planned availability window,MEDIUM,FALSE,TRUE
AV02207,SEC_SHI_PUN,05-02-2026,11.22,12.30,RESTRICTED,synthetic planned availability window,LOW,TRUE,TRUE
AV02208,SEC_KHA_LON,23-03-2026,2.31,4.40,UNAVAILABLE,synthetic planned availability window,MEDIUM,FALSE,TRUE
AV02209,SEC_KAR_KHA,02-01-2026,13.52,16.03,RESTRICTED,synthetic planned availability window,HIGH,FALSE,TRUE
AV02210,SEC_CHI_SHI,29-01-2026,7.50,9.36,UNAVAILABLE,synthetic planned availability window,LOW,TRUE,TRUE
AV02211,SEC_MUM_DAD,24-02-2026,13.35,14.48,UNAVAILABLE,synthetic planned availability window,LOW,TRUE,TRUE
AV02212,SEC_THA_KAL,27-01-2026,13.08,15.04,RESTRICTED,synthetic planned availability window,HIGH,FALSE,TRUE
AV02213,SEC_KHA_LON,05-01-2026,17.23,18.38,UNAVAILABLE,synthetic planned availability window,HIGH,FALSE,TRUE
AV02214,SEC_LON_TAL,13-03-2026,21.39,23.59,AVAILABLE,synthetic planned availability window,LOW,FALSE,TRUE
AV02215,SEC_CHI_SHI,02-02-2026,11.51,13.58,AVAILABLE,synthetic planned availability window,HIGH,TRUE,TRUE
AV02216,SEC_LON_TAL,04-03-2026,2.50,5.00,AVAILABLE,synthetic planned availability window,LOW,TRUE,TRUE
AV02217,SEC_THA_KAL,28-01-2026,10.27,12.15,AVAILABLE,synthetic planned availability window,HIGH,TRUE,TRUE
AV02218,SEC_DAD_THA,31-03-2026,8.19,10.33,AVAILABLE,synthetic planned availability window,MEDIUM,FALSE,TRUE
AV02219,SEC_LON_TAL,15-03-2026,8.59,11.01,UNAVAILABLE,synthetic planned availability window,MEDIUM,TRUE,TRUE
AV02220,SEC_MUM_DAD,08-01-2026,20.41,21.43,RESTRICTED,synthetic planned availability window,LOW,FALSE,TRUE
AV02221,SEC_MUM_DAD,20-03-2026,14.26,16.17,AVAILABLE,synthetic planned availability window,MEDIUM,TRUE,TRUE
AV02222,SEC_THA_KAL,26-03-2026,20.42,22.41,RESTRICTED,synthetic planned availability window,HIGH,TRUE,TRUE
AV02223,SEC_MUM_DAD,21-01-2026,17.31,19.44,RESTRICTED,synthetic planned availability window,LOW,TRUE,TRUE
AV02224,SEC_MUM_DAD,17-02-2026,0.46,2.53,UNAVAILABLE,synthetic planned availability window,HIGH,TRUE,TRUE
AV02225,SEC_SHI_PUN,03-03-2026,11.26,12.58,UNAVAILABLE,synthetic planned availability window,MEDIUM,TRUE,TRUE
AV02226,SEC_TAL_CHI,15-02-2026,18.05,20.12,UNAVAILABLE,synthetic planned availability window,HIGH,FALSE,TRUE
AV02227,SEC_KAR_KHA,24-02-2026,6.20,8.51,RESTRICTED,synthetic planned availability window,HIGH,TRUE,TRUE
AV02228,SEC_TAL_CHI,09-02-2026,1.51,3.45,RESTRICTED,synthetic planned availability window,LOW,TRUE,TRUE
AV02229,SEC_KAR_KHA,10-02-2026,11.38,13.13,UNAVAILABLE,synthetic planned availability window,MEDIUM,TRUE,TRUE
AV02230,SEC_DAD_THA,17-01-2026,2.20,4.16,RESTRICTED,synthetic planned availability window,LOW,TRUE,TRUE
AV02231,SEC_THA_KAL,15-03-2026,2.29,3.48,RESTRICTED,synthetic planned availability window,MEDIUM,FALSE,TRUE
AV02232,SEC_THA_KAL,09-01-2026,14.10,16.41,RESTRICTED,synthetic planned availability window,MEDIUM,FALSE,TRUE
AV02233,SEC_TAL_CHI,20-03-2026,3.30,4.57,UNAVAILABLE,synthetic planned availability window,LOW,TRUE,TRUE
AV02234,SEC_TAL_CHI,31-03-2026,6.52,9.22,AVAILABLE,synthetic planned availability window,MEDIUM,TRUE,TRUE
AV02235,SEC_DAD_THA,19-01-2026,8.39,10.32,UNAVAILABLE,synthetic planned availability window,HIGH,FALSE,TRUE
AV02236,SEC_DAD_THA,11-02-2026,0.19,2.00,RESTRICTED,synthetic planned availability window,MEDIUM,FALSE,TRUE
AV02237,SEC_KAR_KHA,08-02-2026,13.23,15.06,AVAILABLE,synthetic planned availability window,LOW,TRUE,TRUE
AV02238,SEC_KAL_KAR,16-01-2026,9.39,12.33,RESTRICTED,synthetic planned availability window,MEDIUM,TRUE,TRUE
AV02239,SEC_KHA_LON,13-01-2026,3.41,4.44,RESTRICTED,synthetic planned availability window,HIGH,TRUE,TRUE
AV02240,SEC_KHA_LON,04-02-2026,17.40,19.17,UNAVAILABLE,synthetic planned availability window,LOW,FALSE,TRUE
AV02241,SEC_CHI_SHI,02-01-2026,9.03,10.38,UNAVAILABLE,synthetic planned availability window,LOW,FALSE,TRUE
AV02242,SEC_TAL_CHI,31-01-2026,21.15,23.46,UNAVAILABLE,synthetic planned availability window,MEDIUM,FALSE,TRUE
AV02243,SEC_KHA_LON,02-02-2026,16.27,18.13,UNAVAILABLE,synthetic planned availability window,HIGH,TRUE,TRUE
AV02244,SEC_KHA_LON,30-01-2026,15.45,16.53,UNAVAILABLE,synthetic planned availability window,HIGH,TRUE,TRUE
AV02245,SEC_THA_KAL,05-03-2026,12.30,15.28,AVAILABLE,synthetic planned availability window,HIGH,FALSE,TRUE
AV02246,SEC_THA_KAL,24-01-2026,11.50,14.21,AVAILABLE,synthetic planned availability window,MEDIUM,TRUE,TRUE
AV02247,SEC_DAD_THA,21-01-2026,11.44,13.43,AVAILABLE,synthetic planned availability window,HIGH,TRUE,TRUE
AV02248,SEC_THA_KAL,30-03-2026,4.46,7.37,RESTRICTED,synthetic planned availability window,HIGH,TRUE,TRUE
AV02249,SEC_THA_KAL,12-02-2026,11.11,14.06,UNAVAILABLE,synthetic planned availability window,HIGH,TRUE,TRUE
AV02250,SEC_KAR_KHA,30-01-2026,8.18,9.38,UNAVAILABLE,synthetic planned availability window,MEDIUM,FALSE,TRUE
AV02251,SEC_KHA_LON,18-01-2026,0.39,2.39,RESTRICTED,synthetic planned availability window,MEDIUM,TRUE,TRUE
AV02252,SEC_TAL_CHI,23-01-2026,9.28,11.46,UNAVAILABLE,synthetic planned availability window,HIGH,TRUE,TRUE
AV02253,SEC_KAL_KAR,21-01-2026,4.43,6.31,RESTRICTED,synthetic planned availability window,MEDIUM,TRUE,TRUE
AV02254,SEC_KAL_KAR,19-02-2026,21.29,23.28,UNAVAILABLE,synthetic planned availability window,HIGH,TRUE,TRUE
AV02255,SEC_MUM_DAD,26-03-2026,12.10,14.28,AVAILABLE,synthetic planned availability window,MEDIUM,FALSE,TRUE
AV02256,SEC_MUM_DAD,19-01-2026,6.00,8.11,RESTRICTED,synthetic planned availability window,HIGH,FALSE,TRUE
AV02257,SEC_KHA_LON,19-02-2026,11.06,13.35,RESTRICTED,synthetic planned availability window,MEDIUM,FALSE,TRUE
AV02258,SEC_MUM_DAD,16-03-2026,13.41,16.14,AVAILABLE,synthetic planned availability window,LOW,TRUE,TRUE
AV02259,SEC_CHI_SHI,21-03-2026,14.25,16.42,UNAVAILABLE,synthetic planned availability window,HIGH,TRUE,TRUE
AV02260,SEC_THA_KAL,12-01-2026,16.16,17.51,AVAILABLE,synthetic planned availability window,MEDIUM,FALSE,TRUE
AV02261,SEC_THA_KAL,17-01-2026,19.07,20.18,AVAILABLE,synthetic planned availability window,MEDIUM,TRUE,TRUE
AV02262,SEC_CHI_SHI,29-03-2026,0.36,1.49,AVAILABLE,synthetic planned availability window,MEDIUM,TRUE,TRUE
AV02263,SEC_SHI_PUN,12-01-2026,18.16,21.09,RESTRICTED,synthetic planned availability window,MEDIUM,TRUE,TRUE
AV02264,SEC_MUM_DAD,15-01-2026,20.17,22.19,RESTRICTED,synthetic planned availability window,MEDIUM,TRUE,TRUE
AV02265,SEC_KAR_KHA,25-02-2026,6.23,7.31,UNAVAILABLE,synthetic planned availability window,LOW,FALSE,TRUE
AV02266,SEC_KAL_KAR,02-01-2026,7.57,9.59,AVAILABLE,synthetic planned availability window,HIGH,FALSE,TRUE
AV02267,SEC_LON_TAL,14-02-2026,6.30,7.57,AVAILABLE,synthetic planned availability window,LOW,TRUE,TRUE
AV02268,SEC_SHI_PUN,12-01-2026,17.08,18.17,UNAVAILABLE,synthetic planned availability window,LOW,TRUE,TRUE
AV02269,SEC_LON_TAL,18-02-2026,4.06,5.18,UNAVAILABLE,synthetic planned availability window,MEDIUM,TRUE,TRUE
AV02270,SEC_DAD_THA,27-01-2026,17.03,18.23,UNAVAILABLE,synthetic planned availability window,MEDIUM,TRUE,TRUE
AV02271,SEC_KAL_KAR,17-02-2026,12.20,15.03,AVAILABLE,synthetic planned availability window,LOW,TRUE,TRUE
AV02272,SEC_KAR_KHA,29-01-2026,10.46,13.17,AVAILABLE,synthetic planned availability window,MEDIUM,TRUE,TRUE
AV02273,SEC_TAL_CHI,04-02-2026,18.34,20.28,RESTRICTED,synthetic planned availability window,LOW,FALSE,TRUE
AV02274,SEC_TAL_CHI,04-03-2026,17.29,19.59,UNAVAILABLE,synthetic planned availability window,HIGH,FALSE,TRUE
AV02275,SEC_SHI_PUN,01-01-2026,6.58,9.03,RESTRICTED,synthetic planned availability window,HIGH,TRUE,TRUE
AV02276,SEC_SHI_PUN,22-01-2026,20.06,21.55,UNAVAILABLE,synthetic planned availability window,LOW,TRUE,TRUE
AV02277,SEC_SHI_PUN,29-03-2026,17.31,19.17,UNAVAILABLE,synthetic planned availability window,HIGH,FALSE,TRUE
AV02278,SEC_MUM_DAD,10-01-2026,16.55,19.25,AVAILABLE,synthetic planned availability window,LOW,TRUE,TRUE
AV02279,SEC_SHI_PUN,20-03-2026,6.36,8.31,AVAILABLE,synthetic planned availability window,MEDIUM,TRUE,TRUE
AV02280,SEC_TAL_CHI,14-01-2026,20.37,22.50,UNAVAILABLE,synthetic planned availability window,LOW,TRUE,TRUE
AV02281,SEC_MUM_DAD,24-03-2026,9.41,12.21,RESTRICTED,synthetic planned availability window,HIGH,TRUE,TRUE
AV02282,SEC_MUM_DAD,25-02-2026,15.04,17.05,RESTRICTED,synthetic planned availability window,LOW,FALSE,TRUE
AV02283,SEC_DAD_THA,16-02-2026,21.33,23.06,AVAILABLE,synthetic planned availability window,HIGH,FALSE,TRUE
AV02284,SEC_THA_KAL,09-02-2026,16.49,18.40,AVAILABLE,synthetic planned availability window,MEDIUM,TRUE,TRUE
AV02285,SEC_LON_TAL,09-01-2026,10.12,12.32,RESTRICTED,synthetic planned availability window,MEDIUM,FALSE,TRUE
AV02286,SEC_KAR_KHA,03-02-2026,2.50,4.19,AVAILABLE,synthetic planned availability window,LOW,TRUE,TRUE
AV02287,SEC_LON_TAL,26-02-2026,14.35,16.28,UNAVAILABLE,synthetic planned availability window,MEDIUM,FALSE,TRUE
AV02288,SEC_THA_KAL,31-01-2026,4.42,6.08,UNAVAILABLE,synthetic planned availability window,MEDIUM,FALSE,TRUE
AV02289,SEC_MUM_DAD,10-03-2026,0.58,3.29,RESTRICTED,synthetic planned availability window,LOW,TRUE,TRUE
AV02290,SEC_LON_TAL,28-02-2026,9.13,10.36,RESTRICTED,synthetic planned availability window,HIGH,TRUE,TRUE
AV02291,SEC_TAL_CHI,29-03-2026,0.34,2.31,RESTRICTED,synthetic planned availability window,MEDIUM,TRUE,TRUE
AV02292,SEC_KHA_LON,26-01-2026,17.32,19.25,RESTRICTED,synthetic planned availability window,LOW,TRUE,TRUE
AV02293,SEC_SHI_PUN,14-01-2026,21.46,23.49,RESTRICTED,synthetic planned availability window,MEDIUM,TRUE,TRUE
AV02294,SEC_KHA_LON,17-02-2026,4.44,6.07,AVAILABLE,synthetic planned availability window,LOW,FALSE,TRUE
AV02295,SEC_CHI_SHI,31-01-2026,13.02,14.57,UNAVAILABLE,synthetic planned availability window,MEDIUM,TRUE,TRUE
AV02296,SEC_TAL_CHI,22-02-2026,2.12,4.45,AVAILABLE,synthetic planned availability window,LOW,FALSE,TRUE
AV02297,SEC_THA_KAL,21-01-2026,1.25,2.36,UNAVAILABLE,synthetic planned availability window,HIGH,TRUE,TRUE
AV02298,SEC_CHI_SHI,06-02-2026,15.23,17.09,RESTRICTED,synthetic planned availability window,MEDIUM,FALSE,TRUE
AV02299,SEC_TAL_CHI,08-03-2026,7.47,10.30,RESTRICTED,synthetic planned availability window,HIGH,TRUE,TRUE
AV02300,SEC_TAL_CHI,20-01-2026,8.11,10.27,AVAILABLE,synthetic planned availability window,HIGH,TRUE,TRUE
AV02301,SEC_CHI_SHI,02-02-2026,7.00,9.22,RESTRICTED,synthetic planned availability window,HIGH,TRUE,TRUE
AV02302,SEC_KAL_KAR,30-01-2026,17.26,18.40,UNAVAILABLE,synthetic planned availability window,LOW,TRUE,TRUE
AV02303,SEC_DAD_THA,05-02-2026,7.51,10.30,AVAILABLE,synthetic planned availability window,MEDIUM,TRUE,TRUE
AV02304,SEC_THA_KAL,04-01-2026,11.21,13.41,UNAVAILABLE,synthetic planned availability window,LOW,FALSE,TRUE
AV02305,SEC_MUM_DAD,24-01-2026,21.20,23.08,RESTRICTED,synthetic planned availability window,LOW,FALSE,TRUE
AV02306,SEC_KAR_KHA,26-02-2026,17.57,20.02,UNAVAILABLE,synthetic planned availability window,MEDIUM,FALSE,TRUE
AV02307,SEC_DAD_THA,21-02-2026,15.14,17.50,UNAVAILABLE,synthetic planned availability window,MEDIUM,TRUE,TRUE
AV02308,SEC_KHA_LON,04-02-2026,20.00,21.39,AVAILABLE,synthetic planned availability window,HIGH,TRUE,TRUE
AV02309,SEC_DAD_THA,02-02-2026,3.08,4.27,AVAILABLE,synthetic planned availability window,HIGH,TRUE,TRUE
AV02310,SEC_LON_TAL,26-01-2026,18.18,20.21,AVAILABLE,synthetic planned availability window,HIGH,TRUE,TRUE
AV02311,SEC_KAL_KAR,05-02-2026,9.24,11.39,AVAILABLE,synthetic planned availability window,HIGH,TRUE,TRUE
AV02312,SEC_THA_KAL,21-02-2026,14.37,16.45,AVAILABLE,synthetic planned availability window,HIGH,TRUE,TRUE
AV02313,SEC_KAR_KHA,19-03-2026,14.37,15.55,UNAVAILABLE,synthetic planned availability window,LOW,FALSE,TRUE
AV02314,SEC_KAR_KHA,20-02-2026,18.16,19.31,UNAVAILABLE,synthetic planned availability window,HIGH,TRUE,TRUE
AV02315,SEC_MUM_DAD,15-01-2026,1.04,3.40,RESTRICTED,synthetic planned availability window,MEDIUM,FALSE,TRUE
AV02316,SEC_LON_TAL,31-03-2026,8.41,10.55,AVAILABLE,synthetic planned availability window,HIGH,TRUE,TRUE
AV02317,SEC_KAR_KHA,23-03-2026,7.47,9.17,RESTRICTED,synthetic planned availability window,HIGH,TRUE,TRUE
AV02318,SEC_KAR_KHA,05-03-2026,16.25,17.28,UNAVAILABLE,synthetic planned availability window,LOW,FALSE,TRUE
AV02319,SEC_KAL_KAR,29-01-2026,15.48,18.36,RESTRICTED,synthetic planned availability window,MEDIUM,FALSE,TRUE
AV02320,SEC_LON_TAL,22-02-2026,12.08,13.14,RESTRICTED,synthetic planned availability window,MEDIUM,FALSE,TRUE
AV02321,SEC_CHI_SHI,10-03-2026,0.50,2.15,RESTRICTED,synthetic planned availability window,MEDIUM,TRUE,TRUE
AV02322,SEC_KAL_KAR,02-02-2026,19.50,21.09,UNAVAILABLE,synthetic planned availability window,MEDIUM,TRUE,TRUE
AV02323,SEC_LON_TAL,04-01-2026,1.43,3.54,RESTRICTED,synthetic planned availability window,MEDIUM,FALSE,TRUE
AV02324,SEC_TAL_CHI,12-02-2026,16.31,19.18,AVAILABLE,synthetic planned availability window,HIGH,TRUE,TRUE
AV02325,SEC_KAR_KHA,27-01-2026,13.31,16.17,UNAVAILABLE,synthetic planned availability window,LOW,TRUE,TRUE
AV02326,SEC_THA_KAL,27-01-2026,12.23,13.29,UNAVAILABLE,synthetic planned availability window,HIGH,TRUE,TRUE
AV02327,SEC_KHA_LON,10-03-2026,9.55,11.42,RESTRICTED,synthetic planned availability window,MEDIUM,TRUE,TRUE
AV02328,SEC_THA_KAL,14-01-2026,14.25,17.04,UNAVAILABLE,synthetic planned availability window,LOW,FALSE,TRUE
AV02329,SEC_CHI_SHI,31-01-2026,1.13,2.23,RESTRICTED,synthetic planned availability window,LOW,TRUE,TRUE
AV02330,SEC_TAL_CHI,18-02-2026,3.24,5.38,RESTRICTED,synthetic planned availability window,MEDIUM,TRUE,TRUE
AV02331,SEC_CHI_SHI,18-01-2026,2.56,5.24,AVAILABLE,synthetic planned availability window,LOW,TRUE,TRUE
AV02332,SEC_TAL_CHI,06-03-2026,8.15,9.42,UNAVAILABLE,synthetic planned availability window,HIGH,TRUE,TRUE
AV02333,SEC_KAR_KHA,11-01-2026,0.05,1.32,AVAILABLE,synthetic planned availability window,HIGH,TRUE,TRUE
AV02334,SEC_KAR_KHA,13-03-2026,2.41,3.42,UNAVAILABLE,synthetic planned availability window,HIGH,FALSE,TRUE
AV02335,SEC_DAD_THA,09-02-2026,0.53,3.37,AVAILABLE,synthetic planned availability window,HIGH,TRUE,TRUE
AV02336,SEC_THA_KAL,22-02-2026,20.42,22.20,RESTRICTED,synthetic planned availability window,HIGH,FALSE,TRUE
AV02337,SEC_LON_TAL,09-03-2026,3.36,5.56,RESTRICTED,synthetic planned availability window,LOW,TRUE,TRUE
AV02338,SEC_KHA_LON,06-02-2026,21.30,22.32,RESTRICTED,synthetic planned availability window,LOW,TRUE,TRUE
AV02339,SEC_KHA_LON,20-03-2026,0.25,2.58,RESTRICTED,synthetic planned availability window,MEDIUM,TRUE,TRUE
AV02340,SEC_LON_TAL,23-01-2026,13.29,14.42,AVAILABLE,synthetic planned availability window,LOW,TRUE,TRUE
AV02341,SEC_KAR_KHA,02-01-2026,18.04,19.45,RESTRICTED,synthetic planned availability window,MEDIUM,FALSE,TRUE
AV02342,SEC_SHI_PUN,04-03-2026,21.13,23.39,AVAILABLE,synthetic planned availability window,LOW,TRUE,TRUE
AV02343,SEC_MUM_DAD,22-02-2026,5.10,7.56,RESTRICTED,synthetic planned availability window,LOW,TRUE,TRUE
AV02344,SEC_THA_KAL,05-01-2026,2.18,4.59,AVAILABLE,synthetic planned availability window,MEDIUM,TRUE,TRUE
AV02345,SEC_LON_TAL,29-01-2026,14.05,16.15,UNAVAILABLE,synthetic planned availability window,LOW,FALSE,TRUE
AV02346,SEC_KAL_KAR,30-01-2026,21.36,23.59,RESTRICTED,synthetic planned availability window,MEDIUM,TRUE,TRUE
AV02347,SEC_KHA_LON,04-03-2026,5.50,8.06,RESTRICTED,synthetic planned availability window,HIGH,TRUE,TRUE
AV02348,SEC_KAL_KAR,31-01-2026,12.05,14.02,RESTRICTED,synthetic planned availability window,HIGH,FALSE,TRUE
AV02349,SEC_THA_KAL,13-03-2026,0.10,3.10,UNAVAILABLE,synthetic planned availability window,MEDIUM,TRUE,TRUE
AV02350,SEC_TAL_CHI,04-03-2026,19.07,21.34,RESTRICTED,synthetic planned availability window,LOW,TRUE,TRUE
AV02351,SEC_THA_KAL,24-03-2026,19.19,22.12,UNAVAILABLE,synthetic planned availability window,HIGH,TRUE,TRUE
AV02352,SEC_TAL_CHI,17-03-2026,20.41,22.21,RESTRICTED,synthetic planned availability window,LOW,FALSE,TRUE
AV02353,SEC_KHA_LON,31-03-2026,4.07,5.08,AVAILABLE,synthetic planned availability window,HIGH,TRUE,TRUE
AV02354,SEC_TAL_CHI,11-01-2026,19.39,22.00,UNAVAILABLE,synthetic planned availability window,HIGH,TRUE,TRUE
AV02355,SEC_MUM_DAD,19-03-2026,15.16,16.20,AVAILABLE,synthetic planned availability window,HIGH,TRUE,TRUE
AV02356,SEC_KHA_LON,10-01-2026,19.34,21.22,UNAVAILABLE,synthetic planned availability window,HIGH,FALSE,TRUE
AV02357,SEC_MUM_DAD,16-01-2026,14.29,16.53,AVAILABLE,synthetic planned availability window,MEDIUM,FALSE,TRUE
AV02358,SEC_KAL_KAR,21-03-2026,8.41,11.38,AVAILABLE,synthetic planned availability window,HIGH,FALSE,TRUE
AV02359,SEC_DAD_THA,04-02-2026,5.38,7.13,RESTRICTED,synthetic planned availability window,HIGH,TRUE,TRUE
AV02360,SEC_KAR_KHA,23-01-2026,14.07,16.31,RESTRICTED,synthetic planned availability window,HIGH,TRUE,TRUE
AV02361,SEC_MUM_DAD,12-03-2026,0.31,3.29,RESTRICTED,synthetic planned availability window,LOW,FALSE,TRUE
AV02362,SEC_SHI_PUN,05-02-2026,13.00,14.28,UNAVAILABLE,synthetic planned availability window,HIGH,FALSE,TRUE
AV02363,SEC_KAR_KHA,16-01-2026,21.59,23.45,AVAILABLE,synthetic planned availability window,MEDIUM,FALSE,TRUE
AV02364,SEC_LON_TAL,23-02-2026,15.45,18.30,UNAVAILABLE,synthetic planned availability window,LOW,TRUE,TRUE
AV02365,SEC_KAR_KHA,31-03-2026,21.20,23.01,UNAVAILABLE,synthetic planned availability window,LOW,TRUE,TRUE
AV02366,SEC_KAL_KAR,08-01-2026,16.49,19.44,RESTRICTED,synthetic planned availability window,HIGH,TRUE,TRUE
AV02367,SEC_THA_KAL,21-02-2026,1.19,4.15,AVAILABLE,synthetic planned availability window,HIGH,TRUE,TRUE
AV02368,SEC_LON_TAL,19-01-2026,1.13,2.43,RESTRICTED,synthetic planned availability window,HIGH,FALSE,TRUE
AV02369,SEC_DAD_THA,19-02-2026,3.13,4.51,RESTRICTED,synthetic planned availability window,MEDIUM,TRUE,TRUE
AV02370,SEC_KAL_KAR,31-01-2026,14.03,15.22,UNAVAILABLE,synthetic planned availability window,HIGH,TRUE,TRUE
AV02371,SEC_CHI_SHI,01-03-2026,21.50,23.32,UNAVAILABLE,synthetic planned availability window,HIGH,TRUE,TRUE
AV02372,SEC_LON_TAL,05-03-2026,15.27,17.30,UNAVAILABLE,synthetic planned availability window,LOW,TRUE,TRUE
AV02373,SEC_TAL_CHI,12-02-2026,11.40,14.35,UNAVAILABLE,synthetic planned availability window,HIGH,TRUE,TRUE
AV02374,SEC_MUM_DAD,16-02-2026,0.16,2.48,AVAILABLE,synthetic planned availability window,LOW,TRUE,TRUE
AV02375,SEC_KHA_LON,12-01-2026,12.58,15.40,RESTRICTED,synthetic planned availability window,HIGH,TRUE,TRUE
AV02376,SEC_KAL_KAR,01-01-2026,6.13,8.28,RESTRICTED,synthetic planned availability window,HIGH,FALSE,TRUE
AV02377,SEC_CHI_SHI,29-01-2026,21.42,23.52,AVAILABLE,synthetic planned availability window,MEDIUM,TRUE,TRUE
AV02378,SEC_KAL_KAR,02-01-2026,7.04,8.37,AVAILABLE,synthetic planned availability window,LOW,FALSE,TRUE
AV02379,SEC_KAR_KHA,29-01-2026,9.57,12.17,AVAILABLE,synthetic planned availability window,MEDIUM,TRUE,TRUE
AV02380,SEC_KAR_KHA,08-03-2026,19.34,21.21,UNAVAILABLE,synthetic planned availability window,LOW,TRUE,TRUE
AV02381,SEC_SHI_PUN,25-02-2026,1.30,3.12,AVAILABLE,synthetic planned availability window,HIGH,TRUE,TRUE
AV02382,SEC_TAL_CHI,25-02-2026,20.44,23.42,UNAVAILABLE,synthetic planned availability window,MEDIUM,TRUE,TRUE
AV02383,SEC_KHA_LON,22-01-2026,9.13,11.46,UNAVAILABLE,synthetic planned availability window,HIGH,TRUE,TRUE
AV02384,SEC_TAL_CHI,28-03-2026,0.13,2.05,AVAILABLE,synthetic planned availability window,HIGH,FALSE,TRUE
AV02385,SEC_DAD_THA,09-03-2026,5.21,8.18,AVAILABLE,synthetic planned availability window,MEDIUM,TRUE,TRUE
AV02386,SEC_KAL_KAR,30-03-2026,4.10,6.25,UNAVAILABLE,synthetic planned availability window,LOW,TRUE,TRUE
AV02387,SEC_LON_TAL,07-01-2026,19.02,21.43,RESTRICTED,synthetic planned availability window,HIGH,FALSE,TRUE
AV02388,SEC_DAD_THA,13-03-2026,4.12,6.28,UNAVAILABLE,synthetic planned availability window,LOW,TRUE,TRUE
AV02389,SEC_CHI_SHI,25-02-2026,7.12,9.32,RESTRICTED,synthetic planned availability window,MEDIUM,FALSE,TRUE
AV02390,SEC_SHI_PUN,16-02-2026,21.55,22.59,UNAVAILABLE,synthetic planned availability window,LOW,TRUE,TRUE
AV02391,SEC_KAL_KAR,25-03-2026,14.16,15.24,RESTRICTED,synthetic planned availability window,HIGH,FALSE,TRUE
AV02392,SEC_KAL_KAR,20-03-2026,20.46,21.51,UNAVAILABLE,synthetic planned availability window,HIGH,FALSE,TRUE
AV02393,SEC_LON_TAL,04-01-2026,3.29,4.34,AVAILABLE,synthetic planned availability window,LOW,TRUE,TRUE
AV02394,SEC_CHI_SHI,05-01-2026,17.16,18.21,UNAVAILABLE,synthetic planned availability window,HIGH,TRUE,TRUE
AV02395,SEC_LON_TAL,28-01-2026,18.07,19.15,RESTRICTED,synthetic planned availability window,MEDIUM,FALSE,TRUE
AV02396,SEC_SHI_PUN,25-02-2026,15.30,17.24,AVAILABLE,synthetic planned availability window,HIGH,FALSE,TRUE
AV02397,SEC_KHA_LON,12-02-2026,6.57,8.13,RESTRICTED,synthetic planned availability window,HIGH,TRUE,TRUE
AV02398,SEC_TAL_CHI,24-01-2026,0.46,2.49,AVAILABLE,synthetic planned availability window,HIGH,TRUE,TRUE
AV02399,SEC_THA_KAL,13-03-2026,21.42,23.49,UNAVAILABLE,synthetic planned availability window,LOW,TRUE,TRUE
AV02400,SEC_MUM_DAD,30-03-2026,20.05,22.36,UNAVAILABLE,synthetic planned availability window,LOW,FALSE,TRUE
AV02401,SEC_LON_TAL,04-01-2026,4.30,7.13,AVAILABLE,synthetic planned availability window,HIGH,TRUE,TRUE
AV02402,SEC_KHA_LON,09-01-2026,15.19,17.41,AVAILABLE,synthetic planned availability window,HIGH,FALSE,TRUE
AV02403,SEC_CHI_SHI,10-03-2026,7.31,9.50,RESTRICTED,synthetic planned availability window,LOW,TRUE,TRUE
AV02404,SEC_TAL_CHI,20-02-2026,4.33,6.21,AVAILABLE,synthetic planned availability window,HIGH,TRUE,TRUE
AV02405,SEC_MUM_DAD,06-01-2026,7.09,8.43,UNAVAILABLE,synthetic planned availability window,MEDIUM,TRUE,TRUE
AV02406,SEC_MUM_DAD,30-03-2026,7.36,9.46,AVAILABLE,synthetic planned availability window,MEDIUM,FALSE,TRUE
AV02407,SEC_TAL_CHI,24-03-2026,11.33,13.00,AVAILABLE,synthetic planned availability window,HIGH,FALSE,TRUE
AV02408,SEC_MUM_DAD,20-02-2026,14.35,17.01,UNAVAILABLE,synthetic planned availability window,LOW,TRUE,TRUE
AV02409,SEC_KHA_LON,06-03-2026,3.35,4.36,UNAVAILABLE,synthetic planned availability window,HIGH,TRUE,TRUE
AV02410,SEC_DAD_THA,20-01-2026,0.41,1.57,AVAILABLE,synthetic planned availability window,LOW,TRUE,TRUE
AV02411,SEC_TAL_CHI,20-03-2026,6.19,7.53,AVAILABLE,synthetic planned availability window,MEDIUM,TRUE,TRUE
AV02412,SEC_MUM_DAD,19-03-2026,3.11,4.53,UNAVAILABLE,synthetic planned availability window,LOW,TRUE,TRUE
AV02413,SEC_TAL_CHI,05-01-2026,18.33,19.42,UNAVAILABLE,synthetic planned availability window,LOW,TRUE,TRUE
AV02414,SEC_KAL_KAR,07-03-2026,14.40,16.53,UNAVAILABLE,synthetic planned availability window,MEDIUM,TRUE,TRUE
AV02415,SEC_THA_KAL,14-02-2026,14.51,16.20,AVAILABLE,synthetic planned availability window,HIGH,FALSE,TRUE
AV02416,SEC_THA_KAL,18-03-2026,3.11,4.53,RESTRICTED,synthetic planned availability window,HIGH,FALSE,TRUE
AV02417,SEC_SHI_PUN,29-01-2026,6.25,7.25,AVAILABLE,synthetic planned availability window,LOW,FALSE,TRUE
AV02418,SEC_DAD_THA,06-03-2026,11.45,13.08,AVAILABLE,synthetic planned availability window,MEDIUM,TRUE,TRUE
AV02419,SEC_SHI_PUN,29-03-2026,1.20,2.49,RESTRICTED,synthetic planned availability window,HIGH,TRUE,TRUE
AV02420,SEC_SHI_PUN,14-01-2026,8.31,11.08,RESTRICTED,synthetic planned availability window,LOW,TRUE,TRUE
AV02421,SEC_CHI_SHI,16-02-2026,7.06,8.36,AVAILABLE,synthetic planned availability window,MEDIUM,TRUE,TRUE
AV02422,SEC_MUM_DAD,08-01-2026,6.44,9.31,AVAILABLE,synthetic planned availability window,MEDIUM,TRUE,TRUE
AV02423,SEC_CHI_SHI,03-01-2026,10.42,13.07,AVAILABLE,synthetic planned availability window,MEDIUM,FALSE,TRUE
AV02424,SEC_SHI_PUN,14-03-2026,16.41,19.03,AVAILABLE,synthetic planned availability window,HIGH,TRUE,TRUE
AV02425,SEC_KAR_KHA,31-03-2026,0.33,2.53,RESTRICTED,synthetic planned availability window,HIGH,TRUE,TRUE
AV02426,SEC_KHA_LON,09-02-2026,9.24,10.56,AVAILABLE,synthetic planned availability window,MEDIUM,TRUE,TRUE
AV02427,SEC_KHA_LON,13-02-2026,21.24,23.59,RESTRICTED,synthetic planned availability window,MEDIUM,TRUE,TRUE
AV02428,SEC_THA_KAL,16-02-2026,12.31,15.23,RESTRICTED,synthetic planned availability window,HIGH,TRUE,TRUE
AV02429,SEC_THA_KAL,11-02-2026,13.17,15.35,UNAVAILABLE,synthetic planned availability window,MEDIUM,TRUE,TRUE
AV02430,SEC_MUM_DAD,06-01-2026,20.50,22.05,UNAVAILABLE,synthetic planned availability window,MEDIUM,FALSE,TRUE
AV02431,SEC_SHI_PUN,17-02-2026,20.53,23.53,RESTRICTED,synthetic planned availability window,LOW,TRUE,TRUE
AV02432,SEC_MUM_DAD,12-03-2026,1.28,4.02,RESTRICTED,synthetic planned availability window,LOW,FALSE,TRUE
AV02433,SEC_KHA_LON,05-03-2026,20.38,23.31,AVAILABLE,synthetic planned availability window,LOW,TRUE,TRUE
AV02434,SEC_KHA_LON,13-01-2026,16.42,17.43,AVAILABLE,synthetic planned availability window,MEDIUM,FALSE,TRUE
AV02435,SEC_DAD_THA,28-03-2026,15.01,16.04,UNAVAILABLE,synthetic planned availability window,LOW,TRUE,TRUE
AV02436,SEC_KHA_LON,09-03-2026,13.28,16.04,RESTRICTED,synthetic planned availability window,MEDIUM,FALSE,TRUE
AV02437,SEC_LON_TAL,25-02-2026,13.20,14.40,AVAILABLE,synthetic planned availability window,MEDIUM,TRUE,TRUE
AV02438,SEC_MUM_DAD,18-03-2026,15.57,18.26,UNAVAILABLE,synthetic planned availability window,HIGH,TRUE,TRUE
AV02439,SEC_KAL_KAR,31-03-2026,8.53,10.11,AVAILABLE,synthetic planned availability window,HIGH,TRUE,TRUE
AV02440,SEC_CHI_SHI,16-01-2026,6.33,8.51,AVAILABLE,synthetic planned availability window,LOW,TRUE,TRUE
AV02441,SEC_LON_TAL,05-01-2026,8.10,10.10,UNAVAILABLE,synthetic planned availability window,LOW,TRUE,TRUE
AV02442,SEC_KAL_KAR,16-01-2026,1.19,4.12,UNAVAILABLE,synthetic planned availability window,LOW,FALSE,TRUE
AV02443,SEC_LON_TAL,12-02-2026,20.06,21.06,UNAVAILABLE,synthetic planned availability window,MEDIUM,TRUE,TRUE
AV02444,SEC_THA_KAL,28-03-2026,3.57,5.40,RESTRICTED,synthetic planned availability window,MEDIUM,TRUE,TRUE
AV02445,SEC_TAL_CHI,05-01-2026,2.47,4.38,RESTRICTED,synthetic planned availability window,LOW,FALSE,TRUE
AV02446,SEC_DAD_THA,04-01-2026,2.42,4.15,RESTRICTED,synthetic planned availability window,LOW,TRUE,TRUE
AV02447,SEC_THA_KAL,15-01-2026,13.41,14.55,UNAVAILABLE,synthetic planned availability window,LOW,TRUE,TRUE
AV02448,SEC_KAL_KAR,17-02-2026,17.10,18.29,RESTRICTED,synthetic planned availability window,HIGH,FALSE,TRUE
AV02449,SEC_THA_KAL,15-02-2026,8.24,10.45,UNAVAILABLE,synthetic planned availability window,MEDIUM,TRUE,TRUE
AV02450,SEC_TAL_CHI,11-01-2026,11.48,13.04,AVAILABLE,synthetic planned availability window,MEDIUM,FALSE,TRUE
AV02451,SEC_KAR_KHA,07-02-2026,20.28,21.59,UNAVAILABLE,synthetic planned availability window,MEDIUM,TRUE,TRUE
AV02452,SEC_KAL_KAR,24-01-2026,5.47,7.26,AVAILABLE,synthetic planned availability window,LOW,TRUE,TRUE
AV02453,SEC_DAD_THA,13-01-2026,20.50,23.15,AVAILABLE,synthetic planned availability window,LOW,TRUE,TRUE
AV02454,SEC_KAR_KHA,01-02-2026,9.49,12.23,UNAVAILABLE,synthetic planned availability window,LOW,TRUE,TRUE
AV02455,SEC_SHI_PUN,22-02-2026,7.18,8.33,RESTRICTED,synthetic planned availability window,MEDIUM,FALSE,TRUE
AV02456,SEC_TAL_CHI,26-02-2026,5.40,7.47,RESTRICTED,synthetic planned availability window,MEDIUM,FALSE,TRUE
AV02457,SEC_KAR_KHA,09-01-2026,19.19,21.43,UNAVAILABLE,synthetic planned availability window,HIGH,FALSE,TRUE
AV02458,SEC_THA_KAL,09-03-2026,4.26,6.41,AVAILABLE,synthetic planned availability window,MEDIUM,TRUE,TRUE
AV02459,SEC_KAR_KHA,01-02-2026,3.17,6.16,RESTRICTED,synthetic planned availability window,MEDIUM,TRUE,TRUE
AV02460,SEC_TAL_CHI,11-03-2026,21.25,23.00,RESTRICTED,synthetic planned availability window,MEDIUM,FALSE,TRUE
AV02461,SEC_LON_TAL,26-01-2026,6.49,8.30,UNAVAILABLE,synthetic planned availability window,HIGH,TRUE,TRUE
AV02462,SEC_KAR_KHA,14-02-2026,1.41,2.43,UNAVAILABLE,synthetic planned availability window,HIGH,FALSE,TRUE
AV02463,SEC_SHI_PUN,30-03-2026,21.51,23.59,AVAILABLE,synthetic planned availability window,HIGH,FALSE,TRUE
AV02464,SEC_LON_TAL,07-01-2026,12.42,15.01,UNAVAILABLE,synthetic planned availability window,MEDIUM,FALSE,TRUE
AV02465,SEC_KHA_LON,06-02-2026,15.30,16.57,RESTRICTED,synthetic planned availability window,HIGH,FALSE,TRUE
AV02466,SEC_LON_TAL,19-02-2026,14.55,17.02,AVAILABLE,synthetic planned availability window,MEDIUM,FALSE,TRUE
AV02467,SEC_DAD_THA,01-01-2026,3.29,5.12,AVAILABLE,synthetic planned availability window,LOW,TRUE,TRUE
AV02468,SEC_TAL_CHI,03-01-2026,1.49,4.11,UNAVAILABLE,synthetic planned availability window,MEDIUM,TRUE,TRUE
AV02469,SEC_KHA_LON,24-03-2026,10.22,11.23,AVAILABLE,synthetic planned availability window,MEDIUM,FALSE,TRUE
AV02470,SEC_MUM_DAD,16-01-2026,12.09,13.31,UNAVAILABLE,synthetic planned availability window,MEDIUM,TRUE,TRUE
AV02471,SEC_TAL_CHI,05-02-2026,13.24,15.39,RESTRICTED,synthetic planned availability window,HIGH,FALSE,TRUE
AV02472,SEC_DAD_THA,30-01-2026,14.27,15.58,UNAVAILABLE,synthetic planned availability window,MEDIUM,FALSE,TRUE
AV02473,SEC_KHA_LON,28-03-2026,2.12,4.04,UNAVAILABLE,synthetic planned availability window,HIGH,TRUE,TRUE
AV02474,SEC_KAR_KHA,18-03-2026,4.37,5.56,UNAVAILABLE,synthetic planned availability window,HIGH,TRUE,TRUE
AV02475,SEC_KAL_KAR,13-01-2026,8.38,11.34,RESTRICTED,synthetic planned availability window,HIGH,FALSE,TRUE
AV02476,SEC_SHI_PUN,16-03-2026,2.07,4.56,RESTRICTED,synthetic planned availability window,LOW,FALSE,TRUE
AV02477,SEC_MUM_DAD,24-01-2026,15.09,16.42,UNAVAILABLE,synthetic planned availability window,LOW,TRUE,TRUE
AV02478,SEC_KAL_KAR,12-02-2026,13.58,15.14,AVAILABLE,synthetic planned availability window,MEDIUM,FALSE,TRUE
AV02479,SEC_KAR_KHA,05-02-2026,4.46,6.54,RESTRICTED,synthetic planned availability window,MEDIUM,TRUE,TRUE
AV02480,SEC_KAR_KHA,01-01-2026,3.59,5.41,AVAILABLE,synthetic planned availability window,MEDIUM,TRUE,TRUE
AV02481,SEC_THA_KAL,30-03-2026,7.09,9.19,UNAVAILABLE,synthetic planned availability window,HIGH,FALSE,TRUE
AV02482,SEC_MUM_DAD,24-03-2026,21.25,23.59,UNAVAILABLE,synthetic planned availability window,LOW,TRUE,TRUE
AV02483,SEC_LON_TAL,02-01-2026,8.08,10.22,UNAVAILABLE,synthetic planned availability window,LOW,FALSE,TRUE
AV02484,SEC_TAL_CHI,20-02-2026,8.54,10.43,RESTRICTED,synthetic planned availability window,MEDIUM,TRUE,TRUE
AV02485,SEC_DAD_THA,25-01-2026,10.42,13.36,UNAVAILABLE,synthetic planned availability window,HIGH,TRUE,TRUE
AV02486,SEC_LON_TAL,22-01-2026,0.30,1.38,AVAILABLE,synthetic planned availability window,LOW,FALSE,TRUE
AV02487,SEC_KAR_KHA,22-02-2026,18.27,21.00,RESTRICTED,synthetic planned availability window,MEDIUM,FALSE,TRUE
AV02488,SEC_MUM_DAD,04-03-2026,5.08,7.20,UNAVAILABLE,synthetic planned availability window,HIGH,TRUE,TRUE
AV02489,SEC_DAD_THA,27-01-2026,4.50,6.20,AVAILABLE,synthetic planned availability window,HIGH,TRUE,TRUE
AV02490,SEC_MUM_DAD,14-02-2026,19.16,21.47,AVAILABLE,synthetic planned availability window,HIGH,TRUE,TRUE
AV02491,SEC_SHI_PUN,02-01-2026,0.03,1.45,RESTRICTED,synthetic planned availability window,LOW,FALSE,TRUE
AV02492,SEC_KHA_LON,12-01-2026,10.34,13.27,RESTRICTED,synthetic planned availability window,LOW,TRUE,TRUE
AV02493,SEC_DAD_THA,23-03-2026,9.00,11.11,AVAILABLE,synthetic planned availability window,LOW,FALSE,TRUE
AV02494,SEC_SHI_PUN,06-02-2026,20.42,23.28,AVAILABLE,synthetic planned availability window,LOW,TRUE,TRUE
AV02495,SEC_SHI_PUN,23-02-2026,0.11,3.04,UNAVAILABLE,synthetic planned availability window,MEDIUM,TRUE,TRUE
AV02496,SEC_TAL_CHI,10-03-2026,13.07,14.54,RESTRICTED,synthetic planned availability window,HIGH,FALSE,TRUE
AV02497,SEC_MUM_DAD,07-01-2026,11.28,12.39,AVAILABLE,synthetic planned availability window,HIGH,TRUE,TRUE
AV02498,SEC_KAR_KHA,20-02-2026,8.18,9.37,RESTRICTED,synthetic planned availability window,HIGH,TRUE,TRUE
AV02499,SEC_KHA_LON,22-01-2026,5.04,6.50,AVAILABLE,synthetic planned availability window,LOW,FALSE,TRUE
AV02500,SEC_THA_KAL,10-01-2026,5.39,8.10,UNAVAILABLE,synthetic planned availability window,MEDIUM,TRUE,TRUE
AV02501,SEC_THA_KAL,11-02-2026,12.12,13.33,RESTRICTED,synthetic planned availability window,LOW,TRUE,TRUE
AV02502,SEC_MUM_DAD,01-02-2026,7.15,9.35,UNAVAILABLE,synthetic planned availability window,MEDIUM,TRUE,TRUE
AV02503,SEC_LON_TAL,30-03-2026,10.13,12.03,AVAILABLE,synthetic planned availability window,MEDIUM,FALSE,TRUE
AV02504,SEC_LON_TAL,21-01-2026,11.09,13.16,UNAVAILABLE,synthetic planned availability window,HIGH,FALSE,TRUE
AV02505,SEC_THA_KAL,13-02-2026,8.17,10.01,AVAILABLE,synthetic planned availability window,LOW,TRUE,TRUE
AV02506,SEC_SHI_PUN,15-03-2026,4.14,7.11,AVAILABLE,synthetic planned availability window,HIGH,TRUE,TRUE
AV02507,SEC_DAD_THA,04-03-2026,7.47,10.29,UNAVAILABLE,synthetic planned availability window,MEDIUM,TRUE,TRUE
AV02508,SEC_KHA_LON,07-03-2026,17.51,19.09,RESTRICTED,synthetic planned availability window,HIGH,TRUE,TRUE
AV02509,SEC_KAL_KAR,28-01-2026,8.22,9.49,AVAILABLE,synthetic planned availability window,MEDIUM,FALSE,TRUE
AV02510,SEC_SHI_PUN,01-01-2026,0.07,1.08,AVAILABLE,synthetic planned availability window,LOW,FALSE,TRUE
AV02511,SEC_KHA_LON,26-03-2026,0.24,3.14,RESTRICTED,synthetic planned availability window,LOW,TRUE,TRUE
AV02512,SEC_THA_KAL,12-01-2026,21.44,23.59,UNAVAILABLE,synthetic planned availability window,LOW,TRUE,TRUE
AV02513,SEC_MUM_DAD,06-03-2026,17.30,19.30,AVAILABLE,synthetic planned availability window,HIGH,TRUE,TRUE
AV02514,SEC_LON_TAL,08-02-2026,1.14,2.52,RESTRICTED,synthetic planned availability window,HIGH,TRUE,TRUE
AV02515,SEC_DAD_THA,12-01-2026,10.57,12.46,RESTRICTED,synthetic planned availability window,LOW,TRUE,TRUE
AV02516,SEC_KAL_KAR,24-02-2026,21.16,23.12,RESTRICTED,synthetic planned availability window,MEDIUM,FALSE,TRUE
AV02517,SEC_TAL_CHI,27-02-2026,0.38,3.27,UNAVAILABLE,synthetic planned availability window,HIGH,FALSE,TRUE
AV02518,SEC_KAL_KAR,24-01-2026,1.35,4.33,RESTRICTED,synthetic planned availability window,LOW,FALSE,TRUE
AV02519,SEC_SHI_PUN,06-01-2026,2.27,3.30,RESTRICTED,synthetic planned availability window,LOW,FALSE,TRUE
AV02520,SEC_LON_TAL,23-01-2026,3.04,4.55,AVAILABLE,synthetic planned availability window,LOW,FALSE,TRUE
AV02521,SEC_CHI_SHI,23-02-2026,0.41,2.18,AVAILABLE,synthetic planned availability window,LOW,FALSE,TRUE
AV02522,SEC_CHI_SHI,09-02-2026,20.32,23.17,UNAVAILABLE,synthetic planned availability window,HIGH,TRUE,TRUE
AV02523,SEC_KHA_LON,21-01-2026,0.59,3.02,RESTRICTED,synthetic planned availability window,LOW,FALSE,TRUE
AV02524,SEC_LON_TAL,10-02-2026,12.20,13.29,AVAILABLE,synthetic planned availability window,LOW,TRUE,TRUE
AV02525,SEC_TAL_CHI,17-03-2026,16.08,17.58,UNAVAILABLE,synthetic planned availability window,MEDIUM,TRUE,TRUE
AV02526,SEC_KHA_LON,17-01-2026,13.48,15.26,RESTRICTED,synthetic planned availability window,LOW,TRUE,TRUE
AV02527,SEC_KHA_LON,09-02-2026,0.12,2.47,AVAILABLE,synthetic planned availability window,MEDIUM,FALSE,TRUE
AV02528,SEC_KAR_KHA,14-02-2026,10.48,12.51,RESTRICTED,synthetic planned availability window,HIGH,FALSE,TRUE
AV02529,SEC_TAL_CHI,02-03-2026,13.38,16.36,AVAILABLE,synthetic planned availability window,HIGH,TRUE,TRUE
AV02530,SEC_DAD_THA,23-01-2026,10.53,12.40,RESTRICTED,synthetic planned availability window,MEDIUM,TRUE,TRUE
AV02531,SEC_KAR_KHA,15-02-2026,4.41,5.51,AVAILABLE,synthetic planned availability window,HIGH,TRUE,TRUE
AV02532,SEC_THA_KAL,27-02-2026,10.51,11.54,AVAILABLE,synthetic planned availability window,MEDIUM,FALSE,TRUE
AV02533,SEC_DAD_THA,19-01-2026,9.02,11.50,UNAVAILABLE,synthetic planned availability window,HIGH,TRUE,TRUE
AV02534,SEC_SHI_PUN,12-03-2026,15.08,16.35,UNAVAILABLE,synthetic planned availability window,HIGH,TRUE,TRUE
AV02535,SEC_DAD_THA,07-01-2026,1.50,2.50,RESTRICTED,synthetic planned availability window,LOW,FALSE,TRUE
AV02536,SEC_LON_TAL,07-01-2026,14.07,15.26,AVAILABLE,synthetic planned availability window,HIGH,TRUE,TRUE
AV02537,SEC_MUM_DAD,18-02-2026,17.23,18.37,AVAILABLE,synthetic planned availability window,LOW,FALSE,TRUE
AV02538,SEC_THA_KAL,08-03-2026,11.03,12.45,RESTRICTED,synthetic planned availability window,LOW,FALSE,TRUE
AV02539,SEC_LON_TAL,26-02-2026,0.11,2.53,RESTRICTED,synthetic planned availability window,MEDIUM,TRUE,TRUE
AV02540,SEC_DAD_THA,21-02-2026,1.14,3.24,UNAVAILABLE,synthetic planned availability window,HIGH,FALSE,TRUE
AV02541,SEC_SHI_PUN,25-03-2026,0.00,1.41,UNAVAILABLE,synthetic planned availability window,MEDIUM,TRUE,TRUE
AV02542,SEC_THA_KAL,09-02-2026,13.25,15.07,UNAVAILABLE,synthetic planned availability window,HIGH,TRUE,TRUE
AV02543,SEC_SHI_PUN,07-03-2026,19.57,22.41,UNAVAILABLE,synthetic planned availability window,MEDIUM,TRUE,TRUE
AV02544,SEC_CHI_SHI,04-02-2026,2.55,4.33,RESTRICTED,synthetic planned availability window,MEDIUM,FALSE,TRUE
AV02545,SEC_MUM_DAD,14-01-2026,19.34,22.34,RESTRICTED,synthetic planned availability window,MEDIUM,TRUE,TRUE
AV02546,SEC_MUM_DAD,09-03-2026,6.14,7.34,AVAILABLE,synthetic planned availability window,LOW,TRUE,TRUE
AV02547,SEC_DAD_THA,10-03-2026,4.17,5.33,RESTRICTED,synthetic planned availability window,MEDIUM,FALSE,TRUE
AV02548,SEC_THA_KAL,17-02-2026,5.44,8.13,UNAVAILABLE,synthetic planned availability window,MEDIUM,TRUE,TRUE
AV02549,SEC_TAL_CHI,16-02-2026,8.01,9.39,RESTRICTED,synthetic planned availability window,MEDIUM,TRUE,TRUE
AV02550,SEC_CHI_SHI,22-03-2026,1.25,3.22,UNAVAILABLE,synthetic planned availability window,MEDIUM,FALSE,TRUE
AV02551,SEC_SHI_PUN,07-03-2026,15.36,17.33,RESTRICTED,synthetic planned availability window,MEDIUM,FALSE,TRUE
AV02552,SEC_MUM_DAD,31-03-2026,16.09,18.11,AVAILABLE,synthetic planned availability window,LOW,TRUE,TRUE
AV02553,SEC_CHI_SHI,11-03-2026,8.24,9.25,AVAILABLE,synthetic planned availability window,HIGH,FALSE,TRUE
AV02554,SEC_KHA_LON,04-03-2026,5.45,8.10,UNAVAILABLE,synthetic planned availability window,HIGH,FALSE,TRUE
AV02555,SEC_TAL_CHI,09-03-2026,19.34,20.56,RESTRICTED,synthetic planned availability window,MEDIUM,FALSE,TRUE
AV02556,SEC_LON_TAL,03-01-2026,12.46,15.31,AVAILABLE,synthetic planned availability window,HIGH,TRUE,TRUE
AV02557,SEC_KAL_KAR,16-02-2026,12.27,13.39,AVAILABLE,synthetic planned availability window,MEDIUM,FALSE,TRUE
AV02558,SEC_KAL_KAR,30-03-2026,14.39,16.02,UNAVAILABLE,synthetic planned availability window,LOW,TRUE,TRUE
AV02559,SEC_KHA_LON,15-01-2026,18.46,20.29,UNAVAILABLE,synthetic planned availability window,LOW,FALSE,TRUE
AV02560,SEC_THA_KAL,06-03-2026,21.13,22.43,AVAILABLE,synthetic planned availability window,LOW,TRUE,TRUE
AV02561,SEC_MUM_DAD,19-02-2026,7.11,9.03,UNAVAILABLE,synthetic planned availability window,HIGH,TRUE,TRUE
AV02562,SEC_MUM_DAD,31-01-2026,9.28,11.10,AVAILABLE,synthetic planned availability window,MEDIUM,TRUE,TRUE
AV02563,SEC_SHI_PUN,12-01-2026,16.45,19.37,UNAVAILABLE,synthetic planned availability window,MEDIUM,FALSE,TRUE
AV02564,SEC_KAL_KAR,25-01-2026,9.31,12.05,RESTRICTED,synthetic planned availability window,MEDIUM,TRUE,TRUE
AV02565,SEC_KAR_KHA,04-01-2026,20.47,21.54,RESTRICTED,synthetic planned availability window,MEDIUM,TRUE,TRUE
AV02566,SEC_CHI_SHI,14-03-2026,11.06,13.19,RESTRICTED,synthetic planned availability window,LOW,TRUE,TRUE
AV02567,SEC_TAL_CHI,06-02-2026,16.49,18.56,UNAVAILABLE,synthetic planned availability window,HIGH,TRUE,TRUE
AV02568,SEC_KAL_KAR,31-01-2026,4.55,6.56,UNAVAILABLE,synthetic planned availability window,LOW,TRUE,TRUE
AV02569,SEC_SHI_PUN,09-01-2026,15.32,17.08,AVAILABLE,synthetic planned availability window,HIGH,FALSE,TRUE
AV02570,SEC_KAL_KAR,14-03-2026,5.55,8.29,RESTRICTED,synthetic planned availability window,HIGH,TRUE,TRUE
AV02571,SEC_THA_KAL,21-03-2026,21.27,23.22,RESTRICTED,synthetic planned availability window,MEDIUM,TRUE,TRUE
AV02572,SEC_TAL_CHI,04-01-2026,9.47,11.57,RESTRICTED,synthetic planned availability window,LOW,TRUE,TRUE
AV02573,SEC_CHI_SHI,31-03-2026,13.21,15.38,UNAVAILABLE,synthetic planned availability window,HIGH,TRUE,TRUE
AV02574,SEC_MUM_DAD,16-03-2026,5.44,8.43,AVAILABLE,synthetic planned availability window,HIGH,TRUE,TRUE
AV02575,SEC_KAL_KAR,15-02-2026,2.56,4.50,RESTRICTED,synthetic planned availability window,MEDIUM,TRUE,TRUE
AV02576,SEC_MUM_DAD,21-01-2026,16.03,18.47,RESTRICTED,synthetic planned availability window,LOW,TRUE,TRUE
AV02577,SEC_KAL_KAR,02-03-2026,17.32,20.06,AVAILABLE,synthetic planned availability window,LOW,TRUE,TRUE
AV02578,SEC_LON_TAL,25-01-2026,17.29,20.07,AVAILABLE,synthetic planned availability window,MEDIUM,TRUE,TRUE
AV02579,SEC_KHA_LON,02-03-2026,16.02,17.30,UNAVAILABLE,synthetic planned availability window,HIGH,TRUE,TRUE
AV02580,SEC_TAL_CHI,09-03-2026,19.50,21.33,UNAVAILABLE,synthetic planned availability window,LOW,FALSE,TRUE
AV02581,SEC_KAR_KHA,17-01-2026,4.26,6.38,UNAVAILABLE,synthetic planned availability window,HIGH,TRUE,TRUE
AV02582,SEC_KAL_KAR,26-03-2026,3.01,5.00,RESTRICTED,synthetic planned availability window,HIGH,FALSE,TRUE
AV02583,SEC_SHI_PUN,21-03-2026,6.10,8.13,RESTRICTED,synthetic planned availability window,LOW,FALSE,TRUE
AV02584,SEC_SHI_PUN,27-02-2026,3.10,4.30,UNAVAILABLE,synthetic planned availability window,LOW,TRUE,TRUE
AV02585,SEC_KAL_KAR,05-01-2026,4.51,6.22,AVAILABLE,synthetic planned availability window,LOW,TRUE,TRUE
AV02586,SEC_CHI_SHI,16-01-2026,21.22,23.22,RESTRICTED,synthetic planned availability window,MEDIUM,TRUE,TRUE
AV02587,SEC_KAL_KAR,06-01-2026,21.07,22.35,UNAVAILABLE,synthetic planned availability window,LOW,TRUE,TRUE
AV02588,SEC_KAR_KHA,26-02-2026,20.58,23.26,UNAVAILABLE,synthetic planned availability window,MEDIUM,TRUE,TRUE
AV02589,SEC_SHI_PUN,25-02-2026,10.32,13.24,AVAILABLE,synthetic planned availability window,MEDIUM,FALSE,TRUE
AV02590,SEC_THA_KAL,06-02-2026,4.22,6.55,RESTRICTED,synthetic planned availability window,HIGH,TRUE,TRUE
AV02591,SEC_SHI_PUN,22-01-2026,17.31,19.56,RESTRICTED,synthetic planned availability window,HIGH,TRUE,TRUE
AV02592,SEC_SHI_PUN,13-03-2026,11.56,13.54,UNAVAILABLE,synthetic planned availability window,LOW,TRUE,TRUE
AV02593,SEC_TAL_CHI,20-01-2026,13.41,16.30,UNAVAILABLE,synthetic planned availability window,LOW,TRUE,TRUE
AV02594,SEC_LON_TAL,26-02-2026,1.19,3.36,AVAILABLE,synthetic planned availability window,LOW,FALSE,TRUE
AV02595,SEC_THA_KAL,10-01-2026,18.51,20.23,AVAILABLE,synthetic planned availability window,HIGH,TRUE,TRUE
AV02596,SEC_DAD_THA,27-01-2026,2.04,3.05,RESTRICTED,synthetic planned availability window,HIGH,FALSE,TRUE
AV02597,SEC_THA_KAL,16-01-2026,3.02,4.14,AVAILABLE,synthetic planned availability window,HIGH,TRUE,TRUE
AV02598,SEC_THA_KAL,11-01-2026,13.59,15.18,RESTRICTED,synthetic planned availability window,HIGH,TRUE,TRUE
AV02599,SEC_KAR_KHA,07-03-2026,11.14,12.43,AVAILABLE,synthetic planned availability window,HIGH,FALSE,TRUE
AV02600,SEC_LON_TAL,10-03-2026,19.26,20.54,AVAILABLE,synthetic planned availability window,LOW,TRUE,TRUE
AV02601,SEC_LON_TAL,13-01-2026,13.30,14.44,RESTRICTED,synthetic planned availability window,HIGH,FALSE,TRUE
AV02602,SEC_LON_TAL,01-03-2026,3.19,6.11,RESTRICTED,synthetic planned availability window,LOW,TRUE,TRUE
AV02603,SEC_THA_KAL,20-01-2026,11.28,12.44,AVAILABLE,synthetic planned availability window,MEDIUM,TRUE,TRUE
AV02604,SEC_CHI_SHI,18-03-2026,17.54,19.58,AVAILABLE,synthetic planned availability window,HIGH,TRUE,TRUE
AV02605,SEC_KHA_LON,07-03-2026,13.23,15.45,AVAILABLE,synthetic planned availability window,LOW,TRUE,TRUE
AV02606,SEC_LON_TAL,04-03-2026,13.24,16.04,AVAILABLE,synthetic planned availability window,MEDIUM,FALSE,TRUE
AV02607,SEC_KAL_KAR,26-03-2026,10.14,13.04,UNAVAILABLE,synthetic planned availability window,HIGH,TRUE,TRUE
AV02608,SEC_TAL_CHI,25-03-2026,20.15,23.05,UNAVAILABLE,synthetic planned availability window,HIGH,TRUE,TRUE
AV02609,SEC_MUM_DAD,02-03-2026,11.09,12.09,AVAILABLE,synthetic planned availability window,LOW,TRUE,TRUE
AV02610,SEC_THA_KAL,05-01-2026,17.07,19.08,AVAILABLE,synthetic planned availability window,LOW,FALSE,TRUE
AV02611,SEC_TAL_CHI,29-03-2026,12.43,15.34,UNAVAILABLE,synthetic planned availability window,MEDIUM,TRUE,TRUE
AV02612,SEC_MUM_DAD,14-03-2026,21.03,23.02,RESTRICTED,synthetic planned availability window,HIGH,TRUE,TRUE
AV02613,SEC_LON_TAL,06-02-2026,13.43,15.58,UNAVAILABLE,synthetic planned availability window,HIGH,TRUE,TRUE
AV02614,SEC_KAR_KHA,14-02-2026,10.20,12.21,RESTRICTED,synthetic planned availability window,MEDIUM,FALSE,TRUE
AV02615,SEC_KHA_LON,03-03-2026,11.26,12.39,UNAVAILABLE,synthetic planned availability window,LOW,TRUE,TRUE
AV02616,SEC_DAD_THA,11-03-2026,14.40,16.52,AVAILABLE,synthetic planned availability window,LOW,FALSE,TRUE
AV02617,SEC_MUM_DAD,17-02-2026,7.41,10.32,AVAILABLE,synthetic planned availability window,MEDIUM,TRUE,TRUE
AV02618,SEC_THA_KAL,19-01-2026,4.16,6.08,AVAILABLE,synthetic planned availability window,LOW,TRUE,TRUE
AV02619,SEC_LON_TAL,13-01-2026,8.02,9.54,AVAILABLE,synthetic planned availability window,LOW,TRUE,TRUE
AV02620,SEC_THA_KAL,06-01-2026,1.27,3.26,UNAVAILABLE,synthetic planned availability window,HIGH,TRUE,TRUE
AV02621,SEC_CHI_SHI,16-03-2026,3.53,6.44,UNAVAILABLE,synthetic planned availability window,LOW,TRUE,TRUE
AV02622,SEC_SHI_PUN,26-03-2026,9.21,12.09,AVAILABLE,synthetic planned availability window,HIGH,FALSE,TRUE
AV02623,SEC_TAL_CHI,23-03-2026,13.07,15.05,UNAVAILABLE,synthetic planned availability window,LOW,FALSE,TRUE
AV02624,SEC_KHA_LON,18-01-2026,1.39,3.44,RESTRICTED,synthetic planned availability window,HIGH,TRUE,TRUE
AV02625,SEC_KAL_KAR,08-03-2026,0.24,2.17,UNAVAILABLE,synthetic planned availability window,LOW,TRUE,TRUE
AV02626,SEC_KHA_LON,01-03-2026,4.20,5.35,AVAILABLE,synthetic planned availability window,MEDIUM,FALSE,TRUE
AV02627,SEC_TAL_CHI,17-02-2026,4.24,7.09,UNAVAILABLE,synthetic planned availability window,MEDIUM,TRUE,TRUE
AV02628,SEC_KHA_LON,04-02-2026,15.20,16.30,RESTRICTED,synthetic planned availability window,HIGH,FALSE,TRUE
AV02629,SEC_THA_KAL,27-02-2026,1.43,3.08,RESTRICTED,synthetic planned availability window,MEDIUM,FALSE,TRUE
AV02630,SEC_SHI_PUN,13-01-2026,12.37,14.17,AVAILABLE,synthetic planned availability window,MEDIUM,TRUE,TRUE
AV02631,SEC_KAR_KHA,07-03-2026,21.08,23.31,RESTRICTED,synthetic planned availability window,HIGH,FALSE,TRUE
AV02632,SEC_KHA_LON,04-02-2026,14.45,15.53,AVAILABLE,synthetic planned availability window,LOW,TRUE,TRUE
AV02633,SEC_THA_KAL,08-02-2026,20.23,21.53,UNAVAILABLE,synthetic planned availability window,HIGH,TRUE,TRUE
AV02634,SEC_TAL_CHI,22-01-2026,4.26,5.44,UNAVAILABLE,synthetic planned availability window,MEDIUM,TRUE,TRUE
AV02635,SEC_SHI_PUN,02-02-2026,10.02,12.21,UNAVAILABLE,synthetic planned availability window,HIGH,TRUE,TRUE
AV02636,SEC_DAD_THA,02-02-2026,20.44,23.34,RESTRICTED,synthetic planned availability window,HIGH,TRUE,TRUE
AV02637,SEC_KAL_KAR,27-01-2026,18.35,21.32,UNAVAILABLE,synthetic planned availability window,LOW,FALSE,TRUE
AV02638,SEC_MUM_DAD,14-03-2026,20.43,23.04,AVAILABLE,synthetic planned availability window,LOW,TRUE,TRUE
AV02639,SEC_TAL_CHI,14-03-2026,6.00,7.10,UNAVAILABLE,synthetic planned availability window,HIGH,TRUE,TRUE
AV02640,SEC_KAR_KHA,12-03-2026,9.04,10.53,RESTRICTED,synthetic planned availability window,LOW,FALSE,TRUE
AV02641,SEC_TAL_CHI,06-02-2026,12.03,14.37,RESTRICTED,synthetic planned availability window,MEDIUM,FALSE,TRUE
AV02642,SEC_DAD_THA,14-02-2026,13.41,14.52,RESTRICTED,synthetic planned availability window,MEDIUM,TRUE,TRUE
AV02643,SEC_THA_KAL,21-03-2026,21.48,23.24,AVAILABLE,synthetic planned availability window,MEDIUM,TRUE,TRUE
AV02644,SEC_CHI_SHI,24-02-2026,8.56,10.22,RESTRICTED,synthetic planned availability window,HIGH,FALSE,TRUE
AV02645,SEC_MUM_DAD,07-02-2026,15.32,18.28,RESTRICTED,synthetic planned availability window,MEDIUM,TRUE,TRUE
AV02646,SEC_KAL_KAR,13-01-2026,1.05,3.45,UNAVAILABLE,synthetic planned availability window,HIGH,TRUE,TRUE
AV02647,SEC_LON_TAL,26-01-2026,18.27,19.41,RESTRICTED,synthetic planned availability window,MEDIUM,FALSE,TRUE
AV02648,SEC_THA_KAL,19-02-2026,13.22,14.32,RESTRICTED,synthetic planned availability window,MEDIUM,TRUE,TRUE
AV02649,SEC_KAR_KHA,04-01-2026,1.15,3.14,AVAILABLE,synthetic planned availability window,MEDIUM,TRUE,TRUE
AV02650,SEC_CHI_SHI,20-02-2026,3.55,5.17,UNAVAILABLE,synthetic planned availability window,HIGH,TRUE,TRUE
AV02651,SEC_THA_KAL,18-03-2026,1.45,2.47,AVAILABLE,synthetic planned availability window,MEDIUM,FALSE,TRUE
AV02652,SEC_DAD_THA,19-03-2026,10.08,12.36,UNAVAILABLE,synthetic planned availability window,MEDIUM,TRUE,TRUE
AV02653,SEC_THA_KAL,10-03-2026,20.31,21.55,AVAILABLE,synthetic planned availability window,HIGH,TRUE,TRUE
AV02654,SEC_TAL_CHI,27-01-2026,13.27,15.25,RESTRICTED,synthetic planned availability window,MEDIUM,TRUE,TRUE
AV02655,SEC_KHA_LON,16-03-2026,17.20,19.27,UNAVAILABLE,synthetic planned availability window,MEDIUM,TRUE,TRUE
AV02656,SEC_CHI_SHI,13-03-2026,15.59,18.49,AVAILABLE,synthetic planned availability window,LOW,TRUE,TRUE
AV02657,SEC_KAR_KHA,26-01-2026,8.18,9.57,RESTRICTED,synthetic planned availability window,HIGH,FALSE,TRUE
AV02658,SEC_CHI_SHI,23-03-2026,18.31,19.42,RESTRICTED,synthetic planned availability window,HIGH,TRUE,TRUE
AV02659,SEC_THA_KAL,09-03-2026,20.51,22.57,AVAILABLE,synthetic planned availability window,HIGH,TRUE,TRUE
AV02660,SEC_TAL_CHI,05-03-2026,5.43,8.35,AVAILABLE,synthetic planned availability window,LOW,TRUE,TRUE
AV02661,SEC_LON_TAL,18-01-2026,9.57,11.32,AVAILABLE,synthetic planned availability window,LOW,FALSE,TRUE
AV02662,SEC_MUM_DAD,13-01-2026,21.02,22.17,UNAVAILABLE,synthetic planned availability window,HIGH,TRUE,TRUE
AV02663,SEC_KAL_KAR,22-03-2026,12.04,14.29,UNAVAILABLE,synthetic planned availability window,HIGH,FALSE,TRUE
AV02664,SEC_CHI_SHI,13-02-2026,12.55,15.35,AVAILABLE,synthetic planned availability window,MEDIUM,FALSE,TRUE
AV02665,SEC_KAL_KAR,03-03-2026,14.23,16.47,RESTRICTED,synthetic planned availability window,MEDIUM,TRUE,TRUE
AV02666,SEC_TAL_CHI,10-03-2026,7.19,8.20,AVAILABLE,synthetic planned availability window,LOW,FALSE,TRUE
AV02667,SEC_KAR_KHA,02-03-2026,3.52,6.03,AVAILABLE,synthetic planned availability window,MEDIUM,FALSE,TRUE
AV02668,SEC_MUM_DAD,31-03-2026,18.00,19.47,RESTRICTED,synthetic planned availability window,LOW,TRUE,TRUE
AV02669,SEC_LON_TAL,16-02-2026,3.14,5.37,RESTRICTED,synthetic planned availability window,HIGH,TRUE,TRUE
AV02670,SEC_DAD_THA,16-01-2026,12.27,14.32,AVAILABLE,synthetic planned availability window,LOW,FALSE,TRUE
AV02671,SEC_KAR_KHA,06-02-2026,1.03,3.47,UNAVAILABLE,synthetic planned availability window,HIGH,TRUE,TRUE
AV02672,SEC_TAL_CHI,03-03-2026,7.36,9.46,AVAILABLE,synthetic planned availability window,MEDIUM,TRUE,TRUE
AV02673,SEC_CHI_SHI,29-03-2026,6.24,8.23,UNAVAILABLE,synthetic planned availability window,HIGH,TRUE,TRUE
AV02674,SEC_KAL_KAR,01-01-2026,17.51,19.19,UNAVAILABLE,synthetic planned availability window,LOW,TRUE,TRUE
AV02675,SEC_KAR_KHA,02-02-2026,21.54,23.59,UNAVAILABLE,synthetic planned availability window,MEDIUM,FALSE,TRUE
AV02676,SEC_KAL_KAR,10-01-2026,18.06,19.37,AVAILABLE,synthetic planned availability window,HIGH,TRUE,TRUE
AV02677,SEC_MUM_DAD,05-01-2026,7.54,10.06,RESTRICTED,synthetic planned availability window,LOW,TRUE,TRUE
AV02678,SEC_KAL_KAR,27-03-2026,21.46,23.59,AVAILABLE,synthetic planned availability window,MEDIUM,FALSE,TRUE
AV02679,SEC_DAD_THA,10-03-2026,12.37,13.45,UNAVAILABLE,synthetic planned availability window,LOW,TRUE,TRUE
AV02680,SEC_THA_KAL,27-01-2026,20.05,21.49,RESTRICTED,synthetic planned availability window,MEDIUM,FALSE,TRUE
AV02681,SEC_KHA_LON,25-03-2026,17.29,18.32,AVAILABLE,synthetic planned availability window,LOW,TRUE,TRUE
AV02682,SEC_DAD_THA,14-03-2026,20.02,21.34,RESTRICTED,synthetic planned availability window,LOW,TRUE,TRUE
AV02683,SEC_KHA_LON,05-01-2026,21.44,23.59,UNAVAILABLE,synthetic planned availability window,HIGH,TRUE,TRUE
AV02684,SEC_KAR_KHA,04-02-2026,9.16,11.28,RESTRICTED,synthetic planned availability window,LOW,TRUE,TRUE
AV02685,SEC_CHI_SHI,23-01-2026,9.33,10.43,RESTRICTED,synthetic planned availability window,HIGH,FALSE,TRUE
AV02686,SEC_DAD_THA,10-01-2026,3.15,5.25,UNAVAILABLE,synthetic planned availability window,MEDIUM,TRUE,TRUE
AV02687,SEC_KAR_KHA,11-03-2026,0.48,3.14,UNAVAILABLE,synthetic planned availability window,MEDIUM,FALSE,TRUE
AV02688,SEC_KAL_KAR,28-02-2026,7.24,8.40,UNAVAILABLE,synthetic planned availability window,LOW,TRUE,TRUE
AV02689,SEC_THA_KAL,23-02-2026,6.03,7.28,RESTRICTED,synthetic planned availability window,HIGH,TRUE,TRUE
AV02690,SEC_KAL_KAR,17-03-2026,12.15,14.55,AVAILABLE,synthetic planned availability window,LOW,TRUE,TRUE
AV02691,SEC_CHI_SHI,03-02-2026,15.42,16.49,AVAILABLE,synthetic planned availability window,HIGH,TRUE,TRUE
AV02692,SEC_SHI_PUN,10-02-2026,13.23,15.34,AVAILABLE,synthetic planned availability window,MEDIUM,FALSE,TRUE
AV02693,SEC_KHA_LON,13-01-2026,1.12,4.05,RESTRICTED,synthetic planned availability window,LOW,TRUE,TRUE
AV02694,SEC_KHA_LON,03-03-2026,19.21,21.54,RESTRICTED,synthetic planned availability window,LOW,FALSE,TRUE
AV02695,SEC_MUM_DAD,13-02-2026,9.57,11.39,UNAVAILABLE,synthetic planned availability window,HIGH,TRUE,TRUE
AV02696,SEC_DAD_THA,03-03-2026,0.52,2.22,UNAVAILABLE,synthetic planned availability window,LOW,TRUE,TRUE
AV02697,SEC_CHI_SHI,09-02-2026,5.05,6.46,RESTRICTED,synthetic planned availability window,HIGH,TRUE,TRUE
AV02698,SEC_THA_KAL,12-03-2026,12.35,13.47,RESTRICTED,synthetic planned availability window,HIGH,FALSE,TRUE
AV02699,SEC_KAR_KHA,27-01-2026,7.50,9.46,AVAILABLE,synthetic planned availability window,MEDIUM,TRUE,TRUE
AV02700,SEC_KAR_KHA,23-02-2026,6.16,7.40,UNAVAILABLE,synthetic planned availability window,MEDIUM,FALSE,TRUE
AV02701,SEC_DAD_THA,28-03-2026,5.13,6.30,RESTRICTED,synthetic planned availability window,HIGH,TRUE,TRUE
AV02702,SEC_THA_KAL,01-03-2026,18.26,19.49,UNAVAILABLE,synthetic planned availability window,MEDIUM,TRUE,TRUE
AV02703,SEC_DAD_THA,27-01-2026,5.31,6.37,UNAVAILABLE,synthetic planned availability window,HIGH,TRUE,TRUE
AV02704,SEC_KAL_KAR,02-03-2026,21.12,22.33,RESTRICTED,synthetic planned availability window,MEDIUM,FALSE,TRUE
AV02705,SEC_KAR_KHA,09-01-2026,9.14,10.24,AVAILABLE,synthetic planned availability window,LOW,TRUE,TRUE
AV02706,SEC_THA_KAL,06-01-2026,3.26,4.42,AVAILABLE,synthetic planned availability window,LOW,TRUE,TRUE
AV02707,SEC_KAR_KHA,04-02-2026,7.10,9.08,UNAVAILABLE,synthetic planned availability window,MEDIUM,FALSE,TRUE
AV02708,SEC_MUM_DAD,09-03-2026,21.33,23.49,AVAILABLE,synthetic planned availability window,LOW,TRUE,TRUE
AV02709,SEC_KAL_KAR,18-03-2026,16.44,18.42,RESTRICTED,synthetic planned availability window,LOW,FALSE,TRUE
AV02710,SEC_KHA_LON,30-01-2026,11.37,14.18,RESTRICTED,synthetic planned availability window,MEDIUM,TRUE,TRUE
AV02711,SEC_SHI_PUN,24-01-2026,6.23,8.23,UNAVAILABLE,synthetic planned availability window,HIGH,TRUE,TRUE
AV02712,SEC_CHI_SHI,03-02-2026,16.54,19.17,UNAVAILABLE,synthetic planned availability window,LOW,TRUE,TRUE
AV02713,SEC_THA_KAL,15-01-2026,15.50,18.33,UNAVAILABLE,synthetic planned availability window,MEDIUM,TRUE,TRUE
AV02714,SEC_MUM_DAD,20-02-2026,10.53,13.53,RESTRICTED,synthetic planned availability window,LOW,FALSE,TRUE
AV02715,SEC_KAL_KAR,17-03-2026,3.26,4.41,RESTRICTED,synthetic planned availability window,MEDIUM,TRUE,TRUE
AV02716,SEC_SHI_PUN,13-01-2026,10.00,12.39,AVAILABLE,synthetic planned availability window,MEDIUM,TRUE,TRUE
AV02717,SEC_KHA_LON,26-03-2026,9.15,10.27,UNAVAILABLE,synthetic planned availability window,HIGH,TRUE,TRUE
AV02718,SEC_LON_TAL,12-01-2026,19.46,21.11,AVAILABLE,synthetic planned availability window,MEDIUM,TRUE,TRUE
AV02719,SEC_THA_KAL,14-01-2026,0.45,2.11,AVAILABLE,synthetic planned availability window,HIGH,TRUE,TRUE
AV02720,SEC_KAL_KAR,05-02-2026,18.46,20.03,UNAVAILABLE,synthetic planned availability window,LOW,TRUE,TRUE
AV02721,SEC_MUM_DAD,10-01-2026,16.24,17.48,AVAILABLE,synthetic planned availability window,LOW,TRUE,TRUE
AV02722,SEC_DAD_THA,07-02-2026,19.01,21.10,RESTRICTED,synthetic planned availability window,MEDIUM,TRUE,TRUE
AV02723,SEC_KHA_LON,21-02-2026,12.51,15.34,UNAVAILABLE,synthetic planned availability window,HIGH,FALSE,TRUE
AV02724,SEC_MUM_DAD,24-03-2026,21.51,23.42,AVAILABLE,synthetic planned availability window,LOW,TRUE,TRUE
AV02725,SEC_THA_KAL,05-02-2026,7.41,9.50,AVAILABLE,synthetic planned availability window,HIGH,TRUE,TRUE
AV02726,SEC_MUM_DAD,16-03-2026,7.24,9.33,RESTRICTED,synthetic planned availability window,MEDIUM,FALSE,TRUE
AV02727,SEC_MUM_DAD,06-01-2026,10.19,11.42,RESTRICTED,synthetic planned availability window,LOW,TRUE,TRUE
AV02728,SEC_KAL_KAR,10-01-2026,11.47,14.28,RESTRICTED,synthetic planned availability window,HIGH,TRUE,TRUE
AV02729,SEC_LON_TAL,10-02-2026,9.02,10.21,AVAILABLE,synthetic planned availability window,HIGH,TRUE,TRUE
AV02730,SEC_THA_KAL,02-02-2026,18.04,20.49,RESTRICTED,synthetic planned availability window,HIGH,TRUE,TRUE
AV02731,SEC_KHA_LON,03-03-2026,8.14,9.41,AVAILABLE,synthetic planned availability window,HIGH,TRUE,TRUE
AV02732,SEC_KHA_LON,06-02-2026,14.03,16.10,AVAILABLE,synthetic planned availability window,LOW,TRUE,TRUE
AV02733,SEC_THA_KAL,23-03-2026,3.14,5.45,RESTRICTED,synthetic planned availability window,HIGH,TRUE,TRUE
AV02734,SEC_CHI_SHI,09-03-2026,3.07,5.44,UNAVAILABLE,synthetic planned availability window,LOW,TRUE,TRUE
AV02735,SEC_TAL_CHI,03-03-2026,3.53,6.11,UNAVAILABLE,synthetic planned availability window,MEDIUM,FALSE,TRUE
AV02736,SEC_TAL_CHI,02-01-2026,20.30,22.09,AVAILABLE,synthetic planned availability window,HIGH,TRUE,TRUE
AV02737,SEC_THA_KAL,14-02-2026,19.36,21.41,UNAVAILABLE,synthetic planned availability window,HIGH,FALSE,TRUE
AV02738,SEC_SHI_PUN,08-02-2026,5.51,7.15,UNAVAILABLE,synthetic planned availability window,MEDIUM,FALSE,TRUE
AV02739,SEC_CHI_SHI,04-03-2026,15.55,18.14,RESTRICTED,synthetic planned availability window,MEDIUM,TRUE,TRUE
AV02740,SEC_CHI_SHI,26-03-2026,17.10,20.10,UNAVAILABLE,synthetic planned availability window,HIGH,FALSE,TRUE
AV02741,SEC_THA_KAL,07-01-2026,9.17,11.27,RESTRICTED,synthetic planned availability window,HIGH,TRUE,TRUE
AV02742,SEC_LON_TAL,07-03-2026,5.51,7.29,AVAILABLE,synthetic planned availability window,LOW,FALSE,TRUE
AV02743,SEC_CHI_SHI,17-03-2026,3.08,5.19,RESTRICTED,synthetic planned availability window,LOW,FALSE,TRUE
AV02744,SEC_THA_KAL,27-01-2026,14.45,16.14,UNAVAILABLE,synthetic planned availability window,LOW,FALSE,TRUE
AV02745,SEC_MUM_DAD,05-03-2026,0.36,3.34,RESTRICTED,synthetic planned availability window,HIGH,FALSE,TRUE
AV02746,SEC_TAL_CHI,26-03-2026,18.35,20.41,RESTRICTED,synthetic planned availability window,MEDIUM,TRUE,TRUE
AV02747,SEC_THA_KAL,28-01-2026,21.57,22.58,AVAILABLE,synthetic planned availability window,LOW,TRUE,TRUE
AV02748,SEC_TAL_CHI,31-03-2026,10.39,13.23,RESTRICTED,synthetic planned availability window,LOW,FALSE,TRUE
AV02749,SEC_KHA_LON,24-02-2026,11.20,14.05,AVAILABLE,synthetic planned availability window,MEDIUM,FALSE,TRUE
AV02750,SEC_DAD_THA,24-03-2026,2.28,5.13,UNAVAILABLE,synthetic planned availability window,MEDIUM,TRUE,TRUE
AV02751,SEC_KHA_LON,30-01-2026,8.36,10.05,UNAVAILABLE,synthetic planned availability window,LOW,TRUE,TRUE
AV02752,SEC_KHA_LON,22-02-2026,18.57,20.59,RESTRICTED,synthetic planned availability window,HIGH,FALSE,TRUE
AV02753,SEC_MUM_DAD,02-01-2026,21.13,23.05,AVAILABLE,synthetic planned availability window,MEDIUM,FALSE,TRUE
AV02754,SEC_THA_KAL,01-01-2026,19.42,21.52,RESTRICTED,synthetic planned availability window,LOW,TRUE,TRUE
AV02755,SEC_TAL_CHI,16-01-2026,7.43,10.36,AVAILABLE,synthetic planned availability window,MEDIUM,TRUE,TRUE
AV02756,SEC_LON_TAL,01-03-2026,8.58,11.21,AVAILABLE,synthetic planned availability window,LOW,TRUE,TRUE
AV02757,SEC_SHI_PUN,07-03-2026,0.03,2.39,UNAVAILABLE,synthetic planned availability window,HIGH,FALSE,TRUE
AV02758,SEC_DAD_THA,15-01-2026,15.46,18.30,UNAVAILABLE,synthetic planned availability window,MEDIUM,TRUE,TRUE
AV02759,SEC_KHA_LON,14-02-2026,15.42,18.39,RESTRICTED,synthetic planned availability window,LOW,TRUE,TRUE
AV02760,SEC_LON_TAL,21-03-2026,9.08,11.32,UNAVAILABLE,synthetic planned availability window,LOW,TRUE,TRUE
AV02761,SEC_KAR_KHA,24-03-2026,0.20,3.20,AVAILABLE,synthetic planned availability window,LOW,FALSE,TRUE
AV02762,SEC_KAR_KHA,24-02-2026,9.16,10.57,RESTRICTED,synthetic planned availability window,HIGH,TRUE,TRUE
AV02763,SEC_LON_TAL,31-01-2026,15.24,17.06,UNAVAILABLE,synthetic planned availability window,LOW,FALSE,TRUE
AV02764,SEC_SHI_PUN,14-03-2026,2.42,5.08,AVAILABLE,synthetic planned availability window,HIGH,TRUE,TRUE
AV02765,SEC_KAR_KHA,27-01-2026,2.01,3.50,RESTRICTED,synthetic planned availability window,LOW,FALSE,TRUE
AV02766,SEC_MUM_DAD,19-01-2026,2.24,5.07,UNAVAILABLE,synthetic planned availability window,HIGH,FALSE,TRUE
AV02767,SEC_LON_TAL,04-01-2026,6.03,8.52,AVAILABLE,synthetic planned availability window,LOW,TRUE,TRUE
AV02768,SEC_CHI_SHI,01-03-2026,5.51,7.16,RESTRICTED,synthetic planned availability window,MEDIUM,FALSE,TRUE
AV02769,SEC_MUM_DAD,19-02-2026,10.33,11.50,RESTRICTED,synthetic planned availability window,MEDIUM,FALSE,TRUE
AV02770,SEC_TAL_CHI,10-02-2026,11.21,12.24,RESTRICTED,synthetic planned availability window,LOW,FALSE,TRUE
AV02771,SEC_TAL_CHI,15-01-2026,11.45,14.03,AVAILABLE,synthetic planned availability window,MEDIUM,TRUE,TRUE
AV02772,SEC_LON_TAL,14-01-2026,3.48,6.24,RESTRICTED,synthetic planned availability window,HIGH,FALSE,TRUE
AV02773,SEC_LON_TAL,12-02-2026,11.49,13.28,UNAVAILABLE,synthetic planned availability window,HIGH,FALSE,TRUE
AV02774,SEC_LON_TAL,23-03-2026,14.26,16.22,RESTRICTED,synthetic planned availability window,LOW,FALSE,TRUE
AV02775,SEC_LON_TAL,18-02-2026,0.09,2.32,AVAILABLE,synthetic planned availability window,LOW,FALSE,TRUE
AV02776,SEC_DAD_THA,22-01-2026,17.34,19.55,UNAVAILABLE,synthetic planned availability window,LOW,TRUE,TRUE
AV02777,SEC_TAL_CHI,19-01-2026,18.03,19.27,UNAVAILABLE,synthetic planned availability window,LOW,TRUE,TRUE
AV02778,SEC_KHA_LON,24-01-2026,8.17,10.42,AVAILABLE,synthetic planned availability window,HIGH,TRUE,TRUE
AV02779,SEC_KHA_LON,13-03-2026,7.20,10.08,RESTRICTED,synthetic planned availability window,LOW,TRUE,TRUE
AV02780,SEC_LON_TAL,12-03-2026,19.39,21.10,AVAILABLE,synthetic planned availability window,HIGH,TRUE,TRUE
AV02781,SEC_CHI_SHI,12-02-2026,1.16,4.10,RESTRICTED,synthetic planned availability window,HIGH,TRUE,TRUE
AV02782,SEC_DAD_THA,22-01-2026,1.33,4.19,RESTRICTED,synthetic planned availability window,MEDIUM,TRUE,TRUE
AV02783,SEC_KHA_LON,05-02-2026,12.25,14.13,RESTRICTED,synthetic planned availability window,HIGH,TRUE,TRUE
AV02784,SEC_KAL_KAR,21-01-2026,21.43,23.59,AVAILABLE,synthetic planned availability window,LOW,FALSE,TRUE
AV02785,SEC_KHA_LON,10-03-2026,9.32,11.21,RESTRICTED,synthetic planned availability window,MEDIUM,FALSE,TRUE
AV02786,SEC_KAL_KAR,14-01-2026,1.48,4.24,UNAVAILABLE,synthetic planned availability window,MEDIUM,FALSE,TRUE
AV02787,SEC_CHI_SHI,26-01-2026,2.48,4.18,UNAVAILABLE,synthetic planned availability window,HIGH,TRUE,TRUE
AV02788,SEC_CHI_SHI,01-03-2026,7.19,9.56,RESTRICTED,synthetic planned availability window,MEDIUM,TRUE,TRUE
AV02789,SEC_KHA_LON,02-01-2026,14.40,17.05,AVAILABLE,synthetic planned availability window,LOW,FALSE,TRUE
AV02790,SEC_SHI_PUN,14-01-2026,12.38,14.00,UNAVAILABLE,synthetic planned availability window,LOW,FALSE,TRUE
AV02791,SEC_DAD_THA,20-01-2026,17.06,18.11,UNAVAILABLE,synthetic planned availability window,HIGH,TRUE,TRUE
AV02792,SEC_KAL_KAR,01-03-2026,14.44,17.22,RESTRICTED,synthetic planned availability window,LOW,TRUE,TRUE
AV02793,SEC_MUM_DAD,23-03-2026,15.13,17.47,AVAILABLE,synthetic planned availability window,HIGH,TRUE,TRUE
AV02794,SEC_SHI_PUN,02-03-2026,5.40,8.04,AVAILABLE,synthetic planned availability window,MEDIUM,TRUE,TRUE
AV02795,SEC_THA_KAL,26-01-2026,8.47,10.13,RESTRICTED,synthetic planned availability window,HIGH,FALSE,TRUE
AV02796,SEC_SHI_PUN,30-03-2026,3.57,6.25,RESTRICTED,synthetic planned availability window,HIGH,TRUE,TRUE
AV02797,SEC_MUM_DAD,05-01-2026,14.09,15.14,UNAVAILABLE,synthetic planned availability window,HIGH,TRUE,TRUE
AV02798,SEC_THA_KAL,06-02-2026,18.20,20.56,RESTRICTED,synthetic planned availability window,HIGH,TRUE,TRUE
AV02799,SEC_MUM_DAD,10-03-2026,11.11,12.41,AVAILABLE,synthetic planned availability window,LOW,TRUE,TRUE
AV02800,SEC_KHA_LON,24-02-2026,20.55,22.04,AVAILABLE,synthetic planned availability window,MEDIUM,TRUE,TRUE
AV02801,SEC_MUM_DAD,06-01-2026,5.48,7.10,AVAILABLE,synthetic planned availability window,HIGH,TRUE,TRUE
AV02802,SEC_LON_TAL,13-03-2026,11.29,13.58,RESTRICTED,synthetic planned availability window,MEDIUM,FALSE,TRUE
AV02803,SEC_TAL_CHI,27-02-2026,15.21,17.09,RESTRICTED,synthetic planned availability window,HIGH,FALSE,TRUE
AV02804,SEC_SHI_PUN,03-02-2026,20.13,21.17,RESTRICTED,synthetic planned availability window,LOW,FALSE,TRUE
AV02805,SEC_THA_KAL,10-03-2026,12.17,14.23,RESTRICTED,synthetic planned availability window,MEDIUM,FALSE,TRUE
AV02806,SEC_KHA_LON,03-01-2026,4.53,6.36,RESTRICTED,synthetic planned availability window,MEDIUM,TRUE,TRUE
AV02807,SEC_KAR_KHA,20-03-2026,14.35,17.31,RESTRICTED,synthetic planned availability window,MEDIUM,FALSE,TRUE
AV02808,SEC_SHI_PUN,18-01-2026,3.14,5.34,UNAVAILABLE,synthetic planned availability window,LOW,TRUE,TRUE
AV02809,SEC_MUM_DAD,16-02-2026,0.26,2.07,UNAVAILABLE,synthetic planned availability window,MEDIUM,FALSE,TRUE
AV02810,SEC_CHI_SHI,07-02-2026,11.37,12.43,RESTRICTED,synthetic planned availability window,LOW,TRUE,TRUE
AV02811,SEC_KHA_LON,01-02-2026,3.31,6.25,AVAILABLE,synthetic planned availability window,HIGH,TRUE,TRUE
AV02812,SEC_THA_KAL,16-03-2026,13.07,15.52,UNAVAILABLE,synthetic planned availability window,HIGH,TRUE,TRUE
AV02813,SEC_KAR_KHA,28-03-2026,10.23,12.36,UNAVAILABLE,synthetic planned availability window,HIGH,TRUE,TRUE
AV02814,SEC_KHA_LON,08-01-2026,13.18,15.48,AVAILABLE,synthetic planned availability window,LOW,TRUE,TRUE
AV02815,SEC_KAL_KAR,17-01-2026,5.24,7.52,AVAILABLE,synthetic planned availability window,HIGH,FALSE,TRUE
AV02816,SEC_TAL_CHI,25-01-2026,15.32,17.43,RESTRICTED,synthetic planned availability window,MEDIUM,TRUE,TRUE
AV02817,SEC_THA_KAL,30-03-2026,21.12,22.58,RESTRICTED,synthetic planned availability window,MEDIUM,FALSE,TRUE
AV02818,SEC_KHA_LON,08-03-2026,16.34,18.25,UNAVAILABLE,synthetic planned availability window,LOW,TRUE,TRUE
AV02819,SEC_DAD_THA,10-03-2026,13.05,14.06,RESTRICTED,synthetic planned availability window,MEDIUM,TRUE,TRUE
AV02820,SEC_KAL_KAR,05-02-2026,2.04,3.18,AVAILABLE,synthetic planned availability window,HIGH,FALSE,TRUE
AV02821,SEC_DAD_THA,24-03-2026,3.15,6.05,AVAILABLE,synthetic planned availability window,HIGH,TRUE,TRUE
AV02822,SEC_TAL_CHI,18-03-2026,12.17,14.31,RESTRICTED,synthetic planned availability window,HIGH,FALSE,TRUE
AV02823,SEC_KHA_LON,13-01-2026,9.22,12.18,RESTRICTED,synthetic planned availability window,MEDIUM,TRUE,TRUE
AV02824,SEC_KAR_KHA,16-01-2026,7.37,9.40,AVAILABLE,synthetic planned availability window,HIGH,TRUE,TRUE
AV02825,SEC_TAL_CHI,02-01-2026,11.55,14.50,RESTRICTED,synthetic planned availability window,HIGH,TRUE,TRUE
AV02826,SEC_THA_KAL,07-02-2026,4.13,5.43,RESTRICTED,synthetic planned availability window,LOW,TRUE,TRUE
AV02827,SEC_LON_TAL,16-01-2026,13.00,15.14,RESTRICTED,synthetic planned availability window,HIGH,FALSE,TRUE
AV02828,SEC_CHI_SHI,30-01-2026,18.23,21.05,RESTRICTED,synthetic planned availability window,HIGH,TRUE,TRUE
AV02829,SEC_CHI_SHI,25-01-2026,12.51,14.09,UNAVAILABLE,synthetic planned availability window,HIGH,TRUE,TRUE
AV02830,SEC_TAL_CHI,31-01-2026,13.04,16.00,AVAILABLE,synthetic planned availability window,LOW,FALSE,TRUE
AV02831,SEC_LON_TAL,05-01-2026,18.48,19.53,RESTRICTED,synthetic planned availability window,MEDIUM,TRUE,TRUE
AV02832,SEC_MUM_DAD,18-03-2026,16.44,18.03,UNAVAILABLE,synthetic planned availability window,LOW,TRUE,TRUE
AV02833,SEC_THA_KAL,17-01-2026,12.37,13.48,UNAVAILABLE,synthetic planned availability window,HIGH,FALSE,TRUE
AV02834,SEC_MUM_DAD,26-03-2026,21.44,22.50,RESTRICTED,synthetic planned availability window,HIGH,TRUE,TRUE
AV02835,SEC_DAD_THA,28-02-2026,6.20,8.38,UNAVAILABLE,synthetic planned availability window,LOW,TRUE,TRUE
AV02836,SEC_THA_KAL,30-03-2026,6.42,9.01,RESTRICTED,synthetic planned availability window,LOW,TRUE,TRUE
AV02837,SEC_SHI_PUN,05-01-2026,21.01,23.02,UNAVAILABLE,synthetic planned availability window,MEDIUM,FALSE,TRUE
AV02838,SEC_THA_KAL,26-02-2026,13.54,15.24,UNAVAILABLE,synthetic planned availability window,LOW,TRUE,TRUE
AV02839,SEC_DAD_THA,28-03-2026,20.31,21.58,RESTRICTED,synthetic planned availability window,HIGH,TRUE,TRUE
AV02840,SEC_KAR_KHA,21-03-2026,5.18,6.25,AVAILABLE,synthetic planned availability window,HIGH,FALSE,TRUE
AV02841,SEC_MUM_DAD,23-02-2026,17.24,19.06,AVAILABLE,synthetic planned availability window,LOW,TRUE,TRUE
AV02842,SEC_TAL_CHI,04-02-2026,13.46,15.22,AVAILABLE,synthetic planned availability window,LOW,TRUE,TRUE
AV02843,SEC_KAR_KHA,26-01-2026,10.16,12.38,AVAILABLE,synthetic planned availability window,LOW,TRUE,TRUE
AV02844,SEC_TAL_CHI,04-01-2026,21.47,22.52,RESTRICTED,synthetic planned availability window,LOW,TRUE,TRUE
AV02845,SEC_CHI_SHI,24-01-2026,3.27,5.18,RESTRICTED,synthetic planned availability window,MEDIUM,TRUE,TRUE
AV02846,SEC_KAL_KAR,23-02-2026,5.02,6.32,AVAILABLE,synthetic planned availability window,HIGH,TRUE,TRUE
AV02847,SEC_THA_KAL,13-01-2026,17.47,19.47,AVAILABLE,synthetic planned availability window,LOW,TRUE,TRUE
AV02848,SEC_MUM_DAD,13-03-2026,17.47,19.40,UNAVAILABLE,synthetic planned availability window,MEDIUM,TRUE,TRUE
AV02849,SEC_LON_TAL,11-01-2026,2.45,3.48,AVAILABLE,synthetic planned availability window,LOW,FALSE,TRUE
AV02850,SEC_KAR_KHA,12-02-2026,1.31,3.40,UNAVAILABLE,synthetic planned availability window,MEDIUM,TRUE,TRUE
AV02851,SEC_SHI_PUN,19-01-2026,15.12,17.03,UNAVAILABLE,synthetic planned availability window,LOW,TRUE,TRUE
AV02852,SEC_KHA_LON,26-02-2026,21.03,23.12,AVAILABLE,synthetic planned availability window,LOW,FALSE,TRUE
AV02853,SEC_LON_TAL,19-02-2026,0.21,1.50,AVAILABLE,synthetic planned availability window,HIGH,TRUE,TRUE
AV02854,SEC_DAD_THA,17-02-2026,7.02,9.51,AVAILABLE,synthetic planned availability window,MEDIUM,FALSE,TRUE
AV02855,SEC_LON_TAL,17-01-2026,10.53,13.27,RESTRICTED,synthetic planned availability window,HIGH,FALSE,TRUE
AV02856,SEC_LON_TAL,04-03-2026,11.21,12.34,UNAVAILABLE,synthetic planned availability window,HIGH,FALSE,TRUE
AV02857,SEC_DAD_THA,14-02-2026,2.58,5.54,UNAVAILABLE,synthetic planned availability window,MEDIUM,TRUE,TRUE
AV02858,SEC_DAD_THA,06-01-2026,8.20,10.02,AVAILABLE,synthetic planned availability window,LOW,FALSE,TRUE
AV02859,SEC_KAR_KHA,22-03-2026,3.10,4.53,UNAVAILABLE,synthetic planned availability window,MEDIUM,TRUE,TRUE
AV02860,SEC_TAL_CHI,18-02-2026,5.38,8.36,AVAILABLE,synthetic planned availability window,HIGH,FALSE,TRUE
AV02861,SEC_MUM_DAD,03-03-2026,10.32,12.23,RESTRICTED,synthetic planned availability window,LOW,TRUE,TRUE
AV02862,SEC_KHA_LON,02-01-2026,4.16,5.55,UNAVAILABLE,synthetic planned availability window,HIGH,FALSE,TRUE
AV02863,SEC_TAL_CHI,24-01-2026,10.35,11.57,AVAILABLE,synthetic planned availability window,MEDIUM,FALSE,TRUE
AV02864,SEC_CHI_SHI,27-02-2026,13.46,15.58,UNAVAILABLE,synthetic planned availability window,MEDIUM,TRUE,TRUE
AV02865,SEC_THA_KAL,25-02-2026,2.10,3.34,RESTRICTED,synthetic planned availability window,MEDIUM,FALSE,TRUE
AV02866,SEC_MUM_DAD,01-03-2026,12.09,15.01,UNAVAILABLE,synthetic planned availability window,HIGH,FALSE,TRUE
AV02867,SEC_DAD_THA,11-01-2026,3.05,5.49,AVAILABLE,synthetic planned availability window,HIGH,TRUE,TRUE
AV02868,SEC_TAL_CHI,03-03-2026,6.06,9.01,RESTRICTED,synthetic planned availability window,HIGH,TRUE,TRUE
AV02869,SEC_KHA_LON,13-03-2026,12.53,15.16,RESTRICTED,synthetic planned availability window,MEDIUM,FALSE,TRUE
AV02870,SEC_KAR_KHA,26-01-2026,9.12,10.15,RESTRICTED,synthetic planned availability window,MEDIUM,TRUE,TRUE
AV02871,SEC_LON_TAL,18-02-2026,18.06,19.27,RESTRICTED,synthetic planned availability window,HIGH,TRUE,TRUE
AV02872,SEC_MUM_DAD,21-03-2026,1.47,3.09,RESTRICTED,synthetic planned availability window,HIGH,TRUE,TRUE
AV02873,SEC_CHI_SHI,22-01-2026,4.35,5.59,RESTRICTED,synthetic planned availability window,HIGH,TRUE,TRUE
AV02874,SEC_THA_KAL,13-03-2026,1.36,2.54,AVAILABLE,synthetic planned availability window,HIGH,FALSE,TRUE
AV02875,SEC_DAD_THA,13-01-2026,16.25,19.14,UNAVAILABLE,synthetic planned availability window,LOW,TRUE,TRUE
AV02876,SEC_TAL_CHI,23-02-2026,9.09,11.33,AVAILABLE,synthetic planned availability window,HIGH,TRUE,TRUE
AV02877,SEC_SHI_PUN,28-02-2026,7.12,8.41,AVAILABLE,synthetic planned availability window,LOW,FALSE,TRUE
AV02878,SEC_DAD_THA,23-01-2026,0.54,3.37,AVAILABLE,synthetic planned availability window,HIGH,FALSE,TRUE
AV02879,SEC_SHI_PUN,21-03-2026,12.01,14.11,AVAILABLE,synthetic planned availability window,HIGH,FALSE,TRUE
AV02880,SEC_THA_KAL,17-01-2026,21.04,23.35,UNAVAILABLE,synthetic planned availability window,HIGH,FALSE,TRUE
AV02881,SEC_SHI_PUN,08-01-2026,3.52,5.35,RESTRICTED,synthetic planned availability window,HIGH,TRUE,TRUE
AV02882,SEC_CHI_SHI,11-01-2026,19.52,21.48,AVAILABLE,synthetic planned availability window,LOW,TRUE,TRUE
AV02883,SEC_KHA_LON,15-01-2026,8.44,10.26,AVAILABLE,synthetic planned availability window,MEDIUM,TRUE,TRUE
AV02884,SEC_MUM_DAD,11-03-2026,21.51,23.59,UNAVAILABLE,synthetic planned availability window,MEDIUM,TRUE,TRUE
AV02885,SEC_SHI_PUN,19-03-2026,0.47,2.49,AVAILABLE,synthetic planned availability window,MEDIUM,FALSE,TRUE
AV02886,SEC_KAR_KHA,10-03-2026,8.19,10.39,UNAVAILABLE,synthetic planned availability window,MEDIUM,TRUE,TRUE
AV02887,SEC_CHI_SHI,28-01-2026,13.14,14.32,RESTRICTED,synthetic planned availability window,LOW,FALSE,TRUE
AV02888,SEC_THA_KAL,15-02-2026,0.00,1.28,RESTRICTED,synthetic planned availability window,HIGH,TRUE,TRUE
AV02889,SEC_THA_KAL,22-01-2026,18.44,19.58,AVAILABLE,synthetic planned availability window,MEDIUM,TRUE,TRUE
AV02890,SEC_LON_TAL,16-02-2026,11.45,12.49,RESTRICTED,synthetic planned availability window,MEDIUM,TRUE,TRUE
AV02891,SEC_LON_TAL,29-03-2026,9.39,11.10,RESTRICTED,synthetic planned availability window,MEDIUM,FALSE,TRUE
AV02892,SEC_MUM_DAD,05-02-2026,12.40,13.52,RESTRICTED,synthetic planned availability window,HIGH,FALSE,TRUE
AV02893,SEC_KAL_KAR,20-02-2026,2.01,3.07,AVAILABLE,synthetic planned availability window,MEDIUM,FALSE,TRUE
AV02894,SEC_CHI_SHI,27-03-2026,15.11,17.15,UNAVAILABLE,synthetic planned availability window,LOW,FALSE,TRUE
AV02895,SEC_DAD_THA,15-03-2026,20.31,21.31,UNAVAILABLE,synthetic planned availability window,HIGH,FALSE,TRUE
AV02896,SEC_KHA_LON,22-02-2026,0.17,3.06,RESTRICTED,synthetic planned availability window,LOW,TRUE,TRUE
AV02897,SEC_KAR_KHA,22-03-2026,1.20,3.34,AVAILABLE,synthetic planned availability window,HIGH,TRUE,TRUE
AV02898,SEC_CHI_SHI,14-01-2026,17.54,19.50,AVAILABLE,synthetic planned availability window,HIGH,FALSE,TRUE
AV02899,SEC_SHI_PUN,17-01-2026,7.55,10.42,AVAILABLE,synthetic planned availability window,HIGH,TRUE,TRUE
AV02900,SEC_KHA_LON,21-02-2026,1.37,2.52,RESTRICTED,synthetic planned availability window,MEDIUM,FALSE,TRUE
AV02901,SEC_KHA_LON,03-01-2026,12.03,14.01,UNAVAILABLE,synthetic planned availability window,HIGH,FALSE,TRUE
AV02902,SEC_KAL_KAR,04-02-2026,2.49,4.34,AVAILABLE,synthetic planned availability window,MEDIUM,FALSE,TRUE
AV02903,SEC_LON_TAL,23-02-2026,16.57,18.39,RESTRICTED,synthetic planned availability window,HIGH,FALSE,TRUE
AV02904,SEC_MUM_DAD,26-03-2026,3.08,4.44,RESTRICTED,synthetic planned availability window,MEDIUM,FALSE,TRUE
AV02905,SEC_DAD_THA,10-03-2026,7.54,10.19,UNAVAILABLE,synthetic planned availability window,LOW,TRUE,TRUE
AV02906,SEC_KAL_KAR,27-03-2026,7.42,8.53,RESTRICTED,synthetic planned availability window,HIGH,TRUE,TRUE
AV02907,SEC_THA_KAL,10-02-2026,4.19,5.46,UNAVAILABLE,synthetic planned availability window,HIGH,FALSE,TRUE
AV02908,SEC_KAR_KHA,23-03-2026,16.53,19.32,RESTRICTED,synthetic planned availability window,HIGH,FALSE,TRUE
AV02909,SEC_KAL_KAR,08-01-2026,3.47,5.16,UNAVAILABLE,synthetic planned availability window,MEDIUM,FALSE,TRUE
AV02910,SEC_CHI_SHI,07-03-2026,19.33,21.00,UNAVAILABLE,synthetic planned availability window,HIGH,TRUE,TRUE
AV02911,SEC_SHI_PUN,02-01-2026,5.26,7.23,AVAILABLE,synthetic planned availability window,MEDIUM,TRUE,TRUE
AV02912,SEC_THA_KAL,12-01-2026,18.59,21.39,UNAVAILABLE,synthetic planned availability window,LOW,TRUE,TRUE
AV02913,SEC_DAD_THA,21-02-2026,17.52,18.59,RESTRICTED,synthetic planned availability window,LOW,TRUE,TRUE
AV02914,SEC_TAL_CHI,22-03-2026,10.44,12.55,RESTRICTED,synthetic planned availability window,LOW,TRUE,TRUE
AV02915,SEC_LON_TAL,29-01-2026,0.00,2.16,RESTRICTED,synthetic planned availability window,MEDIUM,TRUE,TRUE
AV02916,SEC_KAR_KHA,18-03-2026,12.35,15.00,UNAVAILABLE,synthetic planned availability window,HIGH,TRUE,TRUE
AV02917,SEC_MUM_DAD,07-01-2026,12.53,14.53,AVAILABLE,synthetic planned availability window,HIGH,TRUE,TRUE
AV02918,SEC_KAL_KAR,02-03-2026,13.17,15.55,RESTRICTED,synthetic planned availability window,MEDIUM,TRUE,TRUE
AV02919,SEC_SHI_PUN,06-03-2026,16.45,19.33,AVAILABLE,synthetic planned availability window,MEDIUM,FALSE,TRUE
AV02920,SEC_SHI_PUN,14-02-2026,0.16,1.47,AVAILABLE,synthetic planned availability window,LOW,TRUE,TRUE
AV02921,SEC_KAL_KAR,28-01-2026,7.01,8.33,UNAVAILABLE,synthetic planned availability window,HIGH,TRUE,TRUE
AV02922,SEC_LON_TAL,19-02-2026,16.24,17.49,AVAILABLE,synthetic planned availability window,MEDIUM,TRUE,TRUE
AV02923,SEC_SHI_PUN,26-01-2026,13.38,15.08,UNAVAILABLE,synthetic planned availability window,LOW,FALSE,TRUE
AV02924,SEC_KAR_KHA,22-03-2026,20.09,21.23,UNAVAILABLE,synthetic planned availability window,LOW,TRUE,TRUE
AV02925,SEC_TAL_CHI,23-03-2026,19.18,21.43,UNAVAILABLE,synthetic planned availability window,MEDIUM,TRUE,TRUE
AV02926,SEC_TAL_CHI,13-01-2026,5.11,6.44,AVAILABLE,synthetic planned availability window,LOW,FALSE,TRUE
AV02927,SEC_DAD_THA,29-01-2026,16.50,18.48,RESTRICTED,synthetic planned availability window,MEDIUM,TRUE,TRUE
AV02928,SEC_SHI_PUN,06-01-2026,0.23,3.18,RESTRICTED,synthetic planned availability window,LOW,FALSE,TRUE
AV02929,SEC_KAR_KHA,26-02-2026,0.45,3.35,AVAILABLE,synthetic planned availability window,HIGH,FALSE,TRUE
AV02930,SEC_KAL_KAR,13-03-2026,20.51,22.42,AVAILABLE,synthetic planned availability window,LOW,TRUE,TRUE
AV02931,SEC_KHA_LON,31-03-2026,20.16,21.31,AVAILABLE,synthetic planned availability window,HIGH,TRUE,TRUE
AV02932,SEC_MUM_DAD,28-02-2026,4.27,6.39,UNAVAILABLE,synthetic planned availability window,MEDIUM,FALSE,TRUE
AV02933,SEC_KHA_LON,09-01-2026,20.04,21.44,AVAILABLE,synthetic planned availability window,LOW,TRUE,TRUE
AV02934,SEC_KHA_LON,17-02-2026,15.31,16.50,UNAVAILABLE,synthetic planned availability window,MEDIUM,FALSE,TRUE
AV02935,SEC_SHI_PUN,21-01-2026,17.34,19.39,UNAVAILABLE,synthetic planned availability window,LOW,TRUE,TRUE
AV02936,SEC_THA_KAL,18-01-2026,1.51,4.04,RESTRICTED,synthetic planned availability window,MEDIUM,TRUE,TRUE
AV02937,SEC_KAL_KAR,30-01-2026,12.06,14.44,AVAILABLE,synthetic planned availability window,MEDIUM,FALSE,TRUE
AV02938,SEC_KHA_LON,04-03-2026,5.19,7.03,UNAVAILABLE,synthetic planned availability window,HIGH,FALSE,TRUE
AV02939,SEC_SHI_PUN,22-02-2026,16.39,19.21,AVAILABLE,synthetic planned availability window,MEDIUM,FALSE,TRUE
AV02940,SEC_CHI_SHI,29-03-2026,9.34,11.23,AVAILABLE,synthetic planned availability window,LOW,TRUE,TRUE
AV02941,SEC_DAD_THA,10-03-2026,5.55,7.58,AVAILABLE,synthetic planned availability window,HIGH,TRUE,TRUE
AV02942,SEC_THA_KAL,10-02-2026,2.07,4.44,UNAVAILABLE,synthetic planned availability window,LOW,TRUE,TRUE
AV02943,SEC_CHI_SHI,30-03-2026,20.32,23.20,UNAVAILABLE,synthetic planned availability window,LOW,TRUE,TRUE
AV02944,SEC_KAR_KHA,12-02-2026,14.54,16.16,AVAILABLE,synthetic planned availability window,MEDIUM,TRUE,TRUE
AV02945,SEC_TAL_CHI,15-02-2026,16.49,18.58,RESTRICTED,synthetic planned availability window,LOW,FALSE,TRUE
AV02946,SEC_KAR_KHA,09-03-2026,15.35,17.43,AVAILABLE,synthetic planned availability window,LOW,TRUE,TRUE
AV02947,SEC_MUM_DAD,09-03-2026,13.21,14.54,RESTRICTED,synthetic planned availability window,HIGH,TRUE,TRUE
AV02948,SEC_KAR_KHA,25-03-2026,15.47,17.46,RESTRICTED,synthetic planned availability window,MEDIUM,FALSE,TRUE
AV02949,SEC_KAL_KAR,27-03-2026,5.14,6.46,UNAVAILABLE,synthetic planned availability window,MEDIUM,TRUE,TRUE
AV02950,SEC_THA_KAL,06-01-2026,14.39,17.13,UNAVAILABLE,synthetic planned availability window,MEDIUM,TRUE,TRUE
AV02951,SEC_MUM_DAD,28-02-2026,11.16,13.53,RESTRICTED,synthetic planned availability window,HIGH,FALSE,TRUE
AV02952,SEC_KAL_KAR,06-03-2026,10.30,13.12,RESTRICTED,synthetic planned availability window,LOW,FALSE,TRUE
AV02953,SEC_DAD_THA,26-01-2026,2.01,4.56,UNAVAILABLE,synthetic planned availability window,LOW,FALSE,TRUE
AV02954,SEC_SHI_PUN,03-03-2026,3.27,4.50,UNAVAILABLE,synthetic planned availability window,LOW,TRUE,TRUE
AV02955,SEC_TAL_CHI,17-03-2026,18.15,20.41,AVAILABLE,synthetic planned availability window,HIGH,TRUE,TRUE
AV02956,SEC_SHI_PUN,04-01-2026,5.20,7.11,AVAILABLE,synthetic planned availability window,MEDIUM,TRUE,TRUE
AV02957,SEC_CHI_SHI,20-03-2026,9.14,10.34,AVAILABLE,synthetic planned availability window,MEDIUM,TRUE,TRUE
AV02958,SEC_TAL_CHI,24-03-2026,5.34,7.33,UNAVAILABLE,synthetic planned availability window,HIGH,TRUE,TRUE
AV02959,SEC_CHI_SHI,27-01-2026,5.51,6.57,RESTRICTED,synthetic planned availability window,HIGH,TRUE,TRUE
AV02960,SEC_TAL_CHI,20-01-2026,1.15,2.46,UNAVAILABLE,synthetic planned availability window,LOW,TRUE,TRUE
AV02961,SEC_KAR_KHA,23-01-2026,15.18,17.11,UNAVAILABLE,synthetic planned availability window,MEDIUM,TRUE,TRUE
AV02962,SEC_KAR_KHA,01-01-2026,2.30,4.37,UNAVAILABLE,synthetic planned availability window,HIGH,FALSE,TRUE
AV02963,SEC_LON_TAL,05-01-2026,16.11,17.12,RESTRICTED,synthetic planned availability window,LOW,TRUE,TRUE
AV02964,SEC_KAL_KAR,06-03-2026,15.01,16.44,AVAILABLE,synthetic planned availability window,LOW,TRUE,TRUE
AV02965,SEC_THA_KAL,27-01-2026,14.11,17.08,AVAILABLE,synthetic planned availability window,MEDIUM,TRUE,TRUE
AV02966,SEC_THA_KAL,19-03-2026,17.26,20.18,RESTRICTED,synthetic planned availability window,LOW,TRUE,TRUE
AV02967,SEC_MUM_DAD,13-02-2026,3.45,6.08,AVAILABLE,synthetic planned availability window,MEDIUM,TRUE,TRUE
AV02968,SEC_KHA_LON,25-03-2026,16.08,17.16,AVAILABLE,synthetic planned availability window,MEDIUM,FALSE,TRUE
AV02969,SEC_MUM_DAD,26-02-2026,11.26,14.20,AVAILABLE,synthetic planned availability window,LOW,TRUE,TRUE
AV02970,SEC_KHA_LON,29-03-2026,6.09,8.13,AVAILABLE,synthetic planned availability window,MEDIUM,TRUE,TRUE
AV02971,SEC_THA_KAL,21-02-2026,21.05,22.31,RESTRICTED,synthetic planned availability window,HIGH,TRUE,TRUE
AV02972,SEC_LON_TAL,06-01-2026,1.46,3.42,UNAVAILABLE,synthetic planned availability window,HIGH,TRUE,TRUE
AV02973,SEC_MUM_DAD,07-02-2026,13.02,15.21,AVAILABLE,synthetic planned availability window,LOW,FALSE,TRUE
AV02974,SEC_KHA_LON,03-03-2026,0.37,3.25,RESTRICTED,synthetic planned availability window,MEDIUM,FALSE,TRUE
AV02975,SEC_TAL_CHI,14-01-2026,21.31,23.59,AVAILABLE,synthetic planned availability window,LOW,TRUE,TRUE
AV02976,SEC_MUM_DAD,28-01-2026,2.25,4.33,AVAILABLE,synthetic planned availability window,LOW,TRUE,TRUE
AV02977,SEC_LON_TAL,08-02-2026,16.02,18.59,UNAVAILABLE,synthetic planned availability window,MEDIUM,TRUE,TRUE
AV02978,SEC_KHA_LON,10-01-2026,2.20,3.22,UNAVAILABLE,synthetic planned availability window,MEDIUM,FALSE,TRUE
AV02979,SEC_LON_TAL,20-02-2026,1.10,2.56,UNAVAILABLE,synthetic planned availability window,LOW,TRUE,TRUE
AV02980,SEC_DAD_THA,10-02-2026,14.34,17.23,RESTRICTED,synthetic planned availability window,MEDIUM,TRUE,TRUE
AV02981,SEC_DAD_THA,09-02-2026,6.56,9.09,RESTRICTED,synthetic planned availability window,LOW,TRUE,TRUE
AV02982,SEC_TAL_CHI,14-03-2026,9.43,11.05,AVAILABLE,synthetic planned availability window,MEDIUM,TRUE,TRUE
AV02983,SEC_MUM_DAD,16-03-2026,13.07,15.52,UNAVAILABLE,synthetic planned availability window,HIGH,FALSE,TRUE
AV02984,SEC_KHA_LON,01-02-2026,13.13,15.14,AVAILABLE,synthetic planned availability window,MEDIUM,FALSE,TRUE
AV02985,SEC_LON_TAL,19-02-2026,13.37,14.37,UNAVAILABLE,synthetic planned availability window,MEDIUM,TRUE,TRUE
AV02986,SEC_TAL_CHI,26-02-2026,4.56,6.49,AVAILABLE,synthetic planned availability window,MEDIUM,TRUE,TRUE
AV02987,SEC_TAL_CHI,07-03-2026,17.30,18.40,UNAVAILABLE,synthetic planned availability window,LOW,FALSE,TRUE
AV02988,SEC_TAL_CHI,31-01-2026,13.07,16.01,RESTRICTED,synthetic planned availability window,HIGH,TRUE,TRUE
AV02989,SEC_SHI_PUN,24-01-2026,21.15,23.53,AVAILABLE,synthetic planned availability window,MEDIUM,TRUE,TRUE
AV02990,SEC_KAL_KAR,06-02-2026,2.45,5.14,AVAILABLE,synthetic planned availability window,LOW,FALSE,TRUE
AV02991,SEC_TAL_CHI,21-03-2026,9.45,11.03,RESTRICTED,synthetic planned availability window,LOW,TRUE,TRUE
AV02992,SEC_MUM_DAD,27-02-2026,12.28,13.56,AVAILABLE,synthetic planned availability window,HIGH,TRUE,TRUE
AV02993,SEC_CHI_SHI,03-01-2026,16.11,17.57,UNAVAILABLE,synthetic planned availability window,HIGH,TRUE,TRUE
AV02994,SEC_KAL_KAR,29-01-2026,5.38,6.55,RESTRICTED,synthetic planned availability window,MEDIUM,FALSE,TRUE
AV02995,SEC_CHI_SHI,08-03-2026,6.18,7.58,AVAILABLE,synthetic planned availability window,MEDIUM,FALSE,TRUE
AV02996,SEC_MUM_DAD,17-02-2026,20.03,21.52,RESTRICTED,synthetic planned availability window,MEDIUM,TRUE,TRUE
AV02997,SEC_LON_TAL,27-01-2026,12.55,15.28,AVAILABLE,synthetic planned availability window,LOW,TRUE,TRUE
AV02998,SEC_KAL_KAR,06-02-2026,15.44,18.26,AVAILABLE,synthetic planned availability window,LOW,TRUE,TRUE
AV02999,SEC_KAL_KAR,24-02-2026,0.26,3.06,RESTRICTED,synthetic planned availability window,HIGH,TRUE,TRUE
AV03000,SEC_KHA_LON,21-03-2026,2.12,4.09,RESTRICTED,synthetic planned availability window,LOW,TRUE,TRUE
AV03001,SEC_THA_KAL,05-03-2026,10.09,11.27,AVAILABLE,synthetic planned availability window,HIGH,FALSE,TRUE
AV03002,SEC_DAD_THA,10-03-2026,10.08,12.08,UNAVAILABLE,synthetic planned availability window,LOW,TRUE,TRUE
AV03003,SEC_KHA_LON,18-03-2026,1.07,2.27,RESTRICTED,synthetic planned availability window,HIGH,TRUE,TRUE
AV03004,SEC_CHI_SHI,29-01-2026,12.39,15.28,AVAILABLE,synthetic planned availability window,MEDIUM,TRUE,TRUE
AV03005,SEC_TAL_CHI,30-01-2026,5.48,8.14,AVAILABLE,synthetic planned availability window,LOW,FALSE,TRUE
AV03006,SEC_CHI_SHI,02-02-2026,4.04,5.41,AVAILABLE,synthetic planned availability window,HIGH,TRUE,TRUE
AV03007,SEC_MUM_DAD,24-01-2026,12.32,14.58,RESTRICTED,synthetic planned availability window,LOW,FALSE,TRUE
AV03008,SEC_TAL_CHI,26-03-2026,10.58,13.43,AVAILABLE,synthetic planned availability window,LOW,FALSE,TRUE
AV03009,SEC_THA_KAL,04-03-2026,13.14,15.03,RESTRICTED,synthetic planned availability window,MEDIUM,TRUE,TRUE
AV03010,SEC_DAD_THA,01-01-2026,4.11,5.24,UNAVAILABLE,synthetic planned availability window,HIGH,TRUE,TRUE
AV03011,SEC_THA_KAL,28-01-2026,2.40,4.59,AVAILABLE,synthetic planned availability window,LOW,TRUE,TRUE
AV03012,SEC_KHA_LON,17-02-2026,11.03,12.46,UNAVAILABLE,synthetic planned availability window,LOW,TRUE,TRUE
AV03013,SEC_TAL_CHI,05-01-2026,20.25,21.44,RESTRICTED,synthetic planned availability window,MEDIUM,TRUE,TRUE
AV03014,SEC_SHI_PUN,30-01-2026,13.35,15.18,AVAILABLE,synthetic planned availability window,MEDIUM,TRUE,TRUE
AV03015,SEC_LON_TAL,28-01-2026,16.18,18.40,UNAVAILABLE,synthetic planned availability window,HIGH,FALSE,TRUE
AV03016,SEC_CHI_SHI,16-03-2026,19.24,20.28,RESTRICTED,synthetic planned availability window,MEDIUM,FALSE,TRUE
AV03017,SEC_MUM_DAD,31-03-2026,21.57,23.59,RESTRICTED,synthetic planned availability window,LOW,TRUE,TRUE
AV03018,SEC_LON_TAL,11-02-2026,16.22,18.18,RESTRICTED,synthetic planned availability window,LOW,TRUE,TRUE
AV03019,SEC_MUM_DAD,28-03-2026,17.41,19.56,AVAILABLE,synthetic planned availability window,LOW,TRUE,TRUE
AV03020,SEC_KAR_KHA,01-03-2026,14.16,16.07,UNAVAILABLE,synthetic planned availability window,MEDIUM,TRUE,TRUE
AV03021,SEC_CHI_SHI,11-01-2026,1.28,2.56,UNAVAILABLE,synthetic planned availability window,HIGH,FALSE,TRUE
AV03022,SEC_KHA_LON,30-01-2026,16.54,18.16,RESTRICTED,synthetic planned availability window,HIGH,TRUE,TRUE
AV03023,SEC_LON_TAL,20-01-2026,21.23,23.34,UNAVAILABLE,synthetic planned availability window,LOW,TRUE,TRUE
AV03024,SEC_SHI_PUN,26-01-2026,14.37,17.04,UNAVAILABLE,synthetic planned availability window,HIGH,FALSE,TRUE
AV03025,SEC_MUM_DAD,01-02-2026,22.00,23.59,AVAILABLE,synthetic planned availability window,HIGH,FALSE,TRUE
AV03026,SEC_LON_TAL,09-02-2026,16.48,18.32,UNAVAILABLE,synthetic planned availability window,HIGH,TRUE,TRUE
AV03027,SEC_KHA_LON,17-03-2026,11.57,13.36,AVAILABLE,synthetic planned availability window,MEDIUM,FALSE,TRUE
AV03028,SEC_KAR_KHA,03-02-2026,16.23,18.58,RESTRICTED,synthetic planned availability window,MEDIUM,TRUE,TRUE
AV03029,SEC_KAR_KHA,03-02-2026,7.19,9.12,AVAILABLE,synthetic planned availability window,LOW,TRUE,TRUE
AV03030,SEC_THA_KAL,17-01-2026,11.06,13.25,AVAILABLE,synthetic planned availability window,MEDIUM,TRUE,TRUE
AV03031,SEC_LON_TAL,08-02-2026,13.32,15.29,AVAILABLE,synthetic planned availability window,MEDIUM,TRUE,TRUE
AV03032,SEC_SHI_PUN,05-01-2026,2.53,5.07,RESTRICTED,synthetic planned availability window,MEDIUM,FALSE,TRUE
AV03033,SEC_KHA_LON,20-03-2026,6.12,8.33,RESTRICTED,synthetic planned availability window,LOW,TRUE,TRUE
AV03034,SEC_CHI_SHI,07-01-2026,6.34,7.35,RESTRICTED,synthetic planned availability window,LOW,TRUE,TRUE
AV03035,SEC_KHA_LON,01-01-2026,6.20,7.35,AVAILABLE,synthetic planned availability window,LOW,FALSE,TRUE
AV03036,SEC_MUM_DAD,12-03-2026,0.48,2.43,UNAVAILABLE,synthetic planned availability window,HIGH,FALSE,TRUE
AV03037,SEC_MUM_DAD,07-03-2026,3.30,6.29,UNAVAILABLE,synthetic planned availability window,MEDIUM,FALSE,TRUE
AV03038,SEC_LON_TAL,03-02-2026,12.21,14.42,UNAVAILABLE,synthetic planned availability window,LOW,TRUE,TRUE
AV03039,SEC_THA_KAL,01-01-2026,0.33,3.30,RESTRICTED,synthetic planned availability window,HIGH,TRUE,TRUE
AV03040,SEC_MUM_DAD,08-02-2026,8.04,9.27,RESTRICTED,synthetic planned availability window,MEDIUM,FALSE,TRUE
AV03041,SEC_DAD_THA,16-03-2026,11.06,13.46,AVAILABLE,synthetic planned availability window,HIGH,FALSE,TRUE
AV03042,SEC_LON_TAL,24-01-2026,17.31,19.06,AVAILABLE,synthetic planned availability window,MEDIUM,TRUE,TRUE
AV03043,SEC_LON_TAL,12-01-2026,18.33,21.05,AVAILABLE,synthetic planned availability window,HIGH,TRUE,TRUE
AV03044,SEC_THA_KAL,16-03-2026,7.10,8.15,RESTRICTED,synthetic planned availability window,MEDIUM,TRUE,TRUE
AV03045,SEC_DAD_THA,27-03-2026,18.09,20.32,AVAILABLE,synthetic planned availability window,HIGH,FALSE,TRUE
AV03046,SEC_DAD_THA,30-01-2026,18.37,20.58,AVAILABLE,synthetic planned availability window,HIGH,TRUE,TRUE
AV03047,SEC_KHA_LON,15-03-2026,8.36,10.52,RESTRICTED,synthetic planned availability window,MEDIUM,FALSE,TRUE
AV03048,SEC_SHI_PUN,26-02-2026,0.09,2.21,UNAVAILABLE,synthetic planned availability window,MEDIUM,TRUE,TRUE
AV03049,SEC_THA_KAL,05-02-2026,10.58,12.51,UNAVAILABLE,synthetic planned availability window,HIGH,TRUE,TRUE
AV03050,SEC_THA_KAL,08-02-2026,14.42,17.03,UNAVAILABLE,synthetic planned availability window,HIGH,TRUE,TRUE
AV03051,SEC_MUM_DAD,03-02-2026,4.14,6.08,RESTRICTED,synthetic planned availability window,HIGH,FALSE,TRUE
AV03052,SEC_CHI_SHI,03-02-2026,21.08,23.32,RESTRICTED,synthetic planned availability window,MEDIUM,TRUE,TRUE
AV03053,SEC_CHI_SHI,20-02-2026,9.13,12.00,RESTRICTED,synthetic planned availability window,MEDIUM,TRUE,TRUE
AV03054,SEC_DAD_THA,17-02-2026,18.12,20.38,AVAILABLE,synthetic planned availability window,MEDIUM,TRUE,TRUE
AV03055,SEC_LON_TAL,01-02-2026,10.21,12.46,RESTRICTED,synthetic planned availability window,MEDIUM,FALSE,TRUE
AV03056,SEC_CHI_SHI,14-01-2026,14.27,17.24,AVAILABLE,synthetic planned availability window,LOW,FALSE,TRUE
AV03057,SEC_SHI_PUN,29-01-2026,8.23,10.45,RESTRICTED,synthetic planned availability window,MEDIUM,TRUE,TRUE
AV03058,SEC_KAL_KAR,26-02-2026,9.23,12.01,AVAILABLE,synthetic planned availability window,LOW,FALSE,TRUE
AV03059,SEC_LON_TAL,25-02-2026,11.18,13.37,RESTRICTED,synthetic planned availability window,HIGH,TRUE,TRUE
AV03060,SEC_TAL_CHI,22-02-2026,17.19,19.24,AVAILABLE,synthetic planned availability window,HIGH,FALSE,TRUE
AV03061,SEC_CHI_SHI,01-02-2026,5.02,7.59,RESTRICTED,synthetic planned availability window,LOW,FALSE,TRUE
AV03062,SEC_THA_KAL,13-02-2026,5.41,7.16,AVAILABLE,synthetic planned availability window,MEDIUM,FALSE,TRUE
AV03063,SEC_KAR_KHA,16-02-2026,4.56,6.36,UNAVAILABLE,synthetic planned availability window,LOW,TRUE,TRUE
AV03064,SEC_THA_KAL,15-03-2026,3.15,5.04,RESTRICTED,synthetic planned availability window,MEDIUM,TRUE,TRUE
AV03065,SEC_KHA_LON,30-03-2026,0.36,2.45,UNAVAILABLE,synthetic planned availability window,MEDIUM,TRUE,TRUE
AV03066,SEC_CHI_SHI,13-02-2026,19.38,20.42,AVAILABLE,synthetic planned availability window,LOW,TRUE,TRUE
AV03067,SEC_CHI_SHI,20-02-2026,12.55,15.47,RESTRICTED,synthetic planned availability window,MEDIUM,FALSE,TRUE
AV03068,SEC_KHA_LON,01-02-2026,5.05,7.29,UNAVAILABLE,synthetic planned availability window,MEDIUM,TRUE,TRUE
AV03069,SEC_KHA_LON,03-03-2026,20.44,23.25,RESTRICTED,synthetic planned availability window,MEDIUM,TRUE,TRUE
AV03070,SEC_TAL_CHI,12-02-2026,6.27,8.57,AVAILABLE,synthetic planned availability window,LOW,FALSE,TRUE
AV03071,SEC_CHI_SHI,12-03-2026,18.44,20.26,UNAVAILABLE,synthetic planned availability window,LOW,TRUE,TRUE
AV03072,SEC_THA_KAL,16-03-2026,9.15,10.29,AVAILABLE,synthetic planned availability window,MEDIUM,TRUE,TRUE
AV03073,SEC_KAL_KAR,28-01-2026,1.37,2.57,AVAILABLE,synthetic planned availability window,HIGH,FALSE,TRUE
AV03074,SEC_DAD_THA,06-03-2026,1.04,2.49,RESTRICTED,synthetic planned availability window,MEDIUM,TRUE,TRUE
AV03075,SEC_SHI_PUN,20-02-2026,9.55,12.26,AVAILABLE,synthetic planned availability window,HIGH,TRUE,TRUE
AV03076,SEC_TAL_CHI,14-02-2026,4.18,6.58,UNAVAILABLE,synthetic planned availability window,MEDIUM,TRUE,TRUE
AV03077,SEC_SHI_PUN,16-03-2026,0.34,2.07,RESTRICTED,synthetic planned availability window,HIGH,TRUE,TRUE
AV03078,SEC_KHA_LON,16-01-2026,19.27,22.19,AVAILABLE,synthetic planned availability window,HIGH,TRUE,TRUE
AV03079,SEC_DAD_THA,27-01-2026,10.12,11.52,AVAILABLE,synthetic planned availability window,LOW,TRUE,TRUE
AV03080,SEC_MUM_DAD,02-03-2026,12.49,15.20,AVAILABLE,synthetic planned availability window,HIGH,TRUE,TRUE
AV03081,SEC_THA_KAL,09-03-2026,2.20,5.11,UNAVAILABLE,synthetic planned availability window,MEDIUM,TRUE,TRUE
AV03082,SEC_KHA_LON,24-01-2026,3.11,5.13,UNAVAILABLE,synthetic planned availability window,HIGH,TRUE,TRUE
AV03083,SEC_TAL_CHI,13-01-2026,20.56,22.43,RESTRICTED,synthetic planned availability window,LOW,FALSE,TRUE
AV03084,SEC_TAL_CHI,19-03-2026,4.56,7.46,AVAILABLE,synthetic planned availability window,HIGH,FALSE,TRUE
AV03085,SEC_LON_TAL,05-01-2026,2.46,5.18,AVAILABLE,synthetic planned availability window,HIGH,TRUE,TRUE
AV03086,SEC_KAL_KAR,01-02-2026,20.34,21.54,RESTRICTED,synthetic planned availability window,HIGH,FALSE,TRUE
AV03087,SEC_THA_KAL,22-03-2026,0.12,1.19,AVAILABLE,synthetic planned availability window,MEDIUM,TRUE,TRUE
AV03088,SEC_KHA_LON,26-03-2026,20.53,22.40,AVAILABLE,synthetic planned availability window,LOW,TRUE,TRUE
AV03089,SEC_TAL_CHI,26-03-2026,12.38,14.49,RESTRICTED,synthetic planned availability window,MEDIUM,TRUE,TRUE
AV03090,SEC_KAL_KAR,15-03-2026,0.03,2.01,AVAILABLE,synthetic planned availability window,HIGH,TRUE,TRUE
AV03091,SEC_THA_KAL,29-01-2026,0.00,2.49,UNAVAILABLE,synthetic planned availability window,MEDIUM,TRUE,TRUE
AV03092,SEC_TAL_CHI,09-03-2026,13.44,15.06,UNAVAILABLE,synthetic planned availability window,MEDIUM,FALSE,TRUE
AV03093,SEC_CHI_SHI,17-02-2026,1.35,2.44,RESTRICTED,synthetic planned availability window,HIGH,FALSE,TRUE
AV03094,SEC_SHI_PUN,20-03-2026,1.39,3.23,AVAILABLE,synthetic planned availability window,MEDIUM,TRUE,TRUE
AV03095,SEC_THA_KAL,16-03-2026,5.07,6.58,UNAVAILABLE,synthetic planned availability window,LOW,TRUE,TRUE
AV03096,SEC_KHA_LON,12-01-2026,18.02,20.20,AVAILABLE,synthetic planned availability window,MEDIUM,TRUE,TRUE
AV03097,SEC_TAL_CHI,25-03-2026,10.26,13.03,RESTRICTED,synthetic planned availability window,LOW,FALSE,TRUE
AV03098,SEC_TAL_CHI,07-02-2026,9.32,11.06,AVAILABLE,synthetic planned availability window,MEDIUM,TRUE,TRUE
AV03099,SEC_KAR_KHA,31-03-2026,2.26,4.34,RESTRICTED,synthetic planned availability window,LOW,TRUE,TRUE
AV03100,SEC_KAL_KAR,10-03-2026,20.43,23.24,UNAVAILABLE,synthetic planned availability window,HIGH,TRUE,TRUE
AV03101,SEC_KAR_KHA,12-01-2026,8.15,9.23,UNAVAILABLE,synthetic planned availability window,HIGH,TRUE,TRUE
AV03102,SEC_MUM_DAD,07-02-2026,14.07,17.06,AVAILABLE,synthetic planned availability window,MEDIUM,TRUE,TRUE
AV03103,SEC_DAD_THA,30-01-2026,0.13,2.42,AVAILABLE,synthetic planned availability window,MEDIUM,TRUE,TRUE
AV03104,SEC_THA_KAL,15-03-2026,7.01,8.13,AVAILABLE,synthetic planned availability window,HIGH,FALSE,TRUE
AV03105,SEC_DAD_THA,20-02-2026,12.46,15.39,RESTRICTED,synthetic planned availability window,LOW,TRUE,TRUE
AV03106,SEC_CHI_SHI,16-01-2026,9.47,12.05,UNAVAILABLE,synthetic planned availability window,HIGH,TRUE,TRUE
AV03107,SEC_DAD_THA,31-01-2026,13.09,15.48,UNAVAILABLE,synthetic planned availability window,HIGH,TRUE,TRUE
AV03108,SEC_THA_KAL,05-02-2026,11.43,13.20,AVAILABLE,synthetic planned availability window,HIGH,TRUE,TRUE
AV03109,SEC_LON_TAL,15-01-2026,19.40,21.02,AVAILABLE,synthetic planned availability window,HIGH,TRUE,TRUE
AV03110,SEC_KAL_KAR,12-02-2026,17.45,19.53,RESTRICTED,synthetic planned availability window,HIGH,TRUE,TRUE
AV03111,SEC_SHI_PUN,01-01-2026,4.01,6.05,RESTRICTED,synthetic planned availability window,HIGH,TRUE,TRUE
AV03112,SEC_KAL_KAR,01-01-2026,2.03,4.10,RESTRICTED,synthetic planned availability window,LOW,FALSE,TRUE
AV03113,SEC_TAL_CHI,17-02-2026,9.43,11.52,AVAILABLE,synthetic planned availability window,LOW,FALSE,TRUE
AV03114,SEC_KHA_LON,14-02-2026,5.45,7.14,UNAVAILABLE,synthetic planned availability window,HIGH,TRUE,TRUE
AV03115,SEC_KAL_KAR,24-03-2026,5.45,8.14,UNAVAILABLE,synthetic planned availability window,MEDIUM,FALSE,TRUE
AV03116,SEC_SHI_PUN,18-02-2026,20.39,22.36,AVAILABLE,synthetic planned availability window,LOW,TRUE,TRUE
AV03117,SEC_KAL_KAR,05-02-2026,8.15,10.11,AVAILABLE,synthetic planned availability window,HIGH,FALSE,TRUE
AV03118,SEC_MUM_DAD,12-03-2026,15.57,18.02,RESTRICTED,synthetic planned availability window,MEDIUM,FALSE,TRUE
AV03119,SEC_KAL_KAR,22-01-2026,16.17,17.49,RESTRICTED,synthetic planned availability window,HIGH,FALSE,TRUE
AV03120,SEC_DAD_THA,13-01-2026,17.11,19.23,RESTRICTED,synthetic planned availability window,LOW,FALSE,TRUE
AV03121,SEC_MUM_DAD,01-03-2026,21.32,23.50,UNAVAILABLE,synthetic planned availability window,LOW,FALSE,TRUE
AV03122,SEC_TAL_CHI,15-03-2026,5.13,6.54,UNAVAILABLE,synthetic planned availability window,LOW,TRUE,TRUE
AV03123,SEC_KAL_KAR,12-02-2026,7.18,9.31,UNAVAILABLE,synthetic planned availability window,HIGH,TRUE,TRUE
AV03124,SEC_LON_TAL,23-03-2026,7.48,9.07,UNAVAILABLE,synthetic planned availability window,MEDIUM,FALSE,TRUE
AV03125,SEC_KAR_KHA,19-01-2026,6.33,9.18,AVAILABLE,synthetic planned availability window,LOW,TRUE,TRUE
AV03126,SEC_SHI_PUN,09-02-2026,17.54,19.59,AVAILABLE,synthetic planned availability window,MEDIUM,FALSE,TRUE
AV03127,SEC_LON_TAL,15-01-2026,18.38,20.10,UNAVAILABLE,synthetic planned availability window,LOW,TRUE,TRUE
AV03128,SEC_SHI_PUN,08-01-2026,16.39,19.12,AVAILABLE,synthetic planned availability window,LOW,FALSE,TRUE
AV03129,SEC_LON_TAL,03-01-2026,1.32,4.25,RESTRICTED,synthetic planned availability window,HIGH,TRUE,TRUE
AV03130,SEC_SHI_PUN,14-02-2026,11.44,13.22,RESTRICTED,synthetic planned availability window,HIGH,TRUE,TRUE
AV03131,SEC_MUM_DAD,14-03-2026,4.09,6.14,AVAILABLE,synthetic planned availability window,MEDIUM,TRUE,TRUE
AV03132,SEC_LON_TAL,31-01-2026,8.15,10.02,UNAVAILABLE,synthetic planned availability window,HIGH,TRUE,TRUE
AV03133,SEC_THA_KAL,16-03-2026,19.31,21.30,UNAVAILABLE,synthetic planned availability window,MEDIUM,FALSE,TRUE
AV03134,SEC_THA_KAL,11-01-2026,13.51,16.08,UNAVAILABLE,synthetic planned availability window,LOW,TRUE,TRUE
AV03135,SEC_SHI_PUN,03-02-2026,11.21,12.52,RESTRICTED,synthetic planned availability window,LOW,FALSE,TRUE
AV03136,SEC_CHI_SHI,27-03-2026,18.16,19.46,RESTRICTED,synthetic planned availability window,MEDIUM,TRUE,TRUE
AV03137,SEC_TAL_CHI,10-03-2026,10.23,12.33,AVAILABLE,synthetic planned availability window,HIGH,FALSE,TRUE
AV03138,SEC_DAD_THA,22-01-2026,17.29,19.38,RESTRICTED,synthetic planned availability window,LOW,TRUE,TRUE
AV03139,SEC_MUM_DAD,21-01-2026,18.50,21.41,UNAVAILABLE,synthetic planned availability window,LOW,TRUE,TRUE
AV03140,SEC_KHA_LON,06-03-2026,9.19,11.18,AVAILABLE,synthetic planned availability window,LOW,TRUE,TRUE
AV03141,SEC_THA_KAL,22-03-2026,12.01,13.05,AVAILABLE,synthetic planned availability window,LOW,FALSE,TRUE
AV03142,SEC_KAR_KHA,15-01-2026,9.55,12.05,RESTRICTED,synthetic planned availability window,MEDIUM,TRUE,TRUE
AV03143,SEC_DAD_THA,26-01-2026,4.58,7.28,RESTRICTED,synthetic planned availability window,MEDIUM,TRUE,TRUE
AV03144,SEC_DAD_THA,23-02-2026,18.02,20.29,UNAVAILABLE,synthetic planned availability window,LOW,FALSE,TRUE
AV03145,SEC_CHI_SHI,03-03-2026,19.24,21.53,AVAILABLE,synthetic planned availability window,MEDIUM,TRUE,TRUE
AV03146,SEC_DAD_THA,02-03-2026,17.56,20.54,AVAILABLE,synthetic planned availability window,HIGH,FALSE,TRUE
AV03147,SEC_KAR_KHA,01-02-2026,8.01,9.30,RESTRICTED,synthetic planned availability window,MEDIUM,FALSE,TRUE
AV03148,SEC_MUM_DAD,08-01-2026,0.25,2.43,UNAVAILABLE,synthetic planned availability window,HIGH,TRUE,TRUE
AV03149,SEC_DAD_THA,03-02-2026,4.47,7.35,RESTRICTED,synthetic planned availability window,MEDIUM,FALSE,TRUE
AV03150,SEC_KHA_LON,13-03-2026,7.13,8.31,RESTRICTED,synthetic planned availability window,HIGH,TRUE,TRUE
AV03151,SEC_KAL_KAR,22-02-2026,17.09,18.46,RESTRICTED,synthetic planned availability window,LOW,TRUE,TRUE
AV03152,SEC_TAL_CHI,25-02-2026,12.07,14.23,AVAILABLE,synthetic planned availability window,HIGH,FALSE,TRUE
AV03153,SEC_CHI_SHI,11-02-2026,2.28,3.47,UNAVAILABLE,synthetic planned availability window,MEDIUM,FALSE,TRUE
AV03154,SEC_LON_TAL,09-02-2026,21.46,23.27,UNAVAILABLE,synthetic planned availability window,MEDIUM,FALSE,TRUE
AV03155,SEC_DAD_THA,06-03-2026,15.12,17.13,AVAILABLE,synthetic planned availability window,MEDIUM,FALSE,TRUE
AV03156,SEC_SHI_PUN,15-01-2026,4.36,6.09,UNAVAILABLE,synthetic planned availability window,MEDIUM,TRUE,TRUE
AV03157,SEC_TAL_CHI,13-03-2026,18.05,19.18,RESTRICTED,synthetic planned availability window,HIGH,FALSE,TRUE
AV03158,SEC_LON_TAL,24-01-2026,1.14,2.47,UNAVAILABLE,synthetic planned availability window,LOW,FALSE,TRUE
AV03159,SEC_MUM_DAD,24-03-2026,14.20,16.07,AVAILABLE,synthetic planned availability window,HIGH,TRUE,TRUE
AV03160,SEC_CHI_SHI,26-03-2026,15.19,17.45,RESTRICTED,synthetic planned availability window,MEDIUM,FALSE,TRUE
AV03161,SEC_LON_TAL,07-01-2026,8.18,9.37,RESTRICTED,synthetic planned availability window,HIGH,FALSE,TRUE
AV03162,SEC_TAL_CHI,20-03-2026,6.07,8.21,AVAILABLE,synthetic planned availability window,MEDIUM,FALSE,TRUE
AV03163,SEC_MUM_DAD,28-03-2026,2.51,4.45,AVAILABLE,synthetic planned availability window,HIGH,TRUE,TRUE
AV03164,SEC_DAD_THA,24-01-2026,18.18,20.55,AVAILABLE,synthetic planned availability window,LOW,FALSE,TRUE
AV03165,SEC_KAL_KAR,17-01-2026,6.15,8.22,UNAVAILABLE,synthetic planned availability window,LOW,TRUE,TRUE
AV03166,SEC_KHA_LON,11-02-2026,17.21,19.45,UNAVAILABLE,synthetic planned availability window,LOW,TRUE,TRUE
AV03167,SEC_TAL_CHI,21-01-2026,7.19,8.44,RESTRICTED,synthetic planned availability window,LOW,TRUE,TRUE
AV03168,SEC_LON_TAL,10-01-2026,13.23,15.25,UNAVAILABLE,synthetic planned availability window,HIGH,FALSE,TRUE
AV03169,SEC_CHI_SHI,10-03-2026,21.51,23.42,RESTRICTED,synthetic planned availability window,MEDIUM,FALSE,TRUE
AV03170,SEC_SHI_PUN,13-01-2026,19.37,21.55,AVAILABLE,synthetic planned availability window,HIGH,TRUE,TRUE
AV03171,SEC_LON_TAL,06-03-2026,9.52,12.23,UNAVAILABLE,synthetic planned availability window,MEDIUM,FALSE,TRUE
AV03172,SEC_LON_TAL,31-01-2026,5.06,6.23,RESTRICTED,synthetic planned availability window,LOW,TRUE,TRUE
AV03173,SEC_LON_TAL,22-01-2026,8.49,11.26,UNAVAILABLE,synthetic planned availability window,HIGH,TRUE,TRUE
AV03174,SEC_MUM_DAD,06-02-2026,20.28,22.46,UNAVAILABLE,synthetic planned availability window,LOW,FALSE,TRUE
AV03175,SEC_LON_TAL,07-03-2026,12.31,14.47,UNAVAILABLE,synthetic planned availability window,HIGH,FALSE,TRUE
AV03176,SEC_TAL_CHI,07-02-2026,0.21,2.07,AVAILABLE,synthetic planned availability window,HIGH,TRUE,TRUE
AV03177,SEC_KAR_KHA,12-03-2026,11.33,12.34,RESTRICTED,synthetic planned availability window,HIGH,TRUE,TRUE
AV03178,SEC_MUM_DAD,23-02-2026,19.55,21.35,AVAILABLE,synthetic planned availability window,LOW,FALSE,TRUE
AV03179,SEC_MUM_DAD,30-03-2026,10.10,11.18,UNAVAILABLE,synthetic planned availability window,HIGH,TRUE,TRUE
AV03180,SEC_DAD_THA,22-03-2026,14.31,15.44,RESTRICTED,synthetic planned availability window,MEDIUM,TRUE,TRUE
AV03181,SEC_SHI_PUN,14-03-2026,12.44,15.04,UNAVAILABLE,synthetic planned availability window,LOW,FALSE,TRUE
AV03182,SEC_CHI_SHI,28-03-2026,21.34,23.59,RESTRICTED,synthetic planned availability window,HIGH,FALSE,TRUE
AV03183,SEC_DAD_THA,19-01-2026,13.21,16.08,UNAVAILABLE,synthetic planned availability window,HIGH,FALSE,TRUE
AV03184,SEC_THA_KAL,29-03-2026,10.42,13.22,UNAVAILABLE,synthetic planned availability window,LOW,TRUE,TRUE
AV03185,SEC_KAR_KHA,10-03-2026,21.53,23.59,UNAVAILABLE,synthetic planned availability window,HIGH,TRUE,TRUE
AV03186,SEC_MUM_DAD,18-01-2026,3.33,6.07,AVAILABLE,synthetic planned availability window,LOW,FALSE,TRUE
AV03187,SEC_LON_TAL,31-01-2026,5.57,7.07,UNAVAILABLE,synthetic planned availability window,HIGH,TRUE,TRUE
AV03188,SEC_KAL_KAR,22-02-2026,18.53,21.18,AVAILABLE,synthetic planned availability window,LOW,FALSE,TRUE
AV03189,SEC_DAD_THA,21-02-2026,4.30,6.25,AVAILABLE,synthetic planned availability window,HIGH,TRUE,TRUE
AV03190,SEC_KAL_KAR,24-03-2026,10.54,12.32,UNAVAILABLE,synthetic planned availability window,HIGH,FALSE,TRUE
AV03191,SEC_KHA_LON,14-01-2026,12.50,14.32,RESTRICTED,synthetic planned availability window,LOW,TRUE,TRUE
AV03192,SEC_KHA_LON,04-01-2026,16.57,18.05,UNAVAILABLE,synthetic planned availability window,MEDIUM,TRUE,TRUE
AV03193,SEC_LON_TAL,07-03-2026,10.19,12.44,AVAILABLE,synthetic planned availability window,HIGH,TRUE,TRUE
AV03194,SEC_THA_KAL,25-03-2026,2.09,4.52,RESTRICTED,synthetic planned availability window,MEDIUM,TRUE,TRUE
AV03195,SEC_THA_KAL,26-01-2026,16.17,17.32,AVAILABLE,synthetic planned availability window,LOW,TRUE,TRUE
AV03196,SEC_TAL_CHI,26-03-2026,6.41,8.13,RESTRICTED,synthetic planned availability window,LOW,FALSE,TRUE
AV03197,SEC_KAL_KAR,08-02-2026,2.45,5.10,UNAVAILABLE,synthetic planned availability window,LOW,TRUE,TRUE
AV03198,SEC_TAL_CHI,08-01-2026,4.57,6.56,UNAVAILABLE,synthetic planned availability window,MEDIUM,TRUE,TRUE
AV03199,SEC_TAL_CHI,10-03-2026,3.11,5.10,RESTRICTED,synthetic planned availability window,MEDIUM,TRUE,TRUE
AV03200,SEC_THA_KAL,06-03-2026,8.27,9.52,UNAVAILABLE,synthetic planned availability window,LOW,TRUE,TRUE
AV03201,SEC_KHA_LON,26-02-2026,17.21,19.20,RESTRICTED,synthetic planned availability window,MEDIUM,TRUE,TRUE
AV03202,SEC_KAL_KAR,12-01-2026,15.05,16.12,RESTRICTED,synthetic planned availability window,LOW,TRUE,TRUE
AV03203,SEC_THA_KAL,13-03-2026,7.01,9.43,RESTRICTED,synthetic planned availability window,LOW,TRUE,TRUE
AV03204,SEC_TAL_CHI,10-01-2026,3.27,5.12,UNAVAILABLE,synthetic planned availability window,MEDIUM,FALSE,TRUE
AV03205,SEC_DAD_THA,29-03-2026,1.23,3.14,UNAVAILABLE,synthetic planned availability window,MEDIUM,TRUE,TRUE
AV03206,SEC_MUM_DAD,13-02-2026,13.51,16.00,UNAVAILABLE,synthetic planned availability window,MEDIUM,TRUE,TRUE
AV03207,SEC_SHI_PUN,15-03-2026,4.12,7.05,AVAILABLE,synthetic planned availability window,HIGH,TRUE,TRUE
AV03208,SEC_SHI_PUN,27-01-2026,3.54,5.55,UNAVAILABLE,synthetic planned availability window,MEDIUM,TRUE,TRUE
AV03209,SEC_THA_KAL,28-01-2026,14.12,16.28,AVAILABLE,synthetic planned availability window,LOW,TRUE,TRUE
AV03210,SEC_SHI_PUN,24-02-2026,21.26,23.06,UNAVAILABLE,synthetic planned availability window,LOW,TRUE,TRUE
AV03211,SEC_MUM_DAD,14-03-2026,12.17,13.42,UNAVAILABLE,synthetic planned availability window,HIGH,TRUE,TRUE
AV03212,SEC_SHI_PUN,21-02-2026,15.23,18.10,AVAILABLE,synthetic planned availability window,MEDIUM,FALSE,TRUE
AV03213,SEC_CHI_SHI,02-02-2026,15.41,16.52,AVAILABLE,synthetic planned availability window,HIGH,FALSE,TRUE
AV03214,SEC_KAL_KAR,05-02-2026,6.59,8.02,RESTRICTED,synthetic planned availability window,MEDIUM,TRUE,TRUE
AV03215,SEC_THA_KAL,10-03-2026,9.10,10.11,RESTRICTED,synthetic planned availability window,HIGH,FALSE,TRUE
AV03216,SEC_KHA_LON,24-03-2026,15.23,18.12,RESTRICTED,synthetic planned availability window,MEDIUM,FALSE,TRUE
AV03217,SEC_KAR_KHA,15-03-2026,12.27,13.48,AVAILABLE,synthetic planned availability window,HIGH,TRUE,TRUE
AV03218,SEC_TAL_CHI,03-03-2026,9.39,10.42,AVAILABLE,synthetic planned availability window,HIGH,TRUE,TRUE
AV03219,SEC_TAL_CHI,18-03-2026,13.21,15.56,RESTRICTED,synthetic planned availability window,HIGH,TRUE,TRUE
AV03220,SEC_KHA_LON,22-03-2026,13.33,16.05,UNAVAILABLE,synthetic planned availability window,LOW,TRUE,TRUE
AV03221,SEC_SHI_PUN,08-01-2026,18.14,20.37,AVAILABLE,synthetic planned availability window,HIGH,TRUE,TRUE
AV03222,SEC_SHI_PUN,01-03-2026,6.51,8.20,UNAVAILABLE,synthetic planned availability window,MEDIUM,FALSE,TRUE
AV03223,SEC_DAD_THA,21-01-2026,3.34,5.28,UNAVAILABLE,synthetic planned availability window,MEDIUM,FALSE,TRUE
AV03224,SEC_KAR_KHA,14-03-2026,12.18,14.13,UNAVAILABLE,synthetic planned availability window,HIGH,TRUE,TRUE
AV03225,SEC_THA_KAL,27-03-2026,9.30,11.11,RESTRICTED,synthetic planned availability window,LOW,FALSE,TRUE
AV03226,SEC_KAR_KHA,27-02-2026,16.33,18.49,UNAVAILABLE,synthetic planned availability window,HIGH,TRUE,TRUE
AV03227,SEC_TAL_CHI,06-01-2026,21.46,23.44,RESTRICTED,synthetic planned availability window,LOW,FALSE,TRUE
AV03228,SEC_MUM_DAD,22-01-2026,8.05,11.01,AVAILABLE,synthetic planned availability window,LOW,FALSE,TRUE
AV03229,SEC_SHI_PUN,25-02-2026,16.52,18.02,UNAVAILABLE,synthetic planned availability window,HIGH,FALSE,TRUE
AV03230,SEC_SHI_PUN,02-01-2026,17.06,19.54,RESTRICTED,synthetic planned availability window,MEDIUM,TRUE,TRUE
AV03231,SEC_THA_KAL,26-03-2026,9.10,10.32,RESTRICTED,synthetic planned availability window,LOW,TRUE,TRUE
AV03232,SEC_MUM_DAD,21-02-2026,10.12,11.36,RESTRICTED,synthetic planned availability window,LOW,TRUE,TRUE
AV03233,SEC_TAL_CHI,03-03-2026,10.23,13.14,UNAVAILABLE,synthetic planned availability window,HIGH,TRUE,TRUE
AV03234,SEC_KHA_LON,23-03-2026,14.17,15.28,RESTRICTED,synthetic planned availability window,MEDIUM,TRUE,TRUE
AV03235,SEC_KAL_KAR,25-03-2026,2.45,4.20,UNAVAILABLE,synthetic planned availability window,MEDIUM,TRUE,TRUE
AV03236,SEC_MUM_DAD,27-02-2026,15.44,17.29,RESTRICTED,synthetic planned availability window,LOW,FALSE,TRUE
AV03237,SEC_CHI_SHI,28-02-2026,20.17,23.05,UNAVAILABLE,synthetic planned availability window,HIGH,TRUE,TRUE
AV03238,SEC_TAL_CHI,30-03-2026,12.06,14.37,AVAILABLE,synthetic planned availability window,LOW,TRUE,TRUE
AV03239,SEC_DAD_THA,03-01-2026,16.33,17.48,RESTRICTED,synthetic planned availability window,HIGH,TRUE,TRUE
AV03240,SEC_LON_TAL,09-01-2026,19.30,22.12,UNAVAILABLE,synthetic planned availability window,LOW,TRUE,TRUE
AV03241,SEC_TAL_CHI,26-01-2026,5.39,8.18,UNAVAILABLE,synthetic planned availability window,MEDIUM,TRUE,TRUE
AV03242,SEC_THA_KAL,18-01-2026,5.20,7.16,RESTRICTED,synthetic planned availability window,MEDIUM,FALSE,TRUE
AV03243,SEC_SHI_PUN,22-02-2026,13.42,14.48,AVAILABLE,synthetic planned availability window,HIGH,FALSE,TRUE
AV03244,SEC_KAR_KHA,14-01-2026,1.05,2.35,RESTRICTED,synthetic planned availability window,MEDIUM,TRUE,TRUE
AV03245,SEC_DAD_THA,20-01-2026,13.39,15.08,RESTRICTED,synthetic planned availability window,LOW,FALSE,TRUE
AV03246,SEC_LON_TAL,27-01-2026,8.42,10.08,RESTRICTED,synthetic planned availability window,LOW,FALSE,TRUE
AV03247,SEC_KAR_KHA,11-01-2026,3.17,5.40,RESTRICTED,synthetic planned availability window,LOW,TRUE,TRUE
AV03248,SEC_MUM_DAD,03-02-2026,20.48,23.11,AVAILABLE,synthetic planned availability window,MEDIUM,FALSE,TRUE
AV03249,SEC_KAL_KAR,10-03-2026,16.02,17.19,AVAILABLE,synthetic planned availability window,MEDIUM,FALSE,TRUE
AV03250,SEC_TAL_CHI,29-01-2026,5.47,7.42,AVAILABLE,synthetic planned availability window,MEDIUM,TRUE,TRUE
AV03251,SEC_TAL_CHI,04-03-2026,14.34,17.04,UNAVAILABLE,synthetic planned availability window,MEDIUM,FALSE,TRUE
AV03252,SEC_KHA_LON,13-02-2026,13.54,15.09,RESTRICTED,synthetic planned availability window,LOW,TRUE,TRUE
AV03253,SEC_SHI_PUN,02-03-2026,1.43,4.01,RESTRICTED,synthetic planned availability window,HIGH,TRUE,TRUE
AV03254,SEC_LON_TAL,30-01-2026,2.59,5.08,AVAILABLE,synthetic planned availability window,LOW,TRUE,TRUE
AV03255,SEC_THA_KAL,02-02-2026,6.19,8.13,RESTRICTED,synthetic planned availability window,LOW,FALSE,TRUE
AV03256,SEC_TAL_CHI,20-01-2026,13.02,15.27,AVAILABLE,synthetic planned availability window,HIGH,TRUE,TRUE
AV03257,SEC_KAR_KHA,27-03-2026,0.18,3.17,RESTRICTED,synthetic planned availability window,MEDIUM,TRUE,TRUE
AV03258,SEC_LON_TAL,21-02-2026,3.38,4.56,AVAILABLE,synthetic planned availability window,LOW,FALSE,TRUE
AV03259,SEC_CHI_SHI,31-03-2026,19.00,21.29,AVAILABLE,synthetic planned availability window,MEDIUM,TRUE,TRUE
AV03260,SEC_MUM_DAD,12-01-2026,9.05,11.12,UNAVAILABLE,synthetic planned availability window,HIGH,TRUE,TRUE
AV03261,SEC_KHA_LON,07-02-2026,12.05,13.14,AVAILABLE,synthetic planned availability window,HIGH,FALSE,TRUE
AV03262,SEC_TAL_CHI,24-03-2026,14.59,16.22,AVAILABLE,synthetic planned availability window,MEDIUM,TRUE,TRUE
AV03263,SEC_KAR_KHA,17-03-2026,10.59,12.29,AVAILABLE,synthetic planned availability window,HIGH,FALSE,TRUE
AV03264,SEC_CHI_SHI,10-01-2026,14.34,15.48,RESTRICTED,synthetic planned availability window,MEDIUM,FALSE,TRUE
AV03265,SEC_SHI_PUN,19-01-2026,1.55,3.49,UNAVAILABLE,synthetic planned availability window,LOW,FALSE,TRUE
AV03266,SEC_DAD_THA,04-02-2026,6.25,8.42,RESTRICTED,synthetic planned availability window,MEDIUM,FALSE,TRUE
AV03267,SEC_DAD_THA,11-01-2026,7.27,10.16,RESTRICTED,synthetic planned availability window,HIGH,TRUE,TRUE
AV03268,SEC_KHA_LON,26-03-2026,5.24,6.28,RESTRICTED,synthetic planned availability window,MEDIUM,FALSE,TRUE
AV03269,SEC_KAL_KAR,27-02-2026,6.42,7.44,UNAVAILABLE,synthetic planned availability window,HIGH,TRUE,TRUE
AV03270,SEC_KAL_KAR,05-03-2026,0.48,2.35,AVAILABLE,synthetic planned availability window,HIGH,TRUE,TRUE
AV03271,SEC_LON_TAL,13-02-2026,6.35,9.17,AVAILABLE,synthetic planned availability window,MEDIUM,FALSE,TRUE
AV03272,SEC_MUM_DAD,13-02-2026,10.12,12.04,RESTRICTED,synthetic planned availability window,HIGH,TRUE,TRUE
AV03273,SEC_THA_KAL,23-02-2026,6.47,8.31,RESTRICTED,synthetic planned availability window,MEDIUM,TRUE,TRUE
AV03274,SEC_KAR_KHA,27-02-2026,8.39,11.17,AVAILABLE,synthetic planned availability window,LOW,FALSE,TRUE
AV03275,SEC_LON_TAL,19-02-2026,10.31,13.03,AVAILABLE,synthetic planned availability window,LOW,FALSE,TRUE
AV03276,SEC_LON_TAL,13-03-2026,2.50,5.21,UNAVAILABLE,synthetic planned availability window,LOW,FALSE,TRUE
AV03277,SEC_KAL_KAR,13-03-2026,14.47,16.03,UNAVAILABLE,synthetic planned availability window,HIGH,TRUE,TRUE
AV03278,SEC_TAL_CHI,09-01-2026,0.50,3.24,AVAILABLE,synthetic planned availability window,MEDIUM,TRUE,TRUE
AV03279,SEC_DAD_THA,22-01-2026,7.55,9.32,UNAVAILABLE,synthetic planned availability window,MEDIUM,TRUE,TRUE
AV03280,SEC_KAR_KHA,09-01-2026,16.05,17.20,AVAILABLE,synthetic planned availability window,LOW,FALSE,TRUE
AV03281,SEC_KAR_KHA,04-01-2026,18.14,21.00,RESTRICTED,synthetic planned availability window,MEDIUM,TRUE,TRUE
AV03282,SEC_DAD_THA,03-02-2026,16.26,19.00,RESTRICTED,synthetic planned availability window,HIGH,TRUE,TRUE
AV03283,SEC_LON_TAL,27-01-2026,12.48,15.38,RESTRICTED,synthetic planned availability window,HIGH,TRUE,TRUE
AV03284,SEC_MUM_DAD,15-03-2026,5.16,7.02,AVAILABLE,synthetic planned availability window,MEDIUM,TRUE,TRUE
AV03285,SEC_DAD_THA,10-02-2026,2.28,5.05,RESTRICTED,synthetic planned availability window,HIGH,TRUE,TRUE
AV03286,SEC_THA_KAL,13-01-2026,2.01,3.40,UNAVAILABLE,synthetic planned availability window,MEDIUM,TRUE,TRUE
AV03287,SEC_KAL_KAR,08-03-2026,3.57,5.33,UNAVAILABLE,synthetic planned availability window,LOW,TRUE,TRUE
AV03288,SEC_CHI_SHI,18-01-2026,17.22,20.14,UNAVAILABLE,synthetic planned availability window,MEDIUM,TRUE,TRUE
AV03289,SEC_MUM_DAD,27-01-2026,11.16,14.10,UNAVAILABLE,synthetic planned availability window,HIGH,TRUE,TRUE
AV03290,SEC_KAR_KHA,04-01-2026,5.54,8.39,UNAVAILABLE,synthetic planned availability window,LOW,TRUE,TRUE
AV03291,SEC_SHI_PUN,27-03-2026,7.55,10.49,UNAVAILABLE,synthetic planned availability window,LOW,FALSE,TRUE
AV03292,SEC_CHI_SHI,28-02-2026,21.25,23.54,UNAVAILABLE,synthetic planned availability window,MEDIUM,FALSE,TRUE
AV03293,SEC_KHA_LON,09-03-2026,14.26,16.43,RESTRICTED,synthetic planned availability window,MEDIUM,TRUE,TRUE
AV03294,SEC_KAL_KAR,14-01-2026,12.49,15.09,UNAVAILABLE,synthetic planned availability window,MEDIUM,TRUE,TRUE
AV03295,SEC_SHI_PUN,26-01-2026,12.27,14.27,UNAVAILABLE,synthetic planned availability window,LOW,TRUE,TRUE
AV03296,SEC_CHI_SHI,22-03-2026,4.37,5.59,RESTRICTED,synthetic planned availability window,LOW,TRUE,TRUE
AV03297,SEC_KAL_KAR,06-02-2026,9.03,10.43,RESTRICTED,synthetic planned availability window,LOW,FALSE,TRUE
AV03298,SEC_DAD_THA,15-01-2026,19.31,21.51,AVAILABLE,synthetic planned availability window,MEDIUM,TRUE,TRUE
AV03299,SEC_DAD_THA,24-03-2026,17.08,18.46,RESTRICTED,synthetic planned availability window,LOW,TRUE,TRUE
AV03300,SEC_KAL_KAR,06-02-2026,13.50,16.33,AVAILABLE,synthetic planned availability window,HIGH,FALSE,TRUE
AV03301,SEC_TAL_CHI,13-02-2026,0.49,2.40,AVAILABLE,synthetic planned availability window,MEDIUM,TRUE,TRUE
AV03302,SEC_LON_TAL,10-02-2026,19.43,22.23,RESTRICTED,synthetic planned availability window,LOW,TRUE,TRUE
AV03303,SEC_KAL_KAR,26-01-2026,7.29,8.37,RESTRICTED,synthetic planned availability window,LOW,FALSE,TRUE
AV03304,SEC_THA_KAL,27-03-2026,10.59,13.59,RESTRICTED,synthetic planned availability window,MEDIUM,FALSE,TRUE
AV03305,SEC_CHI_SHI,08-03-2026,14.59,17.50,UNAVAILABLE,synthetic planned availability window,HIGH,FALSE,TRUE
AV03306,SEC_CHI_SHI,15-02-2026,8.36,10.53,RESTRICTED,synthetic planned availability window,LOW,TRUE,TRUE
AV03307,SEC_DAD_THA,15-02-2026,18.23,21.11,AVAILABLE,synthetic planned availability window,HIGH,FALSE,TRUE
AV03308,SEC_MUM_DAD,11-03-2026,17.25,19.52,RESTRICTED,synthetic planned availability window,MEDIUM,FALSE,TRUE
AV03309,SEC_DAD_THA,02-01-2026,13.55,16.23,AVAILABLE,synthetic planned availability window,MEDIUM,TRUE,TRUE
AV03310,SEC_DAD_THA,04-02-2026,7.24,10.20,UNAVAILABLE,synthetic planned availability window,MEDIUM,TRUE,TRUE
AV03311,SEC_DAD_THA,13-02-2026,5.45,8.23,AVAILABLE,synthetic planned availability window,HIGH,FALSE,TRUE
AV03312,SEC_KHA_LON,06-02-2026,2.53,4.43,AVAILABLE,synthetic planned availability window,HIGH,FALSE,TRUE
AV03313,SEC_KAR_KHA,11-01-2026,9.26,11.04,RESTRICTED,synthetic planned availability window,MEDIUM,TRUE,TRUE
AV03314,SEC_KHA_LON,17-03-2026,13.05,14.50,UNAVAILABLE,synthetic planned availability window,HIGH,TRUE,TRUE
AV03315,SEC_DAD_THA,05-01-2026,1.48,3.01,RESTRICTED,synthetic planned availability window,MEDIUM,TRUE,TRUE
AV03316,SEC_CHI_SHI,07-02-2026,5.24,7.34,AVAILABLE,synthetic planned availability window,LOW,FALSE,TRUE
AV03317,SEC_KHA_LON,05-01-2026,4.02,6.24,UNAVAILABLE,synthetic planned availability window,LOW,TRUE,TRUE
AV03318,SEC_DAD_THA,24-02-2026,5.19,7.13,RESTRICTED,synthetic planned availability window,MEDIUM,FALSE,TRUE
AV03319,SEC_THA_KAL,11-02-2026,7.48,10.02,RESTRICTED,synthetic planned availability window,LOW,TRUE,TRUE
AV03320,SEC_LON_TAL,12-01-2026,13.36,15.49,AVAILABLE,synthetic planned availability window,LOW,TRUE,TRUE
AV03321,SEC_LON_TAL,23-03-2026,18.19,20.02,RESTRICTED,synthetic planned availability window,MEDIUM,TRUE,TRUE
AV03322,SEC_KHA_LON,07-01-2026,19.26,20.46,UNAVAILABLE,synthetic planned availability window,LOW,FALSE,TRUE
AV03323,SEC_TAL_CHI,21-03-2026,11.06,12.16,AVAILABLE,synthetic planned availability window,HIGH,FALSE,TRUE
AV03324,SEC_LON_TAL,22-02-2026,8.01,10.38,AVAILABLE,synthetic planned availability window,HIGH,TRUE,TRUE
AV03325,SEC_DAD_THA,24-01-2026,7.59,10.06,AVAILABLE,synthetic planned availability window,LOW,TRUE,TRUE
AV03326,SEC_CHI_SHI,21-03-2026,13.10,14.41,RESTRICTED,synthetic planned availability window,LOW,FALSE,TRUE
AV03327,SEC_MUM_DAD,14-02-2026,6.49,9.04,UNAVAILABLE,synthetic planned availability window,MEDIUM,FALSE,TRUE
AV03328,SEC_KHA_LON,15-01-2026,21.51,23.38,RESTRICTED,synthetic planned availability window,MEDIUM,TRUE,TRUE
AV03329,SEC_TAL_CHI,14-01-2026,21.20,23.11,AVAILABLE,synthetic planned availability window,HIGH,TRUE,TRUE
AV03330,SEC_KAL_KAR,14-03-2026,6.49,9.38,RESTRICTED,synthetic planned availability window,MEDIUM,TRUE,TRUE
AV03331,SEC_LON_TAL,22-02-2026,20.21,23.19,UNAVAILABLE,synthetic planned availability window,MEDIUM,FALSE,TRUE
AV03332,SEC_TAL_CHI,14-03-2026,20.23,22.23,RESTRICTED,synthetic planned availability window,MEDIUM,TRUE,TRUE
AV03333,SEC_KAL_KAR,16-01-2026,6.28,8.46,RESTRICTED,synthetic planned availability window,LOW,TRUE,TRUE
AV03334,SEC_SHI_PUN,17-02-2026,3.13,5.35,AVAILABLE,synthetic planned availability window,MEDIUM,TRUE,TRUE
AV03335,SEC_KAL_KAR,11-02-2026,19.36,22.24,RESTRICTED,synthetic planned availability window,LOW,TRUE,TRUE
AV03336,SEC_DAD_THA,22-01-2026,21.20,23.23,AVAILABLE,synthetic planned availability window,LOW,TRUE,TRUE
AV03337,SEC_LON_TAL,08-02-2026,1.46,4.03,AVAILABLE,synthetic planned availability window,MEDIUM,FALSE,TRUE
AV03338,SEC_KAR_KHA,23-03-2026,12.15,13.54,AVAILABLE,synthetic planned availability window,MEDIUM,TRUE,TRUE
AV03339,SEC_MUM_DAD,04-02-2026,11.35,12.55,AVAILABLE,synthetic planned availability window,MEDIUM,TRUE,TRUE
AV03340,SEC_KAR_KHA,23-01-2026,2.51,5.05,RESTRICTED,synthetic planned availability window,MEDIUM,TRUE,TRUE
AV03341,SEC_KHA_LON,07-01-2026,1.03,3.45,RESTRICTED,synthetic planned availability window,LOW,TRUE,TRUE
AV03342,SEC_SHI_PUN,15-03-2026,12.22,14.56,UNAVAILABLE,synthetic planned availability window,LOW,TRUE,TRUE
AV03343,SEC_KAL_KAR,08-02-2026,12.53,15.37,AVAILABLE,synthetic planned availability window,LOW,FALSE,TRUE
AV03344,SEC_LON_TAL,09-03-2026,14.28,17.08,AVAILABLE,synthetic planned availability window,MEDIUM,FALSE,TRUE
AV03345,SEC_TAL_CHI,04-03-2026,6.01,8.31,AVAILABLE,synthetic planned availability window,LOW,TRUE,TRUE
AV03346,SEC_DAD_THA,04-01-2026,0.11,2.08,AVAILABLE,synthetic planned availability window,MEDIUM,TRUE,TRUE
AV03347,SEC_KHA_LON,01-02-2026,9.42,11.39,RESTRICTED,synthetic planned availability window,MEDIUM,TRUE,TRUE
AV03348,SEC_LON_TAL,13-01-2026,15.28,17.21,AVAILABLE,synthetic planned availability window,HIGH,TRUE,TRUE
AV03349,SEC_CHI_SHI,03-02-2026,9.52,11.55,RESTRICTED,synthetic planned availability window,LOW,FALSE,TRUE
AV03350,SEC_DAD_THA,14-03-2026,15.35,17.50,UNAVAILABLE,synthetic planned availability window,LOW,FALSE,TRUE
AV03351,SEC_CHI_SHI,01-03-2026,12.45,14.37,AVAILABLE,synthetic planned availability window,MEDIUM,TRUE,TRUE
AV03352,SEC_LON_TAL,30-03-2026,16.44,19.22,AVAILABLE,synthetic planned availability window,HIGH,FALSE,TRUE
AV03353,SEC_KAR_KHA,27-02-2026,21.58,23.45,RESTRICTED,synthetic planned availability window,MEDIUM,TRUE,TRUE
AV03354,SEC_CHI_SHI,28-01-2026,18.58,20.51,RESTRICTED,synthetic planned availability window,HIGH,FALSE,TRUE
AV03355,SEC_THA_KAL,02-02-2026,6.47,9.07,AVAILABLE,synthetic planned availability window,LOW,TRUE,TRUE
AV03356,SEC_THA_KAL,26-01-2026,1.28,4.07,RESTRICTED,synthetic planned availability window,HIGH,FALSE,TRUE
AV03357,SEC_TAL_CHI,28-03-2026,1.18,3.49,AVAILABLE,synthetic planned availability window,HIGH,FALSE,TRUE
AV03358,SEC_CHI_SHI,08-02-2026,13.44,15.19,RESTRICTED,synthetic planned availability window,LOW,TRUE,TRUE
AV03359,SEC_MUM_DAD,09-01-2026,20.30,22.04,UNAVAILABLE,synthetic planned availability window,LOW,TRUE,TRUE
AV03360,SEC_TAL_CHI,20-02-2026,11.43,13.20,RESTRICTED,synthetic planned availability window,LOW,TRUE,TRUE
AV03361,SEC_KAL_KAR,08-03-2026,17.08,20.03,AVAILABLE,synthetic planned availability window,LOW,TRUE,TRUE
AV03362,SEC_DAD_THA,25-01-2026,18.21,20.56,UNAVAILABLE,synthetic planned availability window,MEDIUM,FALSE,TRUE
AV03363,SEC_CHI_SHI,10-02-2026,13.44,15.24,AVAILABLE,synthetic planned availability window,LOW,FALSE,TRUE
AV03364,SEC_CHI_SHI,18-01-2026,9.42,12.34,AVAILABLE,synthetic planned availability window,MEDIUM,FALSE,TRUE
AV03365,SEC_KHA_LON,29-01-2026,17.55,20.52,AVAILABLE,synthetic planned availability window,HIGH,FALSE,TRUE
AV03366,SEC_KAR_KHA,21-01-2026,1.58,3.12,AVAILABLE,synthetic planned availability window,LOW,TRUE,TRUE
AV03367,SEC_CHI_SHI,05-03-2026,16.51,18.30,UNAVAILABLE,synthetic planned availability window,HIGH,FALSE,TRUE
AV03368,SEC_MUM_DAD,05-01-2026,8.26,10.23,RESTRICTED,synthetic planned availability window,LOW,TRUE,TRUE
AV03369,SEC_THA_KAL,07-03-2026,20.30,22.50,AVAILABLE,synthetic planned availability window,MEDIUM,TRUE,TRUE
AV03370,SEC_TAL_CHI,06-01-2026,13.34,15.27,RESTRICTED,synthetic planned availability window,LOW,TRUE,TRUE
AV03371,SEC_SHI_PUN,12-02-2026,10.44,12.09,RESTRICTED,synthetic planned availability window,HIGH,FALSE,TRUE
AV03372,SEC_DAD_THA,08-02-2026,16.47,19.16,RESTRICTED,synthetic planned availability window,LOW,FALSE,TRUE
AV03373,SEC_LON_TAL,20-01-2026,13.20,14.53,RESTRICTED,synthetic planned availability window,MEDIUM,FALSE,TRUE
AV03374,SEC_MUM_DAD,09-02-2026,3.59,6.27,RESTRICTED,synthetic planned availability window,LOW,TRUE,TRUE
AV03375,SEC_KAL_KAR,08-03-2026,16.47,18.05,RESTRICTED,synthetic planned availability window,HIGH,FALSE,TRUE
AV03376,SEC_DAD_THA,15-02-2026,21.12,22.17,UNAVAILABLE,synthetic planned availability window,HIGH,TRUE,TRUE
AV03377,SEC_LON_TAL,02-01-2026,0.00,1.48,RESTRICTED,synthetic planned availability window,MEDIUM,TRUE,TRUE
AV03378,SEC_LON_TAL,10-02-2026,21.11,22.14,RESTRICTED,synthetic planned availability window,LOW,TRUE,TRUE
AV03379,SEC_THA_KAL,07-03-2026,18.30,21.18,RESTRICTED,synthetic planned availability window,MEDIUM,TRUE,TRUE
AV03380,SEC_LON_TAL,18-01-2026,3.19,5.25,AVAILABLE,synthetic planned availability window,MEDIUM,FALSE,TRUE
AV03381,SEC_KAL_KAR,19-03-2026,12.15,13.54,UNAVAILABLE,synthetic planned availability window,LOW,TRUE,TRUE
AV03382,SEC_LON_TAL,10-02-2026,14.31,16.57,RESTRICTED,synthetic planned availability window,MEDIUM,TRUE,TRUE
AV03383,SEC_MUM_DAD,15-01-2026,4.30,6.33,RESTRICTED,synthetic planned availability window,HIGH,TRUE,TRUE
AV03384,SEC_CHI_SHI,09-02-2026,17.55,20.07,AVAILABLE,synthetic planned availability window,MEDIUM,TRUE,TRUE
AV03385,SEC_KAL_KAR,10-01-2026,2.52,4.07,RESTRICTED,synthetic planned availability window,HIGH,FALSE,TRUE
AV03386,SEC_MUM_DAD,29-03-2026,18.30,20.03,UNAVAILABLE,synthetic planned availability window,LOW,TRUE,TRUE
AV03387,SEC_CHI_SHI,08-03-2026,17.23,18.31,AVAILABLE,synthetic planned availability window,HIGH,TRUE,TRUE
AV03388,SEC_KAL_KAR,13-02-2026,11.32,14.04,UNAVAILABLE,synthetic planned availability window,LOW,FALSE,TRUE
AV03389,SEC_TAL_CHI,06-03-2026,7.43,9.36,AVAILABLE,synthetic planned availability window,LOW,TRUE,TRUE
AV03390,SEC_KAR_KHA,11-02-2026,20.13,21.26,UNAVAILABLE,synthetic planned availability window,MEDIUM,TRUE,TRUE
AV03391,SEC_KAR_KHA,24-03-2026,21.57,23.59,RESTRICTED,synthetic planned availability window,LOW,TRUE,TRUE
AV03392,SEC_TAL_CHI,08-02-2026,5.41,8.40,AVAILABLE,synthetic planned availability window,LOW,FALSE,TRUE
AV03393,SEC_CHI_SHI,05-02-2026,1.52,3.05,AVAILABLE,synthetic planned availability window,HIGH,FALSE,TRUE
AV03394,SEC_DAD_THA,14-02-2026,3.24,4.52,AVAILABLE,synthetic planned availability window,LOW,FALSE,TRUE
AV03395,SEC_KHA_LON,27-02-2026,3.05,4.22,AVAILABLE,synthetic planned availability window,LOW,FALSE,TRUE
AV03396,SEC_CHI_SHI,01-01-2026,10.19,11.40,UNAVAILABLE,synthetic planned availability window,LOW,TRUE,TRUE
AV03397,SEC_CHI_SHI,06-03-2026,20.21,22.25,RESTRICTED,synthetic planned availability window,MEDIUM,TRUE,TRUE
AV03398,SEC_MUM_DAD,22-03-2026,2.05,4.01,UNAVAILABLE,synthetic planned availability window,MEDIUM,TRUE,TRUE
AV03399,SEC_KAR_KHA,13-01-2026,6.14,9.07,RESTRICTED,synthetic planned availability window,MEDIUM,TRUE,TRUE
AV03400,SEC_DAD_THA,24-02-2026,6.55,8.44,RESTRICTED,synthetic planned availability window,HIGH,TRUE,TRUE
AV03401,SEC_THA_KAL,14-01-2026,16.31,17.43,RESTRICTED,synthetic planned availability window,LOW,FALSE,TRUE
AV03402,SEC_THA_KAL,13-02-2026,12.56,14.23,UNAVAILABLE,synthetic planned availability window,LOW,FALSE,TRUE
AV03403,SEC_KAR_KHA,19-01-2026,11.57,13.07,UNAVAILABLE,synthetic planned availability window,LOW,TRUE,TRUE
AV03404,SEC_LON_TAL,27-03-2026,6.43,8.19,AVAILABLE,synthetic planned availability window,LOW,FALSE,TRUE
AV03405,SEC_DAD_THA,16-02-2026,14.53,17.34,RESTRICTED,synthetic planned availability window,HIGH,TRUE,TRUE
AV03406,SEC_KHA_LON,28-03-2026,4.38,5.46,RESTRICTED,synthetic planned availability window,MEDIUM,TRUE,TRUE
AV03407,SEC_CHI_SHI,27-02-2026,5.34,6.59,AVAILABLE,synthetic planned availability window,HIGH,TRUE,TRUE
AV03408,SEC_KAR_KHA,09-02-2026,16.51,18.05,AVAILABLE,synthetic planned availability window,HIGH,TRUE,TRUE
AV03409,SEC_CHI_SHI,08-01-2026,7.16,8.20,RESTRICTED,synthetic planned availability window,LOW,TRUE,TRUE
AV03410,SEC_MUM_DAD,11-01-2026,13.30,16.04,UNAVAILABLE,synthetic planned availability window,LOW,TRUE,TRUE
AV03411,SEC_SHI_PUN,14-02-2026,18.57,21.19,UNAVAILABLE,synthetic planned availability window,MEDIUM,TRUE,TRUE
AV03412,SEC_CHI_SHI,09-02-2026,14.13,15.46,UNAVAILABLE,synthetic planned availability window,LOW,FALSE,TRUE
AV03413,SEC_TAL_CHI,27-02-2026,11.35,13.25,AVAILABLE,synthetic planned availability window,MEDIUM,TRUE,TRUE
AV03414,SEC_TAL_CHI,16-03-2026,4.40,7.39,UNAVAILABLE,synthetic planned availability window,MEDIUM,TRUE,TRUE
AV03415,SEC_KHA_LON,11-02-2026,2.05,3.56,RESTRICTED,synthetic planned availability window,MEDIUM,TRUE,TRUE
AV03416,SEC_MUM_DAD,11-02-2026,3.41,5.23,AVAILABLE,synthetic planned availability window,MEDIUM,FALSE,TRUE
AV03417,SEC_CHI_SHI,12-01-2026,1.32,4.20,AVAILABLE,synthetic planned availability window,MEDIUM,FALSE,TRUE
AV03418,SEC_CHI_SHI,08-03-2026,21.14,23.26,UNAVAILABLE,synthetic planned availability window,LOW,FALSE,TRUE
AV03419,SEC_THA_KAL,10-01-2026,10.35,12.33,AVAILABLE,synthetic planned availability window,HIGH,TRUE,TRUE
AV03420,SEC_KHA_LON,28-03-2026,6.12,8.02,RESTRICTED,synthetic planned availability window,MEDIUM,TRUE,TRUE
AV03421,SEC_KAR_KHA,23-01-2026,4.10,5.26,RESTRICTED,synthetic planned availability window,MEDIUM,FALSE,TRUE
AV03422,SEC_SHI_PUN,01-01-2026,18.29,20.44,UNAVAILABLE,synthetic planned availability window,HIGH,FALSE,TRUE
AV03423,SEC_THA_KAL,20-03-2026,7.56,10.37,RESTRICTED,synthetic planned availability window,LOW,TRUE,TRUE
AV03424,SEC_MUM_DAD,09-03-2026,18.44,21.12,RESTRICTED,synthetic planned availability window,LOW,TRUE,TRUE
AV03425,SEC_KAL_KAR,03-03-2026,20.17,22.14,AVAILABLE,synthetic planned availability window,LOW,FALSE,TRUE
AV03426,SEC_KHA_LON,08-01-2026,4.04,6.27,RESTRICTED,synthetic planned availability window,LOW,TRUE,TRUE
AV03427,SEC_DAD_THA,28-02-2026,9.53,11.57,AVAILABLE,synthetic planned availability window,MEDIUM,TRUE,TRUE
AV03428,SEC_LON_TAL,27-02-2026,9.27,11.32,AVAILABLE,synthetic planned availability window,MEDIUM,TRUE,TRUE
AV03429,SEC_TAL_CHI,02-01-2026,17.29,19.03,AVAILABLE,synthetic planned availability window,LOW,FALSE,TRUE
AV03430,SEC_MUM_DAD,30-03-2026,6.30,8.52,UNAVAILABLE,synthetic planned availability window,LOW,TRUE,TRUE
AV03431,SEC_KAL_KAR,11-03-2026,11.10,13.59,RESTRICTED,synthetic planned availability window,HIGH,TRUE,TRUE
AV03432,SEC_KAR_KHA,21-02-2026,4.05,7.02,UNAVAILABLE,synthetic planned availability window,MEDIUM,TRUE,TRUE
AV03433,SEC_SHI_PUN,16-03-2026,10.35,13.23,UNAVAILABLE,synthetic planned availability window,HIGH,TRUE,TRUE
AV03434,SEC_CHI_SHI,09-02-2026,9.30,10.52,RESTRICTED,synthetic planned availability window,LOW,FALSE,TRUE
AV03435,SEC_LON_TAL,02-03-2026,13.50,16.23,RESTRICTED,synthetic planned availability window,LOW,FALSE,TRUE
AV03436,SEC_TAL_CHI,13-02-2026,3.27,5.53,UNAVAILABLE,synthetic planned availability window,MEDIUM,TRUE,TRUE
AV03437,SEC_CHI_SHI,11-01-2026,12.38,14.17,UNAVAILABLE,synthetic planned availability window,HIGH,TRUE,TRUE
AV03438,SEC_CHI_SHI,23-01-2026,13.02,14.45,UNAVAILABLE,synthetic planned availability window,LOW,FALSE,TRUE
AV03439,SEC_KAR_KHA,17-01-2026,19.05,22.01,RESTRICTED,synthetic planned availability window,HIGH,TRUE,TRUE
AV03440,SEC_LON_TAL,09-02-2026,18.44,20.58,RESTRICTED,synthetic planned availability window,HIGH,TRUE,TRUE
AV03441,SEC_KHA_LON,22-01-2026,11.24,13.23,AVAILABLE,synthetic planned availability window,MEDIUM,TRUE,TRUE
AV03442,SEC_DAD_THA,05-02-2026,15.33,18.33,UNAVAILABLE,synthetic planned availability window,HIGH,FALSE,TRUE
AV03443,SEC_KAR_KHA,04-02-2026,21.30,22.58,UNAVAILABLE,synthetic planned availability window,MEDIUM,TRUE,TRUE
AV03444,SEC_KHA_LON,25-01-2026,11.09,14.00,UNAVAILABLE,synthetic planned availability window,LOW,TRUE,TRUE
AV03445,SEC_CHI_SHI,21-02-2026,14.13,17.08,RESTRICTED,synthetic planned availability window,LOW,TRUE,TRUE
AV03446,SEC_LON_TAL,18-01-2026,6.59,8.09,UNAVAILABLE,synthetic planned availability window,HIGH,TRUE,TRUE
AV03447,SEC_THA_KAL,05-03-2026,13.21,14.36,RESTRICTED,synthetic planned availability window,HIGH,FALSE,TRUE
AV03448,SEC_KAR_KHA,08-01-2026,0.25,2.43,UNAVAILABLE,synthetic planned availability window,LOW,TRUE,TRUE
AV03449,SEC_DAD_THA,25-01-2026,12.34,14.30,RESTRICTED,synthetic planned availability window,MEDIUM,FALSE,TRUE
AV03450,SEC_CHI_SHI,29-01-2026,4.30,6.03,AVAILABLE,synthetic planned availability window,MEDIUM,TRUE,TRUE
AV03451,SEC_DAD_THA,05-01-2026,17.08,18.49,AVAILABLE,synthetic planned availability window,HIGH,TRUE,TRUE
AV03452,SEC_DAD_THA,27-02-2026,9.36,10.44,AVAILABLE,synthetic planned availability window,LOW,FALSE,TRUE
AV03453,SEC_SHI_PUN,01-03-2026,10.13,12.43,RESTRICTED,synthetic planned availability window,MEDIUM,TRUE,TRUE
AV03454,SEC_SHI_PUN,25-02-2026,1.21,3.34,RESTRICTED,synthetic planned availability window,MEDIUM,TRUE,TRUE
AV03455,SEC_CHI_SHI,03-01-2026,9.39,11.12,RESTRICTED,synthetic planned availability window,LOW,FALSE,TRUE
AV03456,SEC_THA_KAL,22-02-2026,7.45,10.03,AVAILABLE,synthetic planned availability window,LOW,TRUE,TRUE
AV03457,SEC_KHA_LON,23-03-2026,20.43,22.36,AVAILABLE,synthetic planned availability window,MEDIUM,TRUE,TRUE
AV03458,SEC_SHI_PUN,06-02-2026,13.28,16.16,RESTRICTED,synthetic planned availability window,LOW,TRUE,TRUE
AV03459,SEC_DAD_THA,05-02-2026,18.58,20.06,RESTRICTED,synthetic planned availability window,HIGH,FALSE,TRUE
AV03460,SEC_LON_TAL,09-01-2026,11.37,14.26,AVAILABLE,synthetic planned availability window,MEDIUM,FALSE,TRUE
AV03461,SEC_MUM_DAD,08-01-2026,18.33,20.04,RESTRICTED,synthetic planned availability window,MEDIUM,TRUE,TRUE
AV03462,SEC_KAL_KAR,12-01-2026,3.36,5.37,RESTRICTED,synthetic planned availability window,LOW,TRUE,TRUE
AV03463,SEC_KHA_LON,15-01-2026,10.21,12.22,AVAILABLE,synthetic planned availability window,LOW,TRUE,TRUE
AV03464,SEC_THA_KAL,11-01-2026,9.11,12.08,AVAILABLE,synthetic planned availability window,LOW,TRUE,TRUE
AV03465,SEC_THA_KAL,12-02-2026,15.11,16.12,AVAILABLE,synthetic planned availability window,HIGH,TRUE,TRUE
AV03466,SEC_THA_KAL,17-01-2026,18.05,20.46,RESTRICTED,synthetic planned availability window,MEDIUM,TRUE,TRUE
AV03467,SEC_KHA_LON,20-02-2026,9.48,11.03,RESTRICTED,synthetic planned availability window,MEDIUM,TRUE,TRUE
AV03468,SEC_TAL_CHI,24-03-2026,11.24,12.29,AVAILABLE,synthetic planned availability window,LOW,TRUE,TRUE
AV03469,SEC_KAR_KHA,08-01-2026,11.32,13.58,AVAILABLE,synthetic planned availability window,MEDIUM,TRUE,TRUE
AV03470,SEC_LON_TAL,16-02-2026,3.43,6.23,UNAVAILABLE,synthetic planned availability window,MEDIUM,FALSE,TRUE
AV03471,SEC_TAL_CHI,12-03-2026,1.06,2.06,UNAVAILABLE,synthetic planned availability window,LOW,TRUE,TRUE
AV03472,SEC_KAL_KAR,15-01-2026,3.47,6.07,AVAILABLE,synthetic planned availability window,LOW,TRUE,TRUE
AV03473,SEC_LON_TAL,09-01-2026,10.57,13.08,UNAVAILABLE,synthetic planned availability window,MEDIUM,TRUE,TRUE
AV03474,SEC_MUM_DAD,22-03-2026,11.54,13.39,UNAVAILABLE,synthetic planned availability window,MEDIUM,TRUE,TRUE
AV03475,SEC_THA_KAL,04-01-2026,5.34,7.05,UNAVAILABLE,synthetic planned availability window,MEDIUM,FALSE,TRUE
AV03476,SEC_MUM_DAD,13-02-2026,18.49,21.23,UNAVAILABLE,synthetic planned availability window,LOW,TRUE,TRUE
AV03477,SEC_MUM_DAD,09-02-2026,14.29,17.28,AVAILABLE,synthetic planned availability window,LOW,FALSE,TRUE
AV03478,SEC_CHI_SHI,18-02-2026,18.22,19.43,RESTRICTED,synthetic planned availability window,MEDIUM,TRUE,TRUE
AV03479,SEC_KAL_KAR,21-02-2026,14.26,16.07,RESTRICTED,synthetic planned availability window,HIGH,TRUE,TRUE
AV03480,SEC_LON_TAL,27-02-2026,10.14,12.16,AVAILABLE,synthetic planned availability window,LOW,FALSE,TRUE
AV03481,SEC_KAR_KHA,30-01-2026,6.34,8.58,RESTRICTED,synthetic planned availability window,LOW,TRUE,TRUE
AV03482,SEC_KAL_KAR,23-01-2026,10.08,11.12,RESTRICTED,synthetic planned availability window,LOW,TRUE,TRUE
AV03483,SEC_MUM_DAD,12-03-2026,7.02,9.59,AVAILABLE,synthetic planned availability window,LOW,TRUE,TRUE
AV03484,SEC_LON_TAL,06-02-2026,13.52,14.53,AVAILABLE,synthetic planned availability window,MEDIUM,FALSE,TRUE
AV03485,SEC_MUM_DAD,11-01-2026,2.29,3.57,AVAILABLE,synthetic planned availability window,LOW,TRUE,TRUE
AV03486,SEC_DAD_THA,24-01-2026,10.23,12.45,AVAILABLE,synthetic planned availability window,MEDIUM,FALSE,TRUE
AV03487,SEC_KAR_KHA,23-02-2026,16.07,17.22,RESTRICTED,synthetic planned availability window,MEDIUM,TRUE,TRUE
AV03488,SEC_THA_KAL,12-02-2026,15.40,16.47,RESTRICTED,synthetic planned availability window,MEDIUM,TRUE,TRUE
AV03489,SEC_SHI_PUN,07-03-2026,18.20,19.59,AVAILABLE,synthetic planned availability window,LOW,TRUE,TRUE
AV03490,SEC_TAL_CHI,15-01-2026,18.38,21.28,RESTRICTED,synthetic planned availability window,LOW,FALSE,TRUE
AV03491,SEC_SHI_PUN,14-02-2026,21.06,23.32,RESTRICTED,synthetic planned availability window,LOW,TRUE,TRUE
AV03492,SEC_TAL_CHI,30-03-2026,9.43,11.42,UNAVAILABLE,synthetic planned availability window,MEDIUM,FALSE,TRUE
AV03493,SEC_KAL_KAR,13-03-2026,3.05,5.12,AVAILABLE,synthetic planned availability window,HIGH,FALSE,TRUE
AV03494,SEC_KAR_KHA,14-03-2026,4.26,6.11,RESTRICTED,synthetic planned availability window,LOW,TRUE,TRUE
AV03495,SEC_KHA_LON,09-03-2026,10.16,11.24,AVAILABLE,synthetic planned availability window,HIGH,TRUE,TRUE
AV03496,SEC_THA_KAL,15-01-2026,16.26,17.36,RESTRICTED,synthetic planned availability window,LOW,TRUE,TRUE
AV03497,SEC_DAD_THA,06-02-2026,13.46,15.15,RESTRICTED,synthetic planned availability window,LOW,FALSE,TRUE
AV03498,SEC_LON_TAL,28-03-2026,21.19,22.22,UNAVAILABLE,synthetic planned availability window,LOW,FALSE,TRUE
AV03499,SEC_TAL_CHI,19-03-2026,9.16,11.37,AVAILABLE,synthetic planned availability window,HIGH,FALSE,TRUE
AV03500,SEC_THA_KAL,10-03-2026,2.12,4.46,UNAVAILABLE,synthetic planned availability window,MEDIUM,FALSE,TRUE
AV03501,SEC_KAR_KHA,21-02-2026,20.42,23.20,UNAVAILABLE,synthetic planned availability window,LOW,TRUE,TRUE
AV03502,SEC_TAL_CHI,18-02-2026,7.30,9.59,AVAILABLE,synthetic planned availability window,MEDIUM,FALSE,TRUE
AV03503,SEC_MUM_DAD,02-02-2026,14.22,17.21,UNAVAILABLE,synthetic planned availability window,MEDIUM,TRUE,TRUE
AV03504,SEC_LON_TAL,21-01-2026,4.30,6.49,AVAILABLE,synthetic planned availability window,LOW,TRUE,TRUE
AV03505,SEC_KAL_KAR,15-02-2026,6.21,8.23,RESTRICTED,synthetic planned availability window,LOW,FALSE,TRUE
AV03506,SEC_KHA_LON,22-01-2026,1.50,3.12,UNAVAILABLE,synthetic planned availability window,HIGH,TRUE,TRUE
AV03507,SEC_TAL_CHI,07-01-2026,15.30,17.35,RESTRICTED,synthetic planned availability window,HIGH,TRUE,TRUE
AV03508,SEC_KAL_KAR,07-03-2026,14.33,16.43,AVAILABLE,synthetic planned availability window,HIGH,FALSE,TRUE
AV03509,SEC_KAL_KAR,15-03-2026,2.07,4.58,UNAVAILABLE,synthetic planned availability window,LOW,TRUE,TRUE
AV03510,SEC_KAL_KAR,19-03-2026,7.43,10.25,RESTRICTED,synthetic planned availability window,MEDIUM,TRUE,TRUE
AV03511,SEC_LON_TAL,01-03-2026,3.29,5.07,AVAILABLE,synthetic planned availability window,HIGH,FALSE,TRUE
AV03512,SEC_TAL_CHI,15-02-2026,7.17,8.38,AVAILABLE,synthetic planned availability window,MEDIUM,TRUE,TRUE
AV03513,SEC_DAD_THA,08-01-2026,5.51,7.00,RESTRICTED,synthetic planned availability window,MEDIUM,FALSE,TRUE
AV03514,SEC_DAD_THA,13-03-2026,16.21,18.20,UNAVAILABLE,synthetic planned availability window,MEDIUM,FALSE,TRUE
AV03515,SEC_DAD_THA,07-02-2026,14.25,16.47,AVAILABLE,synthetic planned availability window,MEDIUM,TRUE,TRUE
AV03516,SEC_DAD_THA,12-02-2026,12.41,14.54,UNAVAILABLE,synthetic planned availability window,LOW,TRUE,TRUE
AV03517,SEC_KHA_LON,04-02-2026,15.53,17.47,UNAVAILABLE,synthetic planned availability window,MEDIUM,TRUE,TRUE
AV03518,SEC_KAR_KHA,28-01-2026,11.36,13.34,RESTRICTED,synthetic planned availability window,LOW,FALSE,TRUE
AV03519,SEC_MUM_DAD,16-02-2026,10.53,13.26,AVAILABLE,synthetic planned availability window,MEDIUM,TRUE,TRUE
AV03520,SEC_KAL_KAR,02-03-2026,20.54,23.41,AVAILABLE,synthetic planned availability window,LOW,TRUE,TRUE
AV03521,SEC_THA_KAL,26-02-2026,13.33,16.02,UNAVAILABLE,synthetic planned availability window,HIGH,FALSE,TRUE
AV03522,SEC_KAL_KAR,02-01-2026,11.47,13.01,RESTRICTED,synthetic planned availability window,MEDIUM,TRUE,TRUE
AV03523,SEC_KAL_KAR,20-02-2026,0.04,1.23,AVAILABLE,synthetic planned availability window,HIGH,FALSE,TRUE
AV03524,SEC_KHA_LON,06-02-2026,19.52,22.28,RESTRICTED,synthetic planned availability window,MEDIUM,FALSE,TRUE
AV03525,SEC_DAD_THA,23-03-2026,0.34,3.33,RESTRICTED,synthetic planned availability window,MEDIUM,TRUE,TRUE
AV03526,SEC_LON_TAL,08-02-2026,3.05,4.32,AVAILABLE,synthetic planned availability window,MEDIUM,TRUE,TRUE
AV03527,SEC_DAD_THA,12-01-2026,4.18,6.39,RESTRICTED,synthetic planned availability window,MEDIUM,FALSE,TRUE
AV03528,SEC_TAL_CHI,02-03-2026,16.22,18.07,AVAILABLE,synthetic planned availability window,HIGH,TRUE,TRUE
AV03529,SEC_KAL_KAR,04-01-2026,18.10,20.39,RESTRICTED,synthetic planned availability window,HIGH,FALSE,TRUE
AV03530,SEC_THA_KAL,01-01-2026,7.46,9.59,AVAILABLE,synthetic planned availability window,MEDIUM,TRUE,TRUE
AV03531,SEC_SHI_PUN,09-03-2026,16.22,17.27,RESTRICTED,synthetic planned availability window,MEDIUM,TRUE,TRUE
AV03532,SEC_SHI_PUN,28-03-2026,12.13,14.58,RESTRICTED,synthetic planned availability window,HIGH,FALSE,TRUE
AV03533,SEC_THA_KAL,05-02-2026,18.06,19.24,AVAILABLE,synthetic planned availability window,LOW,TRUE,TRUE
AV03534,SEC_MUM_DAD,23-03-2026,19.57,21.38,UNAVAILABLE,synthetic planned availability window,LOW,TRUE,TRUE
AV03535,SEC_SHI_PUN,31-01-2026,7.25,10.23,UNAVAILABLE,synthetic planned availability window,LOW,TRUE,TRUE
AV03536,SEC_SHI_PUN,21-03-2026,16.34,19.01,RESTRICTED,synthetic planned availability window,MEDIUM,TRUE,TRUE
AV03537,SEC_SHI_PUN,01-01-2026,5.19,6.21,AVAILABLE,synthetic planned availability window,HIGH,TRUE,TRUE
AV03538,SEC_MUM_DAD,21-01-2026,13.25,14.53,UNAVAILABLE,synthetic planned availability window,HIGH,TRUE,TRUE
AV03539,SEC_KHA_LON,04-03-2026,4.06,6.39,AVAILABLE,synthetic planned availability window,LOW,FALSE,TRUE
AV03540,SEC_THA_KAL,16-01-2026,5.41,7.58,AVAILABLE,synthetic planned availability window,HIGH,TRUE,TRUE
AV03541,SEC_TAL_CHI,25-01-2026,4.54,6.12,UNAVAILABLE,synthetic planned availability window,MEDIUM,FALSE,TRUE
AV03542,SEC_KAR_KHA,14-02-2026,18.21,20.19,RESTRICTED,synthetic planned availability window,MEDIUM,TRUE,TRUE
AV03543,SEC_LON_TAL,15-03-2026,5.15,6.43,AVAILABLE,synthetic planned availability window,HIGH,FALSE,TRUE
AV03544,SEC_DAD_THA,27-03-2026,14.58,17.27,RESTRICTED,synthetic planned availability window,HIGH,TRUE,TRUE
AV03545,SEC_KHA_LON,10-03-2026,1.37,3.51,RESTRICTED,synthetic planned availability window,MEDIUM,TRUE,TRUE
AV03546,SEC_CHI_SHI,05-02-2026,19.03,21.49,AVAILABLE,synthetic planned availability window,HIGH,FALSE,TRUE
AV03547,SEC_KAR_KHA,05-03-2026,3.18,5.29,UNAVAILABLE,synthetic planned availability window,LOW,FALSE,TRUE
AV03548,SEC_KAL_KAR,02-01-2026,16.39,18.25,AVAILABLE,synthetic planned availability window,HIGH,TRUE,TRUE
AV03549,SEC_SHI_PUN,02-02-2026,18.27,19.57,UNAVAILABLE,synthetic planned availability window,MEDIUM,FALSE,TRUE
AV03550,SEC_KAR_KHA,21-03-2026,5.44,7.48,RESTRICTED,synthetic planned availability window,MEDIUM,TRUE,TRUE
AV03551,SEC_THA_KAL,12-03-2026,2.04,3.05,UNAVAILABLE,synthetic planned availability window,MEDIUM,TRUE,TRUE
AV03552,SEC_CHI_SHI,15-03-2026,6.53,9.20,RESTRICTED,synthetic planned availability window,MEDIUM,TRUE,TRUE
AV03553,SEC_KAR_KHA,28-03-2026,2.09,4.11,AVAILABLE,synthetic planned availability window,MEDIUM,TRUE,TRUE
AV03554,SEC_KAR_KHA,13-02-2026,14.15,17.12,AVAILABLE,synthetic planned availability window,MEDIUM,FALSE,TRUE
AV03555,SEC_DAD_THA,09-01-2026,19.44,21.38,AVAILABLE,synthetic planned availability window,LOW,TRUE,TRUE
AV03556,SEC_THA_KAL,02-01-2026,18.45,20.36,UNAVAILABLE,synthetic planned availability window,HIGH,TRUE,TRUE
AV03557,SEC_KAL_KAR,22-02-2026,21.04,22.39,UNAVAILABLE,synthetic planned availability window,HIGH,FALSE,TRUE
AV03558,SEC_MUM_DAD,15-03-2026,10.44,12.40,UNAVAILABLE,synthetic planned availability window,MEDIUM,FALSE,TRUE
AV03559,SEC_MUM_DAD,18-02-2026,10.29,12.36,RESTRICTED,synthetic planned availability window,MEDIUM,TRUE,TRUE
AV03560,SEC_CHI_SHI,16-01-2026,18.30,21.20,UNAVAILABLE,synthetic planned availability window,LOW,TRUE,TRUE
AV03561,SEC_THA_KAL,23-03-2026,12.59,15.49,AVAILABLE,synthetic planned availability window,LOW,TRUE,TRUE
AV03562,SEC_KAL_KAR,15-01-2026,16.17,18.48,AVAILABLE,synthetic planned availability window,MEDIUM,TRUE,TRUE
AV03563,SEC_SHI_PUN,19-02-2026,16.30,17.39,UNAVAILABLE,synthetic planned availability window,MEDIUM,TRUE,TRUE
AV03564,SEC_SHI_PUN,06-01-2026,3.48,5.35,UNAVAILABLE,synthetic planned availability window,LOW,TRUE,TRUE
AV03565,SEC_KAL_KAR,16-02-2026,13.14,14.46,UNAVAILABLE,synthetic planned availability window,HIGH,FALSE,TRUE
AV03566,SEC_MUM_DAD,02-03-2026,12.24,15.13,RESTRICTED,synthetic planned availability window,HIGH,TRUE,TRUE
AV03567,SEC_KAR_KHA,19-01-2026,7.48,9.40,RESTRICTED,synthetic planned availability window,HIGH,TRUE,TRUE
AV03568,SEC_DAD_THA,11-03-2026,8.57,11.22,AVAILABLE,synthetic planned availability window,HIGH,TRUE,TRUE
AV03569,SEC_KAL_KAR,10-02-2026,3.45,6.23,UNAVAILABLE,synthetic planned availability window,MEDIUM,TRUE,TRUE
AV03570,SEC_KAR_KHA,05-02-2026,9.52,11.20,UNAVAILABLE,synthetic planned availability window,MEDIUM,TRUE,TRUE
AV03571,SEC_KAR_KHA,22-03-2026,8.31,9.31,RESTRICTED,synthetic planned availability window,LOW,FALSE,TRUE
AV03572,SEC_LON_TAL,31-01-2026,3.49,5.47,RESTRICTED,synthetic planned availability window,LOW,TRUE,TRUE
AV03573,SEC_MUM_DAD,05-03-2026,8.02,9.48,RESTRICTED,synthetic planned availability window,MEDIUM,TRUE,TRUE
AV03574,SEC_KHA_LON,12-03-2026,9.09,11.12,RESTRICTED,synthetic planned availability window,HIGH,FALSE,TRUE
AV03575,SEC_CHI_SHI,05-02-2026,3.50,6.02,AVAILABLE,synthetic planned availability window,HIGH,TRUE,TRUE
AV03576,SEC_THA_KAL,13-02-2026,2.46,5.09,AVAILABLE,synthetic planned availability window,HIGH,TRUE,TRUE
AV03577,SEC_TAL_CHI,13-03-2026,7.10,10.09,UNAVAILABLE,synthetic planned availability window,LOW,FALSE,TRUE
AV03578,SEC_KAL_KAR,04-03-2026,5.11,6.29,AVAILABLE,synthetic planned availability window,MEDIUM,TRUE,TRUE
AV03579,SEC_KAL_KAR,19-01-2026,14.13,17.13,AVAILABLE,synthetic planned availability window,LOW,FALSE,TRUE
AV03580,SEC_TAL_CHI,03-02-2026,4.55,6.47,AVAILABLE,synthetic planned availability window,HIGH,FALSE,TRUE
AV03581,SEC_CHI_SHI,07-03-2026,9.48,12.24,AVAILABLE,synthetic planned availability window,LOW,TRUE,TRUE
AV03582,SEC_DAD_THA,09-01-2026,17.21,20.13,RESTRICTED,synthetic planned availability window,LOW,FALSE,TRUE
AV03583,SEC_KAR_KHA,14-02-2026,19.58,21.54,RESTRICTED,synthetic planned availability window,MEDIUM,TRUE,TRUE
AV03584,SEC_DAD_THA,11-01-2026,5.35,7.35,RESTRICTED,synthetic planned availability window,MEDIUM,FALSE,TRUE
AV03585,SEC_CHI_SHI,04-01-2026,6.58,8.17,AVAILABLE,synthetic planned availability window,MEDIUM,TRUE,TRUE
AV03586,SEC_KAR_KHA,18-03-2026,2.01,4.27,RESTRICTED,synthetic planned availability window,LOW,TRUE,TRUE
AV03587,SEC_CHI_SHI,23-02-2026,16.51,17.52,RESTRICTED,synthetic planned availability window,HIGH,TRUE,TRUE
AV03588,SEC_SHI_PUN,01-01-2026,20.46,23.38,UNAVAILABLE,synthetic planned availability window,LOW,TRUE,TRUE
AV03589,SEC_KAL_KAR,07-01-2026,13.23,15.42,UNAVAILABLE,synthetic planned availability window,MEDIUM,TRUE,TRUE
AV03590,SEC_CHI_SHI,01-01-2026,14.23,15.56,AVAILABLE,synthetic planned availability window,LOW,TRUE,TRUE
AV03591,SEC_MUM_DAD,19-03-2026,16.43,19.38,UNAVAILABLE,synthetic planned availability window,MEDIUM,FALSE,TRUE
AV03592,SEC_KHA_LON,05-03-2026,11.38,14.28,AVAILABLE,synthetic planned availability window,LOW,TRUE,TRUE
AV03593,SEC_CHI_SHI,24-03-2026,7.57,9.26,RESTRICTED,synthetic planned availability window,HIGH,TRUE,TRUE
AV03594,SEC_MUM_DAD,08-03-2026,2.05,4.05,RESTRICTED,synthetic planned availability window,MEDIUM,FALSE,TRUE
AV03595,SEC_KAL_KAR,19-01-2026,14.25,16.53,AVAILABLE,synthetic planned availability window,HIGH,TRUE,TRUE
AV03596,SEC_MUM_DAD,18-01-2026,18.13,20.08,UNAVAILABLE,synthetic planned availability window,HIGH,TRUE,TRUE
AV03597,SEC_KAR_KHA,20-02-2026,3.24,5.33,UNAVAILABLE,synthetic planned availability window,LOW,TRUE,TRUE
AV03598,SEC_THA_KAL,17-03-2026,21.46,23.55,AVAILABLE,synthetic planned availability window,HIGH,TRUE,TRUE
AV03599,SEC_CHI_SHI,06-02-2026,17.05,18.52,AVAILABLE,synthetic planned availability window,MEDIUM,FALSE,TRUE
AV03600,SEC_KAR_KHA,07-03-2026,20.43,22.09,UNAVAILABLE,synthetic planned availability window,HIGH,TRUE,TRUE
AV03601,SEC_KAL_KAR,09-01-2026,13.19,14.45,UNAVAILABLE,synthetic planned availability window,HIGH,TRUE,TRUE
AV03602,SEC_DAD_THA,30-01-2026,9.51,11.59,RESTRICTED,synthetic planned availability window,MEDIUM,FALSE,TRUE
AV03603,SEC_TAL_CHI,26-01-2026,3.55,5.27,UNAVAILABLE,synthetic planned availability window,HIGH,FALSE,TRUE
AV03604,SEC_LON_TAL,15-02-2026,16.58,18.02,RESTRICTED,synthetic planned availability window,HIGH,FALSE,TRUE
AV03605,SEC_DAD_THA,25-02-2026,6.06,8.37,AVAILABLE,synthetic planned availability window,MEDIUM,FALSE,TRUE
AV03606,SEC_MUM_DAD,12-02-2026,11.47,13.59,RESTRICTED,synthetic planned availability window,MEDIUM,TRUE,TRUE
AV03607,SEC_KAR_KHA,17-03-2026,11.02,12.07,UNAVAILABLE,synthetic planned availability window,LOW,TRUE,TRUE
AV03608,SEC_SHI_PUN,18-01-2026,12.59,14.15,UNAVAILABLE,synthetic planned availability window,LOW,TRUE,TRUE
AV03609,SEC_KAR_KHA,03-01-2026,9.21,11.15,RESTRICTED,synthetic planned availability window,HIGH,TRUE,TRUE
AV03610,SEC_KAL_KAR,01-03-2026,9.09,11.46,AVAILABLE,synthetic planned availability window,HIGH,FALSE,TRUE
AV03611,SEC_KAR_KHA,22-03-2026,9.03,11.53,AVAILABLE,synthetic planned availability window,LOW,FALSE,TRUE
AV03612,SEC_KAR_KHA,05-03-2026,17.08,18.34,RESTRICTED,synthetic planned availability window,HIGH,TRUE,TRUE
AV03613,SEC_KHA_LON,28-02-2026,20.15,21.29,UNAVAILABLE,synthetic planned availability window,LOW,TRUE,TRUE
AV03614,SEC_SHI_PUN,15-01-2026,2.28,5.25,RESTRICTED,synthetic planned availability window,MEDIUM,FALSE,TRUE
AV03615,SEC_MUM_DAD,31-01-2026,20.03,21.12,RESTRICTED,synthetic planned availability window,MEDIUM,FALSE,TRUE
AV03616,SEC_DAD_THA,28-02-2026,2.09,3.46,AVAILABLE,synthetic planned availability window,LOW,FALSE,TRUE
AV03617,SEC_TAL_CHI,28-03-2026,14.48,15.55,RESTRICTED,synthetic planned availability window,HIGH,TRUE,TRUE
AV03618,SEC_THA_KAL,16-03-2026,3.45,5.49,UNAVAILABLE,synthetic planned availability window,LOW,TRUE,TRUE
AV03619,SEC_KHA_LON,15-02-2026,16.09,18.44,RESTRICTED,synthetic planned availability window,HIGH,TRUE,TRUE
AV03620,SEC_CHI_SHI,12-03-2026,12.15,14.35,AVAILABLE,synthetic planned availability window,LOW,FALSE,TRUE
AV03621,SEC_DAD_THA,11-02-2026,14.37,16.12,RESTRICTED,synthetic planned availability window,HIGH,FALSE,TRUE
AV03622,SEC_TAL_CHI,25-01-2026,2.05,3.50,AVAILABLE,synthetic planned availability window,MEDIUM,TRUE,TRUE
AV03623,SEC_KAR_KHA,24-01-2026,8.33,11.28,UNAVAILABLE,synthetic planned availability window,MEDIUM,TRUE,TRUE
AV03624,SEC_KAR_KHA,24-03-2026,2.19,4.59,AVAILABLE,synthetic planned availability window,LOW,FALSE,TRUE
AV03625,SEC_KHA_LON,20-02-2026,9.21,11.39,UNAVAILABLE,synthetic planned availability window,MEDIUM,TRUE,TRUE
AV03626,SEC_SHI_PUN,06-01-2026,18.34,20.13,RESTRICTED,synthetic planned availability window,HIGH,TRUE,TRUE
AV03627,SEC_TAL_CHI,17-02-2026,1.06,3.51,RESTRICTED,synthetic planned availability window,HIGH,TRUE,TRUE
AV03628,SEC_DAD_THA,11-03-2026,10.37,12.25,RESTRICTED,synthetic planned availability window,HIGH,TRUE,TRUE
AV03629,SEC_LON_TAL,09-02-2026,0.40,2.46,RESTRICTED,synthetic planned availability window,MEDIUM,FALSE,TRUE
AV03630,SEC_TAL_CHI,16-01-2026,19.54,21.02,UNAVAILABLE,synthetic planned availability window,LOW,TRUE,TRUE
AV03631,SEC_DAD_THA,25-01-2026,14.58,17.31,RESTRICTED,synthetic planned availability window,MEDIUM,TRUE,TRUE
AV03632,SEC_MUM_DAD,13-03-2026,21.44,23.59,UNAVAILABLE,synthetic planned availability window,MEDIUM,FALSE,TRUE
AV03633,SEC_CHI_SHI,13-03-2026,8.35,11.08,AVAILABLE,synthetic planned availability window,LOW,FALSE,TRUE
AV03634,SEC_MUM_DAD,26-01-2026,3.40,5.50,UNAVAILABLE,synthetic planned availability window,LOW,TRUE,TRUE
AV03635,SEC_LON_TAL,11-03-2026,6.34,8.54,UNAVAILABLE,synthetic planned availability window,LOW,TRUE,TRUE
AV03636,SEC_LON_TAL,05-03-2026,13.16,14.47,UNAVAILABLE,synthetic planned availability window,MEDIUM,FALSE,TRUE
AV03637,SEC_CHI_SHI,25-01-2026,1.59,4.19,RESTRICTED,synthetic planned availability window,HIGH,TRUE,TRUE
AV03638,SEC_DAD_THA,11-03-2026,2.09,3.46,UNAVAILABLE,synthetic planned availability window,HIGH,TRUE,TRUE
AV03639,SEC_KAR_KHA,25-02-2026,2.22,4.25,RESTRICTED,synthetic planned availability window,HIGH,TRUE,TRUE
AV03640,SEC_KAL_KAR,09-02-2026,2.49,4.46,AVAILABLE,synthetic planned availability window,MEDIUM,TRUE,TRUE
AV03641,SEC_LON_TAL,03-01-2026,0.13,1.51,AVAILABLE,synthetic planned availability window,MEDIUM,TRUE,TRUE
AV03642,SEC_THA_KAL,16-03-2026,3.05,4.40,RESTRICTED,synthetic planned availability window,MEDIUM,TRUE,TRUE
AV03643,SEC_KHA_LON,25-02-2026,2.13,4.11,AVAILABLE,synthetic planned availability window,MEDIUM,FALSE,TRUE
AV03644,SEC_MUM_DAD,25-03-2026,16.48,18.48,AVAILABLE,synthetic planned availability window,MEDIUM,TRUE,TRUE
AV03645,SEC_SHI_PUN,07-01-2026,4.55,7.26,RESTRICTED,synthetic planned availability window,LOW,FALSE,TRUE
AV03646,SEC_CHI_SHI,19-03-2026,5.43,8.28,RESTRICTED,synthetic planned availability window,MEDIUM,FALSE,TRUE
AV03647,SEC_LON_TAL,03-03-2026,10.38,12.55,UNAVAILABLE,synthetic planned availability window,HIGH,TRUE,TRUE
AV03648,SEC_MUM_DAD,08-01-2026,8.23,9.55,AVAILABLE,synthetic planned availability window,LOW,TRUE,TRUE
AV03649,SEC_LON_TAL,23-01-2026,17.56,20.22,AVAILABLE,synthetic planned availability window,MEDIUM,FALSE,TRUE
AV03650,SEC_KAL_KAR,28-01-2026,3.41,5.00,RESTRICTED,synthetic planned availability window,LOW,FALSE,TRUE
AV03651,SEC_KAR_KHA,08-03-2026,13.05,14.26,UNAVAILABLE,synthetic planned availability window,MEDIUM,FALSE,TRUE
AV03652,SEC_KAL_KAR,06-03-2026,19.09,20.09,UNAVAILABLE,synthetic planned availability window,MEDIUM,TRUE,TRUE
AV03653,SEC_KHA_LON,07-03-2026,0.18,1.19,AVAILABLE,synthetic planned availability window,MEDIUM,TRUE,TRUE
AV03654,SEC_LON_TAL,26-03-2026,17.07,18.24,RESTRICTED,synthetic planned availability window,HIGH,FALSE,TRUE
AV03655,SEC_TAL_CHI,23-02-2026,7.47,10.25,UNAVAILABLE,synthetic planned availability window,LOW,TRUE,TRUE
AV03656,SEC_DAD_THA,08-03-2026,11.54,13.34,AVAILABLE,synthetic planned availability window,LOW,FALSE,TRUE
AV03657,SEC_LON_TAL,07-01-2026,0.27,1.40,UNAVAILABLE,synthetic planned availability window,HIGH,FALSE,TRUE
AV03658,SEC_SHI_PUN,12-02-2026,4.22,5.47,RESTRICTED,synthetic planned availability window,LOW,TRUE,TRUE
AV03659,SEC_SHI_PUN,14-02-2026,11.37,12.50,AVAILABLE,synthetic planned availability window,HIGH,FALSE,TRUE
AV03660,SEC_KAL_KAR,13-01-2026,5.42,7.36,UNAVAILABLE,synthetic planned availability window,HIGH,TRUE,TRUE
AV03661,SEC_THA_KAL,13-02-2026,21.02,23.56,AVAILABLE,synthetic planned availability window,MEDIUM,TRUE,TRUE
AV03662,SEC_MUM_DAD,20-02-2026,0.48,2.20,RESTRICTED,synthetic planned availability window,LOW,TRUE,TRUE
AV03663,SEC_LON_TAL,13-03-2026,20.53,23.29,UNAVAILABLE,synthetic planned availability window,MEDIUM,TRUE,TRUE
AV03664,SEC_CHI_SHI,10-01-2026,15.14,17.30,AVAILABLE,synthetic planned availability window,HIGH,TRUE,TRUE
AV03665,SEC_KHA_LON,06-02-2026,19.57,21.40,RESTRICTED,synthetic planned availability window,MEDIUM,TRUE,TRUE
AV03666,SEC_KHA_LON,23-03-2026,12.18,15.06,AVAILABLE,synthetic planned availability window,MEDIUM,FALSE,TRUE
AV03667,SEC_KAL_KAR,20-01-2026,0.02,1.34,RESTRICTED,synthetic planned availability window,MEDIUM,TRUE,TRUE
AV03668,SEC_CHI_SHI,28-02-2026,14.45,16.51,UNAVAILABLE,synthetic planned availability window,HIGH,FALSE,TRUE
AV03669,SEC_KAR_KHA,22-02-2026,4.51,6.35,UNAVAILABLE,synthetic planned availability window,LOW,TRUE,TRUE
AV03670,SEC_KHA_LON,09-03-2026,18.26,19.26,UNAVAILABLE,synthetic planned availability window,MEDIUM,FALSE,TRUE
AV03671,SEC_SHI_PUN,02-03-2026,15.34,18.10,UNAVAILABLE,synthetic planned availability window,HIGH,FALSE,TRUE
AV03672,SEC_SHI_PUN,08-02-2026,4.00,5.51,UNAVAILABLE,synthetic planned availability window,MEDIUM,TRUE,TRUE
AV03673,SEC_KAL_KAR,26-01-2026,6.08,8.00,RESTRICTED,synthetic planned availability window,LOW,TRUE,TRUE
AV03674,SEC_MUM_DAD,01-03-2026,15.24,17.50,UNAVAILABLE,synthetic planned availability window,LOW,FALSE,TRUE
AV03675,SEC_MUM_DAD,01-03-2026,20.34,23.09,AVAILABLE,synthetic planned availability window,LOW,TRUE,TRUE
AV03676,SEC_LON_TAL,13-01-2026,14.56,17.04,RESTRICTED,synthetic planned availability window,MEDIUM,FALSE,TRUE
AV03677,SEC_LON_TAL,15-02-2026,20.50,22.44,UNAVAILABLE,synthetic planned availability window,MEDIUM,TRUE,TRUE
AV03678,SEC_TAL_CHI,22-03-2026,17.44,19.21,AVAILABLE,synthetic planned availability window,HIGH,FALSE,TRUE
AV03679,SEC_KAR_KHA,12-02-2026,4.38,7.33,AVAILABLE,synthetic planned availability window,LOW,TRUE,TRUE
AV03680,SEC_LON_TAL,01-02-2026,1.24,3.34,AVAILABLE,synthetic planned availability window,HIGH,TRUE,TRUE
AV03681,SEC_KAL_KAR,13-02-2026,2.51,3.59,RESTRICTED,synthetic planned availability window,MEDIUM,TRUE,TRUE
AV03682,SEC_CHI_SHI,10-03-2026,18.27,20.19,UNAVAILABLE,synthetic planned availability window,LOW,TRUE,TRUE
AV03683,SEC_SHI_PUN,03-03-2026,15.41,18.14,AVAILABLE,synthetic planned availability window,MEDIUM,TRUE,TRUE
AV03684,SEC_KHA_LON,27-03-2026,13.12,15.22,RESTRICTED,synthetic planned availability window,LOW,TRUE,TRUE
AV03685,SEC_KHA_LON,24-03-2026,17.29,19.19,AVAILABLE,synthetic planned availability window,MEDIUM,TRUE,TRUE
AV03686,SEC_CHI_SHI,19-02-2026,11.18,14.18,AVAILABLE,synthetic planned availability window,MEDIUM,TRUE,TRUE
AV03687,SEC_MUM_DAD,20-02-2026,9.39,12.02,AVAILABLE,synthetic planned availability window,LOW,TRUE,TRUE
AV03688,SEC_SHI_PUN,13-02-2026,5.15,8.07,UNAVAILABLE,synthetic planned availability window,HIGH,TRUE,TRUE
AV03689,SEC_DAD_THA,14-02-2026,4.40,7.02,RESTRICTED,synthetic planned availability window,LOW,FALSE,TRUE
AV03690,SEC_TAL_CHI,15-01-2026,21.01,23.49,UNAVAILABLE,synthetic planned availability window,MEDIUM,TRUE,TRUE
AV03691,SEC_SHI_PUN,05-02-2026,4.45,6.01,RESTRICTED,synthetic planned availability window,HIGH,FALSE,TRUE
AV03692,SEC_THA_KAL,30-01-2026,1.16,2.44,RESTRICTED,synthetic planned availability window,LOW,TRUE,TRUE
AV03693,SEC_TAL_CHI,07-01-2026,18.45,20.57,UNAVAILABLE,synthetic planned availability window,LOW,TRUE,TRUE
AV03694,SEC_MUM_DAD,01-03-2026,10.47,13.21,RESTRICTED,synthetic planned availability window,HIGH,TRUE,TRUE
AV03695,SEC_CHI_SHI,19-01-2026,17.55,20.22,UNAVAILABLE,synthetic planned availability window,MEDIUM,TRUE,TRUE
AV03696,SEC_TAL_CHI,20-01-2026,19.00,20.58,AVAILABLE,synthetic planned availability window,MEDIUM,FALSE,TRUE
AV03697,SEC_KAL_KAR,19-02-2026,4.14,6.30,AVAILABLE,synthetic planned availability window,MEDIUM,FALSE,TRUE
AV03698,SEC_CHI_SHI,19-02-2026,9.08,10.40,UNAVAILABLE,synthetic planned availability window,LOW,FALSE,TRUE
AV03699,SEC_THA_KAL,03-01-2026,15.55,16.59,AVAILABLE,synthetic planned availability window,MEDIUM,TRUE,TRUE
AV03700,SEC_CHI_SHI,29-03-2026,17.16,19.38,RESTRICTED,synthetic planned availability window,HIGH,TRUE,TRUE
AV03701,SEC_THA_KAL,11-03-2026,21.18,23.30,AVAILABLE,synthetic planned availability window,LOW,TRUE,TRUE
AV03702,SEC_MUM_DAD,02-02-2026,19.19,22.18,UNAVAILABLE,synthetic planned availability window,MEDIUM,TRUE,TRUE
AV03703,SEC_DAD_THA,14-01-2026,16.53,19.28,UNAVAILABLE,synthetic planned availability window,LOW,FALSE,TRUE
AV03704,SEC_TAL_CHI,23-02-2026,1.33,3.20,RESTRICTED,synthetic planned availability window,LOW,FALSE,TRUE
AV03705,SEC_KAL_KAR,20-03-2026,15.08,16.08,AVAILABLE,synthetic planned availability window,MEDIUM,TRUE,TRUE
AV03706,SEC_CHI_SHI,03-01-2026,12.31,14.48,AVAILABLE,synthetic planned availability window,HIGH,FALSE,TRUE
AV03707,SEC_KAR_KHA,02-01-2026,16.35,18.04,RESTRICTED,synthetic planned availability window,MEDIUM,TRUE,TRUE
AV03708,SEC_CHI_SHI,24-02-2026,12.27,14.01,AVAILABLE,synthetic planned availability window,LOW,TRUE,TRUE
AV03709,SEC_LON_TAL,14-03-2026,5.14,7.48,AVAILABLE,synthetic planned availability window,HIGH,FALSE,TRUE
AV03710,SEC_MUM_DAD,02-03-2026,9.21,11.55,RESTRICTED,synthetic planned availability window,LOW,TRUE,TRUE
AV03711,SEC_THA_KAL,23-03-2026,1.34,3.49,UNAVAILABLE,synthetic planned availability window,MEDIUM,FALSE,TRUE
AV03712,SEC_KHA_LON,17-03-2026,16.07,17.30,AVAILABLE,synthetic planned availability window,HIGH,TRUE,TRUE
AV03713,SEC_TAL_CHI,17-03-2026,18.19,20.17,AVAILABLE,synthetic planned availability window,LOW,FALSE,TRUE
AV03714,SEC_MUM_DAD,26-03-2026,14.56,16.16,UNAVAILABLE,synthetic planned availability window,MEDIUM,TRUE,TRUE
AV03715,SEC_KAL_KAR,18-02-2026,10.31,13.23,UNAVAILABLE,synthetic planned availability window,HIGH,TRUE,TRUE
AV03716,SEC_KHA_LON,29-01-2026,17.31,20.24,RESTRICTED,synthetic planned availability window,HIGH,TRUE,TRUE
AV03717,SEC_KAR_KHA,26-01-2026,1.33,4.06,UNAVAILABLE,synthetic planned availability window,LOW,TRUE,TRUE
AV03718,SEC_KAR_KHA,15-02-2026,9.29,11.36,RESTRICTED,synthetic planned availability window,MEDIUM,TRUE,TRUE
AV03719,SEC_KAR_KHA,12-01-2026,2.05,4.11,RESTRICTED,synthetic planned availability window,HIGH,TRUE,TRUE
AV03720,SEC_LON_TAL,17-03-2026,3.03,5.06,UNAVAILABLE,synthetic planned availability window,HIGH,TRUE,TRUE
AV03721,SEC_MUM_DAD,05-02-2026,1.52,3.17,AVAILABLE,synthetic planned availability window,MEDIUM,FALSE,TRUE
AV03722,SEC_KAL_KAR,14-03-2026,1.26,3.09,UNAVAILABLE,synthetic planned availability window,LOW,TRUE,TRUE
AV03723,SEC_MUM_DAD,03-03-2026,2.06,3.26,RESTRICTED,synthetic planned availability window,HIGH,FALSE,TRUE
AV03724,SEC_KAL_KAR,20-02-2026,8.30,11.27,AVAILABLE,synthetic planned availability window,LOW,TRUE,TRUE
AV03725,SEC_CHI_SHI,27-02-2026,2.25,4.05,RESTRICTED,synthetic planned availability window,HIGH,TRUE,TRUE
AV03726,SEC_KHA_LON,03-03-2026,10.21,11.24,UNAVAILABLE,synthetic planned availability window,MEDIUM,TRUE,TRUE
AV03727,SEC_MUM_DAD,24-03-2026,6.41,8.58,AVAILABLE,synthetic planned availability window,HIGH,TRUE,TRUE
AV03728,SEC_KAR_KHA,07-03-2026,1.51,4.49,RESTRICTED,synthetic planned availability window,MEDIUM,TRUE,TRUE
AV03729,SEC_THA_KAL,29-01-2026,5.30,7.39,UNAVAILABLE,synthetic planned availability window,HIGH,TRUE,TRUE
AV03730,SEC_TAL_CHI,06-03-2026,5.12,7.06,AVAILABLE,synthetic planned availability window,MEDIUM,TRUE,TRUE
AV03731,SEC_DAD_THA,28-02-2026,5.05,7.43,UNAVAILABLE,synthetic planned availability window,LOW,TRUE,TRUE
AV03732,SEC_KAR_KHA,06-01-2026,15.44,17.45,UNAVAILABLE,synthetic planned availability window,MEDIUM,TRUE,TRUE
AV03733,SEC_MUM_DAD,22-02-2026,7.01,9.08,AVAILABLE,synthetic planned availability window,MEDIUM,TRUE,TRUE
AV03734,SEC_KAR_KHA,28-01-2026,21.06,23.11,RESTRICTED,synthetic planned availability window,HIGH,FALSE,TRUE
AV03735,SEC_LON_TAL,05-02-2026,3.39,5.45,UNAVAILABLE,synthetic planned availability window,LOW,TRUE,TRUE
AV03736,SEC_KHA_LON,30-01-2026,21.24,23.59,RESTRICTED,synthetic planned availability window,HIGH,FALSE,TRUE
AV03737,SEC_SHI_PUN,16-03-2026,14.55,16.06,RESTRICTED,synthetic planned availability window,LOW,FALSE,TRUE
AV03738,SEC_LON_TAL,19-02-2026,18.50,20.17,UNAVAILABLE,synthetic planned availability window,HIGH,FALSE,TRUE
AV03739,SEC_CHI_SHI,24-01-2026,17.30,19.36,RESTRICTED,synthetic planned availability window,MEDIUM,FALSE,TRUE
AV03740,SEC_MUM_DAD,21-01-2026,10.35,13.03,RESTRICTED,synthetic planned availability window,LOW,FALSE,TRUE
AV03741,SEC_KAL_KAR,15-01-2026,10.47,12.39,UNAVAILABLE,synthetic planned availability window,HIGH,FALSE,TRUE
AV03742,SEC_CHI_SHI,18-01-2026,2.20,4.43,UNAVAILABLE,synthetic planned availability window,HIGH,TRUE,TRUE
AV03743,SEC_LON_TAL,01-03-2026,4.18,5.30,AVAILABLE,synthetic planned availability window,MEDIUM,FALSE,TRUE
AV03744,SEC_KAL_KAR,13-02-2026,7.24,9.51,AVAILABLE,synthetic planned availability window,MEDIUM,FALSE,TRUE
AV03745,SEC_TAL_CHI,12-02-2026,0.08,1.13,AVAILABLE,synthetic planned availability window,MEDIUM,FALSE,TRUE
AV03746,SEC_CHI_SHI,25-03-2026,16.22,17.32,UNAVAILABLE,synthetic planned availability window,MEDIUM,TRUE,TRUE
AV03747,SEC_KAL_KAR,03-02-2026,11.40,13.05,RESTRICTED,synthetic planned availability window,HIGH,FALSE,TRUE
AV03748,SEC_THA_KAL,17-03-2026,8.56,11.45,UNAVAILABLE,synthetic planned availability window,HIGH,TRUE,TRUE
AV03749,SEC_SHI_PUN,21-03-2026,14.59,17.20,RESTRICTED,synthetic planned availability window,MEDIUM,TRUE,TRUE
AV03750,SEC_KHA_LON,15-03-2026,14.18,15.24,UNAVAILABLE,synthetic planned availability window,MEDIUM,TRUE,TRUE
AV03751,SEC_THA_KAL,30-01-2026,5.29,6.45,UNAVAILABLE,synthetic planned availability window,HIGH,FALSE,TRUE
AV03752,SEC_CHI_SHI,07-02-2026,4.13,6.03,UNAVAILABLE,synthetic planned availability window,MEDIUM,TRUE,TRUE
AV03753,SEC_LON_TAL,16-02-2026,3.50,6.04,AVAILABLE,synthetic planned availability window,MEDIUM,TRUE,TRUE
AV03754,SEC_KAL_KAR,31-03-2026,17.01,19.57,RESTRICTED,synthetic planned availability window,MEDIUM,TRUE,TRUE
AV03755,SEC_KAL_KAR,13-03-2026,13.58,16.28,AVAILABLE,synthetic planned availability window,MEDIUM,FALSE,TRUE
AV03756,SEC_KAR_KHA,17-01-2026,16.52,19.21,AVAILABLE,synthetic planned availability window,MEDIUM,FALSE,TRUE
AV03757,SEC_CHI_SHI,19-03-2026,11.32,13.30,RESTRICTED,synthetic planned availability window,HIGH,FALSE,TRUE
AV03758,SEC_KAR_KHA,12-01-2026,18.39,21.22,AVAILABLE,synthetic planned availability window,HIGH,TRUE,TRUE
AV03759,SEC_LON_TAL,09-02-2026,18.43,21.21,AVAILABLE,synthetic planned availability window,HIGH,TRUE,TRUE
AV03760,SEC_MUM_DAD,09-01-2026,3.29,4.50,UNAVAILABLE,synthetic planned availability window,HIGH,TRUE,TRUE
AV03761,SEC_CHI_SHI,20-03-2026,21.42,22.50,AVAILABLE,synthetic planned availability window,MEDIUM,FALSE,TRUE
AV03762,SEC_KAR_KHA,02-01-2026,20.22,21.55,AVAILABLE,synthetic planned availability window,LOW,TRUE,TRUE
AV03763,SEC_MUM_DAD,20-03-2026,9.27,11.46,UNAVAILABLE,synthetic planned availability window,HIGH,TRUE,TRUE
AV03764,SEC_DAD_THA,16-03-2026,2.01,4.09,UNAVAILABLE,synthetic planned availability window,MEDIUM,TRUE,TRUE
AV03765,SEC_CHI_SHI,16-03-2026,3.46,5.16,UNAVAILABLE,synthetic planned availability window,LOW,TRUE,TRUE
AV03766,SEC_TAL_CHI,23-01-2026,9.50,12.26,AVAILABLE,synthetic planned availability window,HIGH,FALSE,TRUE
AV03767,SEC_THA_KAL,17-01-2026,6.37,9.08,RESTRICTED,synthetic planned availability window,LOW,TRUE,TRUE
AV03768,SEC_DAD_THA,08-01-2026,2.55,5.52,RESTRICTED,synthetic planned availability window,MEDIUM,TRUE,TRUE
AV03769,SEC_KAL_KAR,27-03-2026,2.27,3.33,AVAILABLE,synthetic planned availability window,HIGH,FALSE,TRUE
AV03770,SEC_LON_TAL,30-01-2026,2.48,4.47,RESTRICTED,synthetic planned availability window,MEDIUM,FALSE,TRUE
AV03771,SEC_DAD_THA,02-02-2026,8.40,10.17,UNAVAILABLE,synthetic planned availability window,MEDIUM,TRUE,TRUE
AV03772,SEC_TAL_CHI,17-01-2026,0.02,2.16,UNAVAILABLE,synthetic planned availability window,LOW,TRUE,TRUE
AV03773,SEC_MUM_DAD,24-03-2026,12.47,14.43,RESTRICTED,synthetic planned availability window,MEDIUM,TRUE,TRUE
AV03774,SEC_KHA_LON,12-01-2026,13.47,15.35,RESTRICTED,synthetic planned availability window,HIGH,TRUE,TRUE
AV03775,SEC_KHA_LON,16-01-2026,18.57,21.23,AVAILABLE,synthetic planned availability window,MEDIUM,TRUE,TRUE
AV03776,SEC_LON_TAL,27-03-2026,5.56,7.12,UNAVAILABLE,synthetic planned availability window,HIGH,TRUE,TRUE
AV03777,SEC_KAR_KHA,02-03-2026,15.24,16.52,AVAILABLE,synthetic planned availability window,LOW,TRUE,TRUE
AV03778,SEC_CHI_SHI,16-03-2026,15.26,16.41,RESTRICTED,synthetic planned availability window,HIGH,FALSE,TRUE
AV03779,SEC_SHI_PUN,21-03-2026,3.51,5.58,AVAILABLE,synthetic planned availability window,LOW,TRUE,TRUE
AV03780,SEC_KAR_KHA,05-02-2026,10.33,11.53,UNAVAILABLE,synthetic planned availability window,MEDIUM,FALSE,TRUE
AV03781,SEC_SHI_PUN,10-02-2026,21.53,23.44,RESTRICTED,synthetic planned availability window,LOW,TRUE,TRUE
AV03782,SEC_SHI_PUN,14-03-2026,0.16,3.12,RESTRICTED,synthetic planned availability window,MEDIUM,FALSE,TRUE
AV03783,SEC_THA_KAL,08-01-2026,11.46,13.12,RESTRICTED,synthetic planned availability window,HIGH,TRUE,TRUE
AV03784,SEC_KHA_LON,18-03-2026,6.04,7.10,RESTRICTED,synthetic planned availability window,MEDIUM,TRUE,TRUE
AV03785,SEC_KHA_LON,26-03-2026,12.00,14.33,UNAVAILABLE,synthetic planned availability window,HIGH,FALSE,TRUE
AV03786,SEC_THA_KAL,15-03-2026,8.02,9.30,RESTRICTED,synthetic planned availability window,HIGH,FALSE,TRUE
AV03787,SEC_KAL_KAR,21-01-2026,18.36,20.07,UNAVAILABLE,synthetic planned availability window,LOW,FALSE,TRUE
AV03788,SEC_KAL_KAR,07-02-2026,20.39,21.39,RESTRICTED,synthetic planned availability window,MEDIUM,TRUE,TRUE
AV03789,SEC_KAR_KHA,04-02-2026,2.10,4.11,RESTRICTED,synthetic planned availability window,HIGH,TRUE,TRUE
AV03790,SEC_KAR_KHA,21-02-2026,16.57,18.52,UNAVAILABLE,synthetic planned availability window,LOW,FALSE,TRUE
AV03791,SEC_TAL_CHI,07-02-2026,7.43,9.03,AVAILABLE,synthetic planned availability window,MEDIUM,TRUE,TRUE
AV03792,SEC_LON_TAL,27-03-2026,21.54,23.33,AVAILABLE,synthetic planned availability window,HIGH,FALSE,TRUE
AV03793,SEC_KHA_LON,04-03-2026,11.19,12.56,RESTRICTED,synthetic planned availability window,MEDIUM,FALSE,TRUE
AV03794,SEC_KHA_LON,30-01-2026,12.03,13.21,UNAVAILABLE,synthetic planned availability window,LOW,FALSE,TRUE
AV03795,SEC_KAR_KHA,18-02-2026,9.04,11.02,RESTRICTED,synthetic planned availability window,MEDIUM,TRUE,TRUE
AV03796,SEC_CHI_SHI,21-02-2026,6.18,9.13,UNAVAILABLE,synthetic planned availability window,HIGH,FALSE,TRUE
AV03797,SEC_DAD_THA,05-03-2026,21.32,23.59,AVAILABLE,synthetic planned availability window,LOW,FALSE,TRUE
AV03798,SEC_MUM_DAD,10-01-2026,18.56,20.07,UNAVAILABLE,synthetic planned availability window,MEDIUM,FALSE,TRUE
AV03799,SEC_KAR_KHA,13-02-2026,2.43,5.35,UNAVAILABLE,synthetic planned availability window,LOW,FALSE,TRUE
AV03800,SEC_KAR_KHA,18-03-2026,20.29,23.03,RESTRICTED,synthetic planned availability window,LOW,TRUE,TRUE
AV03801,SEC_LON_TAL,19-01-2026,1.06,2.15,RESTRICTED,synthetic planned availability window,HIGH,FALSE,TRUE
AV03802,SEC_THA_KAL,13-02-2026,20.41,22.18,UNAVAILABLE,synthetic planned availability window,LOW,FALSE,TRUE
AV03803,SEC_DAD_THA,25-02-2026,6.20,8.59,RESTRICTED,synthetic planned availability window,MEDIUM,FALSE,TRUE
AV03804,SEC_DAD_THA,30-03-2026,15.56,18.13,AVAILABLE,synthetic planned availability window,HIGH,TRUE,TRUE
AV03805,SEC_DAD_THA,12-02-2026,12.45,15.21,UNAVAILABLE,synthetic planned availability window,MEDIUM,FALSE,TRUE
AV03806,SEC_THA_KAL,26-02-2026,17.42,20.18,RESTRICTED,synthetic planned availability window,HIGH,TRUE,TRUE
AV03807,SEC_LON_TAL,20-03-2026,10.08,12.01,AVAILABLE,synthetic planned availability window,MEDIUM,TRUE,TRUE
AV03808,SEC_KAR_KHA,30-01-2026,11.42,13.18,RESTRICTED,synthetic planned availability window,MEDIUM,FALSE,TRUE
AV03809,SEC_MUM_DAD,22-03-2026,0.02,2.19,AVAILABLE,synthetic planned availability window,LOW,TRUE,TRUE
AV03810,SEC_MUM_DAD,26-03-2026,11.35,13.26,AVAILABLE,synthetic planned availability window,HIGH,TRUE,TRUE
AV03811,SEC_KAL_KAR,06-03-2026,2.08,3.25,UNAVAILABLE,synthetic planned availability window,HIGH,TRUE,TRUE
AV03812,SEC_KAR_KHA,19-01-2026,9.53,11.34,UNAVAILABLE,synthetic planned availability window,HIGH,FALSE,TRUE
AV03813,SEC_THA_KAL,07-01-2026,20.03,22.12,RESTRICTED,synthetic planned availability window,LOW,TRUE,TRUE
AV03814,SEC_LON_TAL,09-03-2026,21.47,23.05,RESTRICTED,synthetic planned availability window,MEDIUM,FALSE,TRUE
AV03815,SEC_THA_KAL,25-01-2026,10.57,13.16,RESTRICTED,synthetic planned availability window,LOW,TRUE,TRUE
AV03816,SEC_LON_TAL,19-02-2026,9.56,11.12,UNAVAILABLE,synthetic planned availability window,HIGH,TRUE,TRUE
AV03817,SEC_MUM_DAD,22-02-2026,2.51,4.50,UNAVAILABLE,synthetic planned availability window,HIGH,TRUE,TRUE
AV03818,SEC_KAR_KHA,19-01-2026,2.13,3.43,UNAVAILABLE,synthetic planned availability window,LOW,TRUE,TRUE
AV03819,SEC_CHI_SHI,07-03-2026,11.50,14.14,UNAVAILABLE,synthetic planned availability window,MEDIUM,FALSE,TRUE
AV03820,SEC_CHI_SHI,07-02-2026,7.46,9.19,RESTRICTED,synthetic planned availability window,MEDIUM,TRUE,TRUE
AV03821,SEC_DAD_THA,26-02-2026,5.08,6.34,UNAVAILABLE,synthetic planned availability window,MEDIUM,TRUE,TRUE
AV03822,SEC_DAD_THA,08-02-2026,11.08,13.45,RESTRICTED,synthetic planned availability window,LOW,FALSE,TRUE
AV03823,SEC_MUM_DAD,27-02-2026,10.52,13.52,RESTRICTED,synthetic planned availability window,HIGH,TRUE,TRUE
AV03824,SEC_KAL_KAR,13-03-2026,0.35,2.27,AVAILABLE,synthetic planned availability window,LOW,FALSE,TRUE
AV03825,SEC_TAL_CHI,13-02-2026,5.16,7.03,RESTRICTED,synthetic planned availability window,MEDIUM,TRUE,TRUE
AV03826,SEC_SHI_PUN,31-03-2026,20.02,21.50,AVAILABLE,synthetic planned availability window,MEDIUM,TRUE,TRUE
AV03827,SEC_THA_KAL,12-03-2026,9.04,10.52,AVAILABLE,synthetic planned availability window,MEDIUM,FALSE,TRUE
AV03828,SEC_THA_KAL,05-01-2026,11.30,14.19,RESTRICTED,synthetic planned availability window,HIGH,TRUE,TRUE
AV03829,SEC_DAD_THA,20-02-2026,2.49,5.01,UNAVAILABLE,synthetic planned availability window,HIGH,TRUE,TRUE
AV03830,SEC_MUM_DAD,14-02-2026,20.23,22.36,AVAILABLE,synthetic planned availability window,MEDIUM,FALSE,TRUE
AV03831,SEC_DAD_THA,19-02-2026,14.18,17.07,AVAILABLE,synthetic planned availability window,LOW,TRUE,TRUE
AV03832,SEC_KAL_KAR,14-01-2026,0.02,1.17,AVAILABLE,synthetic planned availability window,LOW,TRUE,TRUE
AV03833,SEC_MUM_DAD,24-02-2026,21.04,23.20,UNAVAILABLE,synthetic planned availability window,MEDIUM,TRUE,TRUE
AV03834,SEC_KAL_KAR,22-02-2026,7.09,8.47,AVAILABLE,synthetic planned availability window,LOW,FALSE,TRUE
AV03835,SEC_CHI_SHI,25-01-2026,16.00,18.42,UNAVAILABLE,synthetic planned availability window,MEDIUM,FALSE,TRUE
AV03836,SEC_MUM_DAD,03-02-2026,8.44,11.24,AVAILABLE,synthetic planned availability window,HIGH,FALSE,TRUE
AV03837,SEC_LON_TAL,27-02-2026,11.45,13.43,AVAILABLE,synthetic planned availability window,HIGH,TRUE,TRUE
AV03838,SEC_LON_TAL,15-02-2026,12.39,15.24,AVAILABLE,synthetic planned availability window,LOW,FALSE,TRUE
AV03839,SEC_THA_KAL,17-03-2026,11.30,12.40,RESTRICTED,synthetic planned availability window,MEDIUM,TRUE,TRUE
AV03840,SEC_TAL_CHI,20-03-2026,16.36,19.08,UNAVAILABLE,synthetic planned availability window,MEDIUM,FALSE,TRUE
AV03841,SEC_KAL_KAR,31-01-2026,16.22,18.55,AVAILABLE,synthetic planned availability window,MEDIUM,TRUE,TRUE
AV03842,SEC_CHI_SHI,07-02-2026,3.15,5.32,AVAILABLE,synthetic planned availability window,MEDIUM,FALSE,TRUE
AV03843,SEC_SHI_PUN,24-03-2026,9.38,11.47,AVAILABLE,synthetic planned availability window,MEDIUM,TRUE,TRUE
AV03844,SEC_THA_KAL,06-02-2026,17.37,20.11,RESTRICTED,synthetic planned availability window,MEDIUM,TRUE,TRUE
AV03845,SEC_DAD_THA,20-03-2026,15.47,16.51,UNAVAILABLE,synthetic planned availability window,LOW,FALSE,TRUE
AV03846,SEC_MUM_DAD,05-02-2026,2.28,4.52,AVAILABLE,synthetic planned availability window,MEDIUM,TRUE,TRUE
AV03847,SEC_DAD_THA,31-03-2026,21.00,22.56,RESTRICTED,synthetic planned availability window,MEDIUM,FALSE,TRUE
AV03848,SEC_DAD_THA,25-03-2026,10.45,12.28,UNAVAILABLE,synthetic planned availability window,LOW,TRUE,TRUE
AV03849,SEC_THA_KAL,02-02-2026,9.42,10.58,UNAVAILABLE,synthetic planned availability window,HIGH,TRUE,TRUE
AV03850,SEC_DAD_THA,01-03-2026,10.33,13.27,UNAVAILABLE,synthetic planned availability window,LOW,TRUE,TRUE
AV03851,SEC_TAL_CHI,28-03-2026,11.53,14.41,UNAVAILABLE,synthetic planned availability window,HIGH,FALSE,TRUE
AV03852,SEC_THA_KAL,27-03-2026,2.25,4.06,UNAVAILABLE,synthetic planned availability window,LOW,FALSE,TRUE
AV03853,SEC_THA_KAL,02-03-2026,1.51,3.28,RESTRICTED,synthetic planned availability window,HIGH,TRUE,TRUE
AV03854,SEC_KHA_LON,18-02-2026,20.53,23.15,UNAVAILABLE,synthetic planned availability window,HIGH,TRUE,TRUE
AV03855,SEC_LON_TAL,21-02-2026,18.07,20.32,UNAVAILABLE,synthetic planned availability window,LOW,FALSE,TRUE
AV03856,SEC_TAL_CHI,12-01-2026,2.03,3.31,RESTRICTED,synthetic planned availability window,HIGH,FALSE,TRUE
AV03857,SEC_DAD_THA,03-02-2026,2.09,3.28,RESTRICTED,synthetic planned availability window,HIGH,FALSE,TRUE
AV03858,SEC_KAR_KHA,19-03-2026,17.41,19.10,RESTRICTED,synthetic planned availability window,LOW,TRUE,TRUE
AV03859,SEC_THA_KAL,17-02-2026,11.35,13.16,AVAILABLE,synthetic planned availability window,HIGH,TRUE,TRUE
AV03860,SEC_MUM_DAD,30-03-2026,1.06,3.48,UNAVAILABLE,synthetic planned availability window,HIGH,TRUE,TRUE
AV03861,SEC_TAL_CHI,05-03-2026,5.51,7.58,AVAILABLE,synthetic planned availability window,LOW,FALSE,TRUE
AV03862,SEC_LON_TAL,26-02-2026,21.37,23.07,UNAVAILABLE,synthetic planned availability window,LOW,TRUE,TRUE
AV03863,SEC_KAR_KHA,14-03-2026,0.45,3.18,UNAVAILABLE,synthetic planned availability window,MEDIUM,TRUE,TRUE
AV03864,SEC_MUM_DAD,11-03-2026,20.38,21.57,UNAVAILABLE,synthetic planned availability window,HIGH,TRUE,TRUE
AV03865,SEC_CHI_SHI,18-02-2026,12.09,15.06,AVAILABLE,synthetic planned availability window,LOW,TRUE,TRUE
AV03866,SEC_TAL_CHI,25-01-2026,10.26,12.31,RESTRICTED,synthetic planned availability window,LOW,TRUE,TRUE
AV03867,SEC_MUM_DAD,14-02-2026,21.16,22.49,UNAVAILABLE,synthetic planned availability window,LOW,FALSE,TRUE
AV03868,SEC_KHA_LON,27-02-2026,12.36,14.21,RESTRICTED,synthetic planned availability window,HIGH,TRUE,TRUE
AV03869,SEC_KAR_KHA,09-03-2026,2.57,4.30,RESTRICTED,synthetic planned availability window,HIGH,TRUE,TRUE
AV03870,SEC_MUM_DAD,03-03-2026,2.10,3.47,RESTRICTED,synthetic planned availability window,LOW,TRUE,TRUE
AV03871,SEC_THA_KAL,18-01-2026,5.19,6.48,AVAILABLE,synthetic planned availability window,LOW,TRUE,TRUE
AV03872,SEC_DAD_THA,14-02-2026,6.45,7.50,UNAVAILABLE,synthetic planned availability window,MEDIUM,FALSE,TRUE
AV03873,SEC_KAR_KHA,22-01-2026,13.49,16.41,RESTRICTED,synthetic planned availability window,HIGH,TRUE,TRUE
AV03874,SEC_KHA_LON,21-03-2026,7.40,9.54,AVAILABLE,synthetic planned availability window,MEDIUM,TRUE,TRUE
AV03875,SEC_SHI_PUN,05-02-2026,17.24,19.18,UNAVAILABLE,synthetic planned availability window,LOW,TRUE,TRUE
AV03876,SEC_LON_TAL,21-02-2026,18.30,21.12,UNAVAILABLE,synthetic planned availability window,MEDIUM,TRUE,TRUE
AV03877,SEC_THA_KAL,20-03-2026,17.09,19.15,AVAILABLE,synthetic planned availability window,HIGH,TRUE,TRUE
AV03878,SEC_TAL_CHI,30-03-2026,21.42,23.47,RESTRICTED,synthetic planned availability window,LOW,FALSE,TRUE
AV03879,SEC_KAR_KHA,03-03-2026,21.31,23.59,RESTRICTED,synthetic planned availability window,HIGH,TRUE,TRUE
AV03880,SEC_DAD_THA,11-01-2026,15.03,16.08,AVAILABLE,synthetic planned availability window,LOW,TRUE,TRUE
AV03881,SEC_KAR_KHA,29-03-2026,17.57,19.51,RESTRICTED,synthetic planned availability window,LOW,TRUE,TRUE
AV03882,SEC_KHA_LON,17-03-2026,15.43,18.09,UNAVAILABLE,synthetic planned availability window,LOW,FALSE,TRUE
AV03883,SEC_TAL_CHI,07-03-2026,13.08,14.39,RESTRICTED,synthetic planned availability window,HIGH,TRUE,TRUE
AV03884,SEC_SHI_PUN,03-03-2026,1.39,2.51,AVAILABLE,synthetic planned availability window,MEDIUM,FALSE,TRUE
AV03885,SEC_THA_KAL,19-03-2026,17.20,20.00,AVAILABLE,synthetic planned availability window,MEDIUM,FALSE,TRUE
AV03886,SEC_LON_TAL,12-03-2026,15.34,17.51,RESTRICTED,synthetic planned availability window,MEDIUM,TRUE,TRUE
AV03887,SEC_KAR_KHA,11-02-2026,20.32,22.39,AVAILABLE,synthetic planned availability window,MEDIUM,FALSE,TRUE
AV03888,SEC_DAD_THA,08-03-2026,21.22,23.00,AVAILABLE,synthetic planned availability window,HIGH,FALSE,TRUE
AV03889,SEC_CHI_SHI,28-01-2026,1.11,2.31,UNAVAILABLE,synthetic planned availability window,LOW,TRUE,TRUE
AV03890,SEC_THA_KAL,06-02-2026,21.12,22.21,RESTRICTED,synthetic planned availability window,LOW,TRUE,TRUE
AV03891,SEC_KAR_KHA,09-02-2026,5.30,7.20,RESTRICTED,synthetic planned availability window,LOW,FALSE,TRUE
AV03892,SEC_THA_KAL,09-01-2026,2.52,4.21,UNAVAILABLE,synthetic planned availability window,MEDIUM,TRUE,TRUE
AV03893,SEC_KHA_LON,12-01-2026,3.28,4.31,AVAILABLE,synthetic planned availability window,LOW,FALSE,TRUE
AV03894,SEC_THA_KAL,02-01-2026,2.59,4.03,AVAILABLE,synthetic planned availability window,HIGH,FALSE,TRUE
AV03895,SEC_LON_TAL,04-03-2026,18.03,19.41,RESTRICTED,synthetic planned availability window,LOW,TRUE,TRUE
AV03896,SEC_KAR_KHA,05-02-2026,21.38,23.03,UNAVAILABLE,synthetic planned availability window,HIGH,TRUE,TRUE
AV03897,SEC_MUM_DAD,20-02-2026,17.42,20.02,UNAVAILABLE,synthetic planned availability window,LOW,FALSE,TRUE
AV03898,SEC_KAL_KAR,26-02-2026,1.08,3.06,AVAILABLE,synthetic planned availability window,LOW,FALSE,TRUE
AV03899,SEC_MUM_DAD,14-02-2026,9.52,12.19,UNAVAILABLE,synthetic planned availability window,HIGH,TRUE,TRUE
AV03900,SEC_THA_KAL,25-03-2026,17.48,20.05,AVAILABLE,synthetic planned availability window,HIGH,TRUE,TRUE
AV03901,SEC_LON_TAL,16-02-2026,4.30,5.33,RESTRICTED,synthetic planned availability window,MEDIUM,FALSE,TRUE
AV03902,SEC_TAL_CHI,18-02-2026,14.42,16.55,AVAILABLE,synthetic planned availability window,MEDIUM,FALSE,TRUE
AV03903,SEC_KHA_LON,28-01-2026,14.17,16.19,AVAILABLE,synthetic planned availability window,MEDIUM,TRUE,TRUE
AV03904,SEC_KAR_KHA,27-01-2026,17.59,20.45,RESTRICTED,synthetic planned availability window,MEDIUM,TRUE,TRUE
AV03905,SEC_CHI_SHI,30-03-2026,6.20,9.16,RESTRICTED,synthetic planned availability window,HIGH,TRUE,TRUE
AV03906,SEC_THA_KAL,02-01-2026,8.37,11.35,UNAVAILABLE,synthetic planned availability window,MEDIUM,FALSE,TRUE
AV03907,SEC_KAL_KAR,06-03-2026,9.01,10.20,AVAILABLE,synthetic planned availability window,MEDIUM,FALSE,TRUE
AV03908,SEC_KAR_KHA,13-01-2026,9.35,10.38,UNAVAILABLE,synthetic planned availability window,MEDIUM,TRUE,TRUE
AV03909,SEC_KAR_KHA,19-02-2026,9.17,12.01,AVAILABLE,synthetic planned availability window,MEDIUM,TRUE,TRUE
AV03910,SEC_TAL_CHI,20-02-2026,19.09,20.56,RESTRICTED,synthetic planned availability window,LOW,TRUE,TRUE
AV03911,SEC_KAL_KAR,18-02-2026,18.50,21.49,RESTRICTED,synthetic planned availability window,LOW,TRUE,TRUE
AV03912,SEC_TAL_CHI,23-01-2026,16.28,19.19,UNAVAILABLE,synthetic planned availability window,MEDIUM,FALSE,TRUE
AV03913,SEC_CHI_SHI,24-01-2026,14.28,16.36,AVAILABLE,synthetic planned availability window,HIGH,FALSE,TRUE
AV03914,SEC_THA_KAL,08-03-2026,8.53,10.48,RESTRICTED,synthetic planned availability window,HIGH,TRUE,TRUE
AV03915,SEC_TAL_CHI,11-01-2026,14.37,17.27,AVAILABLE,synthetic planned availability window,MEDIUM,TRUE,TRUE
AV03916,SEC_CHI_SHI,06-03-2026,16.06,18.27,AVAILABLE,synthetic planned availability window,MEDIUM,TRUE,TRUE
AV03917,SEC_KAR_KHA,25-02-2026,17.59,20.12,UNAVAILABLE,synthetic planned availability window,HIGH,FALSE,TRUE
AV03918,SEC_LON_TAL,28-02-2026,10.55,13.06,AVAILABLE,synthetic planned availability window,LOW,FALSE,TRUE
AV03919,SEC_TAL_CHI,14-02-2026,17.35,19.03,UNAVAILABLE,synthetic planned availability window,LOW,TRUE,TRUE
AV03920,SEC_KHA_LON,24-02-2026,12.15,13.27,RESTRICTED,synthetic planned availability window,MEDIUM,TRUE,TRUE
AV03921,SEC_DAD_THA,02-01-2026,8.34,10.40,UNAVAILABLE,synthetic planned availability window,LOW,TRUE,TRUE
AV03922,SEC_MUM_DAD,23-02-2026,2.12,3.49,RESTRICTED,synthetic planned availability window,LOW,TRUE,TRUE
AV03923,SEC_SHI_PUN,22-03-2026,13.32,15.09,RESTRICTED,synthetic planned availability window,MEDIUM,TRUE,TRUE
AV03924,SEC_KHA_LON,14-02-2026,19.11,21.07,AVAILABLE,synthetic planned availability window,MEDIUM,TRUE,TRUE
AV03925,SEC_DAD_THA,27-03-2026,8.59,11.23,UNAVAILABLE,synthetic planned availability window,LOW,FALSE,TRUE
AV03926,SEC_DAD_THA,01-01-2026,7.50,10.48,RESTRICTED,synthetic planned availability window,HIGH,TRUE,TRUE
AV03927,SEC_MUM_DAD,11-02-2026,10.47,13.07,AVAILABLE,synthetic planned availability window,HIGH,TRUE,TRUE
AV03928,SEC_DAD_THA,11-03-2026,13.52,16.07,AVAILABLE,synthetic planned availability window,HIGH,TRUE,TRUE
AV03929,SEC_TAL_CHI,22-01-2026,15.34,18.12,UNAVAILABLE,synthetic planned availability window,HIGH,TRUE,TRUE
AV03930,SEC_THA_KAL,16-02-2026,17.35,19.39,AVAILABLE,synthetic planned availability window,MEDIUM,TRUE,TRUE
AV03931,SEC_THA_KAL,19-01-2026,10.38,12.18,RESTRICTED,synthetic planned availability window,LOW,FALSE,TRUE
AV03932,SEC_KAR_KHA,11-01-2026,12.24,14.42,RESTRICTED,synthetic planned availability window,HIGH,TRUE,TRUE
AV03933,SEC_LON_TAL,20-02-2026,9.22,10.43,RESTRICTED,synthetic planned availability window,LOW,TRUE,TRUE
AV03934,SEC_LON_TAL,01-01-2026,19.16,21.04,UNAVAILABLE,synthetic planned availability window,MEDIUM,TRUE,TRUE
AV03935,SEC_KHA_LON,28-02-2026,3.18,5.37,AVAILABLE,synthetic planned availability window,HIGH,TRUE,TRUE
AV03936,SEC_DAD_THA,31-01-2026,0.47,2.56,RESTRICTED,synthetic planned availability window,MEDIUM,FALSE,TRUE
AV03937,SEC_DAD_THA,25-01-2026,7.14,9.33,RESTRICTED,synthetic planned availability window,HIGH,FALSE,TRUE
AV03938,SEC_THA_KAL,10-01-2026,21.34,23.02,RESTRICTED,synthetic planned availability window,LOW,TRUE,TRUE
AV03939,SEC_MUM_DAD,25-02-2026,21.45,23.59,UNAVAILABLE,synthetic planned availability window,LOW,FALSE,TRUE
AV03940,SEC_MUM_DAD,18-02-2026,18.24,21.08,AVAILABLE,synthetic planned availability window,MEDIUM,FALSE,TRUE
AV03941,SEC_TAL_CHI,03-03-2026,12.42,14.23,RESTRICTED,synthetic planned availability window,LOW,TRUE,TRUE
AV03942,SEC_KAR_KHA,03-02-2026,8.53,10.00,AVAILABLE,synthetic planned availability window,LOW,TRUE,TRUE
AV03943,SEC_KAL_KAR,01-03-2026,1.51,3.22,UNAVAILABLE,synthetic planned availability window,LOW,FALSE,TRUE
AV03944,SEC_TAL_CHI,21-03-2026,12.12,13.38,AVAILABLE,synthetic planned availability window,LOW,FALSE,TRUE
AV03945,SEC_KAL_KAR,11-02-2026,9.00,11.38,RESTRICTED,synthetic planned availability window,HIGH,TRUE,TRUE
AV03946,SEC_KAL_KAR,02-02-2026,16.33,18.09,AVAILABLE,synthetic planned availability window,LOW,TRUE,TRUE
AV03947,SEC_KAL_KAR,15-03-2026,20.09,22.14,UNAVAILABLE,synthetic planned availability window,LOW,FALSE,TRUE
AV03948,SEC_MUM_DAD,11-01-2026,21.18,23.27,UNAVAILABLE,synthetic planned availability window,MEDIUM,FALSE,TRUE
AV03949,SEC_KHA_LON,23-01-2026,16.47,17.50,RESTRICTED,synthetic planned availability window,LOW,TRUE,TRUE
AV03950,SEC_KHA_LON,30-01-2026,2.47,5.37,AVAILABLE,synthetic planned availability window,HIGH,TRUE,TRUE
AV03951,SEC_KAL_KAR,07-03-2026,5.39,7.12,AVAILABLE,synthetic planned availability window,MEDIUM,TRUE,TRUE
AV03952,SEC_KAR_KHA,18-02-2026,0.00,1.21,UNAVAILABLE,synthetic planned availability window,MEDIUM,TRUE,TRUE
AV03953,SEC_THA_KAL,21-01-2026,6.39,8.10,RESTRICTED,synthetic planned availability window,HIGH,TRUE,TRUE
AV03954,SEC_DAD_THA,31-01-2026,2.43,5.15,AVAILABLE,synthetic planned availability window,LOW,TRUE,TRUE
AV03955,SEC_LON_TAL,30-01-2026,4.56,6.24,RESTRICTED,synthetic planned availability window,LOW,TRUE,TRUE
AV03956,SEC_KAL_KAR,16-02-2026,13.07,15.17,RESTRICTED,synthetic planned availability window,MEDIUM,FALSE,TRUE
AV03957,SEC_KAR_KHA,25-02-2026,14.06,16.24,UNAVAILABLE,synthetic planned availability window,MEDIUM,TRUE,TRUE
AV03958,SEC_SHI_PUN,29-03-2026,2.39,5.24,UNAVAILABLE,synthetic planned availability window,MEDIUM,FALSE,TRUE
AV03959,SEC_THA_KAL,03-01-2026,17.03,18.23,AVAILABLE,synthetic planned availability window,MEDIUM,FALSE,TRUE
AV03960,SEC_MUM_DAD,19-01-2026,15.02,16.27,AVAILABLE,synthetic planned availability window,MEDIUM,TRUE,TRUE
AV03961,SEC_KAL_KAR,21-03-2026,13.09,15.43,AVAILABLE,synthetic planned availability window,MEDIUM,TRUE,TRUE
AV03962,SEC_KHA_LON,12-03-2026,20.29,22.45,RESTRICTED,synthetic planned availability window,LOW,FALSE,TRUE
AV03963,SEC_LON_TAL,12-02-2026,16.06,18.51,RESTRICTED,synthetic planned availability window,LOW,TRUE,TRUE
AV03964,SEC_CHI_SHI,04-03-2026,5.10,7.07,AVAILABLE,synthetic planned availability window,HIGH,FALSE,TRUE
AV03965,SEC_THA_KAL,03-02-2026,16.39,19.11,UNAVAILABLE,synthetic planned availability window,LOW,TRUE,TRUE
AV03966,SEC_KAL_KAR,01-01-2026,6.45,9.12,AVAILABLE,synthetic planned availability window,HIGH,TRUE,TRUE
AV03967,SEC_LON_TAL,02-03-2026,8.37,10.53,RESTRICTED,synthetic planned availability window,MEDIUM,TRUE,TRUE
AV03968,SEC_KHA_LON,01-03-2026,18.15,19.17,RESTRICTED,synthetic planned availability window,HIGH,FALSE,TRUE
AV03969,SEC_CHI_SHI,06-01-2026,14.16,15.41,UNAVAILABLE,synthetic planned availability window,MEDIUM,FALSE,TRUE
AV03970,SEC_LON_TAL,03-02-2026,16.42,19.35,RESTRICTED,synthetic planned availability window,HIGH,TRUE,TRUE
AV03971,SEC_THA_KAL,11-03-2026,4.42,7.07,RESTRICTED,synthetic planned availability window,MEDIUM,FALSE,TRUE
AV03972,SEC_KAR_KHA,24-01-2026,6.54,9.31,AVAILABLE,synthetic planned availability window,LOW,TRUE,TRUE
AV03973,SEC_LON_TAL,06-02-2026,1.41,3.39,RESTRICTED,synthetic planned availability window,HIGH,TRUE,TRUE
AV03974,SEC_LON_TAL,15-02-2026,18.34,20.17,UNAVAILABLE,synthetic planned availability window,LOW,TRUE,TRUE
AV03975,SEC_CHI_SHI,29-03-2026,13.40,16.06,UNAVAILABLE,synthetic planned availability window,HIGH,TRUE,TRUE
AV03976,SEC_KHA_LON,13-01-2026,8.57,10.05,RESTRICTED,synthetic planned availability window,MEDIUM,TRUE,TRUE
AV03977,SEC_SHI_PUN,26-02-2026,18.10,19.10,UNAVAILABLE,synthetic planned availability window,MEDIUM,FALSE,TRUE
AV03978,SEC_SHI_PUN,11-01-2026,9.48,10.52,UNAVAILABLE,synthetic planned availability window,LOW,TRUE,TRUE
AV03979,SEC_SHI_PUN,09-02-2026,10.07,11.22,UNAVAILABLE,synthetic planned availability window,MEDIUM,TRUE,TRUE
AV03980,SEC_KHA_LON,09-01-2026,8.54,11.47,UNAVAILABLE,synthetic planned availability window,MEDIUM,TRUE,TRUE
AV03981,SEC_LON_TAL,25-03-2026,11.09,13.20,RESTRICTED,synthetic planned availability window,LOW,TRUE,TRUE
AV03982,SEC_SHI_PUN,04-02-2026,4.09,6.47,UNAVAILABLE,synthetic planned availability window,HIGH,TRUE,TRUE
AV03983,SEC_CHI_SHI,13-03-2026,21.54,23.27,UNAVAILABLE,synthetic planned availability window,LOW,TRUE,TRUE
AV03984,SEC_CHI_SHI,30-03-2026,14.54,16.58,AVAILABLE,synthetic planned availability window,HIGH,TRUE,TRUE
AV03985,SEC_KAR_KHA,31-01-2026,17.36,19.06,UNAVAILABLE,synthetic planned availability window,HIGH,TRUE,TRUE
AV03986,SEC_THA_KAL,14-02-2026,0.21,2.12,RESTRICTED,synthetic planned availability window,LOW,FALSE,TRUE
AV03987,SEC_TAL_CHI,05-03-2026,14.19,17.16,RESTRICTED,synthetic planned availability window,HIGH,FALSE,TRUE
AV03988,SEC_KAR_KHA,02-02-2026,14.43,16.50,AVAILABLE,synthetic planned availability window,HIGH,TRUE,TRUE
AV03989,SEC_KAR_KHA,17-02-2026,4.59,6.02,RESTRICTED,synthetic planned availability window,MEDIUM,FALSE,TRUE
AV03990,SEC_LON_TAL,06-01-2026,2.08,3.16,UNAVAILABLE,synthetic planned availability window,HIGH,TRUE,TRUE
AV03991,SEC_KHA_LON,11-03-2026,13.48,15.51,UNAVAILABLE,synthetic planned availability window,LOW,TRUE,TRUE
AV03992,SEC_KHA_LON,22-02-2026,15.25,16.49,AVAILABLE,synthetic planned availability window,MEDIUM,TRUE,TRUE
AV03993,SEC_TAL_CHI,10-01-2026,21.56,23.14,AVAILABLE,synthetic planned availability window,LOW,TRUE,TRUE
AV03994,SEC_TAL_CHI,30-01-2026,13.41,16.19,AVAILABLE,synthetic planned availability window,LOW,TRUE,TRUE
AV03995,SEC_THA_KAL,21-02-2026,0.43,3.26,RESTRICTED,synthetic planned availability window,MEDIUM,TRUE,TRUE
AV03996,SEC_LON_TAL,28-02-2026,7.48,10.38,RESTRICTED,synthetic planned availability window,MEDIUM,TRUE,TRUE
AV03997,SEC_KAL_KAR,28-02-2026,13.49,16.28,AVAILABLE,synthetic planned availability window,LOW,FALSE,TRUE
AV03998,SEC_SHI_PUN,30-03-2026,3.06,5.14,RESTRICTED,synthetic planned availability window,LOW,TRUE,TRUE
AV03999,SEC_TAL_CHI,16-03-2026,3.45,5.14,RESTRICTED,synthetic planned availability window,MEDIUM,FALSE,TRUE
AV04000,SEC_DAD_THA,23-03-2026,9.47,12.34,RESTRICTED,synthetic planned availability window,HIGH,TRUE,TRUE
AV04001,SEC_TAL_CHI,13-02-2026,10.50,13.17,RESTRICTED,synthetic planned availability window,MEDIUM,FALSE,TRUE
AV04002,SEC_MUM_DAD,15-03-2026,21.52,23.43,RESTRICTED,synthetic planned availability window,HIGH,TRUE,TRUE
AV04003,SEC_MUM_DAD,21-03-2026,10.41,12.15,AVAILABLE,synthetic planned availability window,LOW,TRUE,TRUE
AV04004,SEC_KAR_KHA,06-01-2026,4.21,6.21,UNAVAILABLE,synthetic planned availability window,HIGH,TRUE,TRUE
AV04005,SEC_MUM_DAD,07-03-2026,11.59,13.10,AVAILABLE,synthetic planned availability window,MEDIUM,TRUE,TRUE
AV04006,SEC_KAR_KHA,09-01-2026,18.37,21.02,RESTRICTED,synthetic planned availability window,HIGH,TRUE,TRUE
AV04007,SEC_SHI_PUN,05-02-2026,4.37,5.41,RESTRICTED,synthetic planned availability window,HIGH,TRUE,TRUE
AV04008,SEC_LON_TAL,09-01-2026,6.54,8.35,RESTRICTED,synthetic planned availability window,MEDIUM,TRUE,TRUE
AV04009,SEC_KHA_LON,01-02-2026,5.54,7.59,AVAILABLE,synthetic planned availability window,MEDIUM,TRUE,TRUE
AV04010,SEC_THA_KAL,26-02-2026,19.03,20.58,RESTRICTED,synthetic planned availability window,HIGH,TRUE,TRUE
AV04011,SEC_CHI_SHI,19-02-2026,21.52,23.59,AVAILABLE,synthetic planned availability window,LOW,TRUE,TRUE
AV04012,SEC_KAL_KAR,24-03-2026,5.12,6.30,AVAILABLE,synthetic planned availability window,LOW,TRUE,TRUE
AV04013,SEC_SHI_PUN,04-03-2026,20.43,23.35,UNAVAILABLE,synthetic planned availability window,LOW,FALSE,TRUE
AV04014,SEC_MUM_DAD,13-03-2026,21.20,22.23,AVAILABLE,synthetic planned availability window,MEDIUM,TRUE,TRUE
AV04015,SEC_KHA_LON,03-03-2026,20.53,21.54,AVAILABLE,synthetic planned availability window,LOW,TRUE,TRUE
AV04016,SEC_KAL_KAR,17-02-2026,19.29,20.34,UNAVAILABLE,synthetic planned availability window,LOW,FALSE,TRUE
AV04017,SEC_KAR_KHA,07-01-2026,6.08,7.44,UNAVAILABLE,synthetic planned availability window,LOW,FALSE,TRUE
AV04018,SEC_THA_KAL,21-01-2026,3.31,6.02,UNAVAILABLE,synthetic planned availability window,LOW,TRUE,TRUE
AV04019,SEC_KAL_KAR,19-03-2026,8.25,10.36,UNAVAILABLE,synthetic planned availability window,MEDIUM,FALSE,TRUE
AV04020,SEC_KAR_KHA,27-02-2026,1.05,2.42,AVAILABLE,synthetic planned availability window,LOW,TRUE,TRUE
AV04021,SEC_KAL_KAR,11-02-2026,17.40,19.00,UNAVAILABLE,synthetic planned availability window,LOW,TRUE,TRUE
AV04022,SEC_KHA_LON,17-02-2026,19.25,22.15,RESTRICTED,synthetic planned availability window,LOW,TRUE,TRUE
AV04023,SEC_KHA_LON,04-01-2026,8.57,11.13,RESTRICTED,synthetic planned availability window,LOW,TRUE,TRUE
AV04024,SEC_KHA_LON,13-03-2026,12.04,13.28,UNAVAILABLE,synthetic planned availability window,LOW,TRUE,TRUE
AV04025,SEC_THA_KAL,09-03-2026,8.16,10.03,AVAILABLE,synthetic planned availability window,HIGH,TRUE,TRUE
AV04026,SEC_DAD_THA,05-03-2026,7.58,9.11,RESTRICTED,synthetic planned availability window,LOW,FALSE,TRUE
AV04027,SEC_SHI_PUN,27-02-2026,18.25,19.26,AVAILABLE,synthetic planned availability window,MEDIUM,TRUE,TRUE
AV04028,SEC_DAD_THA,25-03-2026,16.29,19.13,RESTRICTED,synthetic planned availability window,HIGH,TRUE,TRUE
AV04029,SEC_MUM_DAD,11-01-2026,19.31,21.46,AVAILABLE,synthetic planned availability window,LOW,FALSE,TRUE
AV04030,SEC_MUM_DAD,09-02-2026,0.57,3.48,AVAILABLE,synthetic planned availability window,HIGH,TRUE,TRUE
AV04031,SEC_THA_KAL,01-02-2026,18.34,20.25,UNAVAILABLE,synthetic planned availability window,LOW,FALSE,TRUE
AV04032,SEC_CHI_SHI,14-01-2026,10.13,11.53,UNAVAILABLE,synthetic planned availability window,MEDIUM,FALSE,TRUE
AV04033,SEC_KAL_KAR,28-02-2026,20.12,22.43,UNAVAILABLE,synthetic planned availability window,MEDIUM,TRUE,TRUE
AV04034,SEC_MUM_DAD,01-01-2026,18.36,20.06,UNAVAILABLE,synthetic planned availability window,HIGH,FALSE,TRUE
AV04035,SEC_SHI_PUN,27-03-2026,4.21,5.38,UNAVAILABLE,synthetic planned availability window,LOW,TRUE,TRUE
AV04036,SEC_DAD_THA,19-02-2026,7.42,8.54,UNAVAILABLE,synthetic planned availability window,LOW,TRUE,TRUE
AV04037,SEC_KHA_LON,28-01-2026,8.57,11.32,UNAVAILABLE,synthetic planned availability window,MEDIUM,FALSE,TRUE
AV04038,SEC_DAD_THA,05-02-2026,17.55,19.20,AVAILABLE,synthetic planned availability window,MEDIUM,FALSE,TRUE
AV04039,SEC_KHA_LON,03-02-2026,5.28,7.53,RESTRICTED,synthetic planned availability window,HIGH,TRUE,TRUE
AV04040,SEC_KAL_KAR,02-02-2026,13.41,14.53,RESTRICTED,synthetic planned availability window,MEDIUM,TRUE,TRUE
AV04041,SEC_LON_TAL,05-03-2026,3.50,6.38,AVAILABLE,synthetic planned availability window,MEDIUM,TRUE,TRUE
AV04042,SEC_SHI_PUN,12-03-2026,15.25,16.40,UNAVAILABLE,synthetic planned availability window,HIGH,FALSE,TRUE
AV04043,SEC_THA_KAL,09-02-2026,10.25,13.08,UNAVAILABLE,synthetic planned availability window,MEDIUM,TRUE,TRUE
AV04044,SEC_THA_KAL,04-02-2026,20.40,23.26,RESTRICTED,synthetic planned availability window,HIGH,TRUE,TRUE
AV04045,SEC_MUM_DAD,29-03-2026,20.25,21.53,RESTRICTED,synthetic planned availability window,HIGH,TRUE,TRUE
AV04046,SEC_LON_TAL,23-01-2026,2.40,4.57,AVAILABLE,synthetic planned availability window,LOW,TRUE,TRUE
AV04047,SEC_KHA_LON,07-01-2026,7.57,10.17,UNAVAILABLE,synthetic planned availability window,LOW,TRUE,TRUE
AV04048,SEC_TAL_CHI,14-01-2026,13.11,16.03,RESTRICTED,synthetic planned availability window,MEDIUM,TRUE,TRUE
AV04049,SEC_KHA_LON,15-01-2026,3.54,5.26,RESTRICTED,synthetic planned availability window,HIGH,TRUE,TRUE
AV04050,SEC_KAR_KHA,08-01-2026,21.58,23.59,AVAILABLE,synthetic planned availability window,HIGH,TRUE,TRUE
AV04051,SEC_TAL_CHI,06-03-2026,15.25,16.43,AVAILABLE,synthetic planned availability window,LOW,TRUE,TRUE
AV04052,SEC_TAL_CHI,04-01-2026,1.37,3.18,UNAVAILABLE,synthetic planned availability window,HIGH,FALSE,TRUE
AV04053,SEC_CHI_SHI,27-01-2026,11.26,13.12,AVAILABLE,synthetic planned availability window,MEDIUM,TRUE,TRUE
AV04054,SEC_DAD_THA,23-02-2026,21.48,22.58,AVAILABLE,synthetic planned availability window,LOW,TRUE,TRUE
AV04055,SEC_CHI_SHI,08-02-2026,2.02,3.03,RESTRICTED,synthetic planned availability window,LOW,TRUE,TRUE
AV04056,SEC_TAL_CHI,16-02-2026,12.06,13.23,AVAILABLE,synthetic planned availability window,MEDIUM,TRUE,TRUE
AV04057,SEC_LON_TAL,26-01-2026,0.26,3.13,RESTRICTED,synthetic planned availability window,LOW,FALSE,TRUE
AV04058,SEC_KAR_KHA,11-02-2026,6.31,8.23,AVAILABLE,synthetic planned availability window,MEDIUM,TRUE,TRUE
AV04059,SEC_CHI_SHI,12-01-2026,11.38,13.11,UNAVAILABLE,synthetic planned availability window,LOW,TRUE,TRUE
AV04060,SEC_SHI_PUN,08-02-2026,6.26,8.54,RESTRICTED,synthetic planned availability window,MEDIUM,TRUE,TRUE
AV04061,SEC_MUM_DAD,08-01-2026,13.36,15.04,UNAVAILABLE,synthetic planned availability window,LOW,FALSE,TRUE
AV04062,SEC_LON_TAL,21-01-2026,18.01,19.24,AVAILABLE,synthetic planned availability window,LOW,TRUE,TRUE
AV04063,SEC_MUM_DAD,28-02-2026,21.42,23.01,RESTRICTED,synthetic planned availability window,MEDIUM,FALSE,TRUE
AV04064,SEC_DAD_THA,15-02-2026,19.20,20.42,UNAVAILABLE,synthetic planned availability window,MEDIUM,FALSE,TRUE
AV04065,SEC_KAL_KAR,01-02-2026,13.16,14.26,RESTRICTED,synthetic planned availability window,LOW,FALSE,TRUE
AV04066,SEC_SHI_PUN,03-02-2026,10.44,13.25,UNAVAILABLE,synthetic planned availability window,LOW,TRUE,TRUE
AV04067,SEC_LON_TAL,22-01-2026,18.37,21.12,AVAILABLE,synthetic planned availability window,MEDIUM,TRUE,TRUE
AV04068,SEC_THA_KAL,24-03-2026,13.08,14.42,RESTRICTED,synthetic planned availability window,LOW,FALSE,TRUE
AV04069,SEC_KAL_KAR,20-02-2026,12.28,13.53,UNAVAILABLE,synthetic planned availability window,MEDIUM,FALSE,TRUE
AV04070,SEC_MUM_DAD,25-03-2026,10.42,12.50,AVAILABLE,synthetic planned availability window,LOW,FALSE,TRUE
AV04071,SEC_KAR_KHA,27-02-2026,3.34,5.09,RESTRICTED,synthetic planned availability window,HIGH,TRUE,TRUE
AV04072,SEC_KAL_KAR,15-03-2026,11.10,14.07,UNAVAILABLE,synthetic planned availability window,MEDIUM,TRUE,TRUE
AV04073,SEC_MUM_DAD,18-01-2026,13.05,15.01,UNAVAILABLE,synthetic planned availability window,HIGH,TRUE,TRUE
AV04074,SEC_MUM_DAD,17-02-2026,4.16,5.16,UNAVAILABLE,synthetic planned availability window,MEDIUM,FALSE,TRUE
AV04075,SEC_SHI_PUN,13-02-2026,16.18,18.40,RESTRICTED,synthetic planned availability window,MEDIUM,FALSE,TRUE
AV04076,SEC_KAR_KHA,18-02-2026,19.23,21.37,UNAVAILABLE,synthetic planned availability window,MEDIUM,TRUE,TRUE
AV04077,SEC_KAR_KHA,31-03-2026,20.09,21.16,AVAILABLE,synthetic planned availability window,HIGH,TRUE,TRUE
AV04078,SEC_TAL_CHI,31-01-2026,20.41,22.36,AVAILABLE,synthetic planned availability window,MEDIUM,TRUE,TRUE
AV04079,SEC_KAR_KHA,21-03-2026,10.48,12.15,UNAVAILABLE,synthetic planned availability window,HIGH,TRUE,TRUE
AV04080,SEC_MUM_DAD,20-01-2026,12.43,15.19,AVAILABLE,synthetic planned availability window,HIGH,TRUE,TRUE
AV04081,SEC_DAD_THA,10-02-2026,18.06,20.56,UNAVAILABLE,synthetic planned availability window,HIGH,TRUE,TRUE
AV04082,SEC_SHI_PUN,20-03-2026,0.56,2.17,UNAVAILABLE,synthetic planned availability window,MEDIUM,TRUE,TRUE
AV04083,SEC_CHI_SHI,30-01-2026,18.15,19.17,RESTRICTED,synthetic planned availability window,MEDIUM,FALSE,TRUE
AV04084,SEC_MUM_DAD,27-01-2026,19.37,21.13,AVAILABLE,synthetic planned availability window,LOW,FALSE,TRUE
AV04085,SEC_SHI_PUN,10-01-2026,5.17,7.56,RESTRICTED,synthetic planned availability window,HIGH,TRUE,TRUE
AV04086,SEC_MUM_DAD,28-01-2026,3.04,5.35,UNAVAILABLE,synthetic planned availability window,LOW,TRUE,TRUE
AV04087,SEC_KAR_KHA,08-02-2026,9.17,11.16,AVAILABLE,synthetic planned availability window,MEDIUM,TRUE,TRUE
AV04088,SEC_MUM_DAD,10-03-2026,14.41,17.24,UNAVAILABLE,synthetic planned availability window,HIGH,FALSE,TRUE
AV04089,SEC_MUM_DAD,10-03-2026,6.01,7.38,AVAILABLE,synthetic planned availability window,HIGH,TRUE,TRUE
AV04090,SEC_KAR_KHA,20-01-2026,20.34,21.45,RESTRICTED,synthetic planned availability window,HIGH,FALSE,TRUE
AV04091,SEC_MUM_DAD,17-01-2026,7.38,9.17,AVAILABLE,synthetic planned availability window,HIGH,TRUE,TRUE
AV04092,SEC_DAD_THA,06-01-2026,20.18,21.57,UNAVAILABLE,synthetic planned availability window,HIGH,FALSE,TRUE
AV04093,SEC_KAL_KAR,16-02-2026,14.00,16.45,RESTRICTED,synthetic planned availability window,LOW,FALSE,TRUE
AV04094,SEC_KHA_LON,19-01-2026,10.59,12.26,UNAVAILABLE,synthetic planned availability window,HIGH,TRUE,TRUE
AV04095,SEC_THA_KAL,11-03-2026,0.53,2.29,RESTRICTED,synthetic planned availability window,MEDIUM,TRUE,TRUE
AV04096,SEC_CHI_SHI,25-02-2026,5.07,6.21,RESTRICTED,synthetic planned availability window,HIGH,FALSE,TRUE
AV04097,SEC_DAD_THA,24-01-2026,3.49,6.38,AVAILABLE,synthetic planned availability window,MEDIUM,FALSE,TRUE
AV04098,SEC_DAD_THA,31-01-2026,11.33,14.11,RESTRICTED,synthetic planned availability window,LOW,TRUE,TRUE
AV04099,SEC_KAR_KHA,12-02-2026,12.16,13.17,AVAILABLE,synthetic planned availability window,MEDIUM,TRUE,TRUE
AV04100,SEC_LON_TAL,17-01-2026,16.37,18.42,AVAILABLE,synthetic planned availability window,HIGH,FALSE,TRUE
AV04101,SEC_KHA_LON,07-03-2026,20.21,22.18,UNAVAILABLE,synthetic planned availability window,LOW,TRUE,TRUE
AV04102,SEC_CHI_SHI,31-03-2026,18.12,21.11,UNAVAILABLE,synthetic planned availability window,LOW,TRUE,TRUE
AV04103,SEC_KHA_LON,27-02-2026,17.47,19.42,UNAVAILABLE,synthetic planned availability window,MEDIUM,FALSE,TRUE
AV04104,SEC_KAL_KAR,06-01-2026,15.49,18.14,UNAVAILABLE,synthetic planned availability window,HIGH,FALSE,TRUE
AV04105,SEC_KAL_KAR,28-03-2026,2.40,4.54,RESTRICTED,synthetic planned availability window,LOW,TRUE,TRUE
AV04106,SEC_MUM_DAD,05-01-2026,20.46,22.35,RESTRICTED,synthetic planned availability window,HIGH,TRUE,TRUE
AV04107,SEC_DAD_THA,25-01-2026,16.39,18.56,RESTRICTED,synthetic planned availability window,MEDIUM,TRUE,TRUE
AV04108,SEC_MUM_DAD,01-02-2026,11.43,13.09,AVAILABLE,synthetic planned availability window,LOW,FALSE,TRUE
AV04109,SEC_CHI_SHI,30-01-2026,5.49,7.18,RESTRICTED,synthetic planned availability window,LOW,FALSE,TRUE
AV04110,SEC_DAD_THA,12-01-2026,1.28,3.07,AVAILABLE,synthetic planned availability window,LOW,TRUE,TRUE
AV04111,SEC_THA_KAL,03-02-2026,15.04,16.11,AVAILABLE,synthetic planned availability window,MEDIUM,TRUE,TRUE
AV04112,SEC_KHA_LON,29-03-2026,7.02,8.55,AVAILABLE,synthetic planned availability window,MEDIUM,TRUE,TRUE
AV04113,SEC_KAR_KHA,30-03-2026,9.57,10.59,RESTRICTED,synthetic planned availability window,MEDIUM,TRUE,TRUE
AV04114,SEC_MUM_DAD,23-03-2026,14.28,16.40,AVAILABLE,synthetic planned availability window,LOW,TRUE,TRUE
AV04115,SEC_TAL_CHI,11-03-2026,21.55,23.59,RESTRICTED,synthetic planned availability window,HIGH,FALSE,TRUE
AV04116,SEC_KAR_KHA,22-01-2026,21.16,22.41,AVAILABLE,synthetic planned availability window,HIGH,TRUE,TRUE
AV04117,SEC_SHI_PUN,30-03-2026,16.17,17.27,RESTRICTED,synthetic planned availability window,LOW,TRUE,TRUE
AV04118,SEC_DAD_THA,06-03-2026,17.32,18.43,UNAVAILABLE,synthetic planned availability window,LOW,TRUE,TRUE
AV04119,SEC_CHI_SHI,16-02-2026,2.09,3.53,AVAILABLE,synthetic planned availability window,HIGH,FALSE,TRUE
AV04120,SEC_CHI_SHI,11-03-2026,3.23,5.39,RESTRICTED,synthetic planned availability window,HIGH,TRUE,TRUE
AV04121,SEC_KHA_LON,23-01-2026,17.46,18.46,RESTRICTED,synthetic planned availability window,HIGH,TRUE,TRUE
AV04122,SEC_SHI_PUN,16-02-2026,21.19,23.53,UNAVAILABLE,synthetic planned availability window,HIGH,TRUE,TRUE
AV04123,SEC_THA_KAL,17-02-2026,14.15,15.28,RESTRICTED,synthetic planned availability window,LOW,FALSE,TRUE
AV04124,SEC_THA_KAL,20-01-2026,1.44,3.10,AVAILABLE,synthetic planned availability window,MEDIUM,FALSE,TRUE
AV04125,SEC_SHI_PUN,01-01-2026,14.20,16.06,RESTRICTED,synthetic planned availability window,HIGH,TRUE,TRUE
AV04126,SEC_THA_KAL,15-02-2026,16.04,18.08,UNAVAILABLE,synthetic planned availability window,HIGH,TRUE,TRUE
AV04127,SEC_KAL_KAR,24-03-2026,0.26,2.51,RESTRICTED,synthetic planned availability window,LOW,TRUE,TRUE
AV04128,SEC_MUM_DAD,04-01-2026,17.12,18.16,AVAILABLE,synthetic planned availability window,LOW,TRUE,TRUE
AV04129,SEC_LON_TAL,19-02-2026,11.52,13.04,AVAILABLE,synthetic planned availability window,LOW,TRUE,TRUE
AV04130,SEC_DAD_THA,28-02-2026,18.27,20.53,RESTRICTED,synthetic planned availability window,HIGH,TRUE,TRUE
AV04131,SEC_CHI_SHI,13-02-2026,7.21,8.34,RESTRICTED,synthetic planned availability window,HIGH,TRUE,TRUE
AV04132,SEC_CHI_SHI,02-01-2026,20.11,22.49,UNAVAILABLE,synthetic planned availability window,HIGH,TRUE,TRUE
AV04133,SEC_MUM_DAD,21-02-2026,9.33,11.36,UNAVAILABLE,synthetic planned availability window,MEDIUM,TRUE,TRUE
AV04134,SEC_TAL_CHI,15-03-2026,15.29,16.57,AVAILABLE,synthetic planned availability window,LOW,FALSE,TRUE
AV04135,SEC_LON_TAL,03-01-2026,20.35,21.52,RESTRICTED,synthetic planned availability window,MEDIUM,FALSE,TRUE
AV04136,SEC_LON_TAL,08-03-2026,19.51,22.14,RESTRICTED,synthetic planned availability window,HIGH,FALSE,TRUE
AV04137,SEC_KAL_KAR,24-01-2026,15.21,18.03,RESTRICTED,synthetic planned availability window,LOW,TRUE,TRUE
AV04138,SEC_LON_TAL,17-02-2026,18.43,21.36,RESTRICTED,synthetic planned availability window,MEDIUM,TRUE,TRUE
AV04139,SEC_KAL_KAR,17-02-2026,4.52,7.31,AVAILABLE,synthetic planned availability window,LOW,TRUE,TRUE
AV04140,SEC_CHI_SHI,08-02-2026,15.16,16.52,RESTRICTED,synthetic planned availability window,HIGH,TRUE,TRUE
AV04141,SEC_KHA_LON,01-02-2026,1.54,3.13,RESTRICTED,synthetic planned availability window,LOW,TRUE,TRUE
AV04142,SEC_TAL_CHI,08-02-2026,12.57,15.37,UNAVAILABLE,synthetic planned availability window,HIGH,FALSE,TRUE
AV04143,SEC_TAL_CHI,05-02-2026,19.23,22.01,RESTRICTED,synthetic planned availability window,LOW,TRUE,TRUE
AV04144,SEC_THA_KAL,29-01-2026,11.46,14.37,RESTRICTED,synthetic planned availability window,LOW,FALSE,TRUE
AV04145,SEC_LON_TAL,03-03-2026,3.45,4.56,UNAVAILABLE,synthetic planned availability window,LOW,FALSE,TRUE
AV04146,SEC_MUM_DAD,08-03-2026,3.50,5.26,UNAVAILABLE,synthetic planned availability window,LOW,TRUE,TRUE
AV04147,SEC_CHI_SHI,29-03-2026,14.48,16.05,AVAILABLE,synthetic planned availability window,LOW,FALSE,TRUE
AV04148,SEC_KAR_KHA,15-01-2026,12.14,13.49,UNAVAILABLE,synthetic planned availability window,LOW,FALSE,TRUE
AV04149,SEC_THA_KAL,04-02-2026,9.26,11.24,UNAVAILABLE,synthetic planned availability window,LOW,TRUE,TRUE
AV04150,SEC_KHA_LON,22-01-2026,4.08,5.59,UNAVAILABLE,synthetic planned availability window,HIGH,TRUE,TRUE
AV04151,SEC_TAL_CHI,07-03-2026,17.43,19.11,UNAVAILABLE,synthetic planned availability window,HIGH,FALSE,TRUE
AV04152,SEC_MUM_DAD,25-03-2026,21.22,23.27,AVAILABLE,synthetic planned availability window,MEDIUM,TRUE,TRUE
AV04153,SEC_SHI_PUN,11-03-2026,5.17,6.42,UNAVAILABLE,synthetic planned availability window,MEDIUM,FALSE,TRUE
AV04154,SEC_LON_TAL,06-01-2026,15.15,16.23,AVAILABLE,synthetic planned availability window,MEDIUM,FALSE,TRUE
AV04155,SEC_CHI_SHI,21-01-2026,8.38,11.29,RESTRICTED,synthetic planned availability window,HIGH,FALSE,TRUE
AV04156,SEC_DAD_THA,11-02-2026,14.05,15.57,RESTRICTED,synthetic planned availability window,LOW,FALSE,TRUE
AV04157,SEC_KAL_KAR,28-03-2026,20.01,22.18,RESTRICTED,synthetic planned availability window,MEDIUM,FALSE,TRUE
AV04158,SEC_LON_TAL,07-01-2026,19.47,22.21,AVAILABLE,synthetic planned availability window,MEDIUM,TRUE,TRUE
AV04159,SEC_KAL_KAR,05-02-2026,0.24,2.56,RESTRICTED,synthetic planned availability window,HIGH,TRUE,TRUE
AV04160,SEC_TAL_CHI,01-03-2026,21.05,22.57,RESTRICTED,synthetic planned availability window,HIGH,TRUE,TRUE
AV04161,SEC_SHI_PUN,30-03-2026,2.10,4.14,AVAILABLE,synthetic planned availability window,LOW,FALSE,TRUE
AV04162,SEC_KAL_KAR,25-02-2026,6.38,8.47,AVAILABLE,synthetic planned availability window,LOW,FALSE,TRUE
AV04163,SEC_KAL_KAR,15-02-2026,2.21,4.44,UNAVAILABLE,synthetic planned availability window,HIGH,TRUE,TRUE
AV04164,SEC_THA_KAL,29-03-2026,7.25,8.42,UNAVAILABLE,synthetic planned availability window,HIGH,FALSE,TRUE
AV04165,SEC_KAR_KHA,16-01-2026,14.38,16.23,AVAILABLE,synthetic planned availability window,HIGH,TRUE,TRUE
AV04166,SEC_LON_TAL,22-01-2026,7.10,9.57,UNAVAILABLE,synthetic planned availability window,LOW,FALSE,TRUE
AV04167,SEC_MUM_DAD,14-03-2026,15.35,18.05,RESTRICTED,synthetic planned availability window,LOW,TRUE,TRUE
AV04168,SEC_LON_TAL,05-02-2026,15.59,18.24,RESTRICTED,synthetic planned availability window,MEDIUM,TRUE,TRUE
AV04169,SEC_LON_TAL,06-02-2026,10.05,12.25,UNAVAILABLE,synthetic planned availability window,MEDIUM,TRUE,TRUE
AV04170,SEC_THA_KAL,05-03-2026,0.44,3.09,AVAILABLE,synthetic planned availability window,HIGH,TRUE,TRUE
AV04171,SEC_SHI_PUN,31-01-2026,5.19,7.04,RESTRICTED,synthetic planned availability window,LOW,TRUE,TRUE
AV04172,SEC_DAD_THA,03-03-2026,4.55,6.06,UNAVAILABLE,synthetic planned availability window,MEDIUM,FALSE,TRUE
AV04173,SEC_LON_TAL,06-03-2026,21.05,23.59,UNAVAILABLE,synthetic planned availability window,HIGH,TRUE,TRUE
AV04174,SEC_CHI_SHI,04-01-2026,20.39,23.22,AVAILABLE,synthetic planned availability window,HIGH,TRUE,TRUE
AV04175,SEC_MUM_DAD,27-02-2026,16.50,19.07,RESTRICTED,synthetic planned availability window,LOW,TRUE,TRUE
AV04176,SEC_LON_TAL,30-03-2026,19.27,22.22,UNAVAILABLE,synthetic planned availability window,LOW,TRUE,TRUE
AV04177,SEC_DAD_THA,04-02-2026,4.08,6.54,UNAVAILABLE,synthetic planned availability window,LOW,TRUE,TRUE
AV04178,SEC_CHI_SHI,23-02-2026,6.33,8.54,RESTRICTED,synthetic planned availability window,HIGH,FALSE,TRUE
AV04179,SEC_LON_TAL,04-01-2026,3.22,5.35,AVAILABLE,synthetic planned availability window,MEDIUM,FALSE,TRUE
AV04180,SEC_MUM_DAD,13-01-2026,12.29,14.58,UNAVAILABLE,synthetic planned availability window,MEDIUM,TRUE,TRUE
AV04181,SEC_MUM_DAD,24-01-2026,20.28,22.41,AVAILABLE,synthetic planned availability window,MEDIUM,TRUE,TRUE
AV04182,SEC_MUM_DAD,30-03-2026,8.54,11.20,UNAVAILABLE,synthetic planned availability window,MEDIUM,TRUE,TRUE
AV04183,SEC_MUM_DAD,20-01-2026,10.30,11.40,AVAILABLE,synthetic planned availability window,HIGH,TRUE,TRUE
AV04184,SEC_SHI_PUN,14-01-2026,0.40,2.16,UNAVAILABLE,synthetic planned availability window,HIGH,TRUE,TRUE
AV04185,SEC_TAL_CHI,14-01-2026,16.12,17.50,UNAVAILABLE,synthetic planned availability window,HIGH,FALSE,TRUE
AV04186,SEC_CHI_SHI,16-02-2026,15.11,16.27,AVAILABLE,synthetic planned availability window,HIGH,TRUE,TRUE
AV04187,SEC_DAD_THA,14-02-2026,10.46,13.46,UNAVAILABLE,synthetic planned availability window,LOW,TRUE,TRUE
AV04188,SEC_KHA_LON,27-01-2026,12.15,14.50,UNAVAILABLE,synthetic planned availability window,MEDIUM,TRUE,TRUE
AV04189,SEC_DAD_THA,03-03-2026,8.44,11.41,UNAVAILABLE,synthetic planned availability window,LOW,FALSE,TRUE
AV04190,SEC_LON_TAL,18-03-2026,7.24,10.15,AVAILABLE,synthetic planned availability window,MEDIUM,TRUE,TRUE
AV04191,SEC_MUM_DAD,02-02-2026,11.38,14.22,AVAILABLE,synthetic planned availability window,LOW,FALSE,TRUE
AV04192,SEC_SHI_PUN,18-01-2026,15.41,18.07,AVAILABLE,synthetic planned availability window,MEDIUM,FALSE,TRUE
AV04193,SEC_DAD_THA,18-03-2026,11.51,13.09,AVAILABLE,synthetic planned availability window,MEDIUM,FALSE,TRUE
AV04194,SEC_KAL_KAR,08-02-2026,16.26,19.26,RESTRICTED,synthetic planned availability window,LOW,FALSE,TRUE
AV04195,SEC_MUM_DAD,06-01-2026,3.51,5.55,AVAILABLE,synthetic planned availability window,LOW,TRUE,TRUE
AV04196,SEC_TAL_CHI,16-03-2026,13.54,15.21,RESTRICTED,synthetic planned availability window,HIGH,FALSE,TRUE
AV04197,SEC_DAD_THA,12-03-2026,12.37,14.20,UNAVAILABLE,synthetic planned availability window,MEDIUM,FALSE,TRUE
AV04198,SEC_DAD_THA,01-02-2026,7.53,10.05,UNAVAILABLE,synthetic planned availability window,LOW,TRUE,TRUE
AV04199,SEC_KHA_LON,29-01-2026,17.43,20.01,RESTRICTED,synthetic planned availability window,HIGH,TRUE,TRUE
AV04200,SEC_CHI_SHI,29-03-2026,1.22,3.56,AVAILABLE,synthetic planned availability window,HIGH,FALSE,TRUE
AV04201,SEC_KHA_LON,17-01-2026,20.02,21.22,RESTRICTED,synthetic planned availability window,MEDIUM,FALSE,TRUE
AV04202,SEC_MUM_DAD,01-01-2026,8.32,10.43,RESTRICTED,synthetic planned availability window,LOW,FALSE,TRUE
AV04203,SEC_CHI_SHI,23-01-2026,17.54,20.21,UNAVAILABLE,synthetic planned availability window,HIGH,TRUE,TRUE
AV04204,SEC_LON_TAL,08-03-2026,16.35,18.37,AVAILABLE,synthetic planned availability window,LOW,TRUE,TRUE
AV04205,SEC_SHI_PUN,21-02-2026,13.49,15.11,RESTRICTED,synthetic planned availability window,MEDIUM,TRUE,TRUE
AV04206,SEC_KAL_KAR,18-01-2026,4.03,5.04,UNAVAILABLE,synthetic planned availability window,LOW,TRUE,TRUE
AV04207,SEC_THA_KAL,21-03-2026,10.28,12.43,UNAVAILABLE,synthetic planned availability window,HIGH,TRUE,TRUE
AV04208,SEC_SHI_PUN,12-03-2026,0.43,2.13,AVAILABLE,synthetic planned availability window,HIGH,TRUE,TRUE
AV04209,SEC_LON_TAL,12-01-2026,15.15,18.11,AVAILABLE,synthetic planned availability window,MEDIUM,TRUE,TRUE
AV04210,SEC_CHI_SHI,12-02-2026,3.03,5.21,RESTRICTED,synthetic planned availability window,LOW,TRUE,TRUE
AV04211,SEC_KHA_LON,03-03-2026,12.32,13.54,RESTRICTED,synthetic planned availability window,LOW,TRUE,TRUE
AV04212,SEC_LON_TAL,17-01-2026,13.23,15.09,RESTRICTED,synthetic planned availability window,LOW,TRUE,TRUE
AV04213,SEC_TAL_CHI,05-03-2026,2.45,3.45,RESTRICTED,synthetic planned availability window,HIGH,TRUE,TRUE
AV04214,SEC_THA_KAL,08-01-2026,0.41,2.54,AVAILABLE,synthetic planned availability window,MEDIUM,FALSE,TRUE
AV04215,SEC_DAD_THA,06-01-2026,21.31,23.49,UNAVAILABLE,synthetic planned availability window,LOW,TRUE,TRUE
AV04216,SEC_MUM_DAD,07-03-2026,11.45,13.06,RESTRICTED,synthetic planned availability window,MEDIUM,FALSE,TRUE
AV04217,SEC_MUM_DAD,28-02-2026,0.20,2.56,UNAVAILABLE,synthetic planned availability window,MEDIUM,FALSE,TRUE
AV04218,SEC_SHI_PUN,14-01-2026,10.42,13.04,UNAVAILABLE,synthetic planned availability window,LOW,TRUE,TRUE
AV04219,SEC_DAD_THA,07-02-2026,8.49,11.44,AVAILABLE,synthetic planned availability window,LOW,FALSE,TRUE
AV04220,SEC_THA_KAL,26-01-2026,6.22,8.07,RESTRICTED,synthetic planned availability window,HIGH,TRUE,TRUE
AV04221,SEC_THA_KAL,08-01-2026,10.05,12.49,AVAILABLE,synthetic planned availability window,HIGH,TRUE,TRUE
AV04222,SEC_KAL_KAR,18-02-2026,10.34,13.16,RESTRICTED,synthetic planned availability window,LOW,TRUE,TRUE
AV04223,SEC_THA_KAL,14-03-2026,4.04,6.05,RESTRICTED,synthetic planned availability window,HIGH,TRUE,TRUE
AV04224,SEC_LON_TAL,11-02-2026,21.26,22.50,RESTRICTED,synthetic planned availability window,LOW,FALSE,TRUE
AV04225,SEC_LON_TAL,20-02-2026,18.49,21.07,RESTRICTED,synthetic planned availability window,HIGH,TRUE,TRUE
AV04226,SEC_CHI_SHI,13-01-2026,2.13,4.48,UNAVAILABLE,synthetic planned availability window,HIGH,FALSE,TRUE
AV04227,SEC_MUM_DAD,11-01-2026,1.00,2.26,AVAILABLE,synthetic planned availability window,MEDIUM,TRUE,TRUE
AV04228,SEC_KAR_KHA,27-02-2026,17.25,19.30,AVAILABLE,synthetic planned availability window,MEDIUM,FALSE,TRUE
AV04229,SEC_SHI_PUN,20-02-2026,6.31,7.48,UNAVAILABLE,synthetic planned availability window,LOW,TRUE,TRUE
AV04230,SEC_KAL_KAR,16-03-2026,7.56,10.18,AVAILABLE,synthetic planned availability window,LOW,TRUE,TRUE
AV04231,SEC_THA_KAL,31-03-2026,11.02,12.13,UNAVAILABLE,synthetic planned availability window,LOW,TRUE,TRUE
AV04232,SEC_SHI_PUN,17-03-2026,3.49,4.55,UNAVAILABLE,synthetic planned availability window,LOW,FALSE,TRUE
AV04233,SEC_CHI_SHI,14-01-2026,5.33,8.10,AVAILABLE,synthetic planned availability window,HIGH,FALSE,TRUE
AV04234,SEC_KHA_LON,07-01-2026,9.49,12.26,UNAVAILABLE,synthetic planned availability window,MEDIUM,TRUE,TRUE
AV04235,SEC_THA_KAL,17-03-2026,6.04,8.58,RESTRICTED,synthetic planned availability window,HIGH,TRUE,TRUE
AV04236,SEC_KAL_KAR,06-01-2026,2.52,4.54,AVAILABLE,synthetic planned availability window,MEDIUM,FALSE,TRUE
AV04237,SEC_SHI_PUN,08-01-2026,17.53,19.31,AVAILABLE,synthetic planned availability window,LOW,TRUE,TRUE
AV04238,SEC_LON_TAL,18-03-2026,14.02,16.32,AVAILABLE,synthetic planned availability window,LOW,TRUE,TRUE
AV04239,SEC_KAR_KHA,31-03-2026,14.32,16.51,UNAVAILABLE,synthetic planned availability window,HIGH,TRUE,TRUE
AV04240,SEC_KHA_LON,25-02-2026,8.51,10.15,UNAVAILABLE,synthetic planned availability window,HIGH,TRUE,TRUE
AV04241,SEC_KHA_LON,27-01-2026,6.41,8.12,AVAILABLE,synthetic planned availability window,MEDIUM,TRUE,TRUE
AV04242,SEC_SHI_PUN,04-02-2026,3.18,4.41,UNAVAILABLE,synthetic planned availability window,LOW,FALSE,TRUE
AV04243,SEC_KAL_KAR,31-03-2026,2.07,3.19,AVAILABLE,synthetic planned availability window,LOW,TRUE,TRUE
AV04244,SEC_KAR_KHA,12-01-2026,0.05,1.16,RESTRICTED,synthetic planned availability window,MEDIUM,TRUE,TRUE
AV04245,SEC_DAD_THA,28-01-2026,15.56,17.03,RESTRICTED,synthetic planned availability window,MEDIUM,TRUE,TRUE
AV04246,SEC_LON_TAL,02-02-2026,13.15,14.18,RESTRICTED,synthetic planned availability window,MEDIUM,TRUE,TRUE
AV04247,SEC_LON_TAL,11-03-2026,2.13,3.26,RESTRICTED,synthetic planned availability window,HIGH,TRUE,TRUE
AV04248,SEC_THA_KAL,08-03-2026,5.32,8.05,RESTRICTED,synthetic planned availability window,LOW,TRUE,TRUE
AV04249,SEC_CHI_SHI,26-02-2026,0.49,3.26,AVAILABLE,synthetic planned availability window,HIGH,FALSE,TRUE
AV04250,SEC_THA_KAL,15-02-2026,6.58,9.06,AVAILABLE,synthetic planned availability window,HIGH,TRUE,TRUE
AV04251,SEC_DAD_THA,13-01-2026,16.28,19.04,RESTRICTED,synthetic planned availability window,HIGH,TRUE,TRUE
AV04252,SEC_LON_TAL,30-03-2026,1.05,4.01,RESTRICTED,synthetic planned availability window,MEDIUM,FALSE,TRUE
AV04253,SEC_CHI_SHI,02-03-2026,20.58,23.25,AVAILABLE,synthetic planned availability window,HIGH,TRUE,TRUE
AV04254,SEC_KAR_KHA,23-02-2026,13.16,14.40,UNAVAILABLE,synthetic planned availability window,MEDIUM,TRUE,TRUE
AV04255,SEC_DAD_THA,15-03-2026,18.44,20.58,UNAVAILABLE,synthetic planned availability window,LOW,TRUE,TRUE
AV04256,SEC_DAD_THA,21-03-2026,3.32,4.41,AVAILABLE,synthetic planned availability window,LOW,TRUE,TRUE
AV04257,SEC_TAL_CHI,02-01-2026,12.19,14.32,UNAVAILABLE,synthetic planned availability window,LOW,TRUE,TRUE
AV04258,SEC_KAR_KHA,08-03-2026,14.42,17.19,UNAVAILABLE,synthetic planned availability window,MEDIUM,TRUE,TRUE
AV04259,SEC_SHI_PUN,03-01-2026,1.50,4.01,UNAVAILABLE,synthetic planned availability window,LOW,TRUE,TRUE
AV04260,SEC_KHA_LON,21-01-2026,3.42,6.14,RESTRICTED,synthetic planned availability window,LOW,TRUE,TRUE
AV04261,SEC_LON_TAL,20-01-2026,7.05,8.34,RESTRICTED,synthetic planned availability window,HIGH,TRUE,TRUE
AV04262,SEC_KAR_KHA,01-03-2026,19.12,21.30,RESTRICTED,synthetic planned availability window,LOW,FALSE,TRUE
AV04263,SEC_LON_TAL,21-03-2026,5.56,8.19,AVAILABLE,synthetic planned availability window,MEDIUM,TRUE,TRUE
AV04264,SEC_SHI_PUN,28-03-2026,8.53,11.51,RESTRICTED,synthetic planned availability window,HIGH,TRUE,TRUE
AV04265,SEC_KAR_KHA,13-02-2026,5.13,7.24,UNAVAILABLE,synthetic planned availability window,HIGH,TRUE,TRUE
AV04266,SEC_KAR_KHA,24-03-2026,16.42,17.52,UNAVAILABLE,synthetic planned availability window,MEDIUM,TRUE,TRUE
AV04267,SEC_THA_KAL,18-03-2026,13.12,15.22,AVAILABLE,synthetic planned availability window,MEDIUM,TRUE,TRUE
AV04268,SEC_SHI_PUN,26-01-2026,19.30,21.29,AVAILABLE,synthetic planned availability window,MEDIUM,FALSE,TRUE
AV04269,SEC_CHI_SHI,17-03-2026,0.23,1.23,RESTRICTED,synthetic planned availability window,LOW,TRUE,TRUE
AV04270,SEC_KHA_LON,30-01-2026,12.30,13.55,UNAVAILABLE,synthetic planned availability window,MEDIUM,TRUE,TRUE
AV04271,SEC_THA_KAL,05-03-2026,12.29,15.05,RESTRICTED,synthetic planned availability window,MEDIUM,TRUE,TRUE
AV04272,SEC_KAL_KAR,05-01-2026,20.47,22.12,AVAILABLE,synthetic planned availability window,LOW,TRUE,TRUE
AV04273,SEC_MUM_DAD,05-01-2026,1.48,3.12,AVAILABLE,synthetic planned availability window,HIGH,FALSE,TRUE
AV04274,SEC_SHI_PUN,06-02-2026,8.13,10.44,UNAVAILABLE,synthetic planned availability window,HIGH,TRUE,TRUE
AV04275,SEC_CHI_SHI,06-01-2026,4.42,6.25,UNAVAILABLE,synthetic planned availability window,HIGH,FALSE,TRUE
AV04276,SEC_TAL_CHI,05-01-2026,17.18,19.18,RESTRICTED,synthetic planned availability window,LOW,FALSE,TRUE
AV04277,SEC_SHI_PUN,22-01-2026,17.31,19.17,UNAVAILABLE,synthetic planned availability window,MEDIUM,TRUE,TRUE
AV04278,SEC_CHI_SHI,23-03-2026,4.43,5.45,RESTRICTED,synthetic planned availability window,HIGH,TRUE,TRUE
AV04279,SEC_KHA_LON,02-03-2026,11.26,12.47,AVAILABLE,synthetic planned availability window,HIGH,FALSE,TRUE
AV04280,SEC_CHI_SHI,15-01-2026,8.39,10.41,AVAILABLE,synthetic planned availability window,HIGH,FALSE,TRUE
AV04281,SEC_CHI_SHI,13-01-2026,20.09,22.00,AVAILABLE,synthetic planned availability window,MEDIUM,FALSE,TRUE
AV04282,SEC_THA_KAL,01-02-2026,15.48,18.44,AVAILABLE,synthetic planned availability window,MEDIUM,TRUE,TRUE
AV04283,SEC_SHI_PUN,19-02-2026,11.33,14.17,RESTRICTED,synthetic planned availability window,MEDIUM,TRUE,TRUE
AV04284,SEC_KAR_KHA,02-02-2026,5.11,8.00,UNAVAILABLE,synthetic planned availability window,LOW,FALSE,TRUE
AV04285,SEC_THA_KAL,17-03-2026,11.17,13.14,AVAILABLE,synthetic planned availability window,LOW,TRUE,TRUE
AV04286,SEC_TAL_CHI,21-03-2026,0.22,1.26,RESTRICTED,synthetic planned availability window,MEDIUM,TRUE,TRUE
AV04287,SEC_SHI_PUN,23-03-2026,15.49,17.42,RESTRICTED,synthetic planned availability window,LOW,TRUE,TRUE
AV04288,SEC_MUM_DAD,12-01-2026,5.18,7.14,UNAVAILABLE,synthetic planned availability window,HIGH,FALSE,TRUE
AV04289,SEC_KAR_KHA,08-01-2026,3.33,5.13,UNAVAILABLE,synthetic planned availability window,HIGH,TRUE,TRUE
AV04290,SEC_KAR_KHA,15-03-2026,15.09,17.46,UNAVAILABLE,synthetic planned availability window,LOW,TRUE,TRUE
AV04291,SEC_KAL_KAR,12-03-2026,18.17,20.02,AVAILABLE,synthetic planned availability window,LOW,TRUE,TRUE
AV04292,SEC_KAL_KAR,09-03-2026,2.43,4.59,RESTRICTED,synthetic planned availability window,HIGH,TRUE,TRUE
AV04293,SEC_TAL_CHI,20-03-2026,10.30,13.26,UNAVAILABLE,synthetic planned availability window,MEDIUM,TRUE,TRUE
AV04294,SEC_KHA_LON,26-03-2026,1.19,3.15,RESTRICTED,synthetic planned availability window,LOW,FALSE,TRUE
AV04295,SEC_KAR_KHA,13-01-2026,15.16,16.52,AVAILABLE,synthetic planned availability window,MEDIUM,TRUE,TRUE
AV04296,SEC_THA_KAL,30-03-2026,10.30,12.28,AVAILABLE,synthetic planned availability window,LOW,FALSE,TRUE
AV04297,SEC_MUM_DAD,14-01-2026,2.57,5.19,AVAILABLE,synthetic planned availability window,LOW,TRUE,TRUE
AV04298,SEC_CHI_SHI,13-03-2026,9.22,10.40,UNAVAILABLE,synthetic planned availability window,LOW,TRUE,TRUE
AV04299,SEC_CHI_SHI,25-01-2026,0.28,3.15,UNAVAILABLE,synthetic planned availability window,LOW,TRUE,TRUE
AV04300,SEC_KHA_LON,17-02-2026,17.50,20.23,RESTRICTED,synthetic planned availability window,LOW,FALSE,TRUE
AV04301,SEC_KAL_KAR,07-02-2026,18.18,20.44,UNAVAILABLE,synthetic planned availability window,LOW,FALSE,TRUE
AV04302,SEC_LON_TAL,01-01-2026,7.11,9.35,RESTRICTED,synthetic planned availability window,LOW,TRUE,TRUE
AV04303,SEC_SHI_PUN,14-03-2026,19.06,20.20,RESTRICTED,synthetic planned availability window,MEDIUM,FALSE,TRUE
AV04304,SEC_KAR_KHA,13-01-2026,6.02,8.57,UNAVAILABLE,synthetic planned availability window,LOW,TRUE,TRUE
AV04305,SEC_KHA_LON,25-01-2026,3.57,5.06,AVAILABLE,synthetic planned availability window,HIGH,FALSE,TRUE
AV04306,SEC_KHA_LON,03-01-2026,6.06,7.51,RESTRICTED,synthetic planned availability window,HIGH,FALSE,TRUE
AV04307,SEC_SHI_PUN,16-02-2026,19.57,21.57,RESTRICTED,synthetic planned availability window,HIGH,TRUE,TRUE
AV04308,SEC_KAR_KHA,06-01-2026,0.04,1.48,RESTRICTED,synthetic planned availability window,LOW,TRUE,TRUE
AV04309,SEC_THA_KAL,18-03-2026,8.16,9.39,AVAILABLE,synthetic planned availability window,HIGH,FALSE,TRUE
AV04310,SEC_MUM_DAD,02-03-2026,19.59,22.26,AVAILABLE,synthetic planned availability window,MEDIUM,TRUE,TRUE
AV04311,SEC_CHI_SHI,02-03-2026,21.50,23.40,RESTRICTED,synthetic planned availability window,HIGH,FALSE,TRUE
AV04312,SEC_KHA_LON,16-03-2026,7.27,9.56,AVAILABLE,synthetic planned availability window,LOW,TRUE,TRUE
AV04313,SEC_DAD_THA,20-02-2026,16.30,17.50,AVAILABLE,synthetic planned availability window,HIGH,TRUE,TRUE
AV04314,SEC_KAR_KHA,24-02-2026,9.56,11.25,AVAILABLE,synthetic planned availability window,MEDIUM,TRUE,TRUE
AV04315,SEC_MUM_DAD,07-01-2026,17.10,19.44,RESTRICTED,synthetic planned availability window,MEDIUM,TRUE,TRUE
AV04316,SEC_LON_TAL,26-01-2026,16.38,19.01,AVAILABLE,synthetic planned availability window,HIGH,TRUE,TRUE
AV04317,SEC_SHI_PUN,22-01-2026,10.50,13.17,RESTRICTED,synthetic planned availability window,HIGH,TRUE,TRUE
AV04318,SEC_KAL_KAR,19-01-2026,0.15,1.18,RESTRICTED,synthetic planned availability window,LOW,TRUE,TRUE
AV04319,SEC_DAD_THA,03-01-2026,4.05,6.44,AVAILABLE,synthetic planned availability window,MEDIUM,TRUE,TRUE
AV04320,SEC_KAR_KHA,10-01-2026,19.18,22.14,AVAILABLE,synthetic planned availability window,LOW,TRUE,TRUE
AV04321,SEC_KAR_KHA,11-03-2026,6.55,8.37,UNAVAILABLE,synthetic planned availability window,LOW,FALSE,TRUE
AV04322,SEC_MUM_DAD,04-02-2026,2.00,4.30,UNAVAILABLE,synthetic planned availability window,LOW,TRUE,TRUE
AV04323,SEC_MUM_DAD,26-03-2026,7.04,8.28,RESTRICTED,synthetic planned availability window,MEDIUM,TRUE,TRUE
AV04324,SEC_CHI_SHI,03-03-2026,8.17,10.03,AVAILABLE,synthetic planned availability window,MEDIUM,TRUE,TRUE
AV04325,SEC_KAR_KHA,06-02-2026,2.34,4.54,RESTRICTED,synthetic planned availability window,HIGH,TRUE,TRUE
AV04326,SEC_MUM_DAD,08-02-2026,0.04,2.54,RESTRICTED,synthetic planned availability window,HIGH,TRUE,TRUE
AV04327,SEC_CHI_SHI,13-03-2026,9.48,11.57,UNAVAILABLE,synthetic planned availability window,MEDIUM,TRUE,TRUE
AV04328,SEC_CHI_SHI,05-03-2026,7.25,10.16,AVAILABLE,synthetic planned availability window,HIGH,TRUE,TRUE
AV04329,SEC_SHI_PUN,22-03-2026,19.56,22.09,RESTRICTED,synthetic planned availability window,LOW,FALSE,TRUE
AV04330,SEC_KAR_KHA,06-02-2026,14.30,17.11,AVAILABLE,synthetic planned availability window,HIGH,TRUE,TRUE
AV04331,SEC_CHI_SHI,24-02-2026,10.04,13.03,UNAVAILABLE,synthetic planned availability window,LOW,TRUE,TRUE
AV04332,SEC_KAL_KAR,18-01-2026,6.43,8.53,RESTRICTED,synthetic planned availability window,LOW,TRUE,TRUE
AV04333,SEC_KAL_KAR,27-03-2026,0.23,3.21,RESTRICTED,synthetic planned availability window,LOW,TRUE,TRUE
AV04334,SEC_KAL_KAR,14-03-2026,7.48,10.07,UNAVAILABLE,synthetic planned availability window,LOW,TRUE,TRUE
AV04335,SEC_DAD_THA,26-03-2026,4.03,6.21,RESTRICTED,synthetic planned availability window,MEDIUM,FALSE,TRUE
AV04336,SEC_CHI_SHI,10-03-2026,13.11,15.48,RESTRICTED,synthetic planned availability window,LOW,FALSE,TRUE
AV04337,SEC_THA_KAL,20-01-2026,6.46,9.43,UNAVAILABLE,synthetic planned availability window,MEDIUM,TRUE,TRUE
AV04338,SEC_THA_KAL,05-01-2026,12.56,14.16,RESTRICTED,synthetic planned availability window,LOW,FALSE,TRUE
AV04339,SEC_KAL_KAR,11-01-2026,19.56,22.55,UNAVAILABLE,synthetic planned availability window,HIGH,FALSE,TRUE
AV04340,SEC_KAR_KHA,12-02-2026,16.44,19.18,RESTRICTED,synthetic planned availability window,HIGH,TRUE,TRUE
AV04341,SEC_TAL_CHI,28-03-2026,2.40,4.11,AVAILABLE,synthetic planned availability window,MEDIUM,TRUE,TRUE
AV04342,SEC_THA_KAL,16-01-2026,4.24,7.14,AVAILABLE,synthetic planned availability window,LOW,TRUE,TRUE
AV04343,SEC_CHI_SHI,02-01-2026,2.02,4.08,RESTRICTED,synthetic planned availability window,LOW,TRUE,TRUE
AV04344,SEC_SHI_PUN,13-03-2026,18.25,20.47,RESTRICTED,synthetic planned availability window,MEDIUM,FALSE,TRUE
AV04345,SEC_SHI_PUN,15-02-2026,12.25,14.21,AVAILABLE,synthetic planned availability window,LOW,TRUE,TRUE
AV04346,SEC_MUM_DAD,23-03-2026,10.38,13.25,AVAILABLE,synthetic planned availability window,LOW,TRUE,TRUE
AV04347,SEC_KHA_LON,29-01-2026,20.17,22.43,RESTRICTED,synthetic planned availability window,LOW,FALSE,TRUE
AV04348,SEC_TAL_CHI,26-02-2026,9.22,11.55,RESTRICTED,synthetic planned availability window,MEDIUM,TRUE,TRUE
AV04349,SEC_KAL_KAR,19-02-2026,6.03,8.04,RESTRICTED,synthetic planned availability window,MEDIUM,TRUE,TRUE
AV04350,SEC_DAD_THA,30-03-2026,2.24,4.08,RESTRICTED,synthetic planned availability window,MEDIUM,TRUE,TRUE
AV04351,SEC_SHI_PUN,13-01-2026,17.30,19.51,RESTRICTED,synthetic planned availability window,HIGH,TRUE,TRUE
AV04352,SEC_CHI_SHI,24-01-2026,21.23,23.11,UNAVAILABLE,synthetic planned availability window,HIGH,TRUE,TRUE
AV04353,SEC_KAL_KAR,18-03-2026,9.54,12.31,AVAILABLE,synthetic planned availability window,HIGH,TRUE,TRUE
AV04354,SEC_TAL_CHI,18-01-2026,12.25,14.12,RESTRICTED,synthetic planned availability window,HIGH,TRUE,TRUE
AV04355,SEC_KHA_LON,30-01-2026,3.23,5.24,AVAILABLE,synthetic planned availability window,LOW,TRUE,TRUE
AV04356,SEC_MUM_DAD,05-02-2026,11.44,13.13,RESTRICTED,synthetic planned availability window,MEDIUM,TRUE,TRUE
AV04357,SEC_TAL_CHI,19-02-2026,10.09,12.33,UNAVAILABLE,synthetic planned availability window,LOW,TRUE,TRUE
AV04358,SEC_KAR_KHA,04-03-2026,8.54,10.38,RESTRICTED,synthetic planned availability window,LOW,FALSE,TRUE
AV04359,SEC_TAL_CHI,15-03-2026,17.32,19.06,AVAILABLE,synthetic planned availability window,MEDIUM,FALSE,TRUE
AV04360,SEC_LON_TAL,11-01-2026,1.15,2.18,UNAVAILABLE,synthetic planned availability window,LOW,FALSE,TRUE
AV04361,SEC_THA_KAL,16-02-2026,18.38,20.59,AVAILABLE,synthetic planned availability window,HIGH,FALSE,TRUE
AV04362,SEC_KAL_KAR,12-03-2026,17.40,19.04,UNAVAILABLE,synthetic planned availability window,MEDIUM,TRUE,TRUE
AV04363,SEC_CHI_SHI,26-01-2026,1.33,3.09,AVAILABLE,synthetic planned availability window,HIGH,TRUE,TRUE
AV04364,SEC_CHI_SHI,07-03-2026,14.54,17.15,UNAVAILABLE,synthetic planned availability window,MEDIUM,TRUE,TRUE
AV04365,SEC_THA_KAL,15-03-2026,4.04,6.32,AVAILABLE,synthetic planned availability window,LOW,TRUE,TRUE
AV04366,SEC_KAL_KAR,25-01-2026,12.56,15.13,AVAILABLE,synthetic planned availability window,LOW,FALSE,TRUE
AV04367,SEC_MUM_DAD,23-03-2026,6.48,9.32,AVAILABLE,synthetic planned availability window,MEDIUM,TRUE,TRUE
AV04368,SEC_KAR_KHA,20-03-2026,21.57,23.50,RESTRICTED,synthetic planned availability window,MEDIUM,FALSE,TRUE
AV04369,SEC_TAL_CHI,19-03-2026,15.36,16.40,UNAVAILABLE,synthetic planned availability window,HIGH,TRUE,TRUE
AV04370,SEC_DAD_THA,01-01-2026,11.43,13.23,UNAVAILABLE,synthetic planned availability window,HIGH,TRUE,TRUE
AV04371,SEC_KAR_KHA,21-03-2026,20.01,22.44,UNAVAILABLE,synthetic planned availability window,LOW,TRUE,TRUE
AV04372,SEC_KAL_KAR,23-02-2026,12.46,15.45,AVAILABLE,synthetic planned availability window,MEDIUM,FALSE,TRUE
AV04373,SEC_SHI_PUN,16-02-2026,21.06,23.01,RESTRICTED,synthetic planned availability window,MEDIUM,TRUE,TRUE
AV04374,SEC_KHA_LON,08-01-2026,12.26,15.11,UNAVAILABLE,synthetic planned availability window,MEDIUM,TRUE,TRUE
AV04375,SEC_KAL_KAR,04-02-2026,2.49,4.37,UNAVAILABLE,synthetic planned availability window,MEDIUM,TRUE,TRUE
AV04376,SEC_KAR_KHA,15-03-2026,6.56,9.24,AVAILABLE,synthetic planned availability window,MEDIUM,TRUE,TRUE
AV04377,SEC_THA_KAL,17-02-2026,14.02,16.04,RESTRICTED,synthetic planned availability window,LOW,TRUE,TRUE
AV04378,SEC_CHI_SHI,09-01-2026,4.38,6.26,RESTRICTED,synthetic planned availability window,MEDIUM,TRUE,TRUE
AV04379,SEC_DAD_THA,29-01-2026,4.15,7.05,UNAVAILABLE,synthetic planned availability window,LOW,TRUE,TRUE
AV04380,SEC_LON_TAL,01-01-2026,12.13,13.22,RESTRICTED,synthetic planned availability window,HIGH,TRUE,TRUE
AV04381,SEC_THA_KAL,24-01-2026,8.49,11.00,RESTRICTED,synthetic planned availability window,HIGH,FALSE,TRUE
AV04382,SEC_TAL_CHI,08-03-2026,18.53,20.07,AVAILABLE,synthetic planned availability window,MEDIUM,TRUE,TRUE
AV04383,SEC_DAD_THA,27-01-2026,1.55,4.35,UNAVAILABLE,synthetic planned availability window,LOW,TRUE,TRUE
AV04384,SEC_KHA_LON,13-03-2026,15.48,17.43,AVAILABLE,synthetic planned availability window,HIGH,FALSE,TRUE
AV04385,SEC_MUM_DAD,21-02-2026,9.51,11.08,AVAILABLE,synthetic planned availability window,HIGH,TRUE,TRUE
AV04386,SEC_KAR_KHA,31-03-2026,17.38,19.06,RESTRICTED,synthetic planned availability window,LOW,FALSE,TRUE
AV04387,SEC_LON_TAL,08-02-2026,21.11,23.27,RESTRICTED,synthetic planned availability window,MEDIUM,FALSE,TRUE
AV04388,SEC_THA_KAL,20-03-2026,2.06,4.13,AVAILABLE,synthetic planned availability window,LOW,FALSE,TRUE
AV04389,SEC_LON_TAL,24-02-2026,5.11,7.42,RESTRICTED,synthetic planned availability window,LOW,TRUE,TRUE
AV04390,SEC_KAL_KAR,03-03-2026,5.18,8.15,UNAVAILABLE,synthetic planned availability window,LOW,FALSE,TRUE
AV04391,SEC_CHI_SHI,05-02-2026,11.44,14.26,UNAVAILABLE,synthetic planned availability window,MEDIUM,FALSE,TRUE
AV04392,SEC_KAL_KAR,18-03-2026,7.44,10.40,RESTRICTED,synthetic planned availability window,MEDIUM,TRUE,TRUE
AV04393,SEC_MUM_DAD,01-02-2026,21.42,23.59,RESTRICTED,synthetic planned availability window,HIGH,TRUE,TRUE
AV04394,SEC_KAL_KAR,23-01-2026,16.58,18.21,RESTRICTED,synthetic planned availability window,LOW,FALSE,TRUE
AV04395,SEC_LON_TAL,18-03-2026,9.48,12.45,RESTRICTED,synthetic planned availability window,LOW,TRUE,TRUE
AV04396,SEC_KHA_LON,19-01-2026,1.30,4.16,RESTRICTED,synthetic planned availability window,LOW,TRUE,TRUE
AV04397,SEC_LON_TAL,21-01-2026,17.24,19.01,UNAVAILABLE,synthetic planned availability window,MEDIUM,FALSE,TRUE
AV04398,SEC_KAL_KAR,26-01-2026,3.16,4.48,UNAVAILABLE,synthetic planned availability window,LOW,FALSE,TRUE
AV04399,SEC_KAR_KHA,25-03-2026,3.25,4.59,AVAILABLE,synthetic planned availability window,LOW,TRUE,TRUE
AV04400,SEC_TAL_CHI,03-02-2026,3.09,4.32,UNAVAILABLE,synthetic planned availability window,HIGH,TRUE,TRUE
AV04401,SEC_LON_TAL,25-03-2026,19.30,21.53,RESTRICTED,synthetic planned availability window,MEDIUM,TRUE,TRUE
AV04402,SEC_LON_TAL,21-02-2026,12.05,14.31,RESTRICTED,synthetic planned availability window,HIGH,TRUE,TRUE
AV04403,SEC_KHA_LON,07-02-2026,16.29,17.36,AVAILABLE,synthetic planned availability window,MEDIUM,TRUE,TRUE
AV04404,SEC_MUM_DAD,27-01-2026,3.28,5.49,RESTRICTED,synthetic planned availability window,LOW,FALSE,TRUE
AV04405,SEC_LON_TAL,06-03-2026,5.01,6.02,UNAVAILABLE,synthetic planned availability window,MEDIUM,FALSE,TRUE
AV04406,SEC_MUM_DAD,01-01-2026,11.22,13.03,RESTRICTED,synthetic planned availability window,HIGH,FALSE,TRUE
AV04407,SEC_CHI_SHI,03-03-2026,11.12,12.14,UNAVAILABLE,synthetic planned availability window,HIGH,FALSE,TRUE
AV04408,SEC_SHI_PUN,06-03-2026,8.47,11.00,UNAVAILABLE,synthetic planned availability window,MEDIUM,FALSE,TRUE
AV04409,SEC_THA_KAL,20-01-2026,15.24,16.46,RESTRICTED,synthetic planned availability window,LOW,TRUE,TRUE
AV04410,SEC_THA_KAL,04-03-2026,11.56,13.25,AVAILABLE,synthetic planned availability window,HIGH,TRUE,TRUE
AV04411,SEC_LON_TAL,08-01-2026,4.41,6.19,RESTRICTED,synthetic planned availability window,MEDIUM,FALSE,TRUE
AV04412,SEC_KAL_KAR,10-03-2026,4.56,6.38,UNAVAILABLE,synthetic planned availability window,LOW,TRUE,TRUE
AV04413,SEC_LON_TAL,21-02-2026,12.35,13.47,RESTRICTED,synthetic planned availability window,MEDIUM,TRUE,TRUE
AV04414,SEC_CHI_SHI,03-01-2026,12.03,14.50,RESTRICTED,synthetic planned availability window,LOW,TRUE,TRUE
AV04415,SEC_SHI_PUN,14-01-2026,19.54,22.12,AVAILABLE,synthetic planned availability window,HIGH,FALSE,TRUE
AV04416,SEC_KAL_KAR,04-01-2026,5.55,7.05,AVAILABLE,synthetic planned availability window,MEDIUM,TRUE,TRUE
AV04417,SEC_SHI_PUN,01-02-2026,9.03,11.07,RESTRICTED,synthetic planned availability window,MEDIUM,FALSE,TRUE
AV04418,SEC_KAR_KHA,18-03-2026,15.19,16.58,RESTRICTED,synthetic planned availability window,HIGH,FALSE,TRUE
AV04419,SEC_CHI_SHI,31-03-2026,18.05,20.26,AVAILABLE,synthetic planned availability window,MEDIUM,FALSE,TRUE
AV04420,SEC_SHI_PUN,26-02-2026,13.26,15.14,AVAILABLE,synthetic planned availability window,MEDIUM,TRUE,TRUE
AV04421,SEC_TAL_CHI,31-01-2026,12.05,14.39,RESTRICTED,synthetic planned availability window,LOW,FALSE,TRUE
AV04422,SEC_DAD_THA,23-01-2026,9.52,12.27,AVAILABLE,synthetic planned availability window,LOW,TRUE,TRUE
AV04423,SEC_LON_TAL,13-01-2026,21.19,23.33,RESTRICTED,synthetic planned availability window,HIGH,TRUE,TRUE
AV04424,SEC_MUM_DAD,23-01-2026,14.42,15.55,AVAILABLE,synthetic planned availability window,LOW,FALSE,TRUE
AV04425,SEC_SHI_PUN,30-03-2026,7.38,10.04,UNAVAILABLE,synthetic planned availability window,MEDIUM,TRUE,TRUE
AV04426,SEC_CHI_SHI,06-01-2026,18.51,20.34,AVAILABLE,synthetic planned availability window,LOW,FALSE,TRUE
AV04427,SEC_KHA_LON,02-01-2026,15.58,18.48,RESTRICTED,synthetic planned availability window,HIGH,FALSE,TRUE
AV04428,SEC_TAL_CHI,22-02-2026,16.07,17.10,AVAILABLE,synthetic planned availability window,HIGH,TRUE,TRUE
AV04429,SEC_CHI_SHI,04-03-2026,18.49,21.31,RESTRICTED,synthetic planned availability window,MEDIUM,TRUE,TRUE
AV04430,SEC_THA_KAL,19-03-2026,12.14,13.32,AVAILABLE,synthetic planned availability window,MEDIUM,TRUE,TRUE
AV04431,SEC_KHA_LON,16-03-2026,3.19,5.13,AVAILABLE,synthetic planned availability window,LOW,FALSE,TRUE
AV04432,SEC_THA_KAL,19-01-2026,2.11,3.38,RESTRICTED,synthetic planned availability window,LOW,TRUE,TRUE
AV04433,SEC_DAD_THA,15-01-2026,15.59,18.48,AVAILABLE,synthetic planned availability window,LOW,TRUE,TRUE
AV04434,SEC_KHA_LON,15-03-2026,8.29,11.10,UNAVAILABLE,synthetic planned availability window,LOW,FALSE,TRUE
AV04435,SEC_MUM_DAD,05-01-2026,3.25,4.47,RESTRICTED,synthetic planned availability window,LOW,TRUE,TRUE
AV04436,SEC_KAR_KHA,09-02-2026,20.53,22.38,AVAILABLE,synthetic planned availability window,MEDIUM,TRUE,TRUE
AV04437,SEC_KAR_KHA,24-02-2026,6.08,8.33,RESTRICTED,synthetic planned availability window,MEDIUM,TRUE,TRUE
AV04438,SEC_LON_TAL,17-01-2026,5.22,6.40,AVAILABLE,synthetic planned availability window,HIGH,TRUE,TRUE
AV04439,SEC_KHA_LON,18-01-2026,6.29,9.16,AVAILABLE,synthetic planned availability window,HIGH,TRUE,TRUE
AV04440,SEC_MUM_DAD,14-02-2026,19.48,22.09,RESTRICTED,synthetic planned availability window,LOW,TRUE,TRUE
AV04441,SEC_THA_KAL,24-02-2026,4.27,6.21,RESTRICTED,synthetic planned availability window,MEDIUM,TRUE,TRUE
AV04442,SEC_LON_TAL,20-02-2026,10.00,12.54,UNAVAILABLE,synthetic planned availability window,HIGH,TRUE,TRUE
AV04443,SEC_SHI_PUN,22-03-2026,17.05,18.48,AVAILABLE,synthetic planned availability window,HIGH,TRUE,TRUE
AV04444,SEC_TAL_CHI,04-01-2026,20.02,21.15,AVAILABLE,synthetic planned availability window,HIGH,TRUE,TRUE
AV04445,SEC_LON_TAL,16-01-2026,14.31,16.12,UNAVAILABLE,synthetic planned availability window,MEDIUM,TRUE,TRUE
AV04446,SEC_CHI_SHI,01-01-2026,5.19,6.22,AVAILABLE,synthetic planned availability window,MEDIUM,TRUE,TRUE
AV04447,SEC_SHI_PUN,20-03-2026,1.00,3.21,RESTRICTED,synthetic planned availability window,HIGH,TRUE,TRUE
AV04448,SEC_MUM_DAD,19-01-2026,6.23,8.03,AVAILABLE,synthetic planned availability window,MEDIUM,FALSE,TRUE
AV04449,SEC_KAL_KAR,16-03-2026,14.34,17.24,UNAVAILABLE,synthetic planned availability window,HIGH,TRUE,TRUE
AV04450,SEC_TAL_CHI,10-02-2026,11.26,12.49,RESTRICTED,synthetic planned availability window,LOW,FALSE,TRUE
AV04451,SEC_CHI_SHI,21-01-2026,14.40,17.27,RESTRICTED,synthetic planned availability window,LOW,TRUE,TRUE
AV04452,SEC_CHI_SHI,24-01-2026,18.44,21.19,UNAVAILABLE,synthetic planned availability window,MEDIUM,TRUE,TRUE
AV04453,SEC_LON_TAL,09-01-2026,2.13,3.31,UNAVAILABLE,synthetic planned availability window,LOW,TRUE,TRUE
AV04454,SEC_TAL_CHI,21-03-2026,0.51,2.50,UNAVAILABLE,synthetic planned availability window,HIGH,FALSE,TRUE
AV04455,SEC_DAD_THA,16-03-2026,19.24,20.49,RESTRICTED,synthetic planned availability window,LOW,FALSE,TRUE
AV04456,SEC_KHA_LON,14-01-2026,11.07,12.14,UNAVAILABLE,synthetic planned availability window,MEDIUM,TRUE,TRUE
AV04457,SEC_CHI_SHI,01-01-2026,13.44,15.11,AVAILABLE,synthetic planned availability window,LOW,TRUE,TRUE
AV04458,SEC_MUM_DAD,06-02-2026,15.22,16.58,RESTRICTED,synthetic planned availability window,HIGH,TRUE,TRUE
AV04459,SEC_KAR_KHA,10-02-2026,11.56,13.09,RESTRICTED,synthetic planned availability window,MEDIUM,TRUE,TRUE
AV04460,SEC_THA_KAL,05-01-2026,20.50,22.10,UNAVAILABLE,synthetic planned availability window,HIGH,TRUE,TRUE
AV04461,SEC_DAD_THA,01-03-2026,5.15,7.44,UNAVAILABLE,synthetic planned availability window,MEDIUM,FALSE,TRUE
AV04462,SEC_SHI_PUN,27-03-2026,9.57,12.19,AVAILABLE,synthetic planned availability window,LOW,TRUE,TRUE
AV04463,SEC_KAR_KHA,27-03-2026,0.54,1.56,UNAVAILABLE,synthetic planned availability window,MEDIUM,TRUE,TRUE
AV04464,SEC_MUM_DAD,03-03-2026,6.21,8.12,UNAVAILABLE,synthetic planned availability window,HIGH,TRUE,TRUE
AV04465,SEC_SHI_PUN,15-03-2026,11.59,14.14,UNAVAILABLE,synthetic planned availability window,HIGH,TRUE,TRUE
AV04466,SEC_KHA_LON,07-03-2026,6.34,9.06,AVAILABLE,synthetic planned availability window,MEDIUM,TRUE,TRUE
AV04467,SEC_KAR_KHA,19-02-2026,6.19,9.04,AVAILABLE,synthetic planned availability window,MEDIUM,FALSE,TRUE
AV04468,SEC_TAL_CHI,17-01-2026,7.52,10.46,RESTRICTED,synthetic planned availability window,HIGH,TRUE,TRUE
AV04469,SEC_KAR_KHA,05-03-2026,3.38,6.02,UNAVAILABLE,synthetic planned availability window,MEDIUM,TRUE,TRUE
AV04470,SEC_DAD_THA,13-03-2026,14.53,15.57,AVAILABLE,synthetic planned availability window,HIGH,TRUE,TRUE
AV04471,SEC_SHI_PUN,12-01-2026,3.44,5.58,UNAVAILABLE,synthetic planned availability window,LOW,FALSE,TRUE
AV04472,SEC_KAL_KAR,21-03-2026,7.21,10.07,UNAVAILABLE,synthetic planned availability window,MEDIUM,TRUE,TRUE
AV04473,SEC_DAD_THA,05-03-2026,0.21,2.46,AVAILABLE,synthetic planned availability window,MEDIUM,FALSE,TRUE
AV04474,SEC_THA_KAL,23-01-2026,12.07,13.40,RESTRICTED,synthetic planned availability window,HIGH,TRUE,TRUE
AV04475,SEC_KAL_KAR,12-01-2026,10.10,11.34,UNAVAILABLE,synthetic planned availability window,LOW,TRUE,TRUE
AV04476,SEC_KAR_KHA,22-01-2026,0.05,2.35,UNAVAILABLE,synthetic planned availability window,HIGH,FALSE,TRUE
AV04477,SEC_TAL_CHI,28-01-2026,20.28,23.10,UNAVAILABLE,synthetic planned availability window,HIGH,TRUE,TRUE
AV04478,SEC_CHI_SHI,01-02-2026,5.46,8.36,UNAVAILABLE,synthetic planned availability window,LOW,FALSE,TRUE
AV04479,SEC_THA_KAL,14-01-2026,2.35,4.03,UNAVAILABLE,synthetic planned availability window,MEDIUM,FALSE,TRUE
AV04480,SEC_THA_KAL,03-03-2026,11.24,12.38,UNAVAILABLE,synthetic planned availability window,MEDIUM,TRUE,TRUE
AV04481,SEC_LON_TAL,26-03-2026,7.57,10.33,UNAVAILABLE,synthetic planned availability window,HIGH,TRUE,TRUE
AV04482,SEC_TAL_CHI,10-03-2026,7.11,9.23,RESTRICTED,synthetic planned availability window,HIGH,TRUE,TRUE
AV04483,SEC_MUM_DAD,05-02-2026,3.40,6.17,UNAVAILABLE,synthetic planned availability window,LOW,FALSE,TRUE
AV04484,SEC_KAL_KAR,24-02-2026,0.02,1.20,UNAVAILABLE,synthetic planned availability window,MEDIUM,FALSE,TRUE
AV04485,SEC_LON_TAL,01-02-2026,10.48,12.38,RESTRICTED,synthetic planned availability window,MEDIUM,TRUE,TRUE
AV04486,SEC_MUM_DAD,05-02-2026,17.45,19.09,UNAVAILABLE,synthetic planned availability window,MEDIUM,TRUE,TRUE
AV04487,SEC_THA_KAL,31-01-2026,15.14,17.48,UNAVAILABLE,synthetic planned availability window,MEDIUM,TRUE,TRUE
AV04488,SEC_LON_TAL,20-03-2026,15.48,18.06,RESTRICTED,synthetic planned availability window,HIGH,TRUE,TRUE
AV04489,SEC_LON_TAL,06-02-2026,0.34,2.25,UNAVAILABLE,synthetic planned availability window,LOW,TRUE,TRUE
AV04490,SEC_CHI_SHI,24-01-2026,0.01,1.40,RESTRICTED,synthetic planned availability window,MEDIUM,TRUE,TRUE
AV04491,SEC_KHA_LON,02-03-2026,10.40,12.07,AVAILABLE,synthetic planned availability window,LOW,FALSE,TRUE
AV04492,SEC_SHI_PUN,13-01-2026,3.50,5.46,AVAILABLE,synthetic planned availability window,LOW,FALSE,TRUE
AV04493,SEC_THA_KAL,21-03-2026,2.29,4.15,AVAILABLE,synthetic planned availability window,MEDIUM,TRUE,TRUE
AV04494,SEC_KAL_KAR,08-03-2026,4.21,5.35,AVAILABLE,synthetic planned availability window,HIGH,TRUE,TRUE
AV04495,SEC_LON_TAL,16-02-2026,19.00,20.27,UNAVAILABLE,synthetic planned availability window,HIGH,FALSE,TRUE
AV04496,SEC_KHA_LON,13-02-2026,1.11,3.44,AVAILABLE,synthetic planned availability window,LOW,FALSE,TRUE
AV04497,SEC_TAL_CHI,10-03-2026,19.42,21.12,UNAVAILABLE,synthetic planned availability window,LOW,TRUE,TRUE
AV04498,SEC_LON_TAL,14-01-2026,12.48,14.46,UNAVAILABLE,synthetic planned availability window,LOW,TRUE,TRUE
AV04499,SEC_CHI_SHI,25-02-2026,6.01,7.51,AVAILABLE,synthetic planned availability window,HIGH,TRUE,TRUE
AV04500,SEC_KHA_LON,03-03-2026,21.16,23.41,AVAILABLE,synthetic planned availability window,HIGH,FALSE,TRUE
AV04501,SEC_DAD_THA,22-02-2026,0.35,3.11,UNAVAILABLE,synthetic planned availability window,MEDIUM,TRUE,TRUE
AV04502,SEC_CHI_SHI,18-01-2026,19.29,21.32,RESTRICTED,synthetic planned availability window,LOW,TRUE,TRUE
AV04503,SEC_KHA_LON,07-01-2026,4.27,5.53,AVAILABLE,synthetic planned availability window,HIGH,TRUE,TRUE
AV04504,SEC_KHA_LON,25-02-2026,0.24,2.28,UNAVAILABLE,synthetic planned availability window,HIGH,TRUE,TRUE
AV04505,SEC_DAD_THA,21-02-2026,3.38,5.21,AVAILABLE,synthetic planned availability window,HIGH,TRUE,TRUE
AV04506,SEC_MUM_DAD,01-01-2026,10.59,13.01,RESTRICTED,synthetic planned availability window,HIGH,TRUE,TRUE
AV04507,SEC_MUM_DAD,21-02-2026,6.27,7.36,UNAVAILABLE,synthetic planned availability window,HIGH,TRUE,TRUE
AV04508,SEC_KHA_LON,24-01-2026,15.47,17.48,UNAVAILABLE,synthetic planned availability window,HIGH,TRUE,TRUE
AV04509,SEC_THA_KAL,17-03-2026,8.37,9.46,AVAILABLE,synthetic planned availability window,HIGH,TRUE,TRUE
AV04510,SEC_SHI_PUN,29-03-2026,5.43,7.15,AVAILABLE,synthetic planned availability window,MEDIUM,TRUE,TRUE
AV04511,SEC_LON_TAL,25-02-2026,13.06,14.32,RESTRICTED,synthetic planned availability window,HIGH,TRUE,TRUE
AV04512,SEC_SHI_PUN,17-01-2026,13.17,14.44,RESTRICTED,synthetic planned availability window,HIGH,TRUE,TRUE
AV04513,SEC_KAL_KAR,14-01-2026,9.04,10.46,AVAILABLE,synthetic planned availability window,HIGH,TRUE,TRUE
AV04514,SEC_THA_KAL,03-03-2026,8.40,9.47,UNAVAILABLE,synthetic planned availability window,HIGH,FALSE,TRUE
AV04515,SEC_KAR_KHA,25-01-2026,17.32,20.05,RESTRICTED,synthetic planned availability window,LOW,TRUE,TRUE
AV04516,SEC_TAL_CHI,03-03-2026,4.53,6.14,AVAILABLE,synthetic planned availability window,LOW,TRUE,TRUE
AV04517,SEC_KAR_KHA,02-01-2026,13.49,16.18,AVAILABLE,synthetic planned availability window,HIGH,TRUE,TRUE
AV04518,SEC_THA_KAL,24-02-2026,1.47,4.14,RESTRICTED,synthetic planned availability window,HIGH,TRUE,TRUE
AV04519,SEC_THA_KAL,21-03-2026,19.57,22.39,AVAILABLE,synthetic planned availability window,LOW,TRUE,TRUE
AV04520,SEC_SHI_PUN,30-01-2026,7.30,8.33,AVAILABLE,synthetic planned availability window,MEDIUM,FALSE,TRUE
AV04521,SEC_DAD_THA,07-02-2026,13.13,14.22,UNAVAILABLE,synthetic planned availability window,MEDIUM,TRUE,TRUE
AV04522,SEC_KAL_KAR,10-03-2026,6.57,9.52,AVAILABLE,synthetic planned availability window,LOW,TRUE,TRUE
AV04523,SEC_SHI_PUN,06-01-2026,18.05,20.25,AVAILABLE,synthetic planned availability window,MEDIUM,FALSE,TRUE
AV04524,SEC_SHI_PUN,21-03-2026,7.14,9.06,AVAILABLE,synthetic planned availability window,MEDIUM,TRUE,TRUE
AV04525,SEC_TAL_CHI,28-03-2026,18.37,20.14,AVAILABLE,synthetic planned availability window,LOW,FALSE,TRUE
AV04526,SEC_MUM_DAD,23-01-2026,14.44,16.27,RESTRICTED,synthetic planned availability window,MEDIUM,TRUE,TRUE
AV04527,SEC_SHI_PUN,19-02-2026,19.03,21.44,AVAILABLE,synthetic planned availability window,HIGH,TRUE,TRUE
AV04528,SEC_THA_KAL,10-02-2026,4.17,5.50,AVAILABLE,synthetic planned availability window,LOW,TRUE,TRUE
AV04529,SEC_KHA_LON,14-03-2026,0.01,2.25,AVAILABLE,synthetic planned availability window,LOW,TRUE,TRUE
AV04530,SEC_KAR_KHA,08-02-2026,16.28,18.16,AVAILABLE,synthetic planned availability window,LOW,FALSE,TRUE
AV04531,SEC_THA_KAL,22-01-2026,8.39,10.16,AVAILABLE,synthetic planned availability window,LOW,FALSE,TRUE
AV04532,SEC_DAD_THA,03-03-2026,10.28,12.06,UNAVAILABLE,synthetic planned availability window,LOW,TRUE,TRUE
AV04533,SEC_THA_KAL,14-02-2026,10.15,11.22,RESTRICTED,synthetic planned availability window,MEDIUM,FALSE,TRUE
AV04534,SEC_KAL_KAR,19-01-2026,19.27,21.00,RESTRICTED,synthetic planned availability window,LOW,FALSE,TRUE
AV04535,SEC_TAL_CHI,19-02-2026,6.27,9.18,UNAVAILABLE,synthetic planned availability window,LOW,FALSE,TRUE
AV04536,SEC_DAD_THA,25-03-2026,3.25,5.23,RESTRICTED,synthetic planned availability window,HIGH,FALSE,TRUE
AV04537,SEC_TAL_CHI,18-02-2026,0.30,1.33,UNAVAILABLE,synthetic planned availability window,MEDIUM,TRUE,TRUE
AV04538,SEC_TAL_CHI,03-03-2026,18.54,20.17,RESTRICTED,synthetic planned availability window,MEDIUM,TRUE,TRUE
AV04539,SEC_KHA_LON,20-03-2026,7.25,9.02,AVAILABLE,synthetic planned availability window,LOW,FALSE,TRUE
AV04540,SEC_DAD_THA,07-03-2026,5.53,7.34,UNAVAILABLE,synthetic planned availability window,LOW,FALSE,TRUE
AV04541,SEC_THA_KAL,28-03-2026,2.59,5.35,UNAVAILABLE,synthetic planned availability window,MEDIUM,FALSE,TRUE
AV04542,SEC_KAL_KAR,13-03-2026,1.30,3.00,RESTRICTED,synthetic planned availability window,MEDIUM,TRUE,TRUE
AV04543,SEC_DAD_THA,22-03-2026,9.04,10.06,UNAVAILABLE,synthetic planned availability window,MEDIUM,FALSE,TRUE
AV04544,SEC_SHI_PUN,26-02-2026,16.30,19.11,UNAVAILABLE,synthetic planned availability window,HIGH,FALSE,TRUE
AV04545,SEC_LON_TAL,13-01-2026,10.28,12.47,UNAVAILABLE,synthetic planned availability window,HIGH,FALSE,TRUE
AV04546,SEC_SHI_PUN,07-03-2026,13.11,15.05,AVAILABLE,synthetic planned availability window,HIGH,FALSE,TRUE
AV04547,SEC_TAL_CHI,15-03-2026,14.46,16.42,UNAVAILABLE,synthetic planned availability window,HIGH,TRUE,TRUE
AV04548,SEC_MUM_DAD,26-03-2026,15.52,18.10,AVAILABLE,synthetic planned availability window,MEDIUM,TRUE,TRUE
AV04549,SEC_KAL_KAR,04-02-2026,6.10,8.31,AVAILABLE,synthetic planned availability window,MEDIUM,FALSE,TRUE
AV04550,SEC_KAR_KHA,01-03-2026,13.38,16.14,UNAVAILABLE,synthetic planned availability window,LOW,TRUE,TRUE
AV04551,SEC_KAR_KHA,04-02-2026,20.23,21.34,UNAVAILABLE,synthetic planned availability window,MEDIUM,TRUE,TRUE
AV04552,SEC_CHI_SHI,06-03-2026,4.07,5.45,UNAVAILABLE,synthetic planned availability window,HIGH,TRUE,TRUE
AV04553,SEC_THA_KAL,03-02-2026,4.32,6.51,RESTRICTED,synthetic planned availability window,MEDIUM,FALSE,TRUE
AV04554,SEC_MUM_DAD,26-03-2026,12.01,13.23,UNAVAILABLE,synthetic planned availability window,LOW,FALSE,TRUE
AV04555,SEC_KAL_KAR,25-02-2026,21.56,23.34,UNAVAILABLE,synthetic planned availability window,HIGH,TRUE,TRUE
AV04556,SEC_KAL_KAR,15-01-2026,1.24,4.24,UNAVAILABLE,synthetic planned availability window,HIGH,FALSE,TRUE
AV04557,SEC_CHI_SHI,20-02-2026,9.52,11.50,RESTRICTED,synthetic planned availability window,MEDIUM,FALSE,TRUE
AV04558,SEC_KAR_KHA,03-01-2026,21.26,23.21,RESTRICTED,synthetic planned availability window,LOW,FALSE,TRUE
AV04559,SEC_KAL_KAR,27-01-2026,8.18,9.25,RESTRICTED,synthetic planned availability window,HIGH,TRUE,TRUE
AV04560,SEC_KAR_KHA,30-01-2026,17.08,18.33,UNAVAILABLE,synthetic planned availability window,LOW,TRUE,TRUE
AV04561,SEC_DAD_THA,13-03-2026,4.31,6.39,UNAVAILABLE,synthetic planned availability window,LOW,TRUE,TRUE
AV04562,SEC_KAL_KAR,14-02-2026,20.57,23.25,UNAVAILABLE,synthetic planned availability window,HIGH,TRUE,TRUE
AV04563,SEC_KHA_LON,31-03-2026,4.44,7.36,AVAILABLE,synthetic planned availability window,MEDIUM,TRUE,TRUE
AV04564,SEC_LON_TAL,15-03-2026,21.48,23.59,RESTRICTED,synthetic planned availability window,MEDIUM,TRUE,TRUE
AV04565,SEC_TAL_CHI,26-01-2026,10.58,12.12,UNAVAILABLE,synthetic planned availability window,HIGH,TRUE,TRUE
AV04566,SEC_CHI_SHI,15-01-2026,0.10,2.39,RESTRICTED,synthetic planned availability window,HIGH,TRUE,TRUE
AV04567,SEC_KAL_KAR,28-01-2026,6.33,7.38,UNAVAILABLE,synthetic planned availability window,HIGH,FALSE,TRUE
AV04568,SEC_THA_KAL,06-01-2026,15.46,18.10,AVAILABLE,synthetic planned availability window,HIGH,FALSE,TRUE
AV04569,SEC_SHI_PUN,30-03-2026,4.42,7.30,RESTRICTED,synthetic planned availability window,HIGH,TRUE,TRUE
AV04570,SEC_MUM_DAD,14-01-2026,16.10,17.36,UNAVAILABLE,synthetic planned availability window,LOW,TRUE,TRUE
AV04571,SEC_THA_KAL,26-02-2026,9.45,12.35,AVAILABLE,synthetic planned availability window,LOW,FALSE,TRUE
AV04572,SEC_KAR_KHA,20-01-2026,14.41,17.24,RESTRICTED,synthetic planned availability window,LOW,TRUE,TRUE
AV04573,SEC_CHI_SHI,04-01-2026,7.37,10.21,UNAVAILABLE,synthetic planned availability window,LOW,TRUE,TRUE
AV04574,SEC_KAR_KHA,22-02-2026,11.02,13.50,AVAILABLE,synthetic planned availability window,MEDIUM,TRUE,TRUE
AV04575,SEC_MUM_DAD,05-02-2026,13.49,15.23,UNAVAILABLE,synthetic planned availability window,HIGH,TRUE,TRUE
AV04576,SEC_THA_KAL,15-02-2026,8.21,11.17,AVAILABLE,synthetic planned availability window,MEDIUM,FALSE,TRUE
AV04577,SEC_CHI_SHI,02-01-2026,11.24,13.55,UNAVAILABLE,synthetic planned availability window,LOW,TRUE,TRUE
AV04578,SEC_MUM_DAD,01-01-2026,4.17,6.33,AVAILABLE,synthetic planned availability window,MEDIUM,TRUE,TRUE
AV04579,SEC_SHI_PUN,05-03-2026,21.10,23.31,AVAILABLE,synthetic planned availability window,MEDIUM,TRUE,TRUE
AV04580,SEC_SHI_PUN,14-02-2026,5.21,7.13,UNAVAILABLE,synthetic planned availability window,MEDIUM,TRUE,TRUE
AV04581,SEC_THA_KAL,07-02-2026,16.48,18.12,RESTRICTED,synthetic planned availability window,HIGH,TRUE,TRUE
AV04582,SEC_CHI_SHI,30-03-2026,0.24,2.50,UNAVAILABLE,synthetic planned availability window,MEDIUM,TRUE,TRUE
AV04583,SEC_KAL_KAR,10-02-2026,21.24,23.19,RESTRICTED,synthetic planned availability window,MEDIUM,FALSE,TRUE
AV04584,SEC_KAL_KAR,17-01-2026,21.58,23.41,AVAILABLE,synthetic planned availability window,HIGH,TRUE,TRUE
AV04585,SEC_THA_KAL,31-03-2026,3.55,5.19,UNAVAILABLE,synthetic planned availability window,LOW,FALSE,TRUE
AV04586,SEC_SHI_PUN,27-01-2026,3.02,5.12,AVAILABLE,synthetic planned availability window,HIGH,TRUE,TRUE
AV04587,SEC_SHI_PUN,24-03-2026,7.35,9.49,UNAVAILABLE,synthetic planned availability window,LOW,TRUE,TRUE
AV04588,SEC_KHA_LON,11-01-2026,4.55,5.56,UNAVAILABLE,synthetic planned availability window,MEDIUM,FALSE,TRUE
AV04589,SEC_THA_KAL,17-01-2026,7.00,8.13,AVAILABLE,synthetic planned availability window,LOW,TRUE,TRUE
AV04590,SEC_DAD_THA,26-03-2026,11.59,13.30,RESTRICTED,synthetic planned availability window,LOW,TRUE,TRUE
AV04591,SEC_MUM_DAD,11-02-2026,16.41,18.15,UNAVAILABLE,synthetic planned availability window,HIGH,FALSE,TRUE
AV04592,SEC_SHI_PUN,29-03-2026,9.45,12.32,RESTRICTED,synthetic planned availability window,MEDIUM,TRUE,TRUE
AV04593,SEC_DAD_THA,11-01-2026,21.46,23.59,AVAILABLE,synthetic planned availability window,MEDIUM,TRUE,TRUE
AV04594,SEC_DAD_THA,19-02-2026,4.43,6.53,UNAVAILABLE,synthetic planned availability window,HIGH,TRUE,TRUE
AV04595,SEC_TAL_CHI,01-02-2026,6.15,9.04,RESTRICTED,synthetic planned availability window,LOW,TRUE,TRUE
AV04596,SEC_KHA_LON,16-01-2026,0.26,1.44,AVAILABLE,synthetic planned availability window,LOW,FALSE,TRUE
AV04597,SEC_LON_TAL,16-01-2026,11.26,14.24,UNAVAILABLE,synthetic planned availability window,LOW,FALSE,TRUE
AV04598,SEC_LON_TAL,18-01-2026,15.11,16.58,AVAILABLE,synthetic planned availability window,MEDIUM,TRUE,TRUE
AV04599,SEC_LON_TAL,24-02-2026,4.09,5.56,AVAILABLE,synthetic planned availability window,MEDIUM,TRUE,TRUE
AV04600,SEC_SHI_PUN,31-01-2026,1.31,4.22,UNAVAILABLE,synthetic planned availability window,HIGH,FALSE,TRUE
AV04601,SEC_LON_TAL,10-01-2026,11.54,13.13,UNAVAILABLE,synthetic planned availability window,HIGH,TRUE,TRUE
AV04602,SEC_DAD_THA,09-02-2026,1.03,2.49,UNAVAILABLE,synthetic planned availability window,LOW,TRUE,TRUE
AV04603,SEC_DAD_THA,22-02-2026,5.05,8.04,AVAILABLE,synthetic planned availability window,HIGH,TRUE,TRUE
AV04604,SEC_CHI_SHI,25-02-2026,12.21,13.58,RESTRICTED,synthetic planned availability window,MEDIUM,TRUE,TRUE
AV04605,SEC_THA_KAL,19-02-2026,6.09,8.05,RESTRICTED,synthetic planned availability window,LOW,TRUE,TRUE
AV04606,SEC_DAD_THA,12-02-2026,9.33,11.12,AVAILABLE,synthetic planned availability window,HIGH,TRUE,TRUE
AV04607,SEC_KAR_KHA,18-02-2026,13.38,15.36,RESTRICTED,synthetic planned availability window,MEDIUM,FALSE,TRUE
AV04608,SEC_TAL_CHI,29-03-2026,0.23,2.57,AVAILABLE,synthetic planned availability window,MEDIUM,FALSE,TRUE
AV04609,SEC_LON_TAL,25-01-2026,12.26,14.39,UNAVAILABLE,synthetic planned availability window,LOW,TRUE,TRUE
AV04610,SEC_LON_TAL,07-01-2026,15.38,18.21,UNAVAILABLE,synthetic planned availability window,LOW,TRUE,TRUE
AV04611,SEC_TAL_CHI,27-03-2026,9.31,12.05,AVAILABLE,synthetic planned availability window,MEDIUM,TRUE,TRUE
AV04612,SEC_DAD_THA,05-01-2026,11.46,13.22,AVAILABLE,synthetic planned availability window,MEDIUM,FALSE,TRUE
AV04613,SEC_LON_TAL,21-03-2026,6.03,7.08,AVAILABLE,synthetic planned availability window,LOW,FALSE,TRUE
AV04614,SEC_LON_TAL,14-01-2026,8.22,10.11,AVAILABLE,synthetic planned availability window,MEDIUM,TRUE,TRUE
AV04615,SEC_DAD_THA,15-02-2026,21.08,23.40,AVAILABLE,synthetic planned availability window,HIGH,TRUE,TRUE
AV04616,SEC_DAD_THA,26-02-2026,14.40,17.04,UNAVAILABLE,synthetic planned availability window,LOW,TRUE,TRUE
AV04617,SEC_MUM_DAD,14-03-2026,0.08,1.14,AVAILABLE,synthetic planned availability window,HIGH,FALSE,TRUE
AV04618,SEC_KAR_KHA,07-03-2026,2.56,5.20,UNAVAILABLE,synthetic planned availability window,LOW,TRUE,TRUE
AV04619,SEC_TAL_CHI,05-01-2026,2.00,4.53,UNAVAILABLE,synthetic planned availability window,MEDIUM,TRUE,TRUE
AV04620,SEC_MUM_DAD,08-02-2026,19.08,20.33,AVAILABLE,synthetic planned availability window,LOW,FALSE,TRUE
AV04621,SEC_TAL_CHI,17-03-2026,2.01,3.23,RESTRICTED,synthetic planned availability window,MEDIUM,TRUE,TRUE
AV04622,SEC_MUM_DAD,26-02-2026,13.51,15.47,UNAVAILABLE,synthetic planned availability window,MEDIUM,TRUE,TRUE
AV04623,SEC_SHI_PUN,12-03-2026,5.17,6.29,UNAVAILABLE,synthetic planned availability window,MEDIUM,TRUE,TRUE
AV04624,SEC_CHI_SHI,07-02-2026,3.09,5.07,UNAVAILABLE,synthetic planned availability window,HIGH,FALSE,TRUE
AV04625,SEC_CHI_SHI,22-02-2026,4.19,6.17,UNAVAILABLE,synthetic planned availability window,LOW,TRUE,TRUE
AV04626,SEC_TAL_CHI,04-03-2026,5.35,7.48,AVAILABLE,synthetic planned availability window,LOW,TRUE,TRUE
AV04627,SEC_LON_TAL,03-01-2026,11.02,12.10,UNAVAILABLE,synthetic planned availability window,MEDIUM,FALSE,TRUE
AV04628,SEC_TAL_CHI,07-03-2026,15.01,17.11,UNAVAILABLE,synthetic planned availability window,MEDIUM,FALSE,TRUE
AV04629,SEC_DAD_THA,31-03-2026,13.47,14.59,RESTRICTED,synthetic planned availability window,HIGH,TRUE,TRUE
AV04630,SEC_DAD_THA,24-03-2026,6.41,8.47,RESTRICTED,synthetic planned availability window,HIGH,TRUE,TRUE
AV04631,SEC_SHI_PUN,26-01-2026,8.33,11.12,UNAVAILABLE,synthetic planned availability window,LOW,TRUE,TRUE
AV04632,SEC_KAR_KHA,26-03-2026,5.07,7.43,RESTRICTED,synthetic planned availability window,MEDIUM,FALSE,TRUE
AV04633,SEC_KAR_KHA,08-03-2026,12.17,13.54,AVAILABLE,synthetic planned availability window,LOW,TRUE,TRUE
AV04634,SEC_KAR_KHA,13-01-2026,8.06,9.36,UNAVAILABLE,synthetic planned availability window,MEDIUM,TRUE,TRUE
AV04635,SEC_DAD_THA,10-01-2026,0.56,2.13,AVAILABLE,synthetic planned availability window,MEDIUM,TRUE,TRUE
AV04636,SEC_TAL_CHI,14-01-2026,18.45,20.26,RESTRICTED,synthetic planned availability window,MEDIUM,FALSE,TRUE
AV04637,SEC_DAD_THA,30-03-2026,18.27,19.47,UNAVAILABLE,synthetic planned availability window,MEDIUM,TRUE,TRUE
AV04638,SEC_MUM_DAD,16-02-2026,11.28,13.29,UNAVAILABLE,synthetic planned availability window,LOW,TRUE,TRUE
AV04639,SEC_SHI_PUN,16-02-2026,7.36,10.28,UNAVAILABLE,synthetic planned availability window,HIGH,TRUE,TRUE
AV04640,SEC_KAR_KHA,25-01-2026,7.13,8.23,UNAVAILABLE,synthetic planned availability window,LOW,TRUE,TRUE
AV04641,SEC_TAL_CHI,24-02-2026,7.18,10.00,RESTRICTED,synthetic planned availability window,MEDIUM,TRUE,TRUE
AV04642,SEC_LON_TAL,14-02-2026,1.02,2.08,RESTRICTED,synthetic planned availability window,HIGH,TRUE,TRUE
AV04643,SEC_SHI_PUN,21-01-2026,1.11,3.50,AVAILABLE,synthetic planned availability window,LOW,FALSE,TRUE
AV04644,SEC_CHI_SHI,22-03-2026,14.33,15.53,AVAILABLE,synthetic planned availability window,HIGH,TRUE,TRUE
AV04645,SEC_TAL_CHI,01-01-2026,12.14,15.04,AVAILABLE,synthetic planned availability window,MEDIUM,TRUE,TRUE
AV04646,SEC_CHI_SHI,02-02-2026,14.34,17.03,RESTRICTED,synthetic planned availability window,LOW,TRUE,TRUE
AV04647,SEC_TAL_CHI,19-02-2026,10.02,12.09,UNAVAILABLE,synthetic planned availability window,MEDIUM,TRUE,TRUE
AV04648,SEC_KHA_LON,15-02-2026,12.42,15.13,RESTRICTED,synthetic planned availability window,MEDIUM,TRUE,TRUE
AV04649,SEC_TAL_CHI,19-02-2026,2.11,3.31,UNAVAILABLE,synthetic planned availability window,MEDIUM,FALSE,TRUE
AV04650,SEC_THA_KAL,05-03-2026,14.08,17.03,RESTRICTED,synthetic planned availability window,LOW,TRUE,TRUE
AV04651,SEC_MUM_DAD,29-01-2026,0.12,2.56,UNAVAILABLE,synthetic planned availability window,HIGH,TRUE,TRUE
AV04652,SEC_KHA_LON,18-02-2026,17.57,20.14,UNAVAILABLE,synthetic planned availability window,MEDIUM,TRUE,TRUE
AV04653,SEC_SHI_PUN,12-01-2026,6.41,7.57,UNAVAILABLE,synthetic planned availability window,HIGH,TRUE,TRUE
AV04654,SEC_THA_KAL,27-03-2026,13.58,16.48,UNAVAILABLE,synthetic planned availability window,HIGH,TRUE,TRUE
AV04655,SEC_MUM_DAD,25-02-2026,20.00,21.26,RESTRICTED,synthetic planned availability window,HIGH,TRUE,TRUE
AV04656,SEC_KHA_LON,26-03-2026,10.36,13.11,UNAVAILABLE,synthetic planned availability window,HIGH,TRUE,TRUE
AV04657,SEC_CHI_SHI,12-03-2026,2.39,5.31,UNAVAILABLE,synthetic planned availability window,LOW,FALSE,TRUE
AV04658,SEC_DAD_THA,11-01-2026,13.14,15.24,UNAVAILABLE,synthetic planned availability window,LOW,TRUE,TRUE
AV04659,SEC_MUM_DAD,31-01-2026,7.00,9.28,AVAILABLE,synthetic planned availability window,MEDIUM,TRUE,TRUE
AV04660,SEC_THA_KAL,19-01-2026,16.09,18.22,UNAVAILABLE,synthetic planned availability window,HIGH,FALSE,TRUE
AV04661,SEC_KHA_LON,07-03-2026,5.14,8.05,RESTRICTED,synthetic planned availability window,MEDIUM,TRUE,TRUE
AV04662,SEC_CHI_SHI,08-02-2026,19.27,21.09,AVAILABLE,synthetic planned availability window,HIGH,FALSE,TRUE
AV04663,SEC_THA_KAL,11-01-2026,16.22,18.40,RESTRICTED,synthetic planned availability window,LOW,TRUE,TRUE
AV04664,SEC_LON_TAL,14-01-2026,12.19,13.57,AVAILABLE,synthetic planned availability window,MEDIUM,TRUE,TRUE
AV04665,SEC_KAL_KAR,25-03-2026,2.43,5.11,AVAILABLE,synthetic planned availability window,MEDIUM,FALSE,TRUE
AV04666,SEC_SHI_PUN,04-03-2026,1.52,3.53,RESTRICTED,synthetic planned availability window,LOW,TRUE,TRUE
AV04667,SEC_LON_TAL,08-01-2026,13.01,15.57,UNAVAILABLE,synthetic planned availability window,MEDIUM,TRUE,TRUE
AV04668,SEC_KHA_LON,15-03-2026,8.26,10.06,RESTRICTED,synthetic planned availability window,LOW,FALSE,TRUE
AV04669,SEC_LON_TAL,01-02-2026,16.36,19.33,RESTRICTED,synthetic planned availability window,HIGH,FALSE,TRUE
AV04670,SEC_LON_TAL,07-02-2026,2.33,5.02,AVAILABLE,synthetic planned availability window,LOW,TRUE,TRUE
AV04671,SEC_DAD_THA,18-03-2026,15.26,16.41,UNAVAILABLE,synthetic planned availability window,LOW,TRUE,TRUE
AV04672,SEC_TAL_CHI,21-01-2026,14.28,17.02,UNAVAILABLE,synthetic planned availability window,LOW,TRUE,TRUE
AV04673,SEC_LON_TAL,12-03-2026,20.33,23.29,AVAILABLE,synthetic planned availability window,MEDIUM,FALSE,TRUE
AV04674,SEC_DAD_THA,26-03-2026,16.15,18.46,RESTRICTED,synthetic planned availability window,LOW,TRUE,TRUE
AV04675,SEC_KAR_KHA,31-03-2026,21.34,23.15,RESTRICTED,synthetic planned availability window,LOW,FALSE,TRUE
AV04676,SEC_THA_KAL,27-02-2026,10.47,12.35,RESTRICTED,synthetic planned availability window,LOW,TRUE,TRUE
AV04677,SEC_TAL_CHI,06-02-2026,17.37,18.41,AVAILABLE,synthetic planned availability window,LOW,TRUE,TRUE
AV04678,SEC_KAL_KAR,19-01-2026,1.31,4.25,AVAILABLE,synthetic planned availability window,HIGH,TRUE,TRUE
AV04679,SEC_CHI_SHI,02-02-2026,20.59,22.22,RESTRICTED,synthetic planned availability window,MEDIUM,FALSE,TRUE
AV04680,SEC_DAD_THA,01-02-2026,18.45,19.45,UNAVAILABLE,synthetic planned availability window,MEDIUM,FALSE,TRUE
AV04681,SEC_DAD_THA,19-03-2026,0.10,2.19,RESTRICTED,synthetic planned availability window,MEDIUM,TRUE,TRUE
AV04682,SEC_LON_TAL,20-03-2026,18.18,19.46,UNAVAILABLE,synthetic planned availability window,LOW,TRUE,TRUE
AV04683,SEC_CHI_SHI,28-01-2026,17.44,20.04,AVAILABLE,synthetic planned availability window,HIGH,TRUE,TRUE
AV04684,SEC_KHA_LON,25-03-2026,9.53,11.46,UNAVAILABLE,synthetic planned availability window,HIGH,TRUE,TRUE
AV04685,SEC_SHI_PUN,26-02-2026,19.46,22.43,AVAILABLE,synthetic planned availability window,MEDIUM,TRUE,TRUE
AV04686,SEC_LON_TAL,26-02-2026,10.41,11.52,RESTRICTED,synthetic planned availability window,MEDIUM,FALSE,TRUE
AV04687,SEC_KAL_KAR,01-02-2026,21.06,23.48,UNAVAILABLE,synthetic planned availability window,MEDIUM,TRUE,TRUE
AV04688,SEC_THA_KAL,22-02-2026,7.26,8.38,AVAILABLE,synthetic planned availability window,HIGH,TRUE,TRUE
AV04689,SEC_DAD_THA,25-02-2026,12.37,13.43,AVAILABLE,synthetic planned availability window,MEDIUM,TRUE,TRUE
AV04690,SEC_KHA_LON,08-03-2026,16.47,19.40,UNAVAILABLE,synthetic planned availability window,LOW,TRUE,TRUE
AV04691,SEC_THA_KAL,08-02-2026,13.14,15.06,UNAVAILABLE,synthetic planned availability window,LOW,TRUE,TRUE
AV04692,SEC_CHI_SHI,13-02-2026,4.09,5.50,UNAVAILABLE,synthetic planned availability window,HIGH,FALSE,TRUE
AV04693,SEC_KAR_KHA,28-01-2026,18.25,20.03,UNAVAILABLE,synthetic planned availability window,MEDIUM,FALSE,TRUE
AV04694,SEC_CHI_SHI,14-01-2026,4.08,6.06,UNAVAILABLE,synthetic planned availability window,LOW,TRUE,TRUE
AV04695,SEC_KAL_KAR,27-01-2026,2.39,4.47,UNAVAILABLE,synthetic planned availability window,MEDIUM,TRUE,TRUE
AV04696,SEC_MUM_DAD,27-02-2026,12.07,14.31,AVAILABLE,synthetic planned availability window,MEDIUM,TRUE,TRUE
AV04697,SEC_LON_TAL,30-01-2026,21.26,23.59,UNAVAILABLE,synthetic planned availability window,HIGH,TRUE,TRUE
AV04698,SEC_KAL_KAR,12-03-2026,11.51,13.34,RESTRICTED,synthetic planned availability window,MEDIUM,TRUE,TRUE
AV04699,SEC_MUM_DAD,02-01-2026,9.26,12.21,RESTRICTED,synthetic planned availability window,MEDIUM,FALSE,TRUE
AV04700,SEC_MUM_DAD,09-02-2026,20.28,22.34,RESTRICTED,synthetic planned availability window,LOW,TRUE,TRUE
AV04701,SEC_MUM_DAD,19-01-2026,7.45,10.32,AVAILABLE,synthetic planned availability window,MEDIUM,TRUE,TRUE
AV04702,SEC_SHI_PUN,05-03-2026,5.19,7.42,RESTRICTED,synthetic planned availability window,MEDIUM,FALSE,TRUE
AV04703,SEC_KAR_KHA,20-03-2026,13.37,16.01,UNAVAILABLE,synthetic planned availability window,HIGH,FALSE,TRUE
AV04704,SEC_THA_KAL,22-02-2026,13.21,15.05,AVAILABLE,synthetic planned availability window,HIGH,TRUE,TRUE
AV04705,SEC_MUM_DAD,06-01-2026,5.27,7.35,UNAVAILABLE,synthetic planned availability window,MEDIUM,FALSE,TRUE
AV04706,SEC_DAD_THA,16-03-2026,20.52,23.26,UNAVAILABLE,synthetic planned availability window,LOW,FALSE,TRUE
AV04707,SEC_MUM_DAD,29-03-2026,4.37,6.47,UNAVAILABLE,synthetic planned availability window,LOW,TRUE,TRUE
AV04708,SEC_MUM_DAD,14-03-2026,7.27,10.24,RESTRICTED,synthetic planned availability window,LOW,TRUE,TRUE
AV04709,SEC_LON_TAL,08-01-2026,7.01,9.02,AVAILABLE,synthetic planned availability window,MEDIUM,FALSE,TRUE
AV04710,SEC_LON_TAL,05-01-2026,6.39,9.33,RESTRICTED,synthetic planned availability window,MEDIUM,FALSE,TRUE
AV04711,SEC_SHI_PUN,03-02-2026,2.57,5.57,RESTRICTED,synthetic planned availability window,HIGH,TRUE,TRUE
AV04712,SEC_LON_TAL,23-02-2026,18.15,20.11,UNAVAILABLE,synthetic planned availability window,MEDIUM,FALSE,TRUE
AV04713,SEC_SHI_PUN,01-03-2026,11.46,14.30,AVAILABLE,synthetic planned availability window,MEDIUM,FALSE,TRUE
AV04714,SEC_KHA_LON,28-01-2026,19.35,21.50,AVAILABLE,synthetic planned availability window,LOW,TRUE,TRUE
AV04715,SEC_SHI_PUN,28-02-2026,3.42,6.14,AVAILABLE,synthetic planned availability window,MEDIUM,TRUE,TRUE
AV04716,SEC_DAD_THA,30-03-2026,19.38,21.05,AVAILABLE,synthetic planned availability window,HIGH,TRUE,TRUE
AV04717,SEC_KAR_KHA,26-03-2026,9.20,10.53,AVAILABLE,synthetic planned availability window,HIGH,TRUE,TRUE
AV04718,SEC_KAR_KHA,22-01-2026,1.57,3.33,AVAILABLE,synthetic planned availability window,HIGH,TRUE,TRUE
AV04719,SEC_KAR_KHA,03-02-2026,8.43,11.16,RESTRICTED,synthetic planned availability window,MEDIUM,FALSE,TRUE
AV04720,SEC_KHA_LON,07-01-2026,21.28,23.42,UNAVAILABLE,synthetic planned availability window,MEDIUM,TRUE,TRUE
AV04721,SEC_KHA_LON,03-02-2026,13.01,15.53,AVAILABLE,synthetic planned availability window,HIGH,FALSE,TRUE
AV04722,SEC_KHA_LON,20-01-2026,7.45,9.07,RESTRICTED,synthetic planned availability window,LOW,TRUE,TRUE
AV04723,SEC_KAR_KHA,09-01-2026,20.06,22.59,UNAVAILABLE,synthetic planned availability window,HIGH,FALSE,TRUE
AV04724,SEC_THA_KAL,17-03-2026,16.22,19.06,UNAVAILABLE,synthetic planned availability window,MEDIUM,TRUE,TRUE
AV04725,SEC_DAD_THA,29-01-2026,17.32,20.26,RESTRICTED,synthetic planned availability window,HIGH,TRUE,TRUE
AV04726,SEC_LON_TAL,19-03-2026,19.23,20.29,UNAVAILABLE,synthetic planned availability window,HIGH,TRUE,TRUE
AV04727,SEC_CHI_SHI,31-03-2026,4.08,5.31,RESTRICTED,synthetic planned availability window,MEDIUM,FALSE,TRUE
AV04728,SEC_KAL_KAR,12-02-2026,13.41,16.07,UNAVAILABLE,synthetic planned availability window,HIGH,TRUE,TRUE
AV04729,SEC_THA_KAL,13-02-2026,0.53,3.21,RESTRICTED,synthetic planned availability window,MEDIUM,TRUE,TRUE
AV04730,SEC_DAD_THA,06-01-2026,0.44,2.22,RESTRICTED,synthetic planned availability window,LOW,TRUE,TRUE
AV04731,SEC_THA_KAL,18-02-2026,3.18,4.45,AVAILABLE,synthetic planned availability window,LOW,FALSE,TRUE
AV04732,SEC_DAD_THA,28-01-2026,19.56,22.29,AVAILABLE,synthetic planned availability window,MEDIUM,FALSE,TRUE
AV04733,SEC_LON_TAL,28-02-2026,17.32,18.33,UNAVAILABLE,synthetic planned availability window,HIGH,TRUE,TRUE
AV04734,SEC_LON_TAL,01-02-2026,15.32,16.35,UNAVAILABLE,synthetic planned availability window,LOW,TRUE,TRUE
AV04735,SEC_KHA_LON,22-03-2026,19.11,21.48,AVAILABLE,synthetic planned availability window,MEDIUM,TRUE,TRUE
AV04736,SEC_CHI_SHI,02-01-2026,16.59,19.19,AVAILABLE,synthetic planned availability window,LOW,TRUE,TRUE
AV04737,SEC_CHI_SHI,14-03-2026,16.24,18.13,AVAILABLE,synthetic planned availability window,HIGH,TRUE,TRUE
AV04738,SEC_KHA_LON,04-01-2026,10.02,12.39,AVAILABLE,synthetic planned availability window,MEDIUM,FALSE,TRUE
AV04739,SEC_MUM_DAD,31-03-2026,7.58,10.20,UNAVAILABLE,synthetic planned availability window,LOW,TRUE,TRUE
AV04740,SEC_SHI_PUN,20-03-2026,17.56,20.39,UNAVAILABLE,synthetic planned availability window,MEDIUM,TRUE,TRUE
AV04741,SEC_KHA_LON,21-03-2026,14.36,15.43,AVAILABLE,synthetic planned availability window,HIGH,FALSE,TRUE
AV04742,SEC_CHI_SHI,15-02-2026,15.53,17.40,AVAILABLE,synthetic planned availability window,MEDIUM,TRUE,TRUE
AV04743,SEC_DAD_THA,08-03-2026,7.26,8.36,AVAILABLE,synthetic planned availability window,HIGH,TRUE,TRUE
AV04744,SEC_CHI_SHI,06-01-2026,11.50,14.38,RESTRICTED,synthetic planned availability window,LOW,FALSE,TRUE
AV04745,SEC_KHA_LON,12-02-2026,9.32,10.45,RESTRICTED,synthetic planned availability window,HIGH,FALSE,TRUE
AV04746,SEC_DAD_THA,25-03-2026,1.11,2.35,UNAVAILABLE,synthetic planned availability window,MEDIUM,TRUE,TRUE
AV04747,SEC_KAR_KHA,26-01-2026,7.11,8.23,AVAILABLE,synthetic planned availability window,MEDIUM,TRUE,TRUE
AV04748,SEC_SHI_PUN,20-02-2026,16.08,18.47,AVAILABLE,synthetic planned availability window,MEDIUM,TRUE,TRUE
AV04749,SEC_MUM_DAD,04-02-2026,2.13,4.15,RESTRICTED,synthetic planned availability window,LOW,TRUE,TRUE
AV04750,SEC_KAL_KAR,04-03-2026,19.12,21.02,RESTRICTED,synthetic planned availability window,MEDIUM,TRUE,TRUE
AV04751,SEC_SHI_PUN,25-03-2026,4.29,6.41,AVAILABLE,synthetic planned availability window,HIGH,TRUE,TRUE
AV04752,SEC_SHI_PUN,03-01-2026,1.49,4.31,AVAILABLE,synthetic planned availability window,MEDIUM,TRUE,TRUE
AV04753,SEC_KAL_KAR,13-01-2026,15.34,17.07,AVAILABLE,synthetic planned availability window,LOW,TRUE,TRUE
AV04754,SEC_CHI_SHI,10-02-2026,10.11,13.02,RESTRICTED,synthetic planned availability window,MEDIUM,TRUE,TRUE
AV04755,SEC_THA_KAL,28-02-2026,6.51,9.22,UNAVAILABLE,synthetic planned availability window,LOW,FALSE,TRUE
AV04756,SEC_KAR_KHA,13-02-2026,16.36,18.07,AVAILABLE,synthetic planned availability window,HIGH,TRUE,TRUE
AV04757,SEC_DAD_THA,06-02-2026,4.16,6.22,RESTRICTED,synthetic planned availability window,HIGH,FALSE,TRUE
AV04758,SEC_DAD_THA,14-02-2026,16.35,18.36,RESTRICTED,synthetic planned availability window,MEDIUM,TRUE,TRUE
AV04759,SEC_THA_KAL,23-01-2026,19.12,21.02,UNAVAILABLE,synthetic planned availability window,MEDIUM,TRUE,TRUE
AV04760,SEC_TAL_CHI,06-03-2026,21.51,23.07,AVAILABLE,synthetic planned availability window,HIGH,TRUE,TRUE
AV04761,SEC_MUM_DAD,26-02-2026,10.57,11.58,AVAILABLE,synthetic planned availability window,HIGH,TRUE,TRUE
AV04762,SEC_KAL_KAR,27-01-2026,13.44,15.43,UNAVAILABLE,synthetic planned availability window,MEDIUM,FALSE,TRUE
AV04763,SEC_MUM_DAD,03-03-2026,1.41,4.22,UNAVAILABLE,synthetic planned availability window,MEDIUM,TRUE,TRUE
AV04764,SEC_THA_KAL,10-02-2026,17.43,20.26,UNAVAILABLE,synthetic planned availability window,MEDIUM,TRUE,TRUE
AV04765,SEC_CHI_SHI,22-03-2026,14.11,16.37,UNAVAILABLE,synthetic planned availability window,LOW,TRUE,TRUE
AV04766,SEC_LON_TAL,21-03-2026,7.28,9.11,RESTRICTED,synthetic planned availability window,HIGH,TRUE,TRUE
AV04767,SEC_KHA_LON,15-01-2026,19.27,20.49,RESTRICTED,synthetic planned availability window,HIGH,FALSE,TRUE
AV04768,SEC_SHI_PUN,09-01-2026,11.34,14.26,UNAVAILABLE,synthetic planned availability window,HIGH,TRUE,TRUE
AV04769,SEC_SHI_PUN,01-01-2026,10.28,13.26,RESTRICTED,synthetic planned availability window,HIGH,FALSE,TRUE
AV04770,SEC_KAR_KHA,25-02-2026,6.59,9.32,UNAVAILABLE,synthetic planned availability window,HIGH,FALSE,TRUE
AV04771,SEC_LON_TAL,13-02-2026,1.21,2.23,RESTRICTED,synthetic planned availability window,LOW,TRUE,TRUE
AV04772,SEC_MUM_DAD,07-01-2026,12.54,15.27,UNAVAILABLE,synthetic planned availability window,MEDIUM,TRUE,TRUE
AV04773,SEC_TAL_CHI,06-01-2026,9.13,11.33,RESTRICTED,synthetic planned availability window,HIGH,FALSE,TRUE
AV04774,SEC_DAD_THA,23-01-2026,9.47,11.19,AVAILABLE,synthetic planned availability window,HIGH,FALSE,TRUE
AV04775,SEC_SHI_PUN,03-02-2026,11.03,12.35,UNAVAILABLE,synthetic planned availability window,MEDIUM,TRUE,TRUE
AV04776,SEC_KAL_KAR,08-03-2026,6.20,9.09,RESTRICTED,synthetic planned availability window,MEDIUM,TRUE,TRUE
AV04777,SEC_LON_TAL,31-03-2026,16.23,19.22,RESTRICTED,synthetic planned availability window,LOW,TRUE,TRUE
AV04778,SEC_MUM_DAD,18-03-2026,16.41,17.54,UNAVAILABLE,synthetic planned availability window,MEDIUM,TRUE,TRUE
AV04779,SEC_LON_TAL,12-03-2026,12.39,14.49,UNAVAILABLE,synthetic planned availability window,HIGH,TRUE,TRUE
AV04780,SEC_DAD_THA,05-02-2026,0.17,3.03,AVAILABLE,synthetic planned availability window,LOW,FALSE,TRUE
AV04781,SEC_DAD_THA,02-02-2026,20.17,21.19,UNAVAILABLE,synthetic planned availability window,LOW,TRUE,TRUE
AV04782,SEC_SHI_PUN,12-03-2026,3.31,6.19,UNAVAILABLE,synthetic planned availability window,MEDIUM,TRUE,TRUE
AV04783,SEC_MUM_DAD,20-03-2026,2.03,4.08,AVAILABLE,synthetic planned availability window,MEDIUM,FALSE,TRUE
AV04784,SEC_KAL_KAR,03-02-2026,0.32,1.46,AVAILABLE,synthetic planned availability window,LOW,TRUE,TRUE
AV04785,SEC_KHA_LON,11-02-2026,13.52,15.48,AVAILABLE,synthetic planned availability window,HIGH,TRUE,TRUE
AV04786,SEC_THA_KAL,10-03-2026,18.57,21.03,AVAILABLE,synthetic planned availability window,HIGH,FALSE,TRUE
AV04787,SEC_KAR_KHA,05-03-2026,5.18,8.16,UNAVAILABLE,synthetic planned availability window,LOW,FALSE,TRUE
AV04788,SEC_KAR_KHA,27-03-2026,16.05,18.24,RESTRICTED,synthetic planned availability window,LOW,TRUE,TRUE
AV04789,SEC_CHI_SHI,09-02-2026,6.34,7.48,RESTRICTED,synthetic planned availability window,HIGH,TRUE,TRUE
AV04790,SEC_THA_KAL,29-01-2026,18.29,20.03,UNAVAILABLE,synthetic planned availability window,MEDIUM,TRUE,TRUE
AV04791,SEC_KAR_KHA,11-01-2026,11.30,13.34,UNAVAILABLE,synthetic planned availability window,HIGH,TRUE,TRUE
AV04792,SEC_TAL_CHI,03-01-2026,19.28,21.45,UNAVAILABLE,synthetic planned availability window,LOW,FALSE,TRUE
AV04793,SEC_KHA_LON,20-02-2026,2.47,4.17,RESTRICTED,synthetic planned availability window,HIGH,TRUE,TRUE
AV04794,SEC_THA_KAL,13-03-2026,11.46,14.21,UNAVAILABLE,synthetic planned availability window,LOW,FALSE,TRUE
AV04795,SEC_KHA_LON,04-01-2026,11.17,13.51,RESTRICTED,synthetic planned availability window,MEDIUM,FALSE,TRUE
AV04796,SEC_SHI_PUN,17-02-2026,10.10,12.43,UNAVAILABLE,synthetic planned availability window,MEDIUM,TRUE,TRUE
AV04797,SEC_CHI_SHI,26-02-2026,0.58,2.18,RESTRICTED,synthetic planned availability window,HIGH,TRUE,TRUE
AV04798,SEC_DAD_THA,11-01-2026,1.06,3.15,UNAVAILABLE,synthetic planned availability window,LOW,FALSE,TRUE
AV04799,SEC_CHI_SHI,06-01-2026,6.57,8.18,UNAVAILABLE,synthetic planned availability window,MEDIUM,FALSE,TRUE
AV04800,SEC_KHA_LON,03-03-2026,17.21,19.42,RESTRICTED,synthetic planned availability window,LOW,FALSE,TRUE
AV04801,SEC_CHI_SHI,03-01-2026,10.52,13.04,AVAILABLE,synthetic planned availability window,MEDIUM,FALSE,TRUE
AV04802,SEC_SHI_PUN,01-03-2026,20.48,22.54,RESTRICTED,synthetic planned availability window,HIGH,TRUE,TRUE
AV04803,SEC_TAL_CHI,28-01-2026,9.16,11.39,RESTRICTED,synthetic planned availability window,MEDIUM,FALSE,TRUE
AV04804,SEC_LON_TAL,17-03-2026,11.38,12.38,RESTRICTED,synthetic planned availability window,HIGH,TRUE,TRUE
AV04805,SEC_KHA_LON,09-02-2026,9.10,11.21,AVAILABLE,synthetic planned availability window,LOW,TRUE,TRUE
AV04806,SEC_DAD_THA,15-01-2026,16.50,19.39,RESTRICTED,synthetic planned availability window,MEDIUM,TRUE,TRUE
AV04807,SEC_SHI_PUN,11-03-2026,9.18,10.34,UNAVAILABLE,synthetic planned availability window,LOW,TRUE,TRUE
AV04808,SEC_TAL_CHI,04-03-2026,9.01,10.10,AVAILABLE,synthetic planned availability window,MEDIUM,TRUE,TRUE
AV04809,SEC_CHI_SHI,14-01-2026,20.04,22.01,AVAILABLE,synthetic planned availability window,MEDIUM,FALSE,TRUE
AV04810,SEC_THA_KAL,10-01-2026,1.33,2.58,UNAVAILABLE,synthetic planned availability window,HIGH,FALSE,TRUE
AV04811,SEC_KAL_KAR,24-01-2026,16.54,19.50,RESTRICTED,synthetic planned availability window,LOW,FALSE,TRUE
AV04812,SEC_TAL_CHI,01-01-2026,8.21,10.54,UNAVAILABLE,synthetic planned availability window,MEDIUM,FALSE,TRUE
AV04813,SEC_KAL_KAR,27-01-2026,5.19,8.13,RESTRICTED,synthetic planned availability window,MEDIUM,TRUE,TRUE
AV04814,SEC_DAD_THA,18-01-2026,9.03,11.29,RESTRICTED,synthetic planned availability window,HIGH,TRUE,TRUE
AV04815,SEC_TAL_CHI,02-03-2026,3.44,5.30,AVAILABLE,synthetic planned availability window,HIGH,TRUE,TRUE
AV04816,SEC_SHI_PUN,21-02-2026,4.48,6.09,UNAVAILABLE,synthetic planned availability window,MEDIUM,TRUE,TRUE
AV04817,SEC_KAL_KAR,01-01-2026,13.39,15.51,RESTRICTED,synthetic planned availability window,MEDIUM,FALSE,TRUE
AV04818,SEC_DAD_THA,20-01-2026,4.27,6.28,RESTRICTED,synthetic planned availability window,HIGH,TRUE,TRUE
AV04819,SEC_SHI_PUN,08-01-2026,13.03,15.46,RESTRICTED,synthetic planned availability window,LOW,FALSE,TRUE
AV04820,SEC_LON_TAL,14-01-2026,17.32,20.21,UNAVAILABLE,synthetic planned availability window,HIGH,TRUE,TRUE
AV04821,SEC_TAL_CHI,06-01-2026,20.16,23.03,RESTRICTED,synthetic planned availability window,HIGH,TRUE,TRUE
AV04822,SEC_TAL_CHI,28-02-2026,16.43,19.27,RESTRICTED,synthetic planned availability window,LOW,TRUE,TRUE
AV04823,SEC_MUM_DAD,28-02-2026,0.12,1.15,RESTRICTED,synthetic planned availability window,HIGH,TRUE,TRUE
AV04824,SEC_LON_TAL,02-03-2026,9.46,10.57,UNAVAILABLE,synthetic planned availability window,MEDIUM,TRUE,TRUE
AV04825,SEC_KAR_KHA,27-03-2026,8.09,9.48,UNAVAILABLE,synthetic planned availability window,LOW,FALSE,TRUE
AV04826,SEC_THA_KAL,12-01-2026,2.40,4.30,AVAILABLE,synthetic planned availability window,LOW,TRUE,TRUE
AV04827,SEC_SHI_PUN,22-02-2026,6.09,8.30,AVAILABLE,synthetic planned availability window,HIGH,TRUE,TRUE
AV04828,SEC_DAD_THA,25-01-2026,15.19,17.53,UNAVAILABLE,synthetic planned availability window,LOW,TRUE,TRUE
AV04829,SEC_TAL_CHI,19-03-2026,7.36,9.48,RESTRICTED,synthetic planned availability window,LOW,TRUE,TRUE
AV04830,SEC_MUM_DAD,11-02-2026,10.45,11.48,AVAILABLE,synthetic planned availability window,LOW,FALSE,TRUE
AV04831,SEC_DAD_THA,06-02-2026,18.43,20.17,AVAILABLE,synthetic planned availability window,LOW,TRUE,TRUE
AV04832,SEC_MUM_DAD,23-03-2026,7.39,8.46,AVAILABLE,synthetic planned availability window,LOW,TRUE,TRUE
AV04833,SEC_DAD_THA,01-01-2026,5.13,7.45,UNAVAILABLE,synthetic planned availability window,LOW,FALSE,TRUE
AV04834,SEC_KAR_KHA,07-02-2026,4.49,6.48,AVAILABLE,synthetic planned availability window,HIGH,TRUE,TRUE
AV04835,SEC_TAL_CHI,01-01-2026,10.12,11.31,AVAILABLE,synthetic planned availability window,MEDIUM,TRUE,TRUE
AV04836,SEC_THA_KAL,24-03-2026,15.04,16.29,UNAVAILABLE,synthetic planned availability window,LOW,TRUE,TRUE
AV04837,SEC_TAL_CHI,04-01-2026,11.40,12.57,RESTRICTED,synthetic planned availability window,MEDIUM,TRUE,TRUE
AV04838,SEC_THA_KAL,17-01-2026,4.21,7.13,RESTRICTED,synthetic planned availability window,HIGH,TRUE,TRUE
AV04839,SEC_KAL_KAR,31-03-2026,21.46,23.47,UNAVAILABLE,synthetic planned availability window,LOW,TRUE,TRUE
AV04840,SEC_THA_KAL,20-03-2026,14.33,16.34,UNAVAILABLE,synthetic planned availability window,LOW,TRUE,TRUE
AV04841,SEC_TAL_CHI,19-03-2026,16.18,19.14,UNAVAILABLE,synthetic planned availability window,HIGH,TRUE,TRUE
AV04842,SEC_TAL_CHI,02-02-2026,7.23,10.15,UNAVAILABLE,synthetic planned availability window,HIGH,TRUE,TRUE
AV04843,SEC_CHI_SHI,06-01-2026,1.30,2.56,UNAVAILABLE,synthetic planned availability window,HIGH,TRUE,TRUE
AV04844,SEC_SHI_PUN,22-01-2026,1.49,4.11,UNAVAILABLE,synthetic planned availability window,LOW,FALSE,TRUE
AV04845,SEC_SHI_PUN,18-02-2026,11.26,13.39,AVAILABLE,synthetic planned availability window,MEDIUM,TRUE,TRUE
AV04846,SEC_CHI_SHI,12-01-2026,6.35,9.05,RESTRICTED,synthetic planned availability window,HIGH,TRUE,TRUE
AV04847,SEC_SHI_PUN,05-02-2026,10.43,12.20,UNAVAILABLE,synthetic planned availability window,LOW,FALSE,TRUE
AV04848,SEC_KAR_KHA,30-01-2026,4.07,5.43,RESTRICTED,synthetic planned availability window,HIGH,FALSE,TRUE
AV04849,SEC_SHI_PUN,18-01-2026,6.15,8.00,UNAVAILABLE,synthetic planned availability window,LOW,TRUE,TRUE
AV04850,SEC_KAL_KAR,20-03-2026,0.07,2.49,RESTRICTED,synthetic planned availability window,LOW,TRUE,TRUE
AV04851,SEC_TAL_CHI,17-02-2026,21.36,22.57,RESTRICTED,synthetic planned availability window,MEDIUM,TRUE,TRUE
AV04852,SEC_MUM_DAD,19-02-2026,21.23,22.45,RESTRICTED,synthetic planned availability window,LOW,FALSE,TRUE
AV04853,SEC_MUM_DAD,10-03-2026,15.38,18.17,UNAVAILABLE,synthetic planned availability window,HIGH,TRUE,TRUE
AV04854,SEC_KHA_LON,28-02-2026,14.24,15.58,RESTRICTED,synthetic planned availability window,HIGH,TRUE,TRUE
AV04855,SEC_MUM_DAD,02-03-2026,18.07,19.54,RESTRICTED,synthetic planned availability window,LOW,TRUE,TRUE
AV04856,SEC_KAL_KAR,15-03-2026,7.13,9.13,AVAILABLE,synthetic planned availability window,HIGH,TRUE,TRUE
AV04857,SEC_KHA_LON,20-02-2026,9.28,12.05,RESTRICTED,synthetic planned availability window,MEDIUM,TRUE,TRUE
AV04858,SEC_MUM_DAD,05-03-2026,6.55,9.17,AVAILABLE,synthetic planned availability window,HIGH,FALSE,TRUE
AV04859,SEC_TAL_CHI,23-03-2026,1.52,3.56,RESTRICTED,synthetic planned availability window,HIGH,FALSE,TRUE
AV04860,SEC_THA_KAL,01-03-2026,12.12,13.36,RESTRICTED,synthetic planned availability window,MEDIUM,TRUE,TRUE
AV04861,SEC_DAD_THA,09-01-2026,20.04,22.27,RESTRICTED,synthetic planned availability window,HIGH,FALSE,TRUE
AV04862,SEC_LON_TAL,05-03-2026,13.30,14.33,AVAILABLE,synthetic planned availability window,MEDIUM,TRUE,TRUE
AV04863,SEC_TAL_CHI,31-03-2026,19.27,21.43,AVAILABLE,synthetic planned availability window,MEDIUM,FALSE,TRUE
AV04864,SEC_THA_KAL,20-02-2026,2.16,4.15,UNAVAILABLE,synthetic planned availability window,MEDIUM,FALSE,TRUE
AV04865,SEC_KAL_KAR,20-01-2026,2.21,4.24,AVAILABLE,synthetic planned availability window,LOW,TRUE,TRUE
AV04866,SEC_THA_KAL,12-03-2026,0.21,2.08,RESTRICTED,synthetic planned availability window,HIGH,FALSE,TRUE
AV04867,SEC_MUM_DAD,22-02-2026,5.21,8.15,UNAVAILABLE,synthetic planned availability window,HIGH,FALSE,TRUE
AV04868,SEC_TAL_CHI,08-02-2026,8.49,11.30,RESTRICTED,synthetic planned availability window,MEDIUM,TRUE,TRUE
AV04869,SEC_KAL_KAR,18-01-2026,0.07,1.59,RESTRICTED,synthetic planned availability window,HIGH,TRUE,TRUE
AV04870,SEC_KAR_KHA,26-01-2026,11.12,13.45,RESTRICTED,synthetic planned availability window,MEDIUM,TRUE,TRUE
AV04871,SEC_KAR_KHA,05-03-2026,12.01,14.49,UNAVAILABLE,synthetic planned availability window,MEDIUM,FALSE,TRUE
AV04872,SEC_THA_KAL,11-02-2026,3.39,6.34,RESTRICTED,synthetic planned availability window,HIGH,TRUE,TRUE
AV04873,SEC_LON_TAL,08-03-2026,6.21,8.21,UNAVAILABLE,synthetic planned availability window,MEDIUM,FALSE,TRUE
AV04874,SEC_CHI_SHI,20-02-2026,9.17,12.10,RESTRICTED,synthetic planned availability window,LOW,TRUE,TRUE
AV04875,SEC_KAL_KAR,16-03-2026,18.28,20.52,RESTRICTED,synthetic planned availability window,LOW,FALSE,TRUE
AV04876,SEC_KAL_KAR,28-02-2026,12.46,14.07,AVAILABLE,synthetic planned availability window,LOW,TRUE,TRUE
AV04877,SEC_LON_TAL,23-01-2026,6.49,9.10,AVAILABLE,synthetic planned availability window,LOW,TRUE,TRUE
AV04878,SEC_DAD_THA,31-01-2026,14.32,15.56,UNAVAILABLE,synthetic planned availability window,HIGH,FALSE,TRUE
AV04879,SEC_KAR_KHA,12-01-2026,19.42,21.11,AVAILABLE,synthetic planned availability window,LOW,TRUE,TRUE
AV04880,SEC_TAL_CHI,01-03-2026,10.50,13.29,RESTRICTED,synthetic planned availability window,MEDIUM,FALSE,TRUE
AV04881,SEC_DAD_THA,20-03-2026,2.09,3.13,UNAVAILABLE,synthetic planned availability window,LOW,FALSE,TRUE
AV04882,SEC_DAD_THA,13-01-2026,4.03,5.03,RESTRICTED,synthetic planned availability window,MEDIUM,TRUE,TRUE
AV04883,SEC_SHI_PUN,15-02-2026,1.08,3.01,RESTRICTED,synthetic planned availability window,HIGH,TRUE,TRUE
AV04884,SEC_KAR_KHA,06-01-2026,15.13,17.20,RESTRICTED,synthetic planned availability window,HIGH,FALSE,TRUE
AV04885,SEC_CHI_SHI,20-02-2026,18.29,19.57,AVAILABLE,synthetic planned availability window,LOW,TRUE,TRUE
AV04886,SEC_KHA_LON,31-03-2026,21.44,23.59,AVAILABLE,synthetic planned availability window,LOW,TRUE,TRUE
AV04887,SEC_KAL_KAR,23-01-2026,10.35,13.16,UNAVAILABLE,synthetic planned availability window,MEDIUM,FALSE,TRUE
AV04888,SEC_KHA_LON,14-03-2026,19.33,21.29,AVAILABLE,synthetic planned availability window,LOW,TRUE,TRUE
AV04889,SEC_DAD_THA,23-01-2026,9.08,12.04,AVAILABLE,synthetic planned availability window,HIGH,TRUE,TRUE
AV04890,SEC_DAD_THA,22-01-2026,21.45,23.25,UNAVAILABLE,synthetic planned availability window,HIGH,TRUE,TRUE
AV04891,SEC_KHA_LON,01-02-2026,6.02,8.56,AVAILABLE,synthetic planned availability window,HIGH,TRUE,TRUE
AV04892,SEC_MUM_DAD,31-01-2026,14.19,17.01,UNAVAILABLE,synthetic planned availability window,MEDIUM,TRUE,TRUE
AV04893,SEC_KAR_KHA,01-01-2026,4.40,7.15,UNAVAILABLE,synthetic planned availability window,HIGH,TRUE,TRUE
AV04894,SEC_SHI_PUN,03-02-2026,14.07,15.48,UNAVAILABLE,synthetic planned availability window,LOW,TRUE,TRUE
AV04895,SEC_KHA_LON,22-03-2026,17.39,19.34,RESTRICTED,synthetic planned availability window,HIGH,TRUE,TRUE
AV04896,SEC_CHI_SHI,13-02-2026,2.42,5.26,RESTRICTED,synthetic planned availability window,HIGH,TRUE,TRUE
AV04897,SEC_KAR_KHA,15-03-2026,20.50,23.30,UNAVAILABLE,synthetic planned availability window,MEDIUM,TRUE,TRUE
AV04898,SEC_KAL_KAR,24-03-2026,17.44,19.21,RESTRICTED,synthetic planned availability window,MEDIUM,TRUE,TRUE
AV04899,SEC_THA_KAL,03-02-2026,7.05,8.54,RESTRICTED,synthetic planned availability window,LOW,TRUE,TRUE
AV04900,SEC_TAL_CHI,28-02-2026,20.18,22.13,AVAILABLE,synthetic planned availability window,LOW,FALSE,TRUE
AV04901,SEC_MUM_DAD,07-03-2026,19.30,20.40,UNAVAILABLE,synthetic planned availability window,LOW,FALSE,TRUE
AV04902,SEC_THA_KAL,26-01-2026,21.25,23.59,AVAILABLE,synthetic planned availability window,MEDIUM,TRUE,TRUE
AV04903,SEC_THA_KAL,16-02-2026,10.53,12.39,RESTRICTED,synthetic planned availability window,MEDIUM,FALSE,TRUE
AV04904,SEC_MUM_DAD,17-02-2026,11.36,13.46,UNAVAILABLE,synthetic planned availability window,LOW,FALSE,TRUE
AV04905,SEC_KAR_KHA,25-02-2026,11.00,12.52,UNAVAILABLE,synthetic planned availability window,LOW,FALSE,TRUE
AV04906,SEC_KAR_KHA,18-02-2026,18.21,20.44,RESTRICTED,synthetic planned availability window,HIGH,TRUE,TRUE
AV04907,SEC_KHA_LON,23-03-2026,19.03,21.52,RESTRICTED,synthetic planned availability window,MEDIUM,TRUE,TRUE
AV04908,SEC_KHA_LON,15-03-2026,11.28,12.36,AVAILABLE,synthetic planned availability window,MEDIUM,TRUE,TRUE
AV04909,SEC_KAR_KHA,15-03-2026,18.35,20.06,RESTRICTED,synthetic planned availability window,MEDIUM,FALSE,TRUE
AV04910,SEC_DAD_THA,22-02-2026,20.13,21.55,RESTRICTED,synthetic planned availability window,LOW,FALSE,TRUE
AV04911,SEC_MUM_DAD,12-02-2026,21.35,23.54,RESTRICTED,synthetic planned availability window,HIGH,TRUE,TRUE
AV04912,SEC_KHA_LON,07-01-2026,0.18,1.59,AVAILABLE,synthetic planned availability window,MEDIUM,TRUE,TRUE
AV04913,SEC_KAR_KHA,31-01-2026,15.55,18.49,RESTRICTED,synthetic planned availability window,HIGH,TRUE,TRUE
AV04914,SEC_KHA_LON,05-03-2026,16.00,17.50,AVAILABLE,synthetic planned availability window,MEDIUM,FALSE,TRUE
AV04915,SEC_KAR_KHA,24-02-2026,17.34,19.39,RESTRICTED,synthetic planned availability window,HIGH,TRUE,TRUE
AV04916,SEC_SHI_PUN,07-03-2026,6.03,7.33,RESTRICTED,synthetic planned availability window,MEDIUM,TRUE,TRUE
AV04917,SEC_DAD_THA,03-02-2026,12.03,13.10,RESTRICTED,synthetic planned availability window,MEDIUM,TRUE,TRUE
AV04918,SEC_KAR_KHA,03-03-2026,15.10,17.30,AVAILABLE,synthetic planned availability window,HIGH,TRUE,TRUE
AV04919,SEC_KHA_LON,11-03-2026,6.09,7.20,RESTRICTED,synthetic planned availability window,MEDIUM,TRUE,TRUE
AV04920,SEC_TAL_CHI,16-02-2026,6.57,8.04,UNAVAILABLE,synthetic planned availability window,MEDIUM,TRUE,TRUE
AV04921,SEC_THA_KAL,23-02-2026,3.37,5.43,AVAILABLE,synthetic planned availability window,LOW,FALSE,TRUE
AV04922,SEC_DAD_THA,14-02-2026,17.09,19.33,AVAILABLE,synthetic planned availability window,MEDIUM,TRUE,TRUE
AV04923,SEC_LON_TAL,21-02-2026,11.32,13.20,UNAVAILABLE,synthetic planned availability window,HIGH,FALSE,TRUE
AV04924,SEC_MUM_DAD,16-02-2026,4.15,6.12,UNAVAILABLE,synthetic planned availability window,HIGH,TRUE,TRUE
AV04925,SEC_SHI_PUN,13-02-2026,5.21,6.50,AVAILABLE,synthetic planned availability window,MEDIUM,FALSE,TRUE
AV04926,SEC_TAL_CHI,22-02-2026,17.17,20.08,AVAILABLE,synthetic planned availability window,MEDIUM,TRUE,TRUE
AV04927,SEC_MUM_DAD,10-03-2026,19.00,21.51,UNAVAILABLE,synthetic planned availability window,MEDIUM,TRUE,TRUE
AV04928,SEC_MUM_DAD,10-01-2026,20.10,22.13,AVAILABLE,synthetic planned availability window,MEDIUM,TRUE,TRUE
AV04929,SEC_KAR_KHA,26-01-2026,13.32,16.28,AVAILABLE,synthetic planned availability window,HIGH,TRUE,TRUE
AV04930,SEC_KAR_KHA,06-02-2026,21.31,23.38,UNAVAILABLE,synthetic planned availability window,MEDIUM,FALSE,TRUE
AV04931,SEC_MUM_DAD,15-03-2026,3.51,6.39,RESTRICTED,synthetic planned availability window,HIGH,TRUE,TRUE
AV04932,SEC_KAR_KHA,16-03-2026,19.58,21.43,RESTRICTED,synthetic planned availability window,HIGH,FALSE,TRUE
AV04933,SEC_CHI_SHI,19-02-2026,19.08,21.18,AVAILABLE,synthetic planned availability window,LOW,FALSE,TRUE
AV04934,SEC_SHI_PUN,30-03-2026,10.19,11.53,UNAVAILABLE,synthetic planned availability window,MEDIUM,TRUE,TRUE
AV04935,SEC_DAD_THA,17-02-2026,8.29,10.53,RESTRICTED,synthetic planned availability window,LOW,TRUE,TRUE
AV04936,SEC_KHA_LON,15-03-2026,9.48,11.43,UNAVAILABLE,synthetic planned availability window,LOW,TRUE,TRUE
AV04937,SEC_SHI_PUN,26-03-2026,7.13,9.00,AVAILABLE,synthetic planned availability window,HIGH,TRUE,TRUE
AV04938,SEC_TAL_CHI,20-01-2026,11.50,13.38,RESTRICTED,synthetic planned availability window,HIGH,TRUE,TRUE
AV04939,SEC_KHA_LON,22-02-2026,7.06,8.44,UNAVAILABLE,synthetic planned availability window,LOW,TRUE,TRUE
AV04940,SEC_CHI_SHI,03-03-2026,12.38,14.13,UNAVAILABLE,synthetic planned availability window,HIGH,TRUE,TRUE
AV04941,SEC_SHI_PUN,14-03-2026,20.34,21.45,UNAVAILABLE,synthetic planned availability window,MEDIUM,FALSE,TRUE
AV04942,SEC_KAR_KHA,19-01-2026,10.52,11.53,UNAVAILABLE,synthetic planned availability window,MEDIUM,TRUE,TRUE
AV04943,SEC_KAR_KHA,20-02-2026,8.43,10.48,AVAILABLE,synthetic planned availability window,LOW,TRUE,TRUE
AV04944,SEC_DAD_THA,11-03-2026,15.46,18.11,RESTRICTED,synthetic planned availability window,MEDIUM,FALSE,TRUE
AV04945,SEC_SHI_PUN,25-02-2026,6.19,7.36,AVAILABLE,synthetic planned availability window,HIGH,FALSE,TRUE
AV04946,SEC_TAL_CHI,22-01-2026,14.23,15.35,RESTRICTED,synthetic planned availability window,HIGH,FALSE,TRUE
AV04947,SEC_KHA_LON,14-02-2026,12.32,15.18,AVAILABLE,synthetic planned availability window,MEDIUM,TRUE,TRUE
AV04948,SEC_LON_TAL,22-02-2026,16.57,18.41,RESTRICTED,synthetic planned availability window,LOW,TRUE,TRUE
AV04949,SEC_DAD_THA,13-02-2026,14.22,16.45,RESTRICTED,synthetic planned availability window,MEDIUM,FALSE,TRUE
AV04950,SEC_SHI_PUN,11-02-2026,7.16,8.31,RESTRICTED,synthetic planned availability window,HIGH,TRUE,TRUE
AV04951,SEC_TAL_CHI,30-03-2026,5.00,7.55,AVAILABLE,synthetic planned availability window,MEDIUM,FALSE,TRUE
AV04952,SEC_SHI_PUN,04-02-2026,4.12,5.15,UNAVAILABLE,synthetic planned availability window,HIGH,TRUE,TRUE
AV04953,SEC_TAL_CHI,27-01-2026,18.37,20.05,RESTRICTED,synthetic planned availability window,LOW,TRUE,TRUE
AV04954,SEC_CHI_SHI,21-01-2026,5.59,8.39,UNAVAILABLE,synthetic planned availability window,MEDIUM,TRUE,TRUE
AV04955,SEC_MUM_DAD,19-02-2026,21.13,22.28,AVAILABLE,synthetic planned availability window,MEDIUM,TRUE,TRUE
AV04956,SEC_THA_KAL,09-01-2026,18.28,20.59,UNAVAILABLE,synthetic planned availability window,MEDIUM,FALSE,TRUE
AV04957,SEC_KAR_KHA,01-03-2026,11.38,12.52,RESTRICTED,synthetic planned availability window,MEDIUM,TRUE,TRUE
AV04958,SEC_SHI_PUN,21-02-2026,7.08,8.51,RESTRICTED,synthetic planned availability window,HIGH,FALSE,TRUE
AV04959,SEC_SHI_PUN,22-01-2026,14.12,16.30,UNAVAILABLE,synthetic planned availability window,MEDIUM,TRUE,TRUE
AV04960,SEC_SHI_PUN,23-03-2026,15.02,16.41,AVAILABLE,synthetic planned availability window,MEDIUM,FALSE,TRUE
AV04961,SEC_CHI_SHI,12-02-2026,14.28,16.38,RESTRICTED,synthetic planned availability window,MEDIUM,TRUE,TRUE
AV04962,SEC_KHA_LON,10-02-2026,16.04,17.34,UNAVAILABLE,synthetic planned availability window,HIGH,TRUE,TRUE
AV04963,SEC_THA_KAL,21-02-2026,0.42,3.38,AVAILABLE,synthetic planned availability window,LOW,FALSE,TRUE
AV04964,SEC_KAR_KHA,04-02-2026,9.36,12.05,UNAVAILABLE,synthetic planned availability window,MEDIUM,FALSE,TRUE
AV04965,SEC_CHI_SHI,03-01-2026,6.34,7.37,RESTRICTED,synthetic planned availability window,HIGH,TRUE,TRUE
AV04966,SEC_LON_TAL,31-01-2026,19.57,21.51,RESTRICTED,synthetic planned availability window,LOW,TRUE,TRUE
AV04967,SEC_THA_KAL,26-02-2026,6.20,8.14,UNAVAILABLE,synthetic planned availability window,LOW,TRUE,TRUE
AV04968,SEC_THA_KAL,01-02-2026,14.37,16.20,RESTRICTED,synthetic planned availability window,LOW,TRUE,TRUE
AV04969,SEC_TAL_CHI,20-02-2026,16.37,17.51,RESTRICTED,synthetic planned availability window,LOW,TRUE,TRUE
AV04970,SEC_KAL_KAR,17-02-2026,8.44,11.31,RESTRICTED,synthetic planned availability window,LOW,TRUE,TRUE
AV04971,SEC_TAL_CHI,09-01-2026,11.06,13.58,UNAVAILABLE,synthetic planned availability window,LOW,TRUE,TRUE
AV04972,SEC_KAL_KAR,25-03-2026,6.10,7.43,AVAILABLE,synthetic planned availability window,LOW,TRUE,TRUE
AV04973,SEC_SHI_PUN,03-02-2026,19.26,22.01,UNAVAILABLE,synthetic planned availability window,MEDIUM,TRUE,TRUE
AV04974,SEC_LON_TAL,22-03-2026,1.30,2.43,RESTRICTED,synthetic planned availability window,MEDIUM,FALSE,TRUE
AV04975,SEC_KHA_LON,24-02-2026,4.26,6.36,UNAVAILABLE,synthetic planned availability window,MEDIUM,TRUE,TRUE
AV04976,SEC_KAL_KAR,17-02-2026,5.06,6.20,RESTRICTED,synthetic planned availability window,HIGH,FALSE,TRUE
AV04977,SEC_TAL_CHI,19-03-2026,8.47,10.42,AVAILABLE,synthetic planned availability window,LOW,TRUE,TRUE
AV04978,SEC_DAD_THA,29-01-2026,19.01,20.45,AVAILABLE,synthetic planned availability window,LOW,TRUE,TRUE
AV04979,SEC_SHI_PUN,31-03-2026,20.36,22.30,UNAVAILABLE,synthetic planned availability window,HIGH,TRUE,TRUE
AV04980,SEC_MUM_DAD,13-01-2026,21.36,22.48,UNAVAILABLE,synthetic planned availability window,HIGH,FALSE,TRUE
AV04981,SEC_DAD_THA,24-01-2026,3.00,5.03,AVAILABLE,synthetic planned availability window,MEDIUM,FALSE,TRUE
AV04982,SEC_LON_TAL,26-03-2026,6.47,8.39,UNAVAILABLE,synthetic planned availability window,LOW,TRUE,TRUE
AV04983,SEC_SHI_PUN,06-02-2026,17.15,19.23,AVAILABLE,synthetic planned availability window,LOW,FALSE,TRUE
AV04984,SEC_KHA_LON,15-03-2026,11.17,14.10,RESTRICTED,synthetic planned availability window,LOW,TRUE,TRUE
AV04985,SEC_KAR_KHA,30-03-2026,14.48,17.27,AVAILABLE,synthetic planned availability window,LOW,TRUE,TRUE
AV04986,SEC_KAR_KHA,26-03-2026,3.08,5.07,AVAILABLE,synthetic planned availability window,LOW,TRUE,TRUE
AV04987,SEC_THA_KAL,01-03-2026,14.42,17.28,RESTRICTED,synthetic planned availability window,HIGH,TRUE,TRUE
AV04988,SEC_LON_TAL,06-02-2026,1.02,3.07,UNAVAILABLE,synthetic planned availability window,HIGH,FALSE,TRUE
AV04989,SEC_KAL_KAR,12-03-2026,17.44,19.06,UNAVAILABLE,synthetic planned availability window,LOW,TRUE,TRUE
AV04990,SEC_CHI_SHI,06-01-2026,9.34,10.41,RESTRICTED,synthetic planned availability window,LOW,FALSE,TRUE
AV04991,SEC_LON_TAL,22-01-2026,10.04,12.05,UNAVAILABLE,synthetic planned availability window,MEDIUM,TRUE,TRUE
AV04992,SEC_TAL_CHI,02-03-2026,16.26,19.01,UNAVAILABLE,synthetic planned availability window,HIGH,TRUE,TRUE
AV04993,SEC_KAR_KHA,28-03-2026,8.40,10.20,UNAVAILABLE,synthetic planned availability window,LOW,TRUE,TRUE
AV04994,SEC_THA_KAL,14-02-2026,10.03,12.04,UNAVAILABLE,synthetic planned availability window,HIGH,FALSE,TRUE
AV04995,SEC_LON_TAL,26-03-2026,19.18,20.35,RESTRICTED,synthetic planned availability window,LOW,TRUE,TRUE
AV04996,SEC_CHI_SHI,20-01-2026,10.59,12.58,AVAILABLE,synthetic planned availability window,LOW,FALSE,TRUE
AV04997,SEC_LON_TAL,01-02-2026,8.31,9.55,AVAILABLE,synthetic planned availability window,HIGH,TRUE,TRUE
AV04998,SEC_CHI_SHI,20-01-2026,0.00,1.00,RESTRICTED,synthetic planned availability window,HIGH,FALSE,TRUE
AV04999,SEC_MUM_DAD,08-02-2026,7.38,10.22,RESTRICTED,synthetic planned availability window,HIGH,TRUE,TRUE
AV05000,SEC_SHI_PUN,26-03-2026,4.56,7.19,RESTRICTED,synthetic planned availability window,LOW,FALSE,TRUE
