block_id,block_date,section_id,department,start_time,end_time,planned_duration_minutes,actual_duration_minutes,jobs_included,trains_affected,estimated_delay_minutes,actual_delay_minutes,block_utilization_percent,completion_status,synthetic_flag
BLK00001,2026-01-11,SEC_SHI_PUN,S&T,15:34,17:13,99,98,1,3,41,113,100.0,COMPLETED,True
BLK00002,2026-03-09,SEC_KHA_LON,S&T,18:14,20:53,159,188,4,2,72,35,84.6,COMPLETED,True
BLK00003,2026-01-18,SEC_KAR_KHA,JOINT,11:04,13:27,143,164,1,0,54,115,87.2,PARTIAL,True
BLK00004,2026-03-27,SEC_MUM_DAD,S&T,08:59,11:42,163,170,5,0,93,103,95.9,PARTIAL,True
BLK00005,2026-03-22,SEC_KAR_KHA,Engineering,15:45,16:38,53,93,5,0,33,33,57.0,CANCELLED,True
BLK00006,2026-02-07,SEC_SHI_PUN,TRD,18:26,20:44,138,140,2,7,22,10,98.6,PARTIAL,True
BLK00007,2026-02-26,SEC_DAD_THA,JOINT,07:04,09:18,134,144,3,4,45,39,93.1,COMPLETED,True
BLK00008,2026-03-15,SEC_KAR_KHA,TRD,16:31,17:51,80,138,4,3,120,53,58.0,CANCELLED,True
BLK00009,2026-01-22,SEC_CHI_SHI,TRD,13:31,16:02,151,174,5,2,108,25,86.8,COMPLETED,True
BLK00010,2026-02-16,SEC_DAD_THA,JOINT,17:21,18:49,88,137,1,7,58,130,64.2,COMPLETED,True
BLK00011,2026-02-17,SEC_TAL_CHI,TRD,07:44,10:37,173,175,1,0,113,147,98.9,CANCELLED,True
BLK00012,2026-02-16,SEC_SHI_PUN,Engineering,08:44,09:54,70,73,6,2,6,125,95.9,CANCELLED,True
BLK00013,2026-02-02,SEC_KAL_KAR,TRD,06:02,07:20,78,92,3,1,110,9,84.8,COMPLETED,True
BLK00014,2026-01-12,SEC_KHA_LON,S&T,09:39,11:00,81,121,4,0,17,111,66.9,CANCELLED,True
BLK00015,2026-01-28,SEC_CHI_SHI,TRD,15:24,17:43,139,140,6,8,8,91,99.3,CANCELLED,True
BLK00016,2026-03-25,SEC_MUM_DAD,S&T,07:18,10:02,164,203,1,8,36,110,80.8,COMPLETED,True
BLK00017,2026-03-19,SEC_TAL_CHI,JOINT,08:37,10:57,140,152,6,5,107,48,92.1,CANCELLED,True
BLK00018,2026-03-31,SEC_DAD_THA,JOINT,13:13,15:47,154,176,6,4,19,5,87.5,PARTIAL,True
BLK00019,2026-03-29,SEC_CHI_SHI,S&T,12:29,15:34,185,235,6,1,33,111,78.7,PARTIAL,True
BLK00020,2026-03-01,SEC_CHI_SHI,TRD,15:34,17:34,120,110,4,2,0,130,100.0,PARTIAL,True
BLK00021,2026-03-04,SEC_THA_KAL,S&T,17:49,18:56,67,104,6,3,109,0,64.4,PARTIAL,True
BLK00022,2026-03-08,SEC_KHA_LON,S&T,10:21,12:34,133,189,4,8,61,6,70.4,PARTIAL,True
BLK00023,2026-01-08,SEC_MUM_DAD,TRD,10:17,13:07,170,203,6,8,39,17,83.7,CANCELLED,True
BLK00024,2026-02-11,SEC_KAR_KHA,S&T,15:01,16:09,68,110,2,0,27,139,61.8,PARTIAL,True
BLK00025,2026-03-13,SEC_CHI_SHI,S&T,12:58,15:28,150,157,6,7,33,0,95.5,CANCELLED,True
BLK00026,2026-02-27,SEC_MUM_DAD,JOINT,16:40,18:10,90,104,1,1,22,88,86.5,CANCELLED,True
BLK00027,2026-02-02,SEC_KHA_LON,TRD,09:26,11:05,99,113,2,2,109,81,87.6,PARTIAL,True
BLK00028,2026-02-28,SEC_LON_TAL,TRD,18:13,19:24,71,123,1,4,40,97,57.7,COMPLETED,True
BLK00029,2026-01-06,SEC_TAL_CHI,TRD,12:24,15:37,193,183,5,7,16,98,100.0,COMPLETED,True
BLK00030,2026-02-07,SEC_KHA_LON,Engineering,18:12,20:02,110,117,1,0,44,128,94.0,PARTIAL,True
BLK00031,2026-02-17,SEC_THA_KAL,TRD,17:50,20:06,136,160,4,8,66,44,85.0,CANCELLED,True
BLK00032,2026-02-22,SEC_KAL_KAR,JOINT,15:27,17:16,109,162,5,2,38,47,67.3,PARTIAL,True
BLK00033,2026-01-07,SEC_TAL_CHI,JOINT,14:02,17:23,201,261,2,5,45,66,77.0,CANCELLED,True
BLK00034,2026-03-29,SEC_SHI_PUN,JOINT,15:12,18:18,186,213,4,8,112,33,87.3,PARTIAL,True
BLK00035,2026-03-22,SEC_KAR_KHA,JOINT,13:50,16:39,169,206,6,1,111,135,82.0,CANCELLED,True
BLK00036,2026-03-07,SEC_KAR_KHA,TRD,13:55,17:13,198,234,4,0,43,55,84.6,PARTIAL,True
BLK00037,2026-01-11,SEC_CHI_SHI,S&T,09:05,11:34,149,206,1,7,113,12,72.3,COMPLETED,True
BLK00038,2026-01-25,SEC_MUM_DAD,JOINT,18:55,20:01,66,88,1,5,75,96,75.0,PARTIAL,True
BLK00039,2026-03-05,SEC_TAL_CHI,Engineering,15:33,17:35,122,115,5,3,34,106,100.0,COMPLETED,True
BLK00040,2026-02-17,SEC_KAL_KAR,S&T,10:12,11:58,106,160,3,8,24,127,66.2,PARTIAL,True
BLK00041,2026-02-12,SEC_SHI_PUN,JOINT,19:31,20:25,54,98,6,2,100,11,55.1,CANCELLED,True
BLK00042,2026-03-03,SEC_LON_TAL,Engineering,13:32,15:41,129,171,6,1,102,35,75.4,COMPLETED,True
BLK00043,2026-02-01,SEC_SHI_PUN,TRD,09:49,11:33,104,154,1,1,64,51,67.5,PARTIAL,True
BLK00044,2026-02-14,SEC_MUM_DAD,JOINT,09:25,12:07,162,182,3,5,32,69,89.0,CANCELLED,True
BLK00045,2026-03-26,SEC_LON_TAL,JOINT,15:56,19:07,191,181,2,8,120,59,100.0,CANCELLED,True
BLK00046,2026-02-04,SEC_MUM_DAD,JOINT,12:36,13:55,79,92,3,8,105,34,85.9,COMPLETED,True
BLK00047,2026-02-26,SEC_MUM_DAD,S&T,13:40,15:42,122,125,1,7,54,122,97.6,COMPLETED,True
BLK00048,2026-01-03,SEC_SHI_PUN,TRD,16:14,17:40,86,119,6,4,18,146,72.3,PARTIAL,True
BLK00049,2026-01-24,SEC_TAL_CHI,Engineering,10:45,13:32,167,219,2,4,107,142,76.3,PARTIAL,True
BLK00050,2026-02-23,SEC_KAR_KHA,Engineering,13:03,15:26,143,184,1,2,44,121,77.7,PARTIAL,True
BLK00051,2026-01-01,SEC_SHI_PUN,Engineering,06:25,09:20,175,185,1,5,92,143,94.6,COMPLETED,True
BLK00052,2026-03-08,SEC_THA_KAL,S&T,08:50,11:03,133,141,1,8,37,48,94.3,PARTIAL,True
BLK00053,2026-01-26,SEC_KAL_KAR,TRD,09:11,10:30,79,76,6,1,9,142,100.0,COMPLETED,True
BLK00054,2026-02-11,SEC_THA_KAL,JOINT,17:15,20:24,189,182,6,8,60,1,100.0,PARTIAL,True
BLK00055,2026-02-07,SEC_KAL_KAR,Engineering,08:18,10:55,157,183,2,1,4,54,85.8,COMPLETED,True
BLK00056,2026-01-28,SEC_MUM_DAD,JOINT,19:14,20:16,62,117,2,6,7,31,53.0,COMPLETED,True
BLK00057,2026-02-16,SEC_DAD_THA,Engineering,12:07,14:34,147,186,3,8,48,25,79.0,PARTIAL,True
BLK00058,2026-01-25,SEC_KAR_KHA,S&T,12:16,13:29,73,90,2,1,46,22,81.1,CANCELLED,True
BLK00059,2026-02-07,SEC_KHA_LON,JOINT,15:06,18:05,179,236,2,3,89,16,75.8,CANCELLED,True
BLK00060,2026-02-28,SEC_DAD_THA,S&T,12:09,14:38,149,158,4,2,27,97,94.3,CANCELLED,True
BLK00061,2026-01-04,SEC_LON_TAL,S&T,15:15,18:14,179,220,1,2,60,144,81.4,CANCELLED,True
BLK00062,2026-02-09,SEC_KAL_KAR,TRD,07:39,10:14,155,159,2,8,48,115,97.5,CANCELLED,True
BLK00063,2026-03-17,SEC_KHA_LON,TRD,16:47,17:36,49,46,3,0,33,65,100.0,CANCELLED,True
BLK00064,2026-03-19,SEC_KAR_KHA,S&T,18:00,21:09,189,226,4,5,27,55,83.6,PARTIAL,True
BLK00065,2026-01-26,SEC_LON_TAL,Engineering,18:10,19:26,76,73,5,2,85,11,100.0,PARTIAL,True
BLK00066,2026-01-29,SEC_THA_KAL,Engineering,11:05,12:21,76,124,4,0,62,85,61.3,PARTIAL,True
BLK00067,2026-01-13,SEC_THA_KAL,Engineering,09:50,11:14,84,101,2,6,93,71,83.2,COMPLETED,True
BLK00068,2026-03-02,SEC_SHI_PUN,Engineering,07:27,08:15,48,75,2,0,97,130,64.0,PARTIAL,True
BLK00069,2026-03-04,SEC_KAR_KHA,JOINT,09:29,11:14,105,111,5,7,36,14,94.6,COMPLETED,True
BLK00070,2026-03-19,SEC_LON_TAL,TRD,09:33,12:08,155,185,2,3,10,15,83.8,COMPLETED,True
BLK00071,2026-03-22,SEC_KHA_LON,Engineering,11:37,13:54,137,169,6,7,26,60,81.1,PARTIAL,True
BLK00072,2026-03-25,SEC_KAL_KAR,JOINT,16:32,18:47,135,153,6,4,6,5,88.2,PARTIAL,True
BLK00073,2026-01-11,SEC_LON_TAL,Engineering,09:54,12:58,184,175,6,8,73,4,100.0,COMPLETED,True
BLK00074,2026-03-23,SEC_MUM_DAD,Engineering,12:16,15:42,206,250,4,3,38,105,82.4,PARTIAL,True
BLK00075,2026-03-18,SEC_MUM_DAD,S&T,06:31,08:40,129,141,2,4,54,70,91.5,CANCELLED,True
BLK00076,2026-03-03,SEC_KHA_LON,JOINT,14:29,16:33,124,116,4,6,9,129,100.0,PARTIAL,True
BLK00077,2026-03-17,SEC_CHI_SHI,Engineering,17:02,19:02,120,131,1,6,9,100,91.6,PARTIAL,True
BLK00078,2026-01-30,SEC_KAL_KAR,JOINT,10:50,12:13,83,141,3,2,3,48,58.9,COMPLETED,True
BLK00079,2026-02-16,SEC_SHI_PUN,Engineering,17:33,19:02,89,137,6,2,20,68,65.0,PARTIAL,True
BLK00080,2026-01-18,SEC_DAD_THA,TRD,06:59,08:08,69,69,4,8,118,7,100.0,PARTIAL,True
BLK00081,2026-02-24,SEC_KAL_KAR,TRD,16:07,17:12,65,92,3,4,114,127,70.7,COMPLETED,True
BLK00082,2026-01-29,SEC_SHI_PUN,TRD,16:39,17:32,53,59,1,2,53,7,89.8,COMPLETED,True
BLK00083,2026-01-03,SEC_KAR_KHA,S&T,15:54,16:53,59,117,5,5,66,56,50.4,PARTIAL,True
BLK00084,2026-02-10,SEC_KAL_KAR,TRD,06:56,08:47,111,156,4,6,73,91,71.2,COMPLETED,True
BLK00085,2026-03-04,SEC_KAR_KHA,JOINT,14:50,17:00,130,179,6,8,92,22,72.6,COMPLETED,True
BLK00086,2026-01-05,SEC_THA_KAL,JOINT,17:14,18:21,67,105,3,0,101,50,63.8,CANCELLED,True
BLK00087,2026-02-10,SEC_LON_TAL,JOINT,17:08,19:27,139,164,1,3,111,79,84.8,COMPLETED,True
BLK00088,2026-03-04,SEC_DAD_THA,S&T,16:28,18:34,126,177,2,8,47,37,71.2,COMPLETED,True
BLK00089,2026-01-26,SEC_KAR_KHA,JOINT,07:37,10:31,174,214,4,5,32,24,81.3,COMPLETED,True
BLK00090,2026-01-09,SEC_MUM_DAD,S&T,07:26,08:42,76,75,6,0,111,140,100.0,CANCELLED,True
BLK00091,2026-03-08,SEC_DAD_THA,S&T,16:40,19:20,160,195,1,3,17,38,82.1,COMPLETED,True
BLK00092,2026-01-17,SEC_CHI_SHI,Engineering,13:21,15:48,147,182,3,3,2,13,80.8,COMPLETED,True
BLK00093,2026-01-20,SEC_THA_KAL,JOINT,11:48,14:14,146,149,4,2,43,71,98.0,PARTIAL,True
BLK00094,2026-01-12,SEC_SHI_PUN,TRD,14:16,17:14,178,208,1,5,118,16,85.6,PARTIAL,True
BLK00095,2026-02-24,SEC_DAD_THA,S&T,09:46,12:08,142,152,5,5,61,13,93.4,PARTIAL,True
BLK00096,2026-03-04,SEC_TAL_CHI,TRD,10:56,13:53,177,234,5,6,29,117,75.6,CANCELLED,True
BLK00097,2026-01-11,SEC_SHI_PUN,Engineering,17:16,18:31,75,112,3,7,79,134,67.0,COMPLETED,True
BLK00098,2026-02-25,SEC_THA_KAL,Engineering,15:39,18:01,142,176,1,7,6,55,80.7,COMPLETED,True
BLK00099,2026-03-10,SEC_CHI_SHI,Engineering,10:41,13:24,163,179,6,1,119,148,91.1,PARTIAL,True
BLK00100,2026-02-16,SEC_KHA_LON,Engineering,07:47,09:52,125,136,6,6,118,53,91.9,CANCELLED,True
BLK00101,2026-03-05,SEC_TAL_CHI,JOINT,11:03,12:59,116,165,1,8,96,0,70.3,CANCELLED,True
BLK00102,2026-03-13,SEC_TAL_CHI,TRD,08:59,10:18,79,114,1,4,109,100,69.3,CANCELLED,True
BLK00103,2026-03-19,SEC_LON_TAL,S&T,15:58,17:19,81,132,3,2,6,87,61.4,PARTIAL,True
BLK00104,2026-03-21,SEC_KAR_KHA,S&T,17:09,18:42,93,90,1,3,41,41,100.0,PARTIAL,True
BLK00105,2026-01-11,SEC_THA_KAL,Engineering,08:04,09:39,95,131,1,7,114,94,72.5,COMPLETED,True
BLK00106,2026-01-06,SEC_SHI_PUN,TRD,13:40,16:35,175,180,1,3,107,136,97.2,CANCELLED,True
BLK00107,2026-01-29,SEC_MUM_DAD,JOINT,07:02,09:13,131,165,6,3,34,102,79.4,PARTIAL,True
BLK00108,2026-01-05,SEC_KHA_LON,TRD,10:05,11:33,88,122,6,6,115,41,72.1,CANCELLED,True
BLK00109,2026-01-05,SEC_CHI_SHI,TRD,16:03,18:42,159,210,2,3,89,98,75.7,CANCELLED,True
BLK00110,2026-02-10,SEC_THA_KAL,S&T,13:52,16:09,137,154,6,6,2,110,89.0,CANCELLED,True
BLK00111,2026-01-28,SEC_MUM_DAD,S&T,07:00,09:36,156,157,6,2,19,47,99.4,CANCELLED,True
BLK00112,2026-01-02,SEC_KAL_KAR,S&T,15:02,16:45,103,113,3,0,8,135,91.2,COMPLETED,True
BLK00113,2026-03-31,SEC_KAR_KHA,JOINT,11:24,12:17,53,55,3,1,37,68,96.4,COMPLETED,True
BLK00114,2026-02-06,SEC_KAL_KAR,S&T,18:03,19:18,75,130,2,5,105,120,57.7,CANCELLED,True
BLK00115,2026-03-26,SEC_MUM_DAD,TRD,18:45,21:05,140,194,3,4,24,148,72.2,PARTIAL,True
BLK00116,2026-03-02,SEC_DAD_THA,TRD,18:22,20:39,137,188,2,7,38,145,72.9,COMPLETED,True
BLK00117,2026-01-09,SEC_CHI_SHI,Engineering,07:55,09:35,100,142,5,8,36,96,70.4,CANCELLED,True
BLK00118,2026-02-05,SEC_KAL_KAR,TRD,13:58,17:20,202,202,1,6,65,90,100.0,CANCELLED,True
BLK00119,2026-03-20,SEC_KAL_KAR,Engineering,06:31,08:19,108,136,3,7,70,125,79.4,COMPLETED,True
BLK00120,2026-01-21,SEC_SHI_PUN,JOINT,15:29,16:22,53,77,2,4,42,40,68.8,PARTIAL,True
BLK00121,2026-03-24,SEC_KHA_LON,Engineering,09:44,10:52,68,61,1,7,25,149,100.0,PARTIAL,True
BLK00122,2026-01-07,SEC_SHI_PUN,S&T,15:51,18:06,135,130,2,1,65,109,100.0,PARTIAL,True
BLK00123,2026-03-04,SEC_KHA_LON,JOINT,10:28,12:44,136,196,2,6,60,74,69.4,CANCELLED,True
BLK00124,2026-03-31,SEC_DAD_THA,Engineering,11:55,14:41,166,169,5,3,119,65,98.2,PARTIAL,True
BLK00125,2026-01-04,SEC_MUM_DAD,Engineering,12:39,13:54,75,102,1,4,8,79,73.5,CANCELLED,True
BLK00126,2026-01-31,SEC_KHA_LON,Engineering,09:10,09:56,46,42,2,7,15,76,100.0,PARTIAL,True
BLK00127,2026-03-29,SEC_CHI_SHI,Engineering,13:18,14:31,73,66,2,5,31,3,100.0,CANCELLED,True
BLK00128,2026-03-19,SEC_KHA_LON,Engineering,16:03,18:47,164,213,5,1,45,135,77.0,CANCELLED,True
BLK00129,2026-01-27,SEC_CHI_SHI,TRD,13:44,15:20,96,149,1,5,69,40,64.4,CANCELLED,True
BLK00130,2026-01-06,SEC_CHI_SHI,JOINT,15:57,17:08,71,101,6,6,89,102,70.3,PARTIAL,True
BLK00131,2026-03-24,SEC_THA_KAL,S&T,10:49,14:15,206,229,2,2,41,45,90.0,CANCELLED,True
BLK00132,2026-02-12,SEC_KHA_LON,JOINT,10:17,11:09,52,100,3,0,61,138,52.0,COMPLETED,True
BLK00133,2026-02-21,SEC_KAL_KAR,Engineering,13:24,15:20,116,168,4,4,2,9,69.0,PARTIAL,True
BLK00134,2026-02-11,SEC_CHI_SHI,Engineering,18:08,20:45,157,161,4,5,62,87,97.5,PARTIAL,True
BLK00135,2026-02-26,SEC_THA_KAL,S&T,10:30,11:35,65,90,1,3,57,147,72.2,COMPLETED,True
BLK00136,2026-03-01,SEC_MUM_DAD,TRD,10:00,11:50,110,140,1,6,10,104,78.6,CANCELLED,True
BLK00137,2026-02-18,SEC_CHI_SHI,S&T,14:31,16:59,148,148,5,3,33,16,100.0,COMPLETED,True
BLK00138,2026-03-24,SEC_KAR_KHA,S&T,07:23,08:18,55,62,4,8,47,86,88.7,CANCELLED,True
BLK00139,2026-01-27,SEC_KAL_KAR,TRD,06:01,08:51,170,189,5,4,25,90,89.9,CANCELLED,True
BLK00140,2026-02-09,SEC_MUM_DAD,TRD,06:34,09:45,191,185,5,4,73,31,100.0,PARTIAL,True
BLK00141,2026-02-05,SEC_KHA_LON,TRD,13:47,15:42,115,105,2,8,45,92,100.0,COMPLETED,True
BLK00142,2026-01-11,SEC_CHI_SHI,JOINT,18:55,20:56,121,152,1,3,116,54,79.6,PARTIAL,True
BLK00143,2026-02-27,SEC_KHA_LON,S&T,14:37,17:18,161,213,5,7,85,59,75.6,PARTIAL,True
BLK00144,2026-01-10,SEC_LON_TAL,Engineering,18:19,19:45,86,108,1,1,93,2,79.6,PARTIAL,True
BLK00145,2026-01-12,SEC_TAL_CHI,JOINT,16:05,18:01,116,172,4,5,109,79,67.4,CANCELLED,True
BLK00146,2026-02-22,SEC_KHA_LON,JOINT,06:22,07:57,95,152,3,8,49,64,62.5,PARTIAL,True
BLK00147,2026-02-23,SEC_KHA_LON,Engineering,15:49,16:44,55,78,5,6,101,46,70.5,COMPLETED,True
BLK00148,2026-02-12,SEC_KAR_KHA,JOINT,10:26,11:53,87,106,3,1,90,9,82.1,COMPLETED,True
BLK00149,2026-03-24,SEC_KHA_LON,TRD,17:27,19:55,148,140,5,2,93,129,100.0,COMPLETED,True
BLK00150,2026-02-07,SEC_CHI_SHI,Engineering,18:08,19:58,110,169,3,0,33,76,65.1,CANCELLED,True
BLK00151,2026-01-09,SEC_CHI_SHI,JOINT,09:02,11:20,138,135,4,3,13,92,100.0,COMPLETED,True
BLK00152,2026-02-04,SEC_TAL_CHI,JOINT,06:59,09:16,137,147,5,5,91,96,93.2,CANCELLED,True
BLK00153,2026-02-26,SEC_KHA_LON,Engineering,10:04,11:10,66,89,5,0,46,18,74.2,CANCELLED,True
BLK00154,2026-02-12,SEC_THA_KAL,TRD,12:51,14:45,114,116,5,2,9,102,98.3,CANCELLED,True
BLK00155,2026-02-09,SEC_THA_KAL,S&T,14:00,16:10,130,138,6,1,40,116,94.2,CANCELLED,True
BLK00156,2026-03-02,SEC_KHA_LON,Engineering,10:01,12:41,160,177,3,8,111,83,90.4,COMPLETED,True
BLK00157,2026-02-03,SEC_KAR_KHA,S&T,13:20,16:20,180,174,5,5,20,86,100.0,CANCELLED,True
BLK00158,2026-03-11,SEC_THA_KAL,JOINT,13:40,16:17,157,197,2,7,39,94,79.7,CANCELLED,True
BLK00159,2026-03-14,SEC_DAD_THA,JOINT,15:36,18:04,148,177,6,6,114,117,83.6,CANCELLED,True
BLK00160,2026-01-08,SEC_CHI_SHI,TRD,07:54,09:12,78,124,6,5,67,76,62.9,COMPLETED,True
BLK00161,2026-01-24,SEC_KAR_KHA,S&T,08:38,10:23,105,112,3,4,64,86,93.8,COMPLETED,True
BLK00162,2026-02-18,SEC_KAR_KHA,JOINT,12:15,14:05,110,129,1,1,109,48,85.3,CANCELLED,True
BLK00163,2026-03-21,SEC_THA_KAL,S&T,09:21,11:59,158,168,6,8,120,134,94.0,PARTIAL,True
BLK00164,2026-02-03,SEC_MUM_DAD,Engineering,18:03,20:58,175,173,2,6,11,143,100.0,PARTIAL,True
BLK00165,2026-02-04,SEC_CHI_SHI,Engineering,13:00,14:01,61,108,1,6,117,117,56.5,PARTIAL,True
BLK00166,2026-02-17,SEC_MUM_DAD,TRD,06:29,09:10,161,162,3,4,65,100,99.4,COMPLETED,True
BLK00167,2026-02-08,SEC_KHA_LON,S&T,10:21,12:05,104,162,6,7,106,28,64.2,PARTIAL,True
BLK00168,2026-02-04,SEC_KAR_KHA,Engineering,16:14,18:28,134,125,6,8,51,136,100.0,PARTIAL,True
BLK00169,2026-03-25,SEC_CHI_SHI,Engineering,19:35,20:58,83,83,5,2,39,101,100.0,PARTIAL,True
BLK00170,2026-03-21,SEC_KHA_LON,Engineering,12:40,15:47,187,229,4,1,69,133,81.7,COMPLETED,True
BLK00171,2026-01-22,SEC_SHI_PUN,S&T,12:03,14:44,161,190,1,0,0,123,84.7,COMPLETED,True
BLK00172,2026-03-29,SEC_LON_TAL,JOINT,16:08,17:05,57,108,6,4,18,56,52.8,CANCELLED,True
BLK00173,2026-02-24,SEC_DAD_THA,Engineering,11:17,13:00,103,147,4,0,23,141,70.1,CANCELLED,True
BLK00174,2026-02-28,SEC_SHI_PUN,JOINT,09:32,11:32,120,126,3,5,20,117,95.2,CANCELLED,True
BLK00175,2026-01-05,SEC_KHA_LON,TRD,09:43,11:55,132,162,3,1,117,140,81.5,CANCELLED,True
BLK00176,2026-03-10,SEC_CHI_SHI,JOINT,16:23,19:19,176,192,5,5,4,52,91.7,COMPLETED,True
BLK00177,2026-03-01,SEC_CHI_SHI,Engineering,18:46,20:27,101,136,1,2,13,143,74.3,PARTIAL,True
BLK00178,2026-03-09,SEC_KAL_KAR,Engineering,16:44,18:51,127,165,3,0,91,85,77.0,COMPLETED,True
BLK00179,2026-01-01,SEC_KAR_KHA,Engineering,14:46,17:02,136,133,5,3,35,147,100.0,CANCELLED,True
BLK00180,2026-01-19,SEC_TAL_CHI,JOINT,06:06,08:59,173,191,5,3,38,44,90.6,CANCELLED,True
BLK00181,2026-03-10,SEC_KAL_KAR,S&T,09:43,12:16,153,195,2,8,79,66,78.5,PARTIAL,True
BLK00182,2026-03-14,SEC_SHI_PUN,S&T,08:08,10:10,122,162,2,4,53,41,75.3,COMPLETED,True
BLK00183,2026-02-09,SEC_KHA_LON,JOINT,12:07,15:05,178,215,5,4,72,50,82.8,PARTIAL,True
BLK00184,2026-03-11,SEC_THA_KAL,JOINT,08:56,10:20,84,86,5,5,57,27,97.7,PARTIAL,True
BLK00185,2026-03-23,SEC_CHI_SHI,S&T,12:48,15:45,177,222,4,4,110,138,79.7,CANCELLED,True
BLK00186,2026-03-28,SEC_DAD_THA,JOINT,06:42,08:47,125,130,4,0,86,14,96.2,PARTIAL,True
BLK00187,2026-01-08,SEC_KAL_KAR,TRD,13:04,14:58,114,160,1,5,79,84,71.2,PARTIAL,True
BLK00188,2026-02-13,SEC_SHI_PUN,S&T,09:54,11:13,79,96,3,6,82,120,82.3,COMPLETED,True
BLK00189,2026-03-19,SEC_KHA_LON,Engineering,15:41,18:13,152,177,5,3,91,120,85.9,CANCELLED,True
BLK00190,2026-02-10,SEC_LON_TAL,S&T,16:50,19:27,157,158,1,1,1,41,99.4,COMPLETED,True
BLK00191,2026-03-14,SEC_THA_KAL,TRD,18:19,19:32,73,85,3,7,99,67,85.9,COMPLETED,True
BLK00192,2026-03-16,SEC_KHA_LON,S&T,15:34,17:20,106,127,1,0,80,36,83.5,COMPLETED,True
BLK00193,2026-03-25,SEC_MUM_DAD,Engineering,10:47,11:43,56,104,6,5,26,84,53.8,PARTIAL,True
BLK00194,2026-02-04,SEC_SHI_PUN,S&T,08:12,10:01,109,133,5,3,51,11,82.0,CANCELLED,True
BLK00195,2026-01-15,SEC_KAR_KHA,S&T,11:26,12:42,76,119,5,5,100,47,63.9,COMPLETED,True
BLK00196,2026-03-24,SEC_KHA_LON,JOINT,09:45,10:46,61,87,1,5,26,18,70.1,PARTIAL,True
BLK00197,2026-03-10,SEC_THA_KAL,Engineering,16:22,18:43,141,200,1,2,100,53,70.5,PARTIAL,True
BLK00198,2026-03-28,SEC_KAL_KAR,JOINT,16:01,18:45,164,198,2,2,18,138,82.8,COMPLETED,True
BLK00199,2026-02-13,SEC_KAR_KHA,JOINT,06:42,08:07,85,91,3,1,17,60,93.4,PARTIAL,True
BLK00200,2026-03-12,SEC_SHI_PUN,TRD,13:56,15:02,66,81,4,6,16,88,81.5,CANCELLED,True
BLK00201,2026-03-15,SEC_KHA_LON,TRD,18:46,20:08,82,131,4,8,105,141,62.6,CANCELLED,True
BLK00202,2026-03-06,SEC_LON_TAL,TRD,15:04,18:07,183,239,3,7,44,140,76.6,COMPLETED,True
BLK00203,2026-02-17,SEC_LON_TAL,Engineering,09:00,11:17,137,162,2,7,103,137,84.6,CANCELLED,True
BLK00204,2026-03-25,SEC_SHI_PUN,JOINT,13:12,14:35,83,78,1,0,101,68,100.0,COMPLETED,True
BLK00205,2026-02-06,SEC_TAL_CHI,Engineering,12:33,14:14,101,127,6,6,119,51,79.5,COMPLETED,True
BLK00206,2026-01-02,SEC_CHI_SHI,S&T,08:49,10:17,88,124,2,4,81,30,71.0,PARTIAL,True
BLK00207,2026-03-03,SEC_CHI_SHI,Engineering,10:23,11:41,78,123,2,6,102,53,63.4,CANCELLED,True
BLK00208,2026-03-16,SEC_CHI_SHI,JOINT,06:47,07:38,51,49,3,3,94,82,100.0,PARTIAL,True
BLK00209,2026-03-23,SEC_KHA_LON,JOINT,16:20,19:00,160,213,3,6,101,108,75.1,COMPLETED,True
BLK00210,2026-03-04,SEC_TAL_CHI,JOINT,11:38,13:17,99,149,6,8,120,110,66.4,CANCELLED,True
BLK00211,2026-02-15,SEC_THA_KAL,JOINT,13:59,16:03,124,118,5,7,52,107,100.0,COMPLETED,True
BLK00212,2026-02-19,SEC_SHI_PUN,JOINT,11:26,12:59,93,113,3,6,34,82,82.3,PARTIAL,True
BLK00213,2026-03-09,SEC_DAD_THA,S&T,07:47,09:06,79,69,1,7,52,57,100.0,PARTIAL,True
BLK00214,2026-02-23,SEC_KAL_KAR,Engineering,08:52,11:27,155,182,2,4,26,97,85.2,COMPLETED,True
BLK00215,2026-03-16,SEC_SHI_PUN,Engineering,16:26,18:59,153,204,5,0,27,95,75.0,CANCELLED,True
BLK00216,2026-02-08,SEC_MUM_DAD,S&T,15:45,17:51,126,118,4,4,23,84,100.0,COMPLETED,True
BLK00217,2026-01-14,SEC_KAR_KHA,S&T,08:06,11:20,194,190,1,2,22,91,100.0,CANCELLED,True
BLK00218,2026-03-05,SEC_KAR_KHA,S&T,07:43,09:48,125,156,5,3,99,73,80.1,CANCELLED,True
BLK00219,2026-01-30,SEC_KAR_KHA,S&T,11:41,13:04,83,85,4,7,102,15,97.6,PARTIAL,True
BLK00220,2026-03-11,SEC_THA_KAL,S&T,07:39,08:52,73,97,1,7,17,39,75.3,PARTIAL,True
BLK00221,2026-03-09,SEC_MUM_DAD,JOINT,06:43,09:03,140,157,3,2,15,106,89.2,CANCELLED,True
BLK00222,2026-02-22,SEC_KHA_LON,TRD,07:12,09:15,123,124,2,4,78,86,99.2,COMPLETED,True
BLK00223,2026-02-14,SEC_SHI_PUN,TRD,16:08,18:46,158,218,6,7,105,35,72.5,PARTIAL,True
BLK00224,2026-01-18,SEC_LON_TAL,Engineering,06:58,09:56,178,228,2,2,22,106,78.1,PARTIAL,True
BLK00225,2026-01-21,SEC_THA_KAL,TRD,12:29,14:44,135,181,6,1,113,101,74.6,CANCELLED,True
BLK00226,2026-01-10,SEC_CHI_SHI,S&T,06:15,09:13,178,207,5,5,42,113,86.0,COMPLETED,True
BLK00227,2026-02-19,SEC_MUM_DAD,S&T,17:55,20:50,175,214,5,1,68,3,81.8,CANCELLED,True
BLK00228,2026-01-31,SEC_KHA_LON,Engineering,17:11,19:05,114,165,3,5,14,49,69.1,COMPLETED,True
BLK00229,2026-02-12,SEC_CHI_SHI,S&T,09:45,11:29,104,158,5,6,102,36,65.8,CANCELLED,True
BLK00230,2026-03-18,SEC_KHA_LON,TRD,06:03,07:27,84,115,3,7,116,129,73.0,CANCELLED,True
BLK00231,2026-01-29,SEC_LON_TAL,Engineering,17:50,21:15,205,208,4,7,35,97,98.6,COMPLETED,True
BLK00232,2026-01-29,SEC_DAD_THA,TRD,12:46,13:34,48,93,4,1,23,97,51.6,PARTIAL,True
BLK00233,2026-03-24,SEC_TAL_CHI,TRD,09:37,12:04,147,158,1,6,114,50,93.0,COMPLETED,True
BLK00234,2026-02-24,SEC_KHA_LON,TRD,17:06,18:37,91,103,3,1,53,100,88.3,CANCELLED,True
BLK00235,2026-01-28,SEC_MUM_DAD,TRD,12:03,14:24,141,199,3,4,74,131,70.9,CANCELLED,True
BLK00236,2026-02-13,SEC_TAL_CHI,TRD,17:30,19:47,137,177,6,1,20,132,77.4,COMPLETED,True
BLK00237,2026-01-16,SEC_TAL_CHI,Engineering,14:19,16:41,142,134,6,6,118,0,100.0,CANCELLED,True
BLK00238,2026-02-10,SEC_DAD_THA,TRD,10:17,12:58,161,208,6,2,4,112,77.4,CANCELLED,True
BLK00239,2026-03-24,SEC_TAL_CHI,TRD,18:29,20:21,112,156,5,3,13,149,71.8,COMPLETED,True
BLK00240,2026-01-21,SEC_KHA_LON,S&T,16:11,17:58,107,143,5,7,51,134,74.8,COMPLETED,True
BLK00241,2026-03-15,SEC_KHA_LON,JOINT,10:00,11:19,79,109,5,2,45,34,72.5,PARTIAL,True
BLK00242,2026-03-20,SEC_MUM_DAD,JOINT,18:01,19:15,74,130,4,3,16,62,56.9,PARTIAL,True
BLK00243,2026-03-23,SEC_DAD_THA,TRD,16:16,19:10,174,211,5,0,41,35,82.5,COMPLETED,True
BLK00244,2026-01-19,SEC_LON_TAL,Engineering,09:23,10:24,61,108,5,6,34,92,56.5,CANCELLED,True
BLK00245,2026-01-12,SEC_TAL_CHI,TRD,10:20,12:17,117,117,3,4,91,22,100.0,CANCELLED,True
BLK00246,2026-01-12,SEC_THA_KAL,TRD,18:42,20:58,136,191,1,4,33,52,71.2,CANCELLED,True
BLK00247,2026-01-09,SEC_KAL_KAR,JOINT,08:27,09:46,79,113,6,4,1,13,69.9,CANCELLED,True
BLK00248,2026-02-21,SEC_KAR_KHA,JOINT,14:17,16:52,155,164,6,3,1,108,94.5,CANCELLED,True
BLK00249,2026-02-09,SEC_CHI_SHI,JOINT,18:40,20:44,124,153,1,2,43,134,81.0,COMPLETED,True
BLK00250,2026-01-25,SEC_LON_TAL,S&T,18:34,19:46,72,74,1,2,11,30,97.3,COMPLETED,True
BLK00251,2026-03-13,SEC_KAR_KHA,S&T,16:54,18:50,116,106,3,7,82,5,100.0,CANCELLED,True
BLK00252,2026-03-31,SEC_KHA_LON,S&T,11:21,13:45,144,198,2,8,110,34,72.7,CANCELLED,True
BLK00253,2026-03-02,SEC_KHA_LON,S&T,13:35,14:42,67,97,1,4,42,129,69.1,CANCELLED,True
BLK00254,2026-02-02,SEC_SHI_PUN,Engineering,14:25,17:22,177,236,4,0,72,125,75.0,COMPLETED,True
BLK00255,2026-02-19,SEC_KAR_KHA,TRD,15:15,18:29,194,232,1,6,6,35,83.6,PARTIAL,True
BLK00256,2026-03-18,SEC_KAR_KHA,Engineering,16:02,17:32,90,100,5,1,63,130,90.0,PARTIAL,True
BLK00257,2026-01-05,SEC_CHI_SHI,S&T,06:57,09:03,126,181,3,2,77,11,69.6,PARTIAL,True
BLK00258,2026-03-08,SEC_TAL_CHI,Engineering,11:11,12:40,89,131,5,4,43,114,67.9,COMPLETED,True
BLK00259,2026-03-10,SEC_KHA_LON,JOINT,07:06,09:34,148,163,2,7,74,150,90.8,CANCELLED,True
BLK00260,2026-02-25,SEC_SHI_PUN,JOINT,11:46,13:05,79,97,2,7,52,77,81.4,PARTIAL,True
BLK00261,2026-02-20,SEC_CHI_SHI,Engineering,06:57,08:08,71,61,4,5,26,77,100.0,CANCELLED,True
BLK00262,2026-02-08,SEC_MUM_DAD,Engineering,17:46,19:15,89,138,1,3,19,22,64.5,COMPLETED,True
BLK00263,2026-01-01,SEC_THA_KAL,JOINT,10:16,11:58,102,115,6,3,12,3,88.7,CANCELLED,True
BLK00264,2026-02-05,SEC_LON_TAL,JOINT,07:02,08:03,61,63,1,1,52,78,96.8,CANCELLED,True
BLK00265,2026-01-19,SEC_MUM_DAD,S&T,16:15,17:15,60,80,6,0,81,10,75.0,PARTIAL,True
BLK00266,2026-01-10,SEC_LON_TAL,TRD,09:43,11:52,129,131,4,7,104,127,98.5,PARTIAL,True
BLK00267,2026-01-27,SEC_KAR_KHA,JOINT,06:44,09:54,190,209,6,2,33,56,90.9,CANCELLED,True
BLK00268,2026-02-02,SEC_KHA_LON,JOINT,09:33,11:05,92,112,1,8,51,32,82.1,CANCELLED,True
BLK00269,2026-01-25,SEC_KAR_KHA,JOINT,11:52,13:57,125,115,5,5,30,75,100.0,PARTIAL,True
BLK00270,2026-01-24,SEC_DAD_THA,S&T,14:10,16:54,164,197,3,8,24,93,83.2,CANCELLED,True
BLK00271,2026-03-04,SEC_TAL_CHI,S&T,18:39,19:26,47,54,6,1,46,1,87.0,PARTIAL,True
BLK00272,2026-02-18,SEC_KHA_LON,JOINT,16:27,18:19,112,111,5,4,11,29,100.0,COMPLETED,True
BLK00273,2026-03-09,SEC_CHI_SHI,Engineering,15:34,18:29,175,170,3,5,96,131,100.0,COMPLETED,True
BLK00274,2026-01-17,SEC_MUM_DAD,Engineering,13:28,15:06,98,154,4,8,86,61,63.6,PARTIAL,True
BLK00275,2026-02-18,SEC_TAL_CHI,TRD,15:24,17:18,114,145,3,8,62,3,78.6,COMPLETED,True
BLK00276,2026-03-06,SEC_KHA_LON,Engineering,09:24,10:21,57,59,6,4,6,9,96.6,PARTIAL,True
BLK00277,2026-03-04,SEC_KHA_LON,Engineering,16:28,18:18,110,121,6,4,78,25,90.9,COMPLETED,True
BLK00278,2026-02-22,SEC_LON_TAL,TRD,14:04,15:13,69,76,4,1,5,127,90.8,PARTIAL,True
BLK00279,2026-03-21,SEC_KHA_LON,TRD,17:47,19:12,85,104,3,2,37,37,81.7,PARTIAL,True
BLK00280,2026-01-29,SEC_THA_KAL,JOINT,10:57,13:21,144,138,4,0,74,11,100.0,PARTIAL,True
BLK00281,2026-03-19,SEC_KAR_KHA,TRD,07:10,08:44,94,92,6,6,32,9,100.0,COMPLETED,True
BLK00282,2026-03-11,SEC_LON_TAL,TRD,10:10,13:07,177,230,1,2,17,44,77.0,CANCELLED,True
BLK00283,2026-01-12,SEC_DAD_THA,TRD,13:52,15:46,114,126,3,5,119,26,90.5,COMPLETED,True
BLK00284,2026-03-22,SEC_THA_KAL,S&T,13:32,16:47,195,244,1,3,89,109,79.9,CANCELLED,True
BLK00285,2026-02-17,SEC_CHI_SHI,TRD,19:46,20:51,65,90,2,1,113,56,72.2,PARTIAL,True
BLK00286,2026-01-27,SEC_CHI_SHI,JOINT,09:19,12:19,180,215,3,8,40,68,83.7,CANCELLED,True
BLK00287,2026-01-04,SEC_MUM_DAD,S&T,08:00,09:51,111,164,6,2,58,143,67.7,COMPLETED,True
BLK00288,2026-01-12,SEC_KAR_KHA,S&T,19:28,20:47,79,117,2,3,19,130,67.5,CANCELLED,True
BLK00289,2026-03-25,SEC_SHI_PUN,JOINT,10:45,13:01,136,180,1,6,70,145,75.6,CANCELLED,True
BLK00290,2026-01-23,SEC_KAL_KAR,S&T,08:08,09:48,100,118,4,7,104,112,84.7,CANCELLED,True
BLK00291,2026-03-12,SEC_MUM_DAD,TRD,14:59,16:25,86,136,1,0,65,79,63.2,COMPLETED,True
BLK00292,2026-01-27,SEC_SHI_PUN,JOINT,16:48,18:21,93,130,5,5,114,53,71.5,CANCELLED,True
BLK00293,2026-03-19,SEC_KAL_KAR,TRD,16:02,17:30,88,100,5,1,7,119,88.0,CANCELLED,True
BLK00294,2026-03-22,SEC_DAD_THA,Engineering,08:19,10:38,139,192,3,0,83,109,72.4,COMPLETED,True
BLK00295,2026-02-17,SEC_CHI_SHI,Engineering,12:41,15:12,151,169,6,1,89,78,89.3,CANCELLED,True
BLK00296,2026-02-18,SEC_DAD_THA,JOINT,15:50,17:00,70,67,6,1,49,29,100.0,CANCELLED,True
BLK00297,2026-02-27,SEC_TAL_CHI,JOINT,11:17,14:03,166,222,4,8,95,16,74.8,COMPLETED,True
BLK00298,2026-03-04,SEC_KHA_LON,TRD,15:11,16:36,85,118,3,5,19,83,72.0,COMPLETED,True
BLK00299,2026-02-10,SEC_KAL_KAR,Engineering,06:43,08:17,94,149,5,4,110,35,63.1,PARTIAL,True
BLK00300,2026-03-11,SEC_KAR_KHA,S&T,14:59,16:47,108,156,3,0,68,150,69.2,PARTIAL,True
BLK00301,2026-03-30,SEC_DAD_THA,TRD,08:52,10:42,110,131,4,5,45,89,84.0,CANCELLED,True
BLK00302,2026-02-08,SEC_THA_KAL,TRD,13:19,14:09,50,110,4,5,90,67,45.5,CANCELLED,True
BLK00303,2026-03-24,SEC_THA_KAL,JOINT,08:14,10:40,146,178,6,1,95,1,82.0,COMPLETED,True
BLK00304,2026-02-20,SEC_KAL_KAR,S&T,08:35,11:33,178,201,5,0,51,74,88.6,CANCELLED,True
BLK00305,2026-02-03,SEC_TAL_CHI,Engineering,09:16,11:33,137,128,2,6,1,59,100.0,CANCELLED,True
BLK00306,2026-02-25,SEC_CHI_SHI,S&T,17:26,20:13,167,168,3,0,101,72,99.4,CANCELLED,True
BLK00307,2026-02-24,SEC_KHA_LON,JOINT,18:15,19:38,83,113,6,0,83,23,73.5,CANCELLED,True
BLK00308,2026-02-14,SEC_SHI_PUN,Engineering,15:38,17:44,126,183,1,2,81,52,68.9,COMPLETED,True
BLK00309,2026-03-26,SEC_KAL_KAR,TRD,08:19,09:35,76,134,3,8,107,30,56.7,COMPLETED,True
BLK00310,2026-01-01,SEC_CHI_SHI,S&T,11:41,14:29,168,176,1,5,90,138,95.5,COMPLETED,True
BLK00311,2026-02-12,SEC_DAD_THA,TRD,14:52,17:36,164,223,2,8,39,92,73.5,CANCELLED,True
BLK00312,2026-01-18,SEC_KAR_KHA,S&T,09:31,11:55,144,172,3,3,87,6,83.7,CANCELLED,True
BLK00313,2026-02-16,SEC_MUM_DAD,Engineering,07:56,09:45,109,133,3,0,78,12,82.0,CANCELLED,True
BLK00314,2026-01-07,SEC_KAL_KAR,TRD,07:55,09:34,99,159,6,0,110,142,62.3,CANCELLED,True
BLK00315,2026-02-20,SEC_CHI_SHI,Engineering,17:23,19:50,147,204,5,4,76,75,72.1,COMPLETED,True
BLK00316,2026-03-20,SEC_KAR_KHA,S&T,11:31,13:41,130,148,2,5,41,137,87.8,CANCELLED,True
BLK00317,2026-01-15,SEC_MUM_DAD,TRD,12:29,14:11,102,152,5,2,118,62,67.1,COMPLETED,True
BLK00318,2026-01-21,SEC_LON_TAL,JOINT,07:11,09:53,162,169,5,3,54,117,95.9,COMPLETED,True
BLK00319,2026-01-23,SEC_LON_TAL,TRD,12:32,15:08,156,211,5,8,75,13,73.9,CANCELLED,True
BLK00320,2026-02-01,SEC_CHI_SHI,TRD,08:18,10:27,129,175,3,5,102,121,73.7,CANCELLED,True
BLK00321,2026-02-24,SEC_DAD_THA,JOINT,14:38,16:24,106,154,6,8,79,51,68.8,PARTIAL,True
BLK00322,2026-03-19,SEC_DAD_THA,TRD,07:39,09:17,98,129,1,5,16,117,76.0,CANCELLED,True
BLK00323,2026-02-03,SEC_KHA_LON,TRD,09:37,11:47,130,159,1,2,4,113,81.8,PARTIAL,True
BLK00324,2026-01-21,SEC_TAL_CHI,Engineering,06:41,10:10,209,215,4,2,96,87,97.2,PARTIAL,True
BLK00325,2026-01-01,SEC_THA_KAL,Engineering,15:55,18:19,144,201,6,2,43,52,71.6,PARTIAL,True
BLK00326,2026-01-14,SEC_SHI_PUN,S&T,13:44,16:25,161,210,3,2,42,135,76.7,CANCELLED,True
BLK00327,2026-03-22,SEC_KAR_KHA,TRD,07:06,09:54,168,165,3,1,27,112,100.0,COMPLETED,True
BLK00328,2026-02-10,SEC_SHI_PUN,TRD,15:12,17:56,164,156,1,4,28,108,100.0,CANCELLED,True
BLK00329,2026-01-28,SEC_KAR_KHA,S&T,12:31,13:25,54,94,2,8,21,106,57.4,COMPLETED,True
BLK00330,2026-02-25,SEC_THA_KAL,S&T,08:36,10:40,124,126,2,0,51,25,98.4,CANCELLED,True
BLK00331,2026-01-25,SEC_TAL_CHI,JOINT,11:59,14:47,168,218,5,1,36,118,77.1,CANCELLED,True
BLK00332,2026-01-30,SEC_MUM_DAD,S&T,07:03,07:56,53,95,3,7,105,132,55.8,PARTIAL,True
BLK00333,2026-02-24,SEC_KHA_LON,TRD,09:54,12:43,169,173,3,2,68,56,97.7,PARTIAL,True
BLK00334,2026-03-07,SEC_THA_KAL,S&T,13:42,15:31,109,145,6,2,28,102,75.2,PARTIAL,True
BLK00335,2026-02-25,SEC_MUM_DAD,Engineering,18:18,20:35,137,163,4,6,112,116,84.0,PARTIAL,True
BLK00336,2026-02-26,SEC_KAR_KHA,Engineering,06:56,09:47,171,187,5,1,78,147,91.4,CANCELLED,True
BLK00337,2026-01-01,SEC_KHA_LON,S&T,18:57,20:42,105,104,6,8,13,38,100.0,CANCELLED,True
BLK00338,2026-03-16,SEC_SHI_PUN,Engineering,18:42,20:02,80,119,3,6,105,26,67.2,CANCELLED,True
BLK00339,2026-02-24,SEC_TAL_CHI,S&T,18:54,20:03,69,73,5,4,17,104,94.5,CANCELLED,True
BLK00340,2026-02-21,SEC_KAL_KAR,Engineering,15:13,18:03,170,192,6,6,17,119,88.5,COMPLETED,True
BLK00341,2026-02-23,SEC_DAD_THA,JOINT,09:56,11:10,74,88,3,5,83,90,84.1,COMPLETED,True
BLK00342,2026-03-20,SEC_KAR_KHA,S&T,11:39,14:43,184,209,1,3,101,82,88.0,COMPLETED,True
BLK00343,2026-01-19,SEC_THA_KAL,TRD,13:44,16:11,147,161,4,4,47,91,91.3,PARTIAL,True
BLK00344,2026-03-02,SEC_SHI_PUN,JOINT,06:06,08:04,118,140,1,7,105,90,84.3,CANCELLED,True
BLK00345,2026-01-09,SEC_MUM_DAD,S&T,09:42,11:07,85,137,5,4,30,48,62.0,CANCELLED,True
BLK00346,2026-03-17,SEC_THA_KAL,JOINT,09:04,12:13,189,244,4,2,56,2,77.5,CANCELLED,True
BLK00347,2026-01-15,SEC_KAR_KHA,JOINT,08:21,10:36,135,178,1,8,116,37,75.8,COMPLETED,True
BLK00348,2026-03-26,SEC_DAD_THA,TRD,17:43,20:06,143,134,3,0,20,27,100.0,PARTIAL,True
BLK00349,2026-03-17,SEC_KAL_KAR,TRD,16:53,17:57,64,83,6,1,91,62,77.1,CANCELLED,True
BLK00350,2026-03-20,SEC_LON_TAL,JOINT,11:38,14:18,160,162,2,8,116,3,98.8,COMPLETED,True
BLK00351,2026-01-19,SEC_SHI_PUN,Engineering,12:48,14:20,92,93,2,5,70,142,98.9,CANCELLED,True
BLK00352,2026-02-09,SEC_KHA_LON,Engineering,08:32,10:48,136,158,1,4,37,92,86.1,COMPLETED,True
BLK00353,2026-02-06,SEC_THA_KAL,JOINT,17:47,20:23,156,184,1,8,40,20,84.8,COMPLETED,True
BLK00354,2026-03-04,SEC_MUM_DAD,JOINT,12:32,13:26,54,70,1,4,100,92,77.1,CANCELLED,True
BLK00355,2026-03-10,SEC_THA_KAL,Engineering,07:27,10:27,180,172,2,3,61,125,100.0,CANCELLED,True
BLK00356,2026-02-19,SEC_KHA_LON,TRD,14:31,16:52,141,134,2,3,63,147,100.0,CANCELLED,True
BLK00357,2026-01-24,SEC_KAL_KAR,Engineering,10:14,13:25,191,208,3,8,118,146,91.8,CANCELLED,True
BLK00358,2026-02-18,SEC_KHA_LON,JOINT,14:05,16:04,119,174,6,3,102,71,68.4,CANCELLED,True
BLK00359,2026-03-03,SEC_KAR_KHA,JOINT,10:40,11:39,59,52,6,4,13,62,100.0,CANCELLED,True
BLK00360,2026-01-12,SEC_KAL_KAR,JOINT,12:39,16:05,206,210,2,6,28,8,98.1,COMPLETED,True
BLK00361,2026-03-12,SEC_LON_TAL,JOINT,16:49,19:28,159,188,1,4,102,30,84.6,PARTIAL,True
BLK00362,2026-01-28,SEC_TAL_CHI,JOINT,12:46,15:08,142,142,1,8,11,95,100.0,COMPLETED,True
BLK00363,2026-03-27,SEC_SHI_PUN,Engineering,11:52,14:39,167,218,3,5,82,121,76.6,COMPLETED,True
BLK00364,2026-03-18,SEC_LON_TAL,S&T,12:57,15:43,166,181,4,7,3,53,91.7,PARTIAL,True
BLK00365,2026-02-16,SEC_SHI_PUN,S&T,12:59,15:02,123,180,5,4,4,31,68.3,COMPLETED,True
BLK00366,2026-01-31,SEC_CHI_SHI,Engineering,17:56,20:57,181,219,5,0,42,96,82.6,PARTIAL,True
BLK00367,2026-03-23,SEC_DAD_THA,Engineering,16:34,17:23,49,47,2,1,32,2,100.0,COMPLETED,True
BLK00368,2026-01-03,SEC_KAR_KHA,Engineering,17:16,19:25,129,147,2,8,24,46,87.8,PARTIAL,True
BLK00369,2026-03-06,SEC_MUM_DAD,Engineering,13:29,16:03,154,198,3,3,103,14,77.8,PARTIAL,True
BLK00370,2026-02-11,SEC_KHA_LON,Engineering,07:38,09:58,140,158,3,4,61,33,88.6,COMPLETED,True
BLK00371,2026-02-12,SEC_THA_KAL,TRD,11:28,13:28,120,161,6,7,98,74,74.5,COMPLETED,True
BLK00372,2026-01-22,SEC_CHI_SHI,S&T,09:32,11:43,131,151,4,4,115,2,86.8,CANCELLED,True
BLK00373,2026-01-11,SEC_TAL_CHI,S&T,10:15,13:08,173,184,5,0,57,144,94.0,PARTIAL,True
BLK00374,2026-02-11,SEC_LON_TAL,JOINT,10:38,12:57,139,183,2,7,88,135,76.0,PARTIAL,True
BLK00375,2026-03-09,SEC_CHI_SHI,TRD,14:04,16:16,132,138,3,4,15,136,95.7,CANCELLED,True
BLK00376,2026-01-15,SEC_DAD_THA,Engineering,07:11,10:25,194,247,5,4,31,136,78.5,PARTIAL,True
BLK00377,2026-02-01,SEC_CHI_SHI,Engineering,15:21,18:45,204,240,5,5,3,76,85.0,COMPLETED,True
BLK00378,2026-03-23,SEC_KHA_LON,TRD,16:27,18:10,103,131,4,4,78,116,78.6,CANCELLED,True
BLK00379,2026-01-26,SEC_DAD_THA,JOINT,11:36,13:06,90,125,4,2,45,128,72.0,COMPLETED,True
BLK00380,2026-01-01,SEC_TAL_CHI,Engineering,08:59,11:39,160,207,5,2,76,78,77.3,COMPLETED,True
BLK00381,2026-02-26,SEC_THA_KAL,TRD,13:59,15:17,78,117,3,5,17,100,66.7,COMPLETED,True
BLK00382,2026-01-17,SEC_CHI_SHI,Engineering,06:47,08:30,103,145,3,7,61,65,71.0,CANCELLED,True
BLK00383,2026-03-06,SEC_MUM_DAD,TRD,15:38,18:23,165,164,1,5,77,114,100.0,PARTIAL,True
BLK00384,2026-02-22,SEC_KAL_KAR,JOINT,06:10,07:42,92,110,6,0,88,87,83.6,CANCELLED,True
BLK00385,2026-01-30,SEC_THA_KAL,TRD,13:28,14:53,85,102,2,8,20,13,83.3,COMPLETED,True
BLK00386,2026-01-27,SEC_KAR_KHA,TRD,14:13,15:06,53,101,1,8,22,122,52.5,PARTIAL,True
BLK00387,2026-03-07,SEC_MUM_DAD,S&T,08:20,09:10,50,48,6,7,102,66,100.0,PARTIAL,True
BLK00388,2026-03-14,SEC_CHI_SHI,Engineering,09:43,12:24,161,182,3,6,107,11,88.5,COMPLETED,True
BLK00389,2026-03-29,SEC_KHA_LON,JOINT,17:20,18:47,87,131,2,4,96,143,66.4,COMPLETED,True
BLK00390,2026-01-01,SEC_THA_KAL,JOINT,06:27,07:37,70,130,3,5,20,32,53.8,COMPLETED,True
BLK00391,2026-01-14,SEC_CHI_SHI,TRD,11:32,14:25,173,212,5,7,8,96,81.6,COMPLETED,True
BLK00392,2026-02-28,SEC_LON_TAL,Engineering,12:44,13:59,75,68,5,6,79,15,100.0,PARTIAL,True
BLK00393,2026-01-22,SEC_THA_KAL,TRD,06:20,08:50,150,207,2,0,118,66,72.5,COMPLETED,True
BLK00394,2026-02-11,SEC_LON_TAL,S&T,17:07,18:24,77,81,6,6,33,6,95.1,PARTIAL,True
BLK00395,2026-01-12,SEC_THA_KAL,TRD,15:22,16:51,89,118,6,1,62,142,75.4,CANCELLED,True
BLK00396,2026-01-22,SEC_DAD_THA,TRD,07:06,08:58,112,121,3,4,102,69,92.6,COMPLETED,True
BLK00397,2026-03-01,SEC_LON_TAL,JOINT,15:54,18:20,146,173,1,2,119,55,84.4,CANCELLED,True
BLK00398,2026-02-26,SEC_LON_TAL,Engineering,19:38,20:27,49,76,3,4,70,80,64.5,CANCELLED,True
BLK00399,2026-03-16,SEC_KAL_KAR,TRD,10:57,13:05,128,131,3,4,43,129,97.7,CANCELLED,True
BLK00400,2026-03-19,SEC_THA_KAL,Engineering,12:58,14:11,73,104,3,4,119,92,70.2,CANCELLED,True
BLK00401,2026-01-19,SEC_KAR_KHA,JOINT,06:35,08:10,95,95,5,2,16,15,100.0,CANCELLED,True
BLK00402,2026-01-14,SEC_DAD_THA,Engineering,08:27,10:06,99,114,4,3,44,55,86.8,CANCELLED,True
BLK00403,2026-01-17,SEC_THA_KAL,JOINT,09:51,11:15,84,128,1,3,104,146,65.6,CANCELLED,True
BLK00404,2026-02-06,SEC_KHA_LON,S&T,09:21,10:58,97,114,4,4,49,125,85.1,CANCELLED,True
BLK00405,2026-01-30,SEC_CHI_SHI,TRD,15:17,16:28,71,127,3,4,112,133,55.9,COMPLETED,True
BLK00406,2026-01-03,SEC_KAL_KAR,JOINT,16:51,19:48,177,211,3,0,101,38,83.9,CANCELLED,True
BLK00407,2026-02-04,SEC_SHI_PUN,JOINT,15:02,17:44,162,178,3,4,59,70,91.0,COMPLETED,True
BLK00408,2026-03-12,SEC_DAD_THA,Engineering,16:43,19:11,148,164,5,6,65,22,90.2,CANCELLED,True
BLK00409,2026-02-17,SEC_KAL_KAR,S&T,15:19,18:03,164,177,2,3,90,41,92.7,COMPLETED,True
BLK00410,2026-02-10,SEC_CHI_SHI,TRD,12:02,14:56,174,180,1,2,16,75,96.7,COMPLETED,True
BLK00411,2026-03-09,SEC_KAL_KAR,S&T,06:05,08:16,131,125,5,6,38,76,100.0,CANCELLED,True
BLK00412,2026-01-06,SEC_LON_TAL,TRD,07:37,10:09,152,148,5,7,101,69,100.0,COMPLETED,True
BLK00413,2026-01-22,SEC_TAL_CHI,S&T,16:33,19:17,164,172,3,1,99,78,95.3,CANCELLED,True
BLK00414,2026-01-17,SEC_KAL_KAR,S&T,06:23,08:17,114,130,3,3,73,41,87.7,PARTIAL,True
BLK00415,2026-03-09,SEC_TAL_CHI,S&T,11:19,12:19,60,53,6,1,69,93,100.0,CANCELLED,True
BLK00416,2026-02-02,SEC_LON_TAL,TRD,11:30,14:15,165,188,6,3,18,33,87.8,COMPLETED,True
BLK00417,2026-01-16,SEC_KAR_KHA,JOINT,11:39,12:28,49,101,4,4,58,86,48.5,CANCELLED,True
BLK00418,2026-01-28,SEC_KAR_KHA,Engineering,16:10,17:51,101,135,4,1,15,124,74.8,COMPLETED,True
BLK00419,2026-03-02,SEC_MUM_DAD,JOINT,14:34,16:12,98,95,2,7,54,83,100.0,COMPLETED,True
BLK00420,2026-03-06,SEC_LON_TAL,TRD,17:01,19:47,166,183,1,8,26,61,90.7,CANCELLED,True
BLK00421,2026-01-19,SEC_MUM_DAD,JOINT,18:04,20:33,149,153,6,6,45,105,97.4,PARTIAL,True
BLK00422,2026-02-14,SEC_MUM_DAD,Engineering,17:53,20:32,159,161,1,6,78,29,98.8,CANCELLED,True
BLK00423,2026-01-26,SEC_MUM_DAD,TRD,15:45,19:02,197,213,2,7,5,70,92.5,CANCELLED,True
BLK00424,2026-02-22,SEC_KHA_LON,S&T,15:27,16:28,61,95,5,0,104,0,64.2,COMPLETED,True
BLK00425,2026-02-10,SEC_KAR_KHA,JOINT,19:00,20:25,85,106,5,5,85,0,80.2,PARTIAL,True
BLK00426,2026-03-02,SEC_KAR_KHA,JOINT,18:00,19:04,64,115,2,6,58,82,55.7,COMPLETED,True
BLK00427,2026-02-07,SEC_CHI_SHI,TRD,12:12,14:24,132,191,3,8,108,127,69.1,CANCELLED,True
BLK00428,2026-03-15,SEC_LON_TAL,S&T,07:30,10:30,180,233,3,8,61,22,77.3,COMPLETED,True
BLK00429,2026-03-31,SEC_CHI_SHI,JOINT,13:45,15:35,110,139,4,8,26,123,79.1,COMPLETED,True
BLK00430,2026-03-09,SEC_TAL_CHI,TRD,11:09,13:00,111,128,3,4,79,119,86.7,CANCELLED,True
BLK00431,2026-01-07,SEC_LON_TAL,Engineering,18:02,19:21,79,139,3,7,45,49,56.8,COMPLETED,True
BLK00432,2026-01-13,SEC_LON_TAL,S&T,15:21,16:52,91,99,6,0,16,139,91.9,CANCELLED,True
BLK00433,2026-02-12,SEC_KHA_LON,JOINT,10:32,12:10,98,117,1,8,68,106,83.8,PARTIAL,True
BLK00434,2026-01-09,SEC_THA_KAL,S&T,12:38,15:00,142,200,2,6,45,95,71.0,CANCELLED,True
BLK00435,2026-01-12,SEC_KHA_LON,S&T,09:33,11:47,134,156,5,3,90,29,85.9,PARTIAL,True
BLK00436,2026-01-28,SEC_DAD_THA,Engineering,14:33,17:42,189,214,1,4,29,79,88.3,COMPLETED,True
BLK00437,2026-01-08,SEC_KHA_LON,S&T,09:45,10:43,58,116,5,1,62,66,50.0,PARTIAL,True
BLK00438,2026-02-17,SEC_SHI_PUN,S&T,18:01,20:23,142,191,1,4,104,109,74.3,COMPLETED,True
BLK00439,2026-01-19,SEC_LON_TAL,TRD,12:40,14:40,120,132,5,5,87,139,90.9,PARTIAL,True
BLK00440,2026-03-18,SEC_DAD_THA,Engineering,15:07,18:19,192,222,1,0,120,43,86.5,CANCELLED,True
BLK00441,2026-02-11,SEC_CHI_SHI,TRD,12:29,15:05,156,180,4,7,109,96,86.7,COMPLETED,True
BLK00442,2026-01-26,SEC_THA_KAL,S&T,13:24,16:21,177,232,6,0,24,138,76.3,CANCELLED,True
BLK00443,2026-01-07,SEC_SHI_PUN,JOINT,15:10,16:41,91,130,6,4,38,110,70.0,COMPLETED,True
BLK00444,2026-01-08,SEC_DAD_THA,JOINT,07:12,09:29,137,183,2,0,54,64,74.9,CANCELLED,True
BLK00445,2026-02-17,SEC_KHA_LON,JOINT,14:38,17:19,161,214,4,5,91,140,75.2,COMPLETED,True
BLK00446,2026-03-10,SEC_KAL_KAR,S&T,13:07,16:20,193,253,3,0,2,25,76.3,CANCELLED,True
BLK00447,2026-01-19,SEC_MUM_DAD,JOINT,12:16,14:12,116,165,5,4,30,113,70.3,PARTIAL,True
BLK00448,2026-01-08,SEC_MUM_DAD,TRD,13:00,14:57,117,149,3,2,7,3,78.5,PARTIAL,True
BLK00449,2026-02-15,SEC_KHA_LON,S&T,17:15,18:58,103,103,1,8,48,72,100.0,COMPLETED,True
BLK00450,2026-02-21,SEC_KHA_LON,JOINT,12:21,13:38,77,122,1,4,1,17,63.1,CANCELLED,True
BLK00451,2026-03-21,SEC_TAL_CHI,Engineering,08:05,09:24,79,100,2,0,54,59,79.0,PARTIAL,True
BLK00452,2026-02-16,SEC_TAL_CHI,S&T,15:29,18:08,159,167,6,3,54,68,95.2,PARTIAL,True
BLK00453,2026-02-11,SEC_SHI_PUN,TRD,13:24,14:42,78,122,3,7,82,38,63.9,COMPLETED,True
BLK00454,2026-02-04,SEC_LON_TAL,S&T,16:30,18:32,122,174,2,2,51,6,70.1,CANCELLED,True
BLK00455,2026-02-06,SEC_KAL_KAR,Engineering,17:39,19:59,140,164,6,5,100,141,85.4,PARTIAL,True
BLK00456,2026-01-05,SEC_KAR_KHA,Engineering,15:37,18:13,156,202,6,3,119,125,77.2,PARTIAL,True
BLK00457,2026-03-16,SEC_KAL_KAR,TRD,15:37,17:01,84,131,3,5,38,107,64.1,COMPLETED,True
BLK00458,2026-01-23,SEC_CHI_SHI,S&T,15:19,16:44,85,90,2,2,71,80,94.4,COMPLETED,True
BLK00459,2026-01-19,SEC_SHI_PUN,Engineering,13:57,14:44,47,51,5,4,5,90,92.2,CANCELLED,True
BLK00460,2026-02-13,SEC_CHI_SHI,JOINT,07:17,10:42,205,263,1,5,73,88,77.9,COMPLETED,True
BLK00461,2026-03-21,SEC_KHA_LON,Engineering,13:08,14:33,85,124,1,7,42,146,68.5,PARTIAL,True
BLK00462,2026-03-27,SEC_KAR_KHA,TRD,17:34,20:16,162,189,6,5,92,67,85.7,PARTIAL,True
BLK00463,2026-03-27,SEC_KHA_LON,JOINT,09:11,10:54,103,95,1,7,88,115,100.0,CANCELLED,True
BLK00464,2026-01-29,SEC_TAL_CHI,S&T,13:04,15:40,156,200,1,0,39,0,78.0,COMPLETED,True
BLK00465,2026-03-05,SEC_KHA_LON,S&T,18:27,21:22,175,170,3,1,21,107,100.0,CANCELLED,True
BLK00466,2026-01-16,SEC_LON_TAL,TRD,10:01,12:12,131,144,2,1,106,4,91.0,COMPLETED,True
BLK00467,2026-01-26,SEC_CHI_SHI,JOINT,19:07,20:35,88,147,3,5,82,72,59.9,COMPLETED,True
BLK00468,2026-03-18,SEC_KAL_KAR,S&T,14:46,16:48,122,181,5,0,101,49,67.4,PARTIAL,True
BLK00469,2026-02-03,SEC_LON_TAL,S&T,11:45,13:16,91,114,4,1,93,46,79.8,CANCELLED,True
BLK00470,2026-01-06,SEC_THA_KAL,TRD,17:42,20:53,191,246,1,1,9,10,77.6,PARTIAL,True
BLK00471,2026-01-13,SEC_KAL_KAR,Engineering,07:24,08:38,74,90,6,0,105,1,82.2,PARTIAL,True
BLK00472,2026-03-17,SEC_KAL_KAR,TRD,16:16,18:58,162,187,6,7,102,98,86.6,CANCELLED,True
BLK00473,2026-02-21,SEC_LON_TAL,JOINT,18:25,19:57,92,119,2,5,51,117,77.3,COMPLETED,True
BLK00474,2026-01-19,SEC_KAL_KAR,Engineering,14:19,17:17,178,219,6,0,42,43,81.3,CANCELLED,True
BLK00475,2026-02-06,SEC_SHI_PUN,TRD,15:48,17:22,94,148,2,2,85,50,63.5,COMPLETED,True
BLK00476,2026-02-26,SEC_CHI_SHI,JOINT,09:14,11:24,130,135,3,3,96,130,96.3,COMPLETED,True
BLK00477,2026-01-26,SEC_KAL_KAR,JOINT,11:18,14:16,178,202,5,5,62,52,88.1,COMPLETED,True
BLK00478,2026-03-04,SEC_THA_KAL,S&T,18:10,20:56,166,196,6,2,116,29,84.7,CANCELLED,True
BLK00479,2026-03-06,SEC_THA_KAL,JOINT,06:06,07:51,105,120,3,5,39,60,87.5,PARTIAL,True
BLK00480,2026-01-06,SEC_MUM_DAD,TRD,08:32,11:25,173,164,2,6,76,129,100.0,CANCELLED,True
BLK00481,2026-03-26,SEC_TAL_CHI,Engineering,08:24,11:24,180,201,2,1,99,71,89.6,PARTIAL,True
BLK00482,2026-01-26,SEC_KAL_KAR,Engineering,06:48,08:42,114,118,2,2,103,32,96.6,COMPLETED,True
BLK00483,2026-01-10,SEC_DAD_THA,S&T,06:55,08:41,106,137,3,5,94,84,77.4,PARTIAL,True
BLK00484,2026-03-28,SEC_KAR_KHA,JOINT,12:04,13:00,56,67,3,8,54,81,83.6,PARTIAL,True
BLK00485,2026-01-25,SEC_LON_TAL,TRD,17:30,18:23,53,103,6,7,26,72,51.5,PARTIAL,True
BLK00486,2026-03-14,SEC_KHA_LON,JOINT,11:33,12:52,79,84,5,4,91,29,94.0,PARTIAL,True
BLK00487,2026-01-25,SEC_THA_KAL,Engineering,16:18,18:04,106,145,3,1,77,65,73.1,CANCELLED,True
BLK00488,2026-03-24,SEC_KHA_LON,JOINT,10:08,11:21,73,127,6,7,31,45,57.5,CANCELLED,True
BLK00489,2026-02-11,SEC_SHI_PUN,JOINT,09:10,10:30,80,83,4,0,72,24,96.4,COMPLETED,True
BLK00490,2026-02-19,SEC_MUM_DAD,JOINT,12:22,13:55,93,90,1,0,95,18,100.0,COMPLETED,True
BLK00491,2026-02-24,SEC_CHI_SHI,S&T,10:11,11:45,94,89,6,2,11,62,100.0,PARTIAL,True
BLK00492,2026-01-29,SEC_KAL_KAR,S&T,16:32,19:00,148,162,5,5,66,38,91.4,PARTIAL,True
BLK00493,2026-02-23,SEC_KAL_KAR,S&T,08:33,11:43,190,193,5,8,40,26,98.4,CANCELLED,True
BLK00494,2026-03-29,SEC_DAD_THA,S&T,11:19,12:38,79,117,4,2,86,78,67.5,CANCELLED,True
BLK00495,2026-01-07,SEC_TAL_CHI,Engineering,19:37,20:58,81,120,6,4,38,17,67.5,PARTIAL,True
BLK00496,2026-03-11,SEC_TAL_CHI,JOINT,16:05,17:00,55,60,4,4,108,46,91.7,CANCELLED,True
BLK00497,2026-02-22,SEC_DAD_THA,S&T,13:40,16:13,153,204,1,5,94,31,75.0,PARTIAL,True
BLK00498,2026-01-08,SEC_SHI_PUN,Engineering,14:34,15:37,63,84,1,6,65,9,75.0,PARTIAL,True
BLK00499,2026-03-09,SEC_MUM_DAD,S&T,09:42,11:32,110,109,4,0,20,40,100.0,COMPLETED,True
BLK00500,2026-03-17,SEC_CHI_SHI,Engineering,16:21,19:30,189,237,2,5,104,73,79.7,COMPLETED,True
BLK00501,2026-03-03,SEC_DAD_THA,JOINT,16:19,17:37,78,99,4,3,77,9,78.8,PARTIAL,True
BLK00502,2026-02-21,SEC_LON_TAL,TRD,16:24,18:06,102,122,2,2,59,19,83.6,COMPLETED,True
BLK00503,2026-01-30,SEC_TAL_CHI,JOINT,09:25,11:11,106,142,1,3,119,134,74.6,COMPLETED,True
BLK00504,2026-03-12,SEC_KAL_KAR,TRD,11:11,12:05,54,91,6,5,24,25,59.3,COMPLETED,True
BLK00505,2026-03-23,SEC_SHI_PUN,Engineering,11:49,14:00,131,176,1,8,108,19,74.4,PARTIAL,True
BLK00506,2026-01-05,SEC_KAL_KAR,TRD,07:32,09:42,130,167,3,7,92,15,77.8,CANCELLED,True
BLK00507,2026-01-09,SEC_KHA_LON,Engineering,15:12,17:28,136,171,4,6,112,39,79.5,COMPLETED,True
BLK00508,2026-03-05,SEC_LON_TAL,S&T,16:28,18:48,140,171,5,4,98,12,81.9,PARTIAL,True
BLK00509,2026-03-08,SEC_THA_KAL,S&T,14:37,16:00,83,142,6,8,25,69,58.5,PARTIAL,True
BLK00510,2026-02-07,SEC_KHA_LON,TRD,18:59,20:21,82,86,2,2,61,65,95.3,PARTIAL,True
BLK00511,2026-03-23,SEC_DAD_THA,JOINT,11:50,13:03,73,70,2,5,90,38,100.0,PARTIAL,True
BLK00512,2026-03-24,SEC_KAR_KHA,JOINT,10:12,12:37,145,148,5,0,42,80,98.0,COMPLETED,True
BLK00513,2026-03-10,SEC_THA_KAL,JOINT,13:04,15:09,125,175,6,6,72,95,71.4,CANCELLED,True
BLK00514,2026-01-26,SEC_MUM_DAD,S&T,13:36,15:00,84,86,5,8,84,125,97.7,COMPLETED,True
BLK00515,2026-03-15,SEC_MUM_DAD,S&T,15:26,18:09,163,190,4,4,50,34,85.8,COMPLETED,True
BLK00516,2026-03-16,SEC_SHI_PUN,S&T,15:35,18:20,165,188,6,3,5,8,87.8,PARTIAL,True
BLK00517,2026-03-20,SEC_SHI_PUN,Engineering,12:09,14:48,159,175,1,6,113,34,90.9,COMPLETED,True
BLK00518,2026-03-22,SEC_SHI_PUN,TRD,08:29,09:51,82,140,5,7,14,92,58.6,CANCELLED,True
BLK00519,2026-03-17,SEC_MUM_DAD,S&T,06:21,09:33,192,221,6,0,14,107,86.9,CANCELLED,True
BLK00520,2026-02-16,SEC_THA_KAL,JOINT,08:42,11:00,138,183,1,6,55,89,75.4,COMPLETED,True
BLK00521,2026-03-01,SEC_MUM_DAD,TRD,10:50,13:39,169,223,2,1,38,52,75.8,PARTIAL,True
BLK00522,2026-01-10,SEC_KHA_LON,JOINT,08:47,09:37,50,48,5,3,78,137,100.0,COMPLETED,True
BLK00523,2026-02-28,SEC_THA_KAL,JOINT,09:26,12:04,158,165,3,6,38,54,95.8,PARTIAL,True
BLK00524,2026-01-29,SEC_DAD_THA,JOINT,17:30,19:49,139,199,6,2,68,2,69.8,CANCELLED,True
BLK00525,2026-02-19,SEC_LON_TAL,Engineering,14:57,17:51,174,213,6,8,51,88,81.7,CANCELLED,True
BLK00526,2026-01-11,SEC_KAL_KAR,Engineering,17:24,19:21,117,128,2,7,81,39,91.4,PARTIAL,True
BLK00527,2026-01-08,SEC_TAL_CHI,Engineering,09:29,10:44,75,112,1,3,95,142,67.0,CANCELLED,True
BLK00528,2026-02-13,SEC_TAL_CHI,S&T,08:07,10:30,143,187,3,1,80,7,76.5,CANCELLED,True
BLK00529,2026-02-22,SEC_CHI_SHI,Engineering,12:27,14:00,93,148,5,6,113,149,62.8,CANCELLED,True
BLK00530,2026-02-27,SEC_TAL_CHI,TRD,17:58,20:22,144,188,5,3,81,10,76.6,PARTIAL,True
BLK00531,2026-02-28,SEC_KAL_KAR,S&T,07:14,09:58,164,155,1,4,68,141,100.0,COMPLETED,True
BLK00532,2026-01-29,SEC_SHI_PUN,JOINT,08:40,10:04,84,143,4,7,14,112,58.7,PARTIAL,True
BLK00533,2026-02-02,SEC_THA_KAL,S&T,15:31,16:24,53,101,5,4,51,83,52.5,COMPLETED,True
BLK00534,2026-01-24,SEC_KAL_KAR,Engineering,17:35,19:10,95,106,2,0,19,41,89.6,CANCELLED,True
BLK00535,2026-02-09,SEC_DAD_THA,TRD,08:20,09:33,73,64,5,2,15,135,100.0,PARTIAL,True
BLK00536,2026-03-09,SEC_MUM_DAD,TRD,15:14,17:21,127,130,5,4,63,88,97.7,CANCELLED,True
BLK00537,2026-03-18,SEC_TAL_CHI,Engineering,18:11,19:06,55,115,5,4,100,134,47.8,CANCELLED,True
BLK00538,2026-01-13,SEC_CHI_SHI,TRD,15:14,18:01,167,202,3,5,58,88,82.7,COMPLETED,True
BLK00539,2026-01-08,SEC_DAD_THA,JOINT,07:19,10:10,171,225,3,7,117,22,76.0,PARTIAL,True
BLK00540,2026-02-06,SEC_THA_KAL,Engineering,13:42,16:23,161,183,1,0,113,116,88.0,CANCELLED,True
BLK00541,2026-02-06,SEC_KHA_LON,S&T,08:34,11:13,159,200,2,0,114,123,79.5,CANCELLED,True
BLK00542,2026-03-12,SEC_CHI_SHI,JOINT,07:26,08:27,61,58,4,3,35,99,100.0,COMPLETED,True
BLK00543,2026-03-23,SEC_KAR_KHA,JOINT,10:12,11:05,53,99,6,2,54,4,53.5,COMPLETED,True
BLK00544,2026-03-25,SEC_KHA_LON,TRD,09:24,10:39,75,65,6,5,44,59,100.0,PARTIAL,True
BLK00545,2026-01-16,SEC_KAL_KAR,JOINT,08:07,10:46,159,175,3,5,74,24,90.9,COMPLETED,True
BLK00546,2026-03-30,SEC_CHI_SHI,Engineering,10:19,12:19,120,110,5,8,79,11,100.0,PARTIAL,True
BLK00547,2026-01-05,SEC_SHI_PUN,TRD,18:32,20:14,102,140,1,0,2,89,72.9,PARTIAL,True
BLK00548,2026-03-07,SEC_KAL_KAR,JOINT,19:23,20:50,87,92,6,3,66,101,94.6,PARTIAL,True
BLK00549,2026-01-31,SEC_CHI_SHI,JOINT,14:55,17:53,178,228,6,0,60,124,78.1,COMPLETED,True
BLK00550,2026-03-28,SEC_TAL_CHI,JOINT,10:55,13:15,140,180,2,4,4,73,77.8,COMPLETED,True
BLK00551,2026-01-26,SEC_DAD_THA,TRD,17:47,20:12,145,148,1,7,32,44,98.0,PARTIAL,True
BLK00552,2026-02-01,SEC_MUM_DAD,JOINT,14:29,16:34,125,168,5,7,68,0,74.4,PARTIAL,True
BLK00553,2026-02-02,SEC_TAL_CHI,TRD,11:51,13:31,100,114,3,5,10,130,87.7,CANCELLED,True
BLK00554,2026-02-14,SEC_MUM_DAD,S&T,12:28,15:31,183,200,3,8,78,99,91.5,PARTIAL,True
BLK00555,2026-01-29,SEC_KAR_KHA,S&T,15:24,17:03,99,134,1,4,16,75,73.9,PARTIAL,True
BLK00556,2026-01-20,SEC_KAL_KAR,JOINT,13:27,16:18,171,161,3,3,50,35,100.0,PARTIAL,True
BLK00557,2026-03-05,SEC_LON_TAL,S&T,14:47,18:14,207,199,5,1,8,141,100.0,PARTIAL,True
BLK00558,2026-03-18,SEC_CHI_SHI,Engineering,13:26,15:46,140,172,6,4,91,134,81.4,COMPLETED,True
BLK00559,2026-01-22,SEC_MUM_DAD,JOINT,12:49,14:05,76,95,1,8,78,20,80.0,PARTIAL,True
BLK00560,2026-01-06,SEC_CHI_SHI,JOINT,07:51,09:21,90,94,3,0,107,145,95.7,PARTIAL,True
BLK00561,2026-03-08,SEC_CHI_SHI,Engineering,15:55,19:08,193,240,5,7,60,96,80.4,CANCELLED,True
BLK00562,2026-01-11,SEC_CHI_SHI,Engineering,09:51,12:46,175,185,4,3,68,94,94.6,COMPLETED,True
BLK00563,2026-02-01,SEC_TAL_CHI,JOINT,15:49,18:21,152,211,1,6,51,30,72.0,PARTIAL,True
BLK00564,2026-01-25,SEC_DAD_THA,TRD,11:12,13:38,146,164,6,1,101,108,89.0,PARTIAL,True
BLK00565,2026-03-23,SEC_KAR_KHA,S&T,18:35,21:28,173,204,1,4,19,82,84.8,CANCELLED,True
BLK00566,2026-03-20,SEC_MUM_DAD,TRD,08:38,11:29,171,183,2,2,77,8,93.4,COMPLETED,True
BLK00567,2026-02-07,SEC_LON_TAL,JOINT,15:10,17:33,143,189,5,3,76,79,75.7,CANCELLED,True
BLK00568,2026-03-07,SEC_KHA_LON,TRD,06:42,08:12,90,124,6,7,56,22,72.6,COMPLETED,True
BLK00569,2026-03-21,SEC_KHA_LON,JOINT,08:48,11:49,181,197,4,7,27,132,91.9,CANCELLED,True
BLK00570,2026-03-14,SEC_CHI_SHI,S&T,11:05,13:21,136,170,2,6,85,50,80.0,PARTIAL,True
BLK00571,2026-03-29,SEC_TAL_CHI,S&T,19:11,20:13,62,102,1,0,33,18,60.8,COMPLETED,True
BLK00572,2026-01-22,SEC_KAR_KHA,TRD,18:56,20:48,112,162,6,5,95,85,69.1,PARTIAL,True
BLK00573,2026-01-11,SEC_LON_TAL,Engineering,16:08,17:31,83,76,4,5,69,11,100.0,PARTIAL,True
BLK00574,2026-03-31,SEC_TAL_CHI,JOINT,15:04,17:42,158,196,4,1,111,127,80.6,PARTIAL,True
BLK00575,2026-01-11,SEC_CHI_SHI,JOINT,11:09,12:32,83,122,1,7,90,91,68.0,CANCELLED,True
BLK00576,2026-02-04,SEC_THA_KAL,Engineering,09:53,12:37,164,223,2,1,22,91,73.5,PARTIAL,True
BLK00577,2026-01-30,SEC_CHI_SHI,TRD,17:22,19:01,99,148,1,6,107,44,66.9,PARTIAL,True
BLK00578,2026-02-27,SEC_SHI_PUN,JOINT,06:36,08:01,85,143,2,6,47,113,59.4,CANCELLED,True
BLK00579,2026-01-08,SEC_CHI_SHI,JOINT,18:36,19:40,64,59,4,0,39,55,100.0,COMPLETED,True
BLK00580,2026-03-26,SEC_SHI_PUN,JOINT,16:04,17:47,103,143,6,4,70,76,72.0,PARTIAL,True
BLK00581,2026-02-17,SEC_MUM_DAD,JOINT,12:13,14:59,166,156,3,6,31,119,100.0,PARTIAL,True
BLK00582,2026-01-12,SEC_DAD_THA,S&T,17:06,20:01,175,194,1,2,91,56,90.2,PARTIAL,True
BLK00583,2026-01-27,SEC_KHA_LON,TRD,06:50,09:42,172,184,6,7,105,105,93.5,COMPLETED,True
BLK00584,2026-03-22,SEC_MUM_DAD,JOINT,08:58,11:59,181,241,5,8,83,119,75.1,PARTIAL,True
BLK00585,2026-03-12,SEC_THA_KAL,TRD,08:41,09:26,45,64,6,8,1,36,70.3,PARTIAL,True
BLK00586,2026-01-08,SEC_LON_TAL,JOINT,11:48,12:38,50,64,4,8,48,27,78.1,COMPLETED,True
BLK00587,2026-03-16,SEC_KHA_LON,TRD,13:31,16:32,181,207,4,2,51,112,87.4,COMPLETED,True
BLK00588,2026-02-02,SEC_KHA_LON,S&T,06:49,09:03,134,150,2,0,54,142,89.3,CANCELLED,True
BLK00589,2026-03-30,SEC_KAR_KHA,JOINT,09:18,10:24,66,115,5,4,58,38,57.4,COMPLETED,True
BLK00590,2026-02-19,SEC_MUM_DAD,TRD,17:45,20:58,193,216,5,1,86,20,89.4,COMPLETED,True
BLK00591,2026-03-07,SEC_KHA_LON,Engineering,06:38,07:37,59,74,6,4,41,39,79.7,CANCELLED,True
BLK00592,2026-01-12,SEC_SHI_PUN,S&T,18:23,20:25,122,115,4,4,45,69,100.0,PARTIAL,True
BLK00593,2026-01-31,SEC_THA_KAL,TRD,18:46,19:58,72,75,2,3,88,27,96.0,PARTIAL,True
BLK00594,2026-02-22,SEC_DAD_THA,JOINT,10:12,11:30,78,103,1,7,35,75,75.7,CANCELLED,True
BLK00595,2026-01-07,SEC_DAD_THA,Engineering,15:55,18:30,155,168,1,8,118,50,92.3,PARTIAL,True
BLK00596,2026-03-08,SEC_DAD_THA,Engineering,12:22,15:28,186,239,5,7,119,63,77.8,PARTIAL,True
BLK00597,2026-03-08,SEC_MUM_DAD,JOINT,18:17,19:36,79,94,5,2,0,44,84.0,CANCELLED,True
BLK00598,2026-02-22,SEC_KAL_KAR,Engineering,13:23,16:18,175,197,1,0,52,87,88.8,COMPLETED,True
BLK00599,2026-02-18,SEC_KHA_LON,S&T,14:25,17:08,163,212,4,1,31,50,76.9,COMPLETED,True
BLK00600,2026-01-03,SEC_KAL_KAR,S&T,09:17,10:29,72,115,6,1,96,93,62.6,COMPLETED,True
BLK00601,2026-02-05,SEC_SHI_PUN,Engineering,11:35,13:32,117,146,4,6,110,36,80.1,PARTIAL,True
BLK00602,2026-02-03,SEC_DAD_THA,TRD,14:51,17:20,149,190,4,5,48,114,78.4,COMPLETED,True
BLK00603,2026-03-05,SEC_DAD_THA,TRD,16:34,19:30,176,219,4,7,88,8,80.4,PARTIAL,True
BLK00604,2026-01-12,SEC_MUM_DAD,JOINT,06:28,08:51,143,139,4,7,31,35,100.0,COMPLETED,True
BLK00605,2026-02-05,SEC_SHI_PUN,TRD,16:01,17:33,92,143,3,5,22,83,64.3,COMPLETED,True
BLK00606,2026-03-17,SEC_KAL_KAR,Engineering,13:49,15:35,106,147,6,2,83,75,72.1,CANCELLED,True
BLK00607,2026-03-13,SEC_KAL_KAR,TRD,09:13,12:01,168,221,5,1,93,103,76.0,COMPLETED,True
BLK00608,2026-02-05,SEC_CHI_SHI,S&T,17:31,18:48,77,68,1,4,86,101,100.0,PARTIAL,True
BLK00609,2026-02-15,SEC_CHI_SHI,S&T,17:45,20:02,137,195,4,8,77,109,70.3,PARTIAL,True
BLK00610,2026-03-13,SEC_LON_TAL,JOINT,13:13,15:34,141,159,5,5,11,35,88.7,PARTIAL,True
BLK00611,2026-01-16,SEC_CHI_SHI,S&T,16:32,18:06,94,117,1,0,35,11,80.3,PARTIAL,True
BLK00612,2026-03-01,SEC_KAR_KHA,S&T,18:15,20:50,155,191,6,8,23,117,81.2,PARTIAL,True
BLK00613,2026-01-10,SEC_SHI_PUN,Engineering,11:09,14:15,186,243,2,1,6,38,76.5,PARTIAL,True
BLK00614,2026-01-12,SEC_TAL_CHI,S&T,14:13,16:52,159,212,1,1,93,111,75.0,CANCELLED,True
BLK00615,2026-02-07,SEC_LON_TAL,S&T,14:05,15:45,100,140,2,6,120,142,71.4,COMPLETED,True
BLK00616,2026-02-16,SEC_KAL_KAR,TRD,09:59,11:59,120,166,3,3,48,50,72.3,COMPLETED,True
BLK00617,2026-03-04,SEC_DAD_THA,TRD,19:26,20:46,80,120,3,8,102,100,66.7,COMPLETED,True
BLK00618,2026-02-09,SEC_CHI_SHI,JOINT,17:10,19:01,111,117,3,0,120,132,94.9,COMPLETED,True
BLK00619,2026-01-28,SEC_MUM_DAD,Engineering,17:34,18:24,50,47,2,5,91,149,100.0,COMPLETED,True
BLK00620,2026-02-09,SEC_DAD_THA,JOINT,07:16,08:38,82,113,4,8,7,25,72.6,PARTIAL,True
BLK00621,2026-02-01,SEC_MUM_DAD,Engineering,06:44,08:09,85,105,4,3,76,46,81.0,PARTIAL,True
BLK00622,2026-02-10,SEC_THA_KAL,JOINT,14:51,15:52,61,94,4,4,120,108,64.9,COMPLETED,True
BLK00623,2026-02-28,SEC_TAL_CHI,JOINT,11:45,12:44,59,99,6,1,36,5,59.6,PARTIAL,True
BLK00624,2026-01-24,SEC_KHA_LON,Engineering,07:04,08:33,89,92,2,6,44,27,96.7,PARTIAL,True
BLK00625,2026-02-27,SEC_MUM_DAD,JOINT,17:51,20:49,178,180,1,7,89,107,98.9,COMPLETED,True
BLK00626,2026-03-05,SEC_MUM_DAD,Engineering,13:37,15:31,114,168,2,8,56,84,67.9,PARTIAL,True
BLK00627,2026-02-15,SEC_DAD_THA,Engineering,14:50,16:03,73,76,1,2,21,134,96.1,COMPLETED,True
BLK00628,2026-01-23,SEC_KAR_KHA,S&T,07:41,09:58,137,172,4,4,86,23,79.7,PARTIAL,True
BLK00629,2026-03-24,SEC_SHI_PUN,TRD,17:01,19:53,172,200,5,8,118,142,86.0,PARTIAL,True
BLK00630,2026-02-16,SEC_THA_KAL,S&T,19:33,20:35,62,104,2,5,36,83,59.6,COMPLETED,True
BLK00631,2026-01-14,SEC_DAD_THA,JOINT,07:56,09:35,99,159,5,8,85,42,62.3,CANCELLED,True
BLK00632,2026-02-25,SEC_KAL_KAR,JOINT,08:33,11:20,167,210,6,2,104,1,79.5,COMPLETED,True
BLK00633,2026-03-20,SEC_TAL_CHI,JOINT,13:37,15:24,107,109,5,3,119,110,98.2,COMPLETED,True
BLK00634,2026-02-22,SEC_MUM_DAD,JOINT,10:02,12:09,127,153,5,0,7,37,83.0,PARTIAL,True
BLK00635,2026-02-23,SEC_SHI_PUN,Engineering,18:45,19:33,48,108,6,4,36,93,44.4,COMPLETED,True
BLK00636,2026-02-07,SEC_SHI_PUN,S&T,10:14,13:05,171,192,4,6,89,120,89.1,CANCELLED,True
BLK00637,2026-03-17,SEC_THA_KAL,S&T,11:23,13:31,128,125,6,4,9,124,100.0,CANCELLED,True
BLK00638,2026-02-09,SEC_SHI_PUN,S&T,11:33,13:14,101,114,3,7,104,43,88.6,COMPLETED,True
BLK00639,2026-03-08,SEC_LON_TAL,TRD,17:27,20:38,191,198,2,7,116,48,96.5,COMPLETED,True
BLK00640,2026-03-20,SEC_KAR_KHA,S&T,15:52,18:09,137,169,3,0,26,91,81.1,CANCELLED,True
BLK00641,2026-02-24,SEC_LON_TAL,S&T,09:59,12:59,180,232,1,2,99,107,77.6,PARTIAL,True
BLK00642,2026-03-20,SEC_KHA_LON,S&T,16:20,17:16,56,99,4,2,31,101,56.6,PARTIAL,True
BLK00643,2026-02-27,SEC_SHI_PUN,S&T,12:51,13:41,50,75,3,5,91,72,66.7,CANCELLED,True
BLK00644,2026-02-12,SEC_MUM_DAD,JOINT,12:13,14:07,114,151,6,3,22,147,75.5,CANCELLED,True
BLK00645,2026-02-04,SEC_TAL_CHI,TRD,19:30,21:13,103,120,2,0,24,27,85.8,PARTIAL,True
BLK00646,2026-03-08,SEC_KAR_KHA,TRD,07:17,09:41,144,185,6,3,110,46,77.8,COMPLETED,True
BLK00647,2026-01-24,SEC_KAL_KAR,S&T,10:05,13:07,182,208,2,6,81,90,87.5,COMPLETED,True
BLK00648,2026-03-06,SEC_DAD_THA,JOINT,12:28,13:55,87,115,1,5,48,47,75.7,PARTIAL,True
BLK00649,2026-01-20,SEC_CHI_SHI,Engineering,06:42,08:33,111,145,2,6,15,80,76.6,CANCELLED,True
BLK00650,2026-01-04,SEC_THA_KAL,Engineering,09:12,10:15,63,112,1,0,52,76,56.2,CANCELLED,True
BLK00651,2026-01-11,SEC_SHI_PUN,Engineering,08:11,09:46,95,152,2,1,25,13,62.5,PARTIAL,True
BLK00652,2026-02-27,SEC_LON_TAL,TRD,16:26,18:23,117,147,4,6,8,137,79.6,CANCELLED,True
BLK00653,2026-02-01,SEC_SHI_PUN,TRD,13:23,14:32,69,105,2,4,112,112,65.7,CANCELLED,True
BLK00654,2026-01-01,SEC_KHA_LON,S&T,10:18,11:47,89,94,6,5,42,74,94.7,CANCELLED,True
BLK00655,2026-01-24,SEC_KHA_LON,JOINT,06:44,08:24,100,135,5,2,8,112,74.1,COMPLETED,True
BLK00656,2026-02-07,SEC_KHA_LON,Engineering,17:56,20:36,160,162,1,5,56,68,98.8,CANCELLED,True
BLK00657,2026-03-03,SEC_LON_TAL,JOINT,07:54,08:42,48,44,6,4,47,2,100.0,PARTIAL,True
BLK00658,2026-02-21,SEC_KAL_KAR,TRD,07:29,09:58,149,162,1,3,42,67,92.0,CANCELLED,True
BLK00659,2026-03-05,SEC_THA_KAL,JOINT,13:33,14:29,56,64,1,8,49,8,87.5,PARTIAL,True
BLK00660,2026-01-19,SEC_MUM_DAD,JOINT,09:14,11:05,111,124,3,6,66,132,89.5,CANCELLED,True
BLK00661,2026-01-08,SEC_TAL_CHI,TRD,12:04,15:08,184,211,4,6,120,68,87.2,PARTIAL,True
BLK00662,2026-02-20,SEC_TAL_CHI,Engineering,12:00,14:40,160,158,1,3,91,64,100.0,COMPLETED,True
BLK00663,2026-02-02,SEC_KHA_LON,Engineering,14:14,16:38,144,192,4,5,82,81,75.0,COMPLETED,True
BLK00664,2026-01-31,SEC_KHA_LON,TRD,18:06,19:29,83,74,4,2,49,115,100.0,COMPLETED,True
BLK00665,2026-03-17,SEC_THA_KAL,TRD,14:51,17:44,173,193,2,4,58,77,89.6,PARTIAL,True
BLK00666,2026-01-08,SEC_LON_TAL,JOINT,07:51,10:01,130,124,6,6,102,88,100.0,CANCELLED,True
BLK00667,2026-03-12,SEC_DAD_THA,S&T,16:28,18:39,131,153,5,7,79,34,85.6,COMPLETED,True
BLK00668,2026-03-31,SEC_SHI_PUN,TRD,13:47,16:24,157,183,3,6,19,24,85.8,COMPLETED,True
BLK00669,2026-02-03,SEC_LON_TAL,TRD,19:12,21:18,126,166,6,0,61,25,75.9,PARTIAL,True
BLK00670,2026-01-27,SEC_LON_TAL,Engineering,14:34,15:59,85,125,1,8,99,13,68.0,CANCELLED,True
BLK00671,2026-03-08,SEC_KAR_KHA,S&T,17:26,20:00,154,145,2,5,39,109,100.0,CANCELLED,True
BLK00672,2026-01-01,SEC_LON_TAL,S&T,17:39,19:48,129,167,3,2,81,88,77.2,PARTIAL,True
BLK00673,2026-02-21,SEC_MUM_DAD,Engineering,19:10,20:42,92,88,3,3,35,16,100.0,CANCELLED,True
BLK00674,2026-03-25,SEC_MUM_DAD,Engineering,07:52,10:27,155,166,4,0,116,107,93.4,PARTIAL,True
BLK00675,2026-01-25,SEC_LON_TAL,S&T,06:35,09:49,194,229,3,4,99,141,84.7,PARTIAL,True
BLK00676,2026-01-05,SEC_MUM_DAD,Engineering,19:32,21:18,106,134,4,1,81,32,79.1,COMPLETED,True
BLK00677,2026-03-07,SEC_MUM_DAD,S&T,06:30,08:14,104,108,5,0,32,42,96.3,PARTIAL,True
BLK00678,2026-02-14,SEC_KAL_KAR,Engineering,16:23,18:32,129,173,3,0,3,62,74.6,PARTIAL,True
BLK00679,2026-01-21,SEC_KHA_LON,JOINT,06:35,09:42,187,180,4,4,113,85,100.0,PARTIAL,True
BLK00680,2026-01-13,SEC_DAD_THA,JOINT,12:30,13:32,62,100,5,4,88,12,62.0,CANCELLED,True
BLK00681,2026-01-17,SEC_LON_TAL,TRD,13:05,15:27,142,159,5,7,111,29,89.3,PARTIAL,True
BLK00682,2026-01-11,SEC_THA_KAL,Engineering,15:21,17:50,149,149,1,7,89,1,100.0,CANCELLED,True
BLK00683,2026-03-26,SEC_MUM_DAD,Engineering,07:22,09:46,144,167,4,7,56,80,86.2,PARTIAL,True
BLK00684,2026-02-11,SEC_DAD_THA,JOINT,18:49,21:12,143,153,6,6,108,103,93.5,PARTIAL,True
BLK00685,2026-02-15,SEC_THA_KAL,JOINT,15:52,19:02,190,213,6,0,71,98,89.2,COMPLETED,True
BLK00686,2026-02-14,SEC_THA_KAL,TRD,17:58,19:48,110,137,2,4,43,69,80.3,CANCELLED,True
BLK00687,2026-01-01,SEC_LON_TAL,JOINT,10:58,12:53,115,114,2,3,61,69,100.0,COMPLETED,True
BLK00688,2026-01-11,SEC_LON_TAL,TRD,06:20,08:31,131,141,4,0,99,108,92.9,COMPLETED,True
BLK00689,2026-02-21,SEC_TAL_CHI,TRD,19:35,20:54,79,116,6,6,69,39,68.1,COMPLETED,True
BLK00690,2026-02-15,SEC_SHI_PUN,TRD,07:28,10:32,184,209,6,6,42,73,88.0,CANCELLED,True
BLK00691,2026-01-12,SEC_CHI_SHI,S&T,17:10,19:39,149,186,6,7,48,11,80.1,COMPLETED,True
BLK00692,2026-03-04,SEC_KHA_LON,S&T,08:55,10:33,98,141,4,6,8,129,69.5,CANCELLED,True
BLK00693,2026-01-19,SEC_SHI_PUN,S&T,16:05,17:53,108,160,4,2,25,18,67.5,CANCELLED,True
BLK00694,2026-01-27,SEC_KHA_LON,S&T,07:48,09:35,107,113,1,6,1,72,94.7,CANCELLED,True
BLK00695,2026-02-19,SEC_CHI_SHI,Engineering,08:41,10:09,88,140,6,8,51,29,62.9,PARTIAL,True
BLK00696,2026-01-25,SEC_KAR_KHA,Engineering,07:29,08:41,72,119,5,6,102,32,60.5,COMPLETED,True
BLK00697,2026-03-13,SEC_TAL_CHI,Engineering,16:35,18:04,89,89,4,8,71,11,100.0,COMPLETED,True
BLK00698,2026-01-23,SEC_KHA_LON,S&T,15:34,17:16,102,138,1,8,6,45,73.9,COMPLETED,True
BLK00699,2026-03-10,SEC_DAD_THA,S&T,14:40,16:50,130,121,5,6,90,112,100.0,CANCELLED,True
BLK00700,2026-01-30,SEC_LON_TAL,S&T,17:35,21:03,208,221,5,4,87,26,94.1,CANCELLED,True
BLK00701,2026-02-11,SEC_CHI_SHI,Engineering,06:26,08:47,141,182,5,8,58,106,77.5,PARTIAL,True
BLK00702,2026-03-22,SEC_TAL_CHI,Engineering,12:52,14:42,110,144,3,5,12,113,76.4,PARTIAL,True
BLK00703,2026-01-05,SEC_DAD_THA,Engineering,19:02,20:59,117,147,3,2,75,110,79.6,COMPLETED,True
BLK00704,2026-03-05,SEC_TAL_CHI,S&T,10:55,13:03,128,143,4,4,45,78,89.5,COMPLETED,True
BLK00705,2026-02-25,SEC_KAR_KHA,JOINT,07:26,08:24,58,111,1,3,28,57,52.3,PARTIAL,True
BLK00706,2026-01-15,SEC_TAL_CHI,JOINT,17:12,20:08,176,182,5,1,63,59,96.7,CANCELLED,True
BLK00707,2026-02-16,SEC_KHA_LON,S&T,19:03,20:43,100,139,3,7,108,136,71.9,COMPLETED,True
BLK00708,2026-01-05,SEC_SHI_PUN,JOINT,13:26,15:39,133,146,4,7,49,82,91.1,PARTIAL,True
BLK00709,2026-01-25,SEC_KHA_LON,JOINT,06:37,09:01,144,144,5,3,64,136,100.0,PARTIAL,True
BLK00710,2026-03-14,SEC_CHI_SHI,S&T,07:58,10:49,171,226,3,8,111,69,75.7,COMPLETED,True
BLK00711,2026-03-25,SEC_KAR_KHA,TRD,14:52,17:03,131,145,5,8,49,43,90.3,CANCELLED,True
BLK00712,2026-03-30,SEC_DAD_THA,S&T,11:02,12:15,73,129,5,8,110,134,56.6,PARTIAL,True
BLK00713,2026-03-09,SEC_CHI_SHI,TRD,13:27,15:25,118,114,6,3,6,127,100.0,COMPLETED,True
BLK00714,2026-02-26,SEC_MUM_DAD,JOINT,09:49,12:02,133,177,1,0,36,132,75.1,PARTIAL,True
BLK00715,2026-01-22,SEC_THA_KAL,JOINT,09:05,10:20,75,108,5,2,24,87,69.4,PARTIAL,True
BLK00716,2026-02-26,SEC_CHI_SHI,JOINT,14:49,17:50,181,213,6,2,97,64,85.0,COMPLETED,True
BLK00717,2026-02-26,SEC_DAD_THA,Engineering,07:31,09:08,97,134,6,8,74,77,72.4,PARTIAL,True
BLK00718,2026-02-22,SEC_LON_TAL,S&T,14:51,17:00,129,158,4,4,14,96,81.6,CANCELLED,True
BLK00719,2026-01-02,SEC_THA_KAL,TRD,15:59,16:51,52,78,6,5,81,25,66.7,PARTIAL,True
BLK00720,2026-02-06,SEC_SHI_PUN,TRD,17:01,19:29,148,161,3,3,64,44,91.9,PARTIAL,True
BLK00721,2026-02-04,SEC_CHI_SHI,Engineering,15:58,17:15,77,95,1,2,107,57,81.1,PARTIAL,True
BLK00722,2026-02-19,SEC_TAL_CHI,JOINT,10:19,13:01,162,165,1,5,82,109,98.2,COMPLETED,True
BLK00723,2026-01-19,SEC_LON_TAL,TRD,06:04,08:45,161,218,3,2,2,77,73.9,PARTIAL,True
BLK00724,2026-03-25,SEC_LON_TAL,S&T,10:50,12:29,99,132,1,6,10,136,75.0,PARTIAL,True
BLK00725,2026-03-11,SEC_MUM_DAD,S&T,06:45,08:25,100,115,6,8,41,102,87.0,CANCELLED,True
BLK00726,2026-01-13,SEC_LON_TAL,Engineering,08:51,10:19,88,110,4,5,83,36,80.0,CANCELLED,True
BLK00727,2026-01-05,SEC_CHI_SHI,S&T,08:08,09:46,98,150,3,0,6,18,65.3,CANCELLED,True
BLK00728,2026-03-05,SEC_THA_KAL,JOINT,06:55,07:59,64,57,2,7,24,27,100.0,COMPLETED,True
BLK00729,2026-03-07,SEC_MUM_DAD,S&T,09:47,11:11,84,117,3,3,80,73,71.8,COMPLETED,True
BLK00730,2026-01-08,SEC_MUM_DAD,TRD,11:18,12:44,86,107,2,2,91,50,80.4,COMPLETED,True
BLK00731,2026-01-07,SEC_MUM_DAD,TRD,15:22,17:11,109,120,6,4,98,126,90.8,PARTIAL,True
BLK00732,2026-02-14,SEC_TAL_CHI,JOINT,06:20,08:00,100,118,1,5,35,46,84.7,CANCELLED,True
BLK00733,2026-03-12,SEC_CHI_SHI,S&T,16:39,20:02,203,243,4,4,95,84,83.5,COMPLETED,True
BLK00734,2026-01-22,SEC_MUM_DAD,Engineering,14:50,17:04,134,131,6,8,45,60,100.0,COMPLETED,True
BLK00735,2026-03-25,SEC_TAL_CHI,TRD,06:36,07:28,52,52,5,5,33,106,100.0,CANCELLED,True
BLK00736,2026-01-29,SEC_KAL_KAR,TRD,12:36,13:52,76,69,1,1,111,87,100.0,CANCELLED,True
BLK00737,2026-02-23,SEC_KAL_KAR,JOINT,06:20,09:01,161,154,1,4,71,37,100.0,PARTIAL,True
BLK00738,2026-01-13,SEC_KAR_KHA,JOINT,07:02,08:55,113,145,2,4,56,121,77.9,COMPLETED,True
BLK00739,2026-03-29,SEC_TAL_CHI,TRD,11:51,14:30,159,204,3,2,102,41,77.9,COMPLETED,True
BLK00740,2026-01-24,SEC_TAL_CHI,Engineering,11:57,14:01,124,146,4,6,56,38,84.9,CANCELLED,True
BLK00741,2026-01-02,SEC_MUM_DAD,JOINT,06:46,08:17,91,86,4,1,72,102,100.0,COMPLETED,True
BLK00742,2026-01-11,SEC_DAD_THA,JOINT,15:50,17:02,72,116,4,1,71,97,62.1,CANCELLED,True
BLK00743,2026-01-01,SEC_KAR_KHA,TRD,15:24,18:24,180,238,1,7,71,123,75.6,PARTIAL,True
BLK00744,2026-03-06,SEC_KAL_KAR,TRD,15:39,16:41,62,110,5,8,59,86,56.4,CANCELLED,True
BLK00745,2026-01-27,SEC_KHA_LON,S&T,19:46,20:35,49,100,4,5,52,69,49.0,COMPLETED,True
BLK00746,2026-01-26,SEC_KHA_LON,S&T,15:10,17:39,149,196,3,1,84,137,76.0,COMPLETED,True
BLK00747,2026-02-15,SEC_KHA_LON,Engineering,16:36,18:53,137,151,1,6,25,21,90.7,COMPLETED,True
BLK00748,2026-01-18,SEC_THA_KAL,S&T,10:54,13:35,161,206,6,1,107,95,78.2,CANCELLED,True
BLK00749,2026-01-03,SEC_MUM_DAD,S&T,10:25,12:30,125,120,5,7,111,80,100.0,PARTIAL,True
BLK00750,2026-01-28,SEC_DAD_THA,JOINT,17:54,19:20,86,145,1,5,32,129,59.3,PARTIAL,True
BLK00751,2026-03-27,SEC_THA_KAL,JOINT,07:25,08:29,64,86,4,6,23,51,74.4,PARTIAL,True
BLK00752,2026-03-11,SEC_CHI_SHI,S&T,13:38,16:27,169,229,6,3,62,135,73.8,PARTIAL,True
BLK00753,2026-02-21,SEC_TAL_CHI,Engineering,14:01,16:21,140,184,2,4,100,63,76.1,COMPLETED,True
BLK00754,2026-02-02,SEC_KHA_LON,TRD,18:01,20:22,141,146,5,4,33,142,96.6,CANCELLED,True
BLK00755,2026-03-14,SEC_THA_KAL,TRD,06:40,09:46,186,237,3,7,120,9,78.5,CANCELLED,True
BLK00756,2026-02-10,SEC_KHA_LON,JOINT,17:01,19:44,163,157,2,6,114,141,100.0,COMPLETED,True
BLK00757,2026-02-26,SEC_KHA_LON,Engineering,06:36,08:37,121,150,4,3,34,47,80.7,CANCELLED,True
BLK00758,2026-01-25,SEC_KAL_KAR,S&T,12:55,14:21,86,144,1,2,71,25,59.7,COMPLETED,True
BLK00759,2026-03-12,SEC_KHA_LON,TRD,17:59,21:00,181,213,6,7,120,50,85.0,PARTIAL,True
BLK00760,2026-03-11,SEC_MUM_DAD,TRD,19:11,20:46,95,109,2,4,104,61,87.2,PARTIAL,True
BLK00761,2026-02-26,SEC_KAL_KAR,TRD,12:37,14:56,139,182,5,1,42,71,76.4,COMPLETED,True
BLK00762,2026-02-14,SEC_CHI_SHI,JOINT,12:01,14:51,170,219,4,1,80,139,77.6,PARTIAL,True
BLK00763,2026-01-17,SEC_KHA_LON,TRD,08:04,11:17,193,217,4,6,54,40,88.9,PARTIAL,True
BLK00764,2026-03-10,SEC_KHA_LON,TRD,13:51,15:41,110,153,4,6,31,3,71.9,CANCELLED,True
BLK00765,2026-02-12,SEC_TAL_CHI,Engineering,11:45,13:27,102,101,4,2,98,104,100.0,PARTIAL,True
BLK00766,2026-01-04,SEC_MUM_DAD,Engineering,16:22,18:41,139,141,2,3,68,108,98.6,CANCELLED,True
BLK00767,2026-01-26,SEC_DAD_THA,JOINT,08:11,10:59,168,187,3,7,3,142,89.8,COMPLETED,True
BLK00768,2026-01-27,SEC_KAL_KAR,S&T,15:22,16:53,91,139,5,3,27,104,65.5,COMPLETED,True
BLK00769,2026-03-06,SEC_THA_KAL,TRD,16:56,20:16,200,208,3,2,36,62,96.2,COMPLETED,True
BLK00770,2026-01-19,SEC_KAR_KHA,Engineering,14:46,17:31,165,198,1,7,117,48,83.3,CANCELLED,True
BLK00771,2026-02-27,SEC_MUM_DAD,Engineering,15:27,17:00,93,148,1,3,32,129,62.8,CANCELLED,True
BLK00772,2026-02-02,SEC_LON_TAL,S&T,13:30,16:21,171,211,4,1,1,8,81.0,PARTIAL,True
BLK00773,2026-01-19,SEC_KAR_KHA,Engineering,11:50,14:30,160,160,4,8,108,85,100.0,COMPLETED,True
BLK00774,2026-02-11,SEC_DAD_THA,Engineering,14:32,16:26,114,130,2,4,93,126,87.7,PARTIAL,True
BLK00775,2026-01-30,SEC_KHA_LON,Engineering,16:20,18:48,148,143,6,8,113,42,100.0,CANCELLED,True
BLK00776,2026-03-17,SEC_CHI_SHI,TRD,10:25,11:50,85,113,5,7,60,49,75.2,COMPLETED,True
BLK00777,2026-02-19,SEC_MUM_DAD,Engineering,17:55,20:10,135,157,5,5,77,90,86.0,COMPLETED,True
BLK00778,2026-02-02,SEC_LON_TAL,JOINT,16:51,19:57,186,188,1,5,82,58,98.9,CANCELLED,True
BLK00779,2026-01-13,SEC_KHA_LON,TRD,11:18,14:05,167,187,4,6,3,130,89.3,COMPLETED,True
BLK00780,2026-01-08,SEC_DAD_THA,Engineering,10:00,12:42,162,198,3,2,19,82,81.8,COMPLETED,True
BLK00781,2026-03-07,SEC_LON_TAL,Engineering,09:25,12:46,201,208,4,6,118,44,96.6,CANCELLED,True
BLK00782,2026-02-05,SEC_KHA_LON,JOINT,07:49,08:53,64,107,4,7,106,60,59.8,PARTIAL,True
BLK00783,2026-01-02,SEC_KAR_KHA,TRD,07:45,10:03,138,169,2,1,53,124,81.7,COMPLETED,True
BLK00784,2026-02-25,SEC_LON_TAL,Engineering,07:00,09:22,142,176,1,1,109,17,80.7,PARTIAL,True
BLK00785,2026-03-03,SEC_KAL_KAR,TRD,16:21,18:37,136,173,1,6,17,115,78.6,COMPLETED,True
BLK00786,2026-02-26,SEC_CHI_SHI,TRD,18:16,19:10,54,72,4,2,73,63,75.0,PARTIAL,True
BLK00787,2026-03-25,SEC_KAR_KHA,TRD,07:49,09:28,99,159,5,1,108,138,62.3,PARTIAL,True
BLK00788,2026-02-20,SEC_DAD_THA,S&T,11:37,15:03,206,218,6,7,43,62,94.5,COMPLETED,True
BLK00789,2026-03-24,SEC_THA_KAL,S&T,16:31,17:53,82,101,2,1,40,75,81.2,COMPLETED,True
BLK00790,2026-03-19,SEC_KHA_LON,Engineering,09:02,11:50,168,225,6,0,78,139,74.7,COMPLETED,True
BLK00791,2026-03-13,SEC_KAL_KAR,S&T,13:48,14:56,68,59,2,8,118,141,100.0,PARTIAL,True
BLK00792,2026-02-05,SEC_SHI_PUN,TRD,13:49,15:48,119,129,4,7,52,150,92.2,CANCELLED,True
BLK00793,2026-03-11,SEC_KHA_LON,TRD,19:23,20:43,80,92,6,5,68,115,87.0,PARTIAL,True
BLK00794,2026-02-16,SEC_KAL_KAR,Engineering,14:48,17:10,142,173,2,6,97,21,82.1,COMPLETED,True
BLK00795,2026-02-02,SEC_DAD_THA,Engineering,12:56,15:03,127,148,5,8,79,49,85.8,COMPLETED,True
BLK00796,2026-01-28,SEC_KHA_LON,JOINT,07:43,08:29,46,69,6,2,114,5,66.7,COMPLETED,True
BLK00797,2026-01-19,SEC_TAL_CHI,S&T,16:52,18:36,104,141,2,5,6,77,73.8,CANCELLED,True
BLK00798,2026-02-23,SEC_DAD_THA,S&T,18:11,21:12,181,221,1,8,14,118,81.9,PARTIAL,True
BLK00799,2026-01-09,SEC_KAL_KAR,Engineering,10:54,13:24,150,201,6,7,7,9,74.6,PARTIAL,True
BLK00800,2026-03-26,SEC_LON_TAL,S&T,16:54,18:47,113,169,1,2,20,15,66.9,CANCELLED,True
BLK00801,2026-03-07,SEC_KAL_KAR,S&T,12:29,15:03,154,164,2,3,55,71,93.9,CANCELLED,True
BLK00802,2026-01-19,SEC_KHA_LON,TRD,11:09,14:36,207,259,4,6,75,148,79.9,PARTIAL,True
BLK00803,2026-03-29,SEC_KAL_KAR,JOINT,18:15,20:05,110,107,6,5,39,145,100.0,COMPLETED,True
BLK00804,2026-02-28,SEC_KAL_KAR,TRD,19:46,20:49,63,91,4,0,113,119,69.2,COMPLETED,True
BLK00805,2026-02-13,SEC_KHA_LON,S&T,12:40,13:41,61,82,5,3,27,30,74.4,CANCELLED,True
BLK00806,2026-03-05,SEC_KHA_LON,Engineering,17:02,18:21,79,80,3,5,76,1,98.8,CANCELLED,True
BLK00807,2026-01-28,SEC_TAL_CHI,Engineering,10:45,13:49,184,191,3,7,119,86,96.3,CANCELLED,True
BLK00808,2026-01-20,SEC_TAL_CHI,S&T,08:00,09:44,104,156,2,8,69,25,66.7,CANCELLED,True
BLK00809,2026-01-13,SEC_MUM_DAD,Engineering,12:30,14:36,126,120,1,3,119,125,100.0,PARTIAL,True
BLK00810,2026-01-04,SEC_KAR_KHA,JOINT,11:42,12:32,50,65,5,5,18,101,76.9,PARTIAL,True
BLK00811,2026-01-20,SEC_CHI_SHI,JOINT,09:00,11:41,161,194,3,2,61,6,83.0,COMPLETED,True
BLK00812,2026-03-30,SEC_MUM_DAD,TRD,14:22,16:11,109,99,5,0,2,4,100.0,PARTIAL,True
BLK00813,2026-03-27,SEC_KHA_LON,JOINT,16:28,18:47,139,183,3,4,86,67,76.0,CANCELLED,True
BLK00814,2026-03-09,SEC_MUM_DAD,Engineering,12:30,16:00,210,230,1,2,48,144,91.3,PARTIAL,True
BLK00815,2026-01-27,SEC_TAL_CHI,JOINT,06:16,07:35,79,92,3,1,95,143,85.9,PARTIAL,True
BLK00816,2026-03-05,SEC_KHA_LON,JOINT,14:58,16:58,120,115,5,8,118,20,100.0,CANCELLED,True
BLK00817,2026-02-02,SEC_DAD_THA,Engineering,12:11,14:32,141,158,2,4,97,124,89.2,PARTIAL,True
BLK00818,2026-02-26,SEC_THA_KAL,Engineering,16:22,18:41,139,194,1,4,83,37,71.6,PARTIAL,True
BLK00819,2026-03-18,SEC_DAD_THA,S&T,06:05,08:13,128,175,3,8,42,42,73.1,COMPLETED,True
BLK00820,2026-01-29,SEC_KAR_KHA,S&T,12:56,14:06,70,116,4,2,83,128,60.3,CANCELLED,True
BLK00821,2026-03-11,SEC_KAR_KHA,Engineering,08:52,09:40,48,105,3,4,42,80,45.7,PARTIAL,True
BLK00822,2026-01-17,SEC_THA_KAL,JOINT,06:27,08:00,93,110,4,5,75,19,84.5,PARTIAL,True
BLK00823,2026-01-23,SEC_LON_TAL,JOINT,19:25,20:53,88,96,5,6,24,80,91.7,COMPLETED,True
BLK00824,2026-01-15,SEC_TAL_CHI,JOINT,18:38,20:48,130,137,1,1,41,41,94.9,CANCELLED,True
BLK00825,2026-01-05,SEC_TAL_CHI,JOINT,15:11,16:12,61,85,1,3,4,47,71.8,CANCELLED,True
BLK00826,2026-02-15,SEC_DAD_THA,TRD,11:50,15:18,208,246,3,5,25,29,84.6,CANCELLED,True
BLK00827,2026-01-29,SEC_KAR_KHA,TRD,09:35,12:20,165,204,2,3,51,26,80.9,PARTIAL,True
BLK00828,2026-03-13,SEC_SHI_PUN,TRD,13:07,15:24,137,151,3,1,54,15,90.7,CANCELLED,True
BLK00829,2026-02-08,SEC_KAR_KHA,JOINT,14:24,16:23,119,131,1,4,2,70,90.8,COMPLETED,True
BLK00830,2026-03-21,SEC_TAL_CHI,S&T,12:53,14:37,104,124,4,8,55,12,83.9,CANCELLED,True
BLK00831,2026-03-16,SEC_KHA_LON,TRD,16:56,19:44,168,204,2,8,33,127,82.4,CANCELLED,True
BLK00832,2026-01-31,SEC_KAL_KAR,S&T,19:21,20:21,60,59,3,2,68,117,100.0,PARTIAL,True
BLK00833,2026-03-25,SEC_LON_TAL,JOINT,11:15,13:29,134,171,6,7,82,89,78.4,COMPLETED,True
BLK00834,2026-01-09,SEC_THA_KAL,TRD,16:29,19:13,164,212,5,5,89,75,77.4,CANCELLED,True
BLK00835,2026-02-10,SEC_LON_TAL,Engineering,12:16,15:46,210,219,1,5,67,22,95.9,CANCELLED,True
BLK00836,2026-02-26,SEC_KHA_LON,TRD,06:38,08:45,127,122,6,0,29,95,100.0,COMPLETED,True
BLK00837,2026-03-25,SEC_DAD_THA,S&T,18:58,20:19,81,132,5,7,61,23,61.4,COMPLETED,True
BLK00838,2026-03-07,SEC_LON_TAL,Engineering,06:47,07:45,58,61,3,3,76,39,95.1,CANCELLED,True
BLK00839,2026-01-26,SEC_THA_KAL,JOINT,06:07,07:51,104,134,5,1,34,6,77.6,COMPLETED,True
BLK00840,2026-03-21,SEC_THA_KAL,TRD,14:34,16:25,111,146,3,7,49,34,76.0,PARTIAL,True
BLK00841,2026-03-06,SEC_LON_TAL,JOINT,11:54,13:28,94,127,3,8,1,146,74.0,COMPLETED,True
BLK00842,2026-01-15,SEC_LON_TAL,TRD,17:24,18:56,92,98,6,4,66,51,93.9,COMPLETED,True
BLK00843,2026-02-19,SEC_SHI_PUN,Engineering,15:56,17:25,89,119,5,4,31,33,74.8,PARTIAL,True
BLK00844,2026-03-13,SEC_CHI_SHI,TRD,15:15,18:35,200,214,6,7,84,70,93.5,CANCELLED,True
BLK00845,2026-01-25,SEC_MUM_DAD,S&T,17:54,18:55,61,111,5,0,79,52,55.0,CANCELLED,True
BLK00846,2026-02-23,SEC_TAL_CHI,Engineering,18:00,19:53,113,149,2,4,120,43,75.8,PARTIAL,True
BLK00847,2026-02-09,SEC_KAL_KAR,S&T,17:41,19:26,105,160,2,4,47,50,65.6,PARTIAL,True
BLK00848,2026-03-03,SEC_KHA_LON,TRD,14:20,16:21,121,165,6,2,0,48,73.3,COMPLETED,True
BLK00849,2026-02-27,SEC_TAL_CHI,S&T,15:22,16:51,89,98,2,1,102,4,90.8,PARTIAL,True
BLK00850,2026-03-02,SEC_KAL_KAR,S&T,16:13,18:14,121,127,2,8,42,18,95.3,COMPLETED,True
BLK00851,2026-03-19,SEC_TAL_CHI,JOINT,07:25,10:01,156,159,2,5,46,97,98.1,CANCELLED,True
BLK00852,2026-02-27,SEC_KAR_KHA,Engineering,14:34,17:31,177,194,5,2,111,22,91.2,COMPLETED,True
BLK00853,2026-02-09,SEC_KAL_KAR,JOINT,11:39,13:23,104,112,4,2,58,120,92.9,PARTIAL,True
BLK00854,2026-02-23,SEC_THA_KAL,TRD,11:47,13:06,79,132,1,5,75,22,59.8,CANCELLED,True
BLK00855,2026-03-21,SEC_KAL_KAR,JOINT,17:20,19:05,105,106,2,3,65,9,99.1,CANCELLED,True
BLK00856,2026-03-31,SEC_DAD_THA,S&T,08:23,11:06,163,178,5,3,31,47,91.6,CANCELLED,True
BLK00857,2026-01-14,SEC_MUM_DAD,S&T,19:29,20:57,88,81,6,4,51,85,100.0,CANCELLED,True
BLK00858,2026-01-29,SEC_LON_TAL,S&T,12:17,13:22,65,91,3,2,39,109,71.4,PARTIAL,True
BLK00859,2026-03-21,SEC_MUM_DAD,TRD,18:41,19:34,53,99,3,0,20,97,53.5,COMPLETED,True
BLK00860,2026-02-11,SEC_DAD_THA,TRD,16:31,18:19,108,128,3,4,69,84,84.4,COMPLETED,True
BLK00861,2026-01-12,SEC_THA_KAL,S&T,10:02,11:53,111,168,1,2,115,50,66.1,PARTIAL,True
BLK00862,2026-01-03,SEC_THA_KAL,JOINT,06:54,09:35,161,209,1,4,1,119,77.0,CANCELLED,True
BLK00863,2026-03-07,SEC_KAL_KAR,Engineering,14:55,17:14,139,195,3,1,69,47,71.3,COMPLETED,True
BLK00864,2026-03-30,SEC_CHI_SHI,TRD,10:15,13:15,180,183,2,2,25,141,98.4,PARTIAL,True
BLK00865,2026-02-19,SEC_KAR_KHA,JOINT,18:40,19:34,54,100,5,4,71,83,54.0,COMPLETED,True
BLK00866,2026-03-05,SEC_LON_TAL,JOINT,17:52,20:50,178,214,5,0,119,77,83.2,COMPLETED,True
BLK00867,2026-01-23,SEC_CHI_SHI,S&T,11:34,14:16,162,173,3,6,17,83,93.6,PARTIAL,True
BLK00868,2026-01-03,SEC_TAL_CHI,S&T,13:32,14:46,74,108,3,0,21,142,68.5,PARTIAL,True
BLK00869,2026-01-16,SEC_SHI_PUN,S&T,12:23,15:10,167,219,2,3,40,26,76.3,CANCELLED,True
BLK00870,2026-02-27,SEC_THA_KAL,TRD,09:41,11:00,79,74,1,5,8,9,100.0,CANCELLED,True
BLK00871,2026-01-26,SEC_THA_KAL,JOINT,17:48,19:45,117,124,3,1,91,108,94.4,PARTIAL,True
BLK00872,2026-01-30,SEC_THA_KAL,TRD,14:21,17:21,180,191,4,0,5,111,94.2,CANCELLED,True
BLK00873,2026-03-10,SEC_KAL_KAR,Engineering,11:21,13:36,135,161,6,7,13,55,83.9,PARTIAL,True
BLK00874,2026-03-21,SEC_KAR_KHA,JOINT,09:51,12:35,164,174,1,0,71,90,94.3,PARTIAL,True
BLK00875,2026-01-13,SEC_LON_TAL,S&T,09:25,11:41,136,194,5,0,14,67,70.1,PARTIAL,True
BLK00876,2026-02-08,SEC_KHA_LON,Engineering,14:51,17:48,177,233,5,7,98,113,76.0,COMPLETED,True
BLK00877,2026-03-30,SEC_KHA_LON,JOINT,09:25,10:38,73,124,6,1,110,19,58.9,CANCELLED,True
BLK00878,2026-02-16,SEC_KHA_LON,S&T,19:33,20:37,64,86,5,3,14,68,74.4,COMPLETED,True
BLK00879,2026-02-13,SEC_LON_TAL,TRD,15:10,16:24,74,87,3,4,46,136,85.1,PARTIAL,True
BLK00880,2026-03-29,SEC_KHA_LON,TRD,06:30,09:22,172,190,3,8,74,25,90.5,CANCELLED,True
BLK00881,2026-01-04,SEC_THA_KAL,S&T,07:34,09:33,119,125,5,8,98,126,95.2,COMPLETED,True
BLK00882,2026-01-30,SEC_KAR_KHA,S&T,11:30,14:22,172,216,1,0,120,127,79.6,CANCELLED,True
BLK00883,2026-01-25,SEC_LON_TAL,TRD,14:31,16:43,132,180,4,1,35,25,73.3,PARTIAL,True
BLK00884,2026-03-17,SEC_KAR_KHA,TRD,12:40,14:10,90,95,5,5,84,34,94.7,PARTIAL,True
BLK00885,2026-03-23,SEC_DAD_THA,S&T,12:55,14:28,93,135,4,0,100,72,68.9,CANCELLED,True
BLK00886,2026-01-08,SEC_KAR_KHA,S&T,18:35,20:34,119,141,1,5,43,30,84.4,CANCELLED,True
BLK00887,2026-01-15,SEC_THA_KAL,S&T,16:57,18:04,67,70,1,7,73,50,95.7,COMPLETED,True
BLK00888,2026-02-10,SEC_TAL_CHI,JOINT,06:47,08:31,104,121,3,7,40,102,86.0,PARTIAL,True
BLK00889,2026-02-09,SEC_LON_TAL,S&T,06:46,09:22,156,201,4,8,93,34,77.6,COMPLETED,True
BLK00890,2026-01-14,SEC_LON_TAL,TRD,12:51,15:21,150,164,3,3,5,139,91.5,COMPLETED,True
BLK00891,2026-02-14,SEC_CHI_SHI,S&T,19:25,21:21,116,130,5,8,79,28,89.2,PARTIAL,True
BLK00892,2026-03-20,SEC_THA_KAL,JOINT,12:55,15:16,141,147,6,7,1,99,95.9,CANCELLED,True
BLK00893,2026-02-28,SEC_THA_KAL,TRD,18:56,20:11,75,76,1,1,74,45,98.7,COMPLETED,True
BLK00894,2026-02-02,SEC_TAL_CHI,JOINT,14:30,17:17,167,211,4,1,90,92,79.1,PARTIAL,True
BLK00895,2026-01-04,SEC_CHI_SHI,S&T,10:58,11:49,51,106,6,2,45,73,48.1,CANCELLED,True
BLK00896,2026-01-09,SEC_LON_TAL,Engineering,08:20,09:35,75,118,5,7,68,10,63.6,COMPLETED,True
BLK00897,2026-01-06,SEC_MUM_DAD,TRD,14:17,16:48,151,153,3,1,31,81,98.7,COMPLETED,True
BLK00898,2026-01-16,SEC_MUM_DAD,JOINT,13:41,16:37,176,202,2,8,75,69,87.1,COMPLETED,True
BLK00899,2026-02-17,SEC_KHA_LON,Engineering,09:48,12:30,162,180,4,8,63,138,90.0,COMPLETED,True
BLK00900,2026-03-11,SEC_CHI_SHI,TRD,12:37,15:46,189,198,2,5,44,117,95.5,PARTIAL,True
BLK00901,2026-02-13,SEC_LON_TAL,TRD,15:04,16:04,60,89,2,1,58,100,67.4,CANCELLED,True
BLK00902,2026-03-06,SEC_CHI_SHI,Engineering,08:01,09:19,78,82,5,2,5,61,95.1,CANCELLED,True
BLK00903,2026-03-08,SEC_KAR_KHA,Engineering,11:50,15:10,200,247,4,3,99,13,81.0,COMPLETED,True
BLK00904,2026-03-01,SEC_KAR_KHA,S&T,17:21,20:00,159,191,1,7,101,110,83.2,COMPLETED,True
BLK00905,2026-01-23,SEC_KHA_LON,TRD,07:01,08:05,64,85,3,8,85,63,75.3,COMPLETED,True
BLK00906,2026-01-28,SEC_LON_TAL,JOINT,11:58,14:20,142,185,6,4,45,133,76.8,COMPLETED,True
BLK00907,2026-03-22,SEC_TAL_CHI,TRD,12:40,15:32,172,205,3,7,103,49,83.9,PARTIAL,True
BLK00908,2026-02-06,SEC_SHI_PUN,S&T,15:28,18:28,180,185,5,5,22,85,97.3,CANCELLED,True
BLK00909,2026-02-10,SEC_DAD_THA,TRD,07:30,10:35,185,198,5,0,74,148,93.4,COMPLETED,True
BLK00910,2026-01-10,SEC_SHI_PUN,JOINT,07:15,10:17,182,240,6,3,20,59,75.8,CANCELLED,True
BLK00911,2026-01-07,SEC_KAR_KHA,JOINT,15:36,16:48,72,115,3,6,21,114,62.6,CANCELLED,True
BLK00912,2026-03-05,SEC_KAR_KHA,JOINT,10:37,13:30,173,170,5,1,103,125,100.0,CANCELLED,True
BLK00913,2026-02-17,SEC_DAD_THA,TRD,18:10,19:06,56,107,3,1,42,29,52.3,CANCELLED,True
BLK00914,2026-03-29,SEC_KAR_KHA,JOINT,12:11,13:26,75,110,6,3,35,121,68.2,COMPLETED,True
BLK00915,2026-02-25,SEC_DAD_THA,TRD,06:32,08:02,90,141,4,1,93,55,63.8,PARTIAL,True
BLK00916,2026-02-20,SEC_LON_TAL,Engineering,13:43,16:04,141,158,4,6,45,83,89.2,PARTIAL,True
BLK00917,2026-02-13,SEC_KHA_LON,TRD,09:43,12:25,162,157,2,2,21,47,100.0,CANCELLED,True
BLK00918,2026-02-19,SEC_THA_KAL,Engineering,14:42,17:38,176,169,4,7,95,137,100.0,COMPLETED,True
BLK00919,2026-01-24,SEC_THA_KAL,Engineering,07:10,10:04,174,204,2,7,4,82,85.3,PARTIAL,True
BLK00920,2026-02-14,SEC_MUM_DAD,JOINT,19:34,21:05,91,123,4,3,73,145,74.0,CANCELLED,True
BLK00921,2026-01-25,SEC_THA_KAL,TRD,15:14,18:27,193,185,3,3,46,14,100.0,COMPLETED,True
BLK00922,2026-03-09,SEC_KAL_KAR,JOINT,18:33,19:43,70,70,2,7,4,82,100.0,COMPLETED,True
BLK00923,2026-01-29,SEC_KAR_KHA,Engineering,18:02,20:08,126,150,3,1,47,19,84.0,PARTIAL,True
BLK00924,2026-01-17,SEC_CHI_SHI,TRD,17:33,18:58,85,142,5,5,44,83,59.9,PARTIAL,True
BLK00925,2026-02-18,SEC_KHA_LON,Engineering,14:20,17:04,164,182,6,8,84,127,90.1,COMPLETED,True
BLK00926,2026-03-08,SEC_KAR_KHA,Engineering,14:16,16:13,117,133,2,8,17,64,88.0,CANCELLED,True
BLK00927,2026-01-30,SEC_THA_KAL,TRD,18:48,21:30,162,201,2,0,71,60,80.6,PARTIAL,True
BLK00928,2026-01-25,SEC_MUM_DAD,JOINT,15:04,15:50,46,69,1,7,16,104,66.7,PARTIAL,True
BLK00929,2026-02-05,SEC_THA_KAL,TRD,06:53,08:17,84,99,2,7,92,45,84.8,COMPLETED,True
BLK00930,2026-02-13,SEC_THA_KAL,Engineering,08:08,10:18,130,155,6,5,96,150,83.9,CANCELLED,True
BLK00931,2026-03-29,SEC_KAR_KHA,JOINT,10:27,13:02,155,179,1,8,13,142,86.6,PARTIAL,True
BLK00932,2026-01-17,SEC_KHA_LON,TRD,09:12,10:25,73,83,3,2,9,52,88.0,CANCELLED,True
BLK00933,2026-01-22,SEC_KHA_LON,TRD,14:44,18:13,209,244,6,8,45,105,85.7,COMPLETED,True
BLK00934,2026-01-19,SEC_MUM_DAD,TRD,13:58,16:51,173,195,2,3,6,34,88.7,COMPLETED,True
BLK00935,2026-02-03,SEC_KAR_KHA,S&T,12:59,15:33,154,211,3,6,26,77,73.0,COMPLETED,True
BLK00936,2026-01-24,SEC_MUM_DAD,Engineering,09:51,12:21,150,178,5,8,8,23,84.3,PARTIAL,True
BLK00937,2026-01-28,SEC_MUM_DAD,JOINT,12:13,15:11,178,235,4,8,38,65,75.7,COMPLETED,True
BLK00938,2026-02-12,SEC_TAL_CHI,JOINT,18:28,19:27,59,63,6,3,95,93,93.7,CANCELLED,True
BLK00939,2026-03-16,SEC_THA_KAL,JOINT,13:56,15:57,121,151,4,4,108,33,80.1,COMPLETED,True
BLK00940,2026-01-06,SEC_KAR_KHA,S&T,14:46,16:53,127,119,4,0,105,72,100.0,CANCELLED,True
BLK00941,2026-02-13,SEC_CHI_SHI,TRD,15:44,16:36,52,85,4,5,69,31,61.2,COMPLETED,True
BLK00942,2026-03-11,SEC_LON_TAL,Engineering,15:52,17:11,79,113,1,0,16,17,69.9,PARTIAL,True
BLK00943,2026-01-26,SEC_DAD_THA,JOINT,13:20,15:29,129,121,1,5,50,118,100.0,CANCELLED,True
BLK00944,2026-03-18,SEC_SHI_PUN,JOINT,09:21,11:58,157,216,5,6,72,7,72.7,PARTIAL,True
BLK00945,2026-03-21,SEC_CHI_SHI,JOINT,07:15,09:02,107,108,6,3,82,20,99.1,COMPLETED,True
BLK00946,2026-01-07,SEC_CHI_SHI,TRD,15:48,17:22,94,127,6,4,21,0,74.0,COMPLETED,True
BLK00947,2026-01-17,SEC_TAL_CHI,S&T,17:06,20:17,191,224,3,6,51,121,85.3,CANCELLED,True
BLK00948,2026-03-28,SEC_TAL_CHI,S&T,06:11,08:00,109,127,1,8,93,101,85.8,CANCELLED,True
BLK00949,2026-02-14,SEC_KAR_KHA,S&T,16:26,17:44,78,88,5,1,49,47,88.6,PARTIAL,True
BLK00950,2026-01-29,SEC_KAL_KAR,S&T,13:16,16:08,172,206,3,5,3,143,83.5,COMPLETED,True
BLK00951,2026-02-08,SEC_LON_TAL,Engineering,17:26,19:15,109,131,3,1,90,48,83.2,COMPLETED,True
BLK00952,2026-02-09,SEC_KHA_LON,Engineering,09:18,12:02,164,172,5,8,71,17,95.3,COMPLETED,True
BLK00953,2026-01-04,SEC_KHA_LON,TRD,07:59,10:59,180,181,2,1,0,6,99.4,CANCELLED,True
BLK00954,2026-02-27,SEC_KHA_LON,TRD,17:42,18:35,53,107,1,7,109,91,49.5,PARTIAL,True
BLK00955,2026-03-06,SEC_DAD_THA,TRD,10:54,12:08,74,107,4,2,110,121,69.2,COMPLETED,True
BLK00956,2026-01-29,SEC_KHA_LON,JOINT,07:45,10:52,187,206,4,6,60,129,90.8,COMPLETED,True
BLK00957,2026-03-24,SEC_TAL_CHI,S&T,06:15,07:36,81,99,5,4,42,1,81.8,PARTIAL,True
BLK00958,2026-01-01,SEC_CHI_SHI,Engineering,07:06,08:44,98,146,1,2,18,100,67.1,COMPLETED,True
BLK00959,2026-02-17,SEC_KAR_KHA,Engineering,18:14,19:16,62,59,2,1,45,13,100.0,PARTIAL,True
BLK00960,2026-03-31,SEC_SHI_PUN,TRD,16:04,18:46,162,172,6,6,81,146,94.2,PARTIAL,True
BLK00961,2026-01-21,SEC_THA_KAL,TRD,06:09,07:47,98,111,1,4,18,26,88.3,CANCELLED,True
BLK00962,2026-02-17,SEC_KAR_KHA,S&T,14:58,15:57,59,49,5,0,7,1,100.0,PARTIAL,True
BLK00963,2026-01-25,SEC_LON_TAL,Engineering,14:30,17:26,176,199,3,0,65,18,88.4,PARTIAL,True
BLK00964,2026-01-24,SEC_KAR_KHA,JOINT,19:09,20:05,56,83,1,0,12,32,67.5,CANCELLED,True
BLK00965,2026-03-01,SEC_KHA_LON,TRD,11:59,13:45,106,99,6,7,98,13,100.0,COMPLETED,True
BLK00966,2026-02-17,SEC_KAR_KHA,S&T,09:45,11:03,78,89,6,5,73,94,87.6,COMPLETED,True
BLK00967,2026-02-26,SEC_MUM_DAD,TRD,11:29,14:08,159,194,4,5,22,146,82.0,CANCELLED,True
BLK00968,2026-03-20,SEC_DAD_THA,S&T,13:30,16:29,179,210,1,0,57,19,85.2,COMPLETED,True
BLK00969,2026-03-25,SEC_SHI_PUN,JOINT,13:18,14:27,69,73,1,4,41,94,94.5,CANCELLED,True
BLK00970,2026-01-06,SEC_KAR_KHA,S&T,10:05,11:14,69,74,3,1,6,74,93.2,PARTIAL,True
BLK00971,2026-01-13,SEC_KHA_LON,TRD,11:56,14:48,172,201,3,0,29,24,85.6,PARTIAL,True
BLK00972,2026-03-09,SEC_TAL_CHI,S&T,14:50,17:49,179,220,3,8,98,113,81.4,COMPLETED,True
BLK00973,2026-02-25,SEC_KHA_LON,TRD,13:40,15:27,107,142,1,3,19,7,75.4,COMPLETED,True
BLK00974,2026-02-24,SEC_LON_TAL,JOINT,10:43,13:16,153,152,4,0,30,135,100.0,CANCELLED,True
BLK00975,2026-01-29,SEC_CHI_SHI,Engineering,09:37,12:35,178,218,2,5,55,130,81.7,CANCELLED,True
BLK00976,2026-02-18,SEC_KAL_KAR,S&T,16:11,17:13,62,108,3,4,55,19,57.4,COMPLETED,True
BLK00977,2026-03-30,SEC_MUM_DAD,Engineering,18:46,21:00,134,131,3,7,20,60,100.0,CANCELLED,True
BLK00978,2026-03-02,SEC_KAR_KHA,S&T,18:05,19:49,104,156,1,6,28,62,66.7,CANCELLED,True
BLK00979,2026-01-22,SEC_MUM_DAD,S&T,08:59,11:15,136,184,5,2,16,24,73.9,CANCELLED,True
BLK00980,2026-02-08,SEC_SHI_PUN,TRD,16:10,17:21,71,104,3,5,94,87,68.3,COMPLETED,True
BLK00981,2026-02-20,SEC_THA_KAL,S&T,19:08,20:37,89,83,6,3,24,116,100.0,COMPLETED,True
BLK00982,2026-02-27,SEC_KAR_KHA,JOINT,10:34,12:48,134,147,2,5,90,18,91.2,CANCELLED,True
BLK00983,2026-03-22,SEC_LON_TAL,Engineering,10:36,12:50,134,183,5,7,18,54,73.2,CANCELLED,True
BLK00984,2026-03-04,SEC_TAL_CHI,JOINT,13:55,16:44,169,228,4,0,87,3,74.1,PARTIAL,True
BLK00985,2026-03-05,SEC_KAL_KAR,S&T,13:21,14:52,91,92,4,3,13,119,98.9,PARTIAL,True
BLK00986,2026-02-17,SEC_MUM_DAD,S&T,12:31,13:19,48,72,3,4,4,73,66.7,CANCELLED,True
BLK00987,2026-02-07,SEC_KAR_KHA,JOINT,12:30,15:01,151,189,3,8,73,95,79.9,CANCELLED,True
BLK00988,2026-03-31,SEC_KAL_KAR,S&T,18:11,20:19,128,160,1,2,55,110,80.0,PARTIAL,True
BLK00989,2026-03-09,SEC_KAL_KAR,TRD,13:14,15:26,132,176,6,1,91,31,75.0,CANCELLED,True
BLK00990,2026-01-15,SEC_SHI_PUN,TRD,12:50,15:24,154,151,2,1,56,95,100.0,PARTIAL,True
BLK00991,2026-01-11,SEC_KAL_KAR,Engineering,09:17,10:41,84,97,4,8,95,120,86.6,COMPLETED,True
BLK00992,2026-03-03,SEC_CHI_SHI,JOINT,08:56,10:47,111,133,4,8,50,132,83.5,COMPLETED,True
BLK00993,2026-02-24,SEC_TAL_CHI,TRD,10:28,13:03,155,215,5,0,118,113,72.1,CANCELLED,True
BLK00994,2026-01-02,SEC_KHA_LON,TRD,16:31,19:25,174,186,5,0,116,124,93.5,CANCELLED,True
BLK00995,2026-01-18,SEC_LON_TAL,TRD,11:18,12:46,88,114,4,5,26,60,77.2,PARTIAL,True
BLK00996,2026-01-19,SEC_KAL_KAR,S&T,18:34,20:57,143,195,4,2,10,16,73.3,CANCELLED,True
BLK00997,2026-01-26,SEC_MUM_DAD,Engineering,18:35,20:09,94,154,3,0,118,61,61.0,PARTIAL,True
BLK00998,2026-01-08,SEC_KHA_LON,Engineering,14:51,18:19,208,208,1,4,102,53,100.0,COMPLETED,True
BLK00999,2026-02-03,SEC_THA_KAL,Engineering,07:33,10:12,159,214,4,3,7,25,74.3,CANCELLED,True
BLK01000,2026-02-26,SEC_SHI_PUN,Engineering,14:16,15:41,85,81,4,7,31,59,100.0,PARTIAL,True
BLK01001,2026-01-25,SEC_DAD_THA,TRD,09:40,11:08,88,108,5,7,61,107,81.5,PARTIAL,True
BLK01002,2026-01-27,SEC_CHI_SHI,TRD,11:50,14:12,142,173,4,1,36,29,82.1,COMPLETED,True
BLK01003,2026-02-13,SEC_LON_TAL,S&T,11:49,13:40,111,115,1,1,97,81,96.5,CANCELLED,True
BLK01004,2026-02-02,SEC_LON_TAL,TRD,10:43,13:21,158,201,2,1,11,94,78.6,COMPLETED,True
BLK01005,2026-01-25,SEC_DAD_THA,TRD,09:54,12:54,180,238,1,1,28,46,75.6,COMPLETED,True
BLK01006,2026-03-30,SEC_KAL_KAR,Engineering,09:17,10:38,81,136,4,4,69,141,59.6,COMPLETED,True
BLK01007,2026-02-10,SEC_KHA_LON,S&T,16:12,18:27,135,130,1,6,89,32,100.0,CANCELLED,True
BLK01008,2026-02-13,SEC_CHI_SHI,Engineering,18:13,19:06,53,111,3,6,34,143,47.7,CANCELLED,True
BLK01009,2026-03-08,SEC_TAL_CHI,TRD,14:04,15:38,94,149,5,6,70,106,63.1,CANCELLED,True
BLK01010,2026-01-28,SEC_CHI_SHI,JOINT,13:35,14:52,77,124,1,6,112,144,62.1,PARTIAL,True
BLK01011,2026-03-10,SEC_MUM_DAD,Engineering,14:50,17:26,156,165,3,2,53,48,94.5,COMPLETED,True
BLK01012,2026-03-13,SEC_THA_KAL,TRD,19:14,20:11,57,53,5,6,119,14,100.0,PARTIAL,True
BLK01013,2026-01-31,SEC_LON_TAL,S&T,18:40,21:15,155,174,6,0,72,59,89.1,COMPLETED,True
BLK01014,2026-01-11,SEC_LON_TAL,TRD,13:00,15:21,141,196,6,6,68,40,71.9,CANCELLED,True
BLK01015,2026-03-20,SEC_KAL_KAR,TRD,15:37,18:08,151,194,4,7,90,98,77.8,PARTIAL,True
BLK01016,2026-03-01,SEC_DAD_THA,TRD,07:08,08:33,85,124,2,6,45,66,68.5,COMPLETED,True
BLK01017,2026-03-25,SEC_DAD_THA,Engineering,13:26,16:45,199,248,5,4,35,52,80.2,PARTIAL,True
BLK01018,2026-03-11,SEC_KAR_KHA,S&T,14:27,15:19,52,79,2,4,108,6,65.8,COMPLETED,True
BLK01019,2026-02-27,SEC_KHA_LON,S&T,14:11,15:55,104,94,4,2,10,78,100.0,CANCELLED,True
BLK01020,2026-03-01,SEC_CHI_SHI,Engineering,14:40,17:36,176,218,2,0,92,45,80.7,COMPLETED,True
BLK01021,2026-03-20,SEC_CHI_SHI,S&T,16:51,19:34,163,164,6,2,20,18,99.4,PARTIAL,True
BLK01022,2026-03-18,SEC_KAR_KHA,Engineering,16:02,17:26,84,89,6,0,29,126,94.4,COMPLETED,True
BLK01023,2026-01-29,SEC_CHI_SHI,JOINT,14:51,16:02,71,95,5,5,83,131,74.7,COMPLETED,True
BLK01024,2026-02-04,SEC_MUM_DAD,Engineering,18:41,20:12,91,116,3,3,66,47,78.4,CANCELLED,True
BLK01025,2026-03-18,SEC_DAD_THA,TRD,07:33,09:02,89,145,5,3,92,116,61.4,PARTIAL,True
BLK01026,2026-01-06,SEC_LON_TAL,Engineering,09:34,11:08,94,129,3,1,58,17,72.9,COMPLETED,True
BLK01027,2026-01-02,SEC_TAL_CHI,S&T,12:53,14:11,78,108,4,6,70,88,72.2,CANCELLED,True
BLK01028,2026-03-01,SEC_MUM_DAD,JOINT,13:27,14:22,55,91,5,6,3,51,60.4,COMPLETED,True
BLK01029,2026-02-23,SEC_DAD_THA,TRD,10:41,11:59,78,100,2,0,55,110,78.0,COMPLETED,True
BLK01030,2026-01-06,SEC_LON_TAL,JOINT,07:42,09:55,133,142,5,0,28,4,93.7,PARTIAL,True
BLK01031,2026-02-02,SEC_SHI_PUN,Engineering,19:21,20:55,94,101,2,8,116,20,93.1,COMPLETED,True
BLK01032,2026-02-13,SEC_TAL_CHI,JOINT,06:19,09:31,192,211,4,0,70,89,91.0,CANCELLED,True
BLK01033,2026-02-16,SEC_SHI_PUN,Engineering,06:14,09:02,168,191,5,5,43,71,88.0,COMPLETED,True
BLK01034,2026-02-26,SEC_KHA_LON,Engineering,12:38,13:45,67,116,6,4,100,90,57.8,PARTIAL,True
BLK01035,2026-01-14,SEC_LON_TAL,Engineering,10:41,11:38,57,99,3,1,40,51,57.6,CANCELLED,True
BLK01036,2026-03-27,SEC_KHA_LON,TRD,17:29,19:18,109,165,2,0,67,124,66.1,CANCELLED,True
BLK01037,2026-02-01,SEC_KHA_LON,TRD,18:30,19:43,73,73,5,2,76,59,100.0,COMPLETED,True
BLK01038,2026-02-25,SEC_KAL_KAR,TRD,07:13,08:46,93,107,3,2,7,135,86.9,PARTIAL,True
BLK01039,2026-01-06,SEC_THA_KAL,JOINT,09:47,13:16,209,249,1,2,34,115,83.9,PARTIAL,True
BLK01040,2026-01-05,SEC_KAR_KHA,S&T,07:47,10:33,166,178,5,6,43,70,93.3,COMPLETED,True
BLK01041,2026-03-04,SEC_KAL_KAR,JOINT,11:17,12:12,55,50,5,6,61,92,100.0,PARTIAL,True
BLK01042,2026-03-28,SEC_CHI_SHI,TRD,06:02,08:48,166,213,4,4,107,34,77.9,CANCELLED,True
BLK01043,2026-02-14,SEC_TAL_CHI,TRD,06:10,07:02,52,63,4,2,81,61,82.5,PARTIAL,True
BLK01044,2026-02-20,SEC_KAL_KAR,Engineering,12:15,14:32,137,169,3,0,28,143,81.1,CANCELLED,True
BLK01045,2026-03-09,SEC_KHA_LON,TRD,14:31,17:15,164,190,6,5,52,121,86.3,PARTIAL,True
BLK01046,2026-02-27,SEC_LON_TAL,Engineering,16:39,17:32,53,112,3,1,57,66,47.3,CANCELLED,True
BLK01047,2026-03-10,SEC_CHI_SHI,Engineering,10:15,12:57,162,221,1,2,45,150,73.3,COMPLETED,True
BLK01048,2026-02-03,SEC_KAR_KHA,JOINT,07:47,09:18,91,149,5,5,7,121,61.1,PARTIAL,True
BLK01049,2026-01-06,SEC_DAD_THA,Engineering,17:20,19:43,143,167,6,3,25,135,85.6,PARTIAL,True
BLK01050,2026-01-17,SEC_DAD_THA,Engineering,16:46,18:13,87,112,1,0,10,112,77.7,CANCELLED,True
BLK01051,2026-03-25,SEC_KHA_LON,TRD,12:53,14:48,115,149,5,4,24,136,77.2,CANCELLED,True
BLK01052,2026-02-25,SEC_KAR_KHA,S&T,17:10,18:32,82,116,6,5,43,33,70.7,COMPLETED,True
BLK01053,2026-02-08,SEC_LON_TAL,S&T,10:54,13:21,147,189,3,8,55,75,77.8,COMPLETED,True
BLK01054,2026-02-17,SEC_KAL_KAR,Engineering,07:06,08:09,63,94,2,1,18,79,67.0,PARTIAL,True
BLK01055,2026-02-21,SEC_KAR_KHA,S&T,12:48,14:18,90,121,2,2,0,149,74.4,CANCELLED,True
BLK01056,2026-01-24,SEC_KAL_KAR,S&T,17:30,19:38,128,170,6,5,59,126,75.3,COMPLETED,True
BLK01057,2026-02-02,SEC_KAR_KHA,S&T,15:43,18:36,173,171,6,1,57,22,100.0,COMPLETED,True
BLK01058,2026-03-02,SEC_CHI_SHI,TRD,08:36,10:26,110,140,3,5,29,70,78.6,CANCELLED,True
BLK01059,2026-01-01,SEC_KAL_KAR,JOINT,11:31,13:23,112,142,3,7,105,35,78.9,PARTIAL,True
BLK01060,2026-01-14,SEC_KHA_LON,JOINT,14:04,17:26,202,192,1,1,89,9,100.0,CANCELLED,True
BLK01061,2026-01-05,SEC_MUM_DAD,TRD,07:53,10:14,141,180,6,7,1,10,78.3,COMPLETED,True
BLK01062,2026-03-28,SEC_KAR_KHA,Engineering,11:20,13:43,143,161,3,5,107,27,88.8,COMPLETED,True
BLK01063,2026-03-25,SEC_KAR_KHA,S&T,14:06,17:27,201,254,5,4,26,23,79.1,COMPLETED,True
BLK01064,2026-03-03,SEC_KHA_LON,Engineering,12:33,14:08,95,128,3,4,43,120,74.2,COMPLETED,True
BLK01065,2026-01-23,SEC_SHI_PUN,S&T,06:17,08:43,146,163,6,8,29,131,89.6,COMPLETED,True
BLK01066,2026-01-10,SEC_MUM_DAD,Engineering,13:19,15:44,145,191,1,8,33,142,75.9,COMPLETED,True
BLK01067,2026-02-08,SEC_LON_TAL,S&T,08:58,12:26,208,235,4,8,7,59,88.5,PARTIAL,True
BLK01068,2026-03-04,SEC_CHI_SHI,Engineering,13:48,15:45,117,141,4,4,13,30,83.0,PARTIAL,True
BLK01069,2026-03-20,SEC_MUM_DAD,Engineering,11:57,15:20,203,242,2,0,101,9,83.9,COMPLETED,True
BLK01070,2026-01-01,SEC_KHA_LON,TRD,06:14,08:11,117,147,6,8,45,77,79.6,COMPLETED,True
BLK01071,2026-01-11,SEC_THA_KAL,JOINT,11:30,13:19,109,136,1,8,116,91,80.1,CANCELLED,True
BLK01072,2026-03-13,SEC_KAR_KHA,S&T,14:54,17:01,127,147,5,0,49,113,86.4,CANCELLED,True
BLK01073,2026-03-02,SEC_SHI_PUN,JOINT,08:30,10:37,127,148,3,2,45,105,85.8,CANCELLED,True
BLK01074,2026-01-17,SEC_DAD_THA,JOINT,06:54,09:37,163,173,6,1,105,146,94.2,CANCELLED,True
BLK01075,2026-02-16,SEC_TAL_CHI,TRD,12:29,14:52,143,139,3,1,98,14,100.0,CANCELLED,True
BLK01076,2026-01-19,SEC_KAR_KHA,Engineering,18:28,19:56,88,114,2,7,48,40,77.2,CANCELLED,True
BLK01077,2026-01-03,SEC_THA_KAL,JOINT,17:45,20:16,151,177,2,2,31,43,85.3,CANCELLED,True
BLK01078,2026-01-08,SEC_LON_TAL,TRD,09:42,10:52,70,107,2,8,4,1,65.4,CANCELLED,True
BLK01079,2026-01-15,SEC_DAD_THA,S&T,17:46,19:14,88,104,4,1,96,35,84.6,COMPLETED,True
BLK01080,2026-02-21,SEC_KAR_KHA,S&T,10:49,12:31,102,138,2,7,73,86,73.9,PARTIAL,True
BLK01081,2026-01-24,SEC_KAL_KAR,JOINT,14:11,16:35,144,196,3,0,33,54,73.5,PARTIAL,True
BLK01082,2026-02-21,SEC_KAL_KAR,Engineering,14:01,15:18,77,81,1,3,77,137,95.1,COMPLETED,True
BLK01083,2026-02-05,SEC_CHI_SHI,Engineering,11:38,14:37,179,229,6,3,14,95,78.2,CANCELLED,True
BLK01084,2026-01-25,SEC_CHI_SHI,Engineering,17:19,19:48,149,149,6,0,27,143,100.0,COMPLETED,True
BLK01085,2026-03-20,SEC_KAL_KAR,Engineering,19:18,20:04,46,82,5,5,13,81,56.1,COMPLETED,True
BLK01086,2026-02-21,SEC_MUM_DAD,TRD,07:48,09:39,111,145,4,2,68,56,76.6,CANCELLED,True
BLK01087,2026-02-06,SEC_KAR_KHA,S&T,12:10,13:46,96,111,6,5,0,66,86.5,CANCELLED,True
BLK01088,2026-03-29,SEC_KAL_KAR,S&T,16:46,18:38,112,155,5,1,71,141,72.3,CANCELLED,True
BLK01089,2026-01-16,SEC_TAL_CHI,JOINT,09:27,11:22,115,124,6,3,99,28,92.7,COMPLETED,True
BLK01090,2026-02-02,SEC_TAL_CHI,TRD,10:59,13:33,154,211,6,3,111,150,73.0,CANCELLED,True
BLK01091,2026-02-03,SEC_KAR_KHA,Engineering,07:26,09:15,109,150,6,7,92,96,72.7,CANCELLED,True
BLK01092,2026-03-12,SEC_CHI_SHI,TRD,09:11,11:10,119,110,3,3,15,123,100.0,CANCELLED,True
BLK01093,2026-03-24,SEC_DAD_THA,JOINT,10:08,11:22,74,112,4,4,26,26,66.1,PARTIAL,True
BLK01094,2026-02-19,SEC_KHA_LON,Engineering,06:09,07:34,85,131,6,8,79,84,64.9,CANCELLED,True
BLK01095,2026-03-28,SEC_KAR_KHA,S&T,13:03,15:48,165,178,6,4,118,6,92.7,PARTIAL,True
BLK01096,2026-03-15,SEC_TAL_CHI,JOINT,06:47,08:36,109,128,5,6,89,51,85.2,COMPLETED,True
BLK01097,2026-02-05,SEC_KHA_LON,JOINT,08:12,09:11,59,88,3,7,44,15,67.0,CANCELLED,True
BLK01098,2026-01-18,SEC_MUM_DAD,S&T,11:47,14:42,175,185,2,6,10,20,94.6,CANCELLED,True
BLK01099,2026-03-07,SEC_KAL_KAR,TRD,14:59,17:29,150,200,2,0,80,126,75.0,PARTIAL,True
BLK01100,2026-03-05,SEC_DAD_THA,S&T,09:17,10:51,94,141,4,3,23,51,66.7,CANCELLED,True
BLK01101,2026-02-26,SEC_DAD_THA,S&T,07:06,07:51,45,39,6,8,55,96,100.0,COMPLETED,True
BLK01102,2026-01-22,SEC_CHI_SHI,Engineering,18:46,20:37,111,101,3,4,116,21,100.0,CANCELLED,True
BLK01103,2026-02-07,SEC_KAL_KAR,Engineering,10:14,11:38,84,98,5,4,85,54,85.7,PARTIAL,True
BLK01104,2026-03-08,SEC_MUM_DAD,Engineering,14:34,16:56,142,164,3,8,18,20,86.6,CANCELLED,True
BLK01105,2026-03-02,SEC_LON_TAL,S&T,13:07,15:12,125,148,4,7,105,79,84.5,PARTIAL,True
BLK01106,2026-01-16,SEC_DAD_THA,S&T,12:58,14:55,117,138,4,8,89,131,84.8,PARTIAL,True
BLK01107,2026-03-06,SEC_MUM_DAD,JOINT,09:24,11:05,101,142,2,4,77,95,71.1,PARTIAL,True
BLK01108,2026-02-02,SEC_KAL_KAR,TRD,17:21,19:08,107,113,2,7,27,40,94.7,CANCELLED,True
BLK01109,2026-03-25,SEC_DAD_THA,S&T,10:57,12:23,86,102,1,6,90,75,84.3,CANCELLED,True
BLK01110,2026-03-07,SEC_CHI_SHI,TRD,08:02,09:11,69,71,6,0,70,11,97.2,PARTIAL,True
BLK01111,2026-03-30,SEC_KAL_KAR,TRD,08:37,10:34,117,138,4,0,18,15,84.8,PARTIAL,True
BLK01112,2026-02-23,SEC_LON_TAL,JOINT,16:14,16:59,45,35,3,8,100,30,100.0,PARTIAL,True
BLK01113,2026-02-18,SEC_KAL_KAR,TRD,07:06,08:29,83,102,3,5,5,52,81.4,CANCELLED,True
BLK01114,2026-02-13,SEC_LON_TAL,JOINT,14:32,17:02,150,157,3,7,30,0,95.5,CANCELLED,True
BLK01115,2026-01-17,SEC_KHA_LON,TRD,16:57,18:52,115,158,6,5,31,84,72.8,COMPLETED,True
BLK01116,2026-03-09,SEC_MUM_DAD,S&T,13:13,14:03,50,50,5,1,66,12,100.0,CANCELLED,True
BLK01117,2026-02-15,SEC_DAD_THA,Engineering,19:23,20:53,90,133,2,7,104,41,67.7,COMPLETED,True
BLK01118,2026-01-01,SEC_MUM_DAD,TRD,07:19,08:34,75,102,6,2,26,88,73.5,CANCELLED,True
BLK01119,2026-03-14,SEC_MUM_DAD,JOINT,09:45,11:52,127,185,3,3,27,69,68.6,COMPLETED,True
BLK01120,2026-02-19,SEC_MUM_DAD,Engineering,08:46,11:33,167,190,4,6,34,71,87.9,CANCELLED,True
BLK01121,2026-02-04,SEC_KAR_KHA,Engineering,07:21,08:15,54,79,2,5,41,100,68.4,PARTIAL,True
BLK01122,2026-01-22,SEC_KHA_LON,S&T,15:40,19:03,203,248,3,5,106,97,81.9,PARTIAL,True
BLK01123,2026-02-05,SEC_MUM_DAD,Engineering,18:35,20:38,123,166,2,5,80,21,74.1,COMPLETED,True
BLK01124,2026-03-22,SEC_KAL_KAR,JOINT,18:40,20:47,127,152,3,2,71,78,83.6,COMPLETED,True
BLK01125,2026-03-23,SEC_MUM_DAD,JOINT,16:55,18:47,112,168,1,2,39,150,66.7,PARTIAL,True
BLK01126,2026-01-15,SEC_KAL_KAR,TRD,12:54,14:30,96,88,4,2,71,66,100.0,CANCELLED,True
BLK01127,2026-02-10,SEC_LON_TAL,S&T,08:09,09:23,74,114,4,0,20,82,64.9,PARTIAL,True
BLK01128,2026-01-06,SEC_SHI_PUN,S&T,09:59,10:50,51,111,1,3,3,133,45.9,PARTIAL,True
BLK01129,2026-03-10,SEC_TAL_CHI,Engineering,09:35,11:27,112,115,5,3,4,27,97.4,COMPLETED,True
BLK01130,2026-02-19,SEC_MUM_DAD,TRD,11:37,13:04,87,84,2,7,9,134,100.0,COMPLETED,True
BLK01131,2026-01-24,SEC_SHI_PUN,TRD,10:27,11:42,75,133,6,7,116,75,56.4,PARTIAL,True
BLK01132,2026-01-28,SEC_CHI_SHI,S&T,09:48,10:39,51,42,5,3,33,13,100.0,PARTIAL,True
BLK01133,2026-03-25,SEC_THA_KAL,Engineering,11:25,12:14,49,71,1,8,71,95,69.0,CANCELLED,True
BLK01134,2026-01-04,SEC_KHA_LON,Engineering,13:48,16:12,144,167,3,0,108,72,86.2,COMPLETED,True
BLK01135,2026-03-30,SEC_THA_KAL,Engineering,15:31,17:01,90,120,6,1,62,29,75.0,PARTIAL,True
BLK01136,2026-01-27,SEC_MUM_DAD,JOINT,10:36,13:08,152,156,2,2,95,21,97.4,PARTIAL,True
BLK01137,2026-02-22,SEC_TAL_CHI,S&T,10:45,13:28,163,168,4,1,20,105,97.0,PARTIAL,True
BLK01138,2026-02-27,SEC_SHI_PUN,Engineering,08:11,09:32,81,71,5,8,3,13,100.0,CANCELLED,True
BLK01139,2026-01-24,SEC_KAR_KHA,Engineering,10:25,11:13,48,84,2,8,116,48,57.1,COMPLETED,True
BLK01140,2026-02-24,SEC_KAL_KAR,JOINT,06:27,09:01,154,177,4,0,64,74,87.0,PARTIAL,True
BLK01141,2026-02-19,SEC_KAL_KAR,TRD,14:22,16:23,121,133,5,8,61,11,91.0,CANCELLED,True
BLK01142,2026-01-27,SEC_MUM_DAD,S&T,07:14,10:04,170,221,1,2,101,42,76.9,PARTIAL,True
BLK01143,2026-01-05,SEC_THA_KAL,JOINT,09:11,12:03,172,230,2,5,10,90,74.8,COMPLETED,True
BLK01144,2026-02-22,SEC_CHI_SHI,JOINT,15:11,17:37,146,187,5,2,46,0,78.1,COMPLETED,True
BLK01145,2026-02-09,SEC_KAL_KAR,Engineering,07:10,09:20,130,127,1,1,10,29,100.0,COMPLETED,True
BLK01146,2026-01-30,SEC_LON_TAL,S&T,13:05,15:23,138,181,4,2,59,25,76.2,CANCELLED,True
BLK01147,2026-03-18,SEC_KHA_LON,JOINT,14:07,17:10,183,217,5,0,19,34,84.3,CANCELLED,True
BLK01148,2026-03-28,SEC_CHI_SHI,Engineering,07:29,08:36,67,64,2,0,0,39,100.0,COMPLETED,True
BLK01149,2026-02-10,SEC_THA_KAL,TRD,14:56,15:43,47,90,5,1,76,19,52.2,CANCELLED,True
BLK01150,2026-03-16,SEC_MUM_DAD,JOINT,09:48,11:23,95,138,1,3,119,45,68.8,COMPLETED,True
BLK01151,2026-03-03,SEC_SHI_PUN,TRD,08:03,09:57,114,156,1,4,34,27,73.1,COMPLETED,True
BLK01152,2026-01-16,SEC_TAL_CHI,JOINT,15:00,17:27,147,195,1,6,61,135,75.4,COMPLETED,True
BLK01153,2026-03-01,SEC_LON_TAL,TRD,06:41,08:18,97,97,3,8,93,10,100.0,CANCELLED,True
BLK01154,2026-03-09,SEC_DAD_THA,S&T,10:49,12:45,116,125,1,2,84,126,92.8,COMPLETED,True
BLK01155,2026-03-04,SEC_KAL_KAR,S&T,11:25,12:43,78,76,4,7,113,58,100.0,PARTIAL,True
BLK01156,2026-03-23,SEC_DAD_THA,JOINT,14:54,17:30,156,180,1,2,115,76,86.7,CANCELLED,True
BLK01157,2026-03-16,SEC_KAR_KHA,JOINT,18:09,19:49,100,128,6,8,99,60,78.1,CANCELLED,True
BLK01158,2026-02-14,SEC_LON_TAL,S&T,07:26,10:14,168,197,5,1,120,6,85.3,COMPLETED,True
BLK01159,2026-02-14,SEC_SHI_PUN,Engineering,07:25,08:57,92,124,5,1,65,97,74.2,CANCELLED,True
BLK01160,2026-02-26,SEC_CHI_SHI,S&T,18:15,20:33,138,148,5,8,80,77,93.2,COMPLETED,True
BLK01161,2026-03-11,SEC_CHI_SHI,S&T,15:22,17:26,124,135,1,0,79,22,91.9,CANCELLED,True
BLK01162,2026-02-08,SEC_DAD_THA,JOINT,09:18,11:46,148,143,6,7,53,137,100.0,COMPLETED,True
BLK01163,2026-01-23,SEC_KHA_LON,JOINT,12:46,14:18,92,138,6,3,111,143,66.7,COMPLETED,True
BLK01164,2026-01-19,SEC_TAL_CHI,JOINT,08:46,11:33,167,159,3,1,57,130,100.0,CANCELLED,True
BLK01165,2026-03-24,SEC_KAR_KHA,TRD,15:27,17:42,135,126,1,8,14,52,100.0,PARTIAL,True
BLK01166,2026-03-14,SEC_DAD_THA,S&T,06:27,08:53,146,156,1,7,99,27,93.6,COMPLETED,True
BLK01167,2026-03-20,SEC_KAR_KHA,TRD,14:53,17:52,179,230,2,5,32,38,77.8,CANCELLED,True
BLK01168,2026-03-05,SEC_THA_KAL,S&T,16:50,20:10,200,199,2,1,112,65,100.0,COMPLETED,True
BLK01169,2026-02-08,SEC_KAR_KHA,S&T,16:38,18:51,133,174,3,7,80,54,76.4,CANCELLED,True
BLK01170,2026-01-25,SEC_TAL_CHI,TRD,10:31,11:30,59,79,4,1,92,8,74.7,PARTIAL,True
BLK01171,2026-02-24,SEC_DAD_THA,JOINT,11:11,14:00,169,166,2,7,76,117,100.0,CANCELLED,True
BLK01172,2026-02-11,SEC_CHI_SHI,Engineering,08:22,11:04,162,215,6,8,32,72,75.3,PARTIAL,True
BLK01173,2026-03-06,SEC_KAL_KAR,S&T,11:22,12:37,75,95,3,0,31,15,78.9,PARTIAL,True
BLK01174,2026-03-06,SEC_MUM_DAD,JOINT,06:03,07:46,103,152,2,1,61,38,67.8,PARTIAL,True
BLK01175,2026-01-15,SEC_KAR_KHA,S&T,17:57,19:33,96,94,5,8,7,113,100.0,CANCELLED,True
BLK01176,2026-03-08,SEC_DAD_THA,TRD,14:43,16:27,104,136,2,2,22,17,76.5,PARTIAL,True
BLK01177,2026-02-03,SEC_TAL_CHI,Engineering,16:39,19:37,178,179,1,7,37,73,99.4,PARTIAL,True
BLK01178,2026-03-14,SEC_LON_TAL,Engineering,11:10,13:03,113,167,3,8,101,149,67.7,COMPLETED,True
BLK01179,2026-02-28,SEC_KAL_KAR,TRD,07:09,09:03,114,161,3,2,71,91,70.8,COMPLETED,True
BLK01180,2026-03-17,SEC_DAD_THA,TRD,12:39,13:48,69,103,4,5,73,81,67.0,PARTIAL,True
BLK01181,2026-03-27,SEC_CHI_SHI,S&T,09:26,11:49,143,160,1,1,116,95,89.4,CANCELLED,True
BLK01182,2026-02-19,SEC_DAD_THA,TRD,10:21,11:49,88,131,4,2,27,84,67.2,CANCELLED,True
BLK01183,2026-02-14,SEC_TAL_CHI,JOINT,16:11,17:47,96,131,4,3,31,108,73.3,PARTIAL,True
BLK01184,2026-03-14,SEC_KAL_KAR,JOINT,16:35,19:09,154,162,3,7,108,133,95.1,COMPLETED,True
BLK01185,2026-02-12,SEC_THA_KAL,S&T,13:22,15:11,109,151,5,5,101,64,72.2,PARTIAL,True
BLK01186,2026-01-08,SEC_KHA_LON,TRD,16:21,19:07,166,192,2,5,60,98,86.5,PARTIAL,True
BLK01187,2026-01-21,SEC_TAL_CHI,JOINT,16:14,18:45,151,146,5,6,10,48,100.0,PARTIAL,True
BLK01188,2026-02-27,SEC_KHA_LON,JOINT,13:40,16:15,155,147,6,0,0,109,100.0,COMPLETED,True
BLK01189,2026-01-11,SEC_KAL_KAR,TRD,11:23,13:51,148,147,4,0,104,3,100.0,CANCELLED,True
BLK01190,2026-01-06,SEC_KAL_KAR,JOINT,13:07,15:11,124,171,2,1,31,139,72.5,COMPLETED,True
BLK01191,2026-03-16,SEC_KAL_KAR,Engineering,10:58,12:57,119,152,5,6,4,114,78.3,CANCELLED,True
BLK01192,2026-03-12,SEC_DAD_THA,S&T,10:06,11:15,69,113,3,0,49,4,61.1,COMPLETED,True
BLK01193,2026-01-17,SEC_KAR_KHA,JOINT,10:51,13:27,156,180,2,3,44,42,86.7,COMPLETED,True
BLK01194,2026-01-27,SEC_CHI_SHI,S&T,18:36,20:31,115,168,4,8,117,6,68.5,PARTIAL,True
BLK01195,2026-03-18,SEC_DAD_THA,JOINT,09:53,11:11,78,68,4,4,113,47,100.0,PARTIAL,True
BLK01196,2026-03-23,SEC_SHI_PUN,JOINT,08:41,10:50,129,173,1,8,111,140,74.6,CANCELLED,True
BLK01197,2026-01-31,SEC_TAL_CHI,JOINT,17:06,20:15,189,208,1,2,3,149,90.9,COMPLETED,True
BLK01198,2026-01-17,SEC_TAL_CHI,TRD,19:30,20:24,54,104,1,6,93,44,51.9,COMPLETED,True
BLK01199,2026-02-14,SEC_KAL_KAR,JOINT,08:34,09:34,60,73,4,5,59,34,82.2,CANCELLED,True
BLK01200,2026-02-25,SEC_DAD_THA,S&T,14:42,17:10,148,164,4,4,80,54,90.2,COMPLETED,True
BLK01201,2026-03-20,SEC_LON_TAL,JOINT,10:03,11:32,89,86,1,4,67,87,100.0,COMPLETED,True
BLK01202,2026-01-22,SEC_THA_KAL,S&T,17:52,20:42,170,198,3,1,18,90,85.9,COMPLETED,True
BLK01203,2026-03-07,SEC_CHI_SHI,TRD,15:07,17:11,124,146,6,4,4,49,84.9,PARTIAL,True
BLK01204,2026-02-06,SEC_MUM_DAD,TRD,07:55,09:06,71,62,3,6,101,125,100.0,COMPLETED,True
BLK01205,2026-02-02,SEC_KAL_KAR,Engineering,08:16,11:03,167,217,1,7,29,9,77.0,CANCELLED,True
BLK01206,2026-03-22,SEC_DAD_THA,Engineering,06:17,08:34,137,192,2,1,3,47,71.4,COMPLETED,True
BLK01207,2026-01-09,SEC_KAR_KHA,S&T,12:54,14:37,103,122,1,8,19,43,84.4,CANCELLED,True
BLK01208,2026-01-02,SEC_KHA_LON,S&T,12:06,13:42,96,96,3,2,102,143,100.0,CANCELLED,True
BLK01209,2026-02-04,SEC_DAD_THA,JOINT,12:58,14:51,113,136,5,8,13,21,83.1,PARTIAL,True
BLK01210,2026-01-08,SEC_DAD_THA,S&T,10:57,12:07,70,103,1,1,84,35,68.0,PARTIAL,True
BLK01211,2026-02-21,SEC_TAL_CHI,TRD,12:30,14:11,101,151,1,4,13,4,66.9,CANCELLED,True
BLK01212,2026-02-21,SEC_TAL_CHI,Engineering,17:43,20:45,182,241,5,3,46,140,75.5,PARTIAL,True
BLK01213,2026-03-13,SEC_SHI_PUN,TRD,10:53,13:35,162,188,5,6,42,0,86.2,PARTIAL,True
BLK01214,2026-03-08,SEC_SHI_PUN,JOINT,13:28,15:36,128,188,2,3,94,7,68.1,PARTIAL,True
BLK01215,2026-03-22,SEC_KHA_LON,TRD,14:25,15:41,76,88,3,7,70,77,86.4,CANCELLED,True
BLK01216,2026-01-30,SEC_DAD_THA,TRD,12:56,14:20,84,95,3,6,3,23,88.4,PARTIAL,True
BLK01217,2026-03-10,SEC_DAD_THA,TRD,11:52,13:45,113,123,2,0,31,42,91.9,COMPLETED,True
BLK01218,2026-02-09,SEC_MUM_DAD,S&T,08:56,09:58,62,88,4,5,114,37,70.5,COMPLETED,True
BLK01219,2026-02-26,SEC_THA_KAL,TRD,15:29,17:39,130,134,1,0,19,19,97.0,CANCELLED,True
BLK01220,2026-01-11,SEC_KHA_LON,S&T,08:21,11:19,178,219,4,7,38,144,81.3,CANCELLED,True
BLK01221,2026-01-07,SEC_KAL_KAR,TRD,16:38,19:25,167,184,1,8,45,108,90.8,PARTIAL,True
BLK01222,2026-01-15,SEC_KAR_KHA,JOINT,08:22,10:19,117,147,4,2,100,118,79.6,COMPLETED,True
BLK01223,2026-03-06,SEC_DAD_THA,JOINT,15:30,18:19,169,173,6,2,57,95,97.7,CANCELLED,True
BLK01224,2026-02-01,SEC_TAL_CHI,Engineering,11:16,13:41,145,150,3,3,86,74,96.7,COMPLETED,True
BLK01225,2026-01-26,SEC_DAD_THA,S&T,12:07,14:15,128,161,3,0,72,32,79.5,CANCELLED,True
BLK01226,2026-03-04,SEC_KAL_KAR,JOINT,06:05,07:32,87,94,3,1,58,11,92.6,CANCELLED,True
BLK01227,2026-02-02,SEC_DAD_THA,S&T,13:29,15:36,127,166,5,3,56,10,76.5,COMPLETED,True
BLK01228,2026-02-10,SEC_TAL_CHI,JOINT,16:33,18:44,131,139,3,8,110,61,94.2,CANCELLED,True
BLK01229,2026-03-27,SEC_KHA_LON,TRD,12:33,14:47,134,170,5,8,120,3,78.8,COMPLETED,True
BLK01230,2026-01-25,SEC_MUM_DAD,Engineering,18:52,20:39,107,115,4,5,74,44,93.0,PARTIAL,True
BLK01231,2026-02-06,SEC_CHI_SHI,S&T,06:13,08:42,149,140,2,7,117,26,100.0,CANCELLED,True
BLK01232,2026-01-14,SEC_LON_TAL,Engineering,13:17,15:30,133,134,3,4,20,142,99.3,PARTIAL,True
BLK01233,2026-02-27,SEC_LON_TAL,Engineering,09:43,11:50,127,167,1,7,18,102,76.0,PARTIAL,True
BLK01234,2026-02-20,SEC_SHI_PUN,S&T,16:57,18:28,91,82,1,1,65,14,100.0,PARTIAL,True
BLK01235,2026-02-18,SEC_THA_KAL,JOINT,17:26,18:15,49,88,3,0,109,5,55.7,CANCELLED,True
BLK01236,2026-01-25,SEC_SHI_PUN,S&T,17:13,19:24,131,134,4,6,75,83,97.8,COMPLETED,True
BLK01237,2026-01-09,SEC_DAD_THA,Engineering,07:34,09:48,134,128,1,6,40,142,100.0,PARTIAL,True
BLK01238,2026-01-09,SEC_THA_KAL,Engineering,14:02,17:15,193,207,2,5,120,15,93.2,PARTIAL,True
BLK01239,2026-01-07,SEC_LON_TAL,Engineering,11:34,13:34,120,136,6,4,22,134,88.2,CANCELLED,True
BLK01240,2026-02-25,SEC_LON_TAL,JOINT,16:38,18:20,102,110,6,0,1,127,92.7,PARTIAL,True
BLK01241,2026-03-01,SEC_CHI_SHI,TRD,13:12,15:04,112,155,6,0,109,98,72.3,CANCELLED,True
BLK01242,2026-01-24,SEC_KHA_LON,TRD,17:46,19:19,93,140,2,3,110,40,66.4,COMPLETED,True
BLK01243,2026-02-20,SEC_KAL_KAR,S&T,13:42,15:59,137,171,3,5,120,109,80.1,CANCELLED,True
BLK01244,2026-03-07,SEC_TAL_CHI,S&T,09:21,11:15,114,122,3,7,67,110,93.4,PARTIAL,True
BLK01245,2026-02-17,SEC_CHI_SHI,S&T,10:43,11:43,60,91,2,0,73,139,65.9,PARTIAL,True
BLK01246,2026-01-01,SEC_CHI_SHI,Engineering,09:47,12:35,168,195,5,7,31,80,86.2,CANCELLED,True
BLK01247,2026-02-11,SEC_SHI_PUN,Engineering,15:02,17:20,138,131,6,2,55,52,100.0,CANCELLED,True
BLK01248,2026-01-31,SEC_LON_TAL,TRD,11:06,14:16,190,193,5,2,38,82,98.4,CANCELLED,True
BLK01249,2026-01-03,SEC_THA_KAL,Engineering,15:17,17:00,103,130,5,8,20,118,79.2,CANCELLED,True
BLK01250,2026-01-20,SEC_KAR_KHA,TRD,08:07,11:18,191,240,6,5,91,107,79.6,COMPLETED,True
BLK01251,2026-03-14,SEC_TAL_CHI,TRD,13:54,17:18,204,208,4,4,85,98,98.1,CANCELLED,True
BLK01252,2026-02-10,SEC_KAL_KAR,JOINT,13:49,14:45,56,113,2,2,9,45,49.6,PARTIAL,True
BLK01253,2026-02-07,SEC_KHA_LON,JOINT,08:34,10:21,107,128,3,5,117,116,83.6,COMPLETED,True
BLK01254,2026-01-31,SEC_KAR_KHA,JOINT,11:04,13:31,147,156,4,7,115,73,94.2,COMPLETED,True
BLK01255,2026-03-27,SEC_LON_TAL,JOINT,09:39,11:49,130,153,3,2,23,17,85.0,CANCELLED,True
BLK01256,2026-03-23,SEC_SHI_PUN,TRD,17:27,19:35,128,144,4,0,91,102,88.9,PARTIAL,True
BLK01257,2026-02-17,SEC_MUM_DAD,S&T,17:52,20:10,138,182,5,0,120,85,75.8,CANCELLED,True
BLK01258,2026-03-26,SEC_TAL_CHI,TRD,18:40,20:19,99,120,1,2,63,6,82.5,COMPLETED,True
BLK01259,2026-01-07,SEC_CHI_SHI,JOINT,16:55,19:13,138,198,4,5,77,103,69.7,CANCELLED,True
BLK01260,2026-02-03,SEC_MUM_DAD,TRD,14:07,16:30,143,152,3,8,93,139,94.1,COMPLETED,True
BLK01261,2026-03-04,SEC_TAL_CHI,TRD,19:31,20:57,86,98,5,6,17,29,87.8,COMPLETED,True
BLK01262,2026-01-21,SEC_SHI_PUN,JOINT,13:54,14:39,45,98,1,0,28,11,45.9,COMPLETED,True
BLK01263,2026-02-26,SEC_MUM_DAD,Engineering,15:27,17:58,151,151,1,2,17,20,100.0,PARTIAL,True
BLK01264,2026-02-16,SEC_DAD_THA,TRD,09:55,11:29,94,93,5,6,22,54,100.0,PARTIAL,True
BLK01265,2026-02-10,SEC_KAL_KAR,S&T,15:28,18:22,174,228,6,7,78,105,76.3,CANCELLED,True
BLK01266,2026-02-07,SEC_THA_KAL,Engineering,15:37,17:44,127,138,3,6,108,85,92.0,CANCELLED,True
BLK01267,2026-03-13,SEC_DAD_THA,JOINT,18:20,20:55,155,213,3,7,3,79,72.8,PARTIAL,True
BLK01268,2026-01-30,SEC_MUM_DAD,Engineering,17:19,20:45,206,224,5,8,34,79,92.0,COMPLETED,True
BLK01269,2026-02-01,SEC_KAL_KAR,JOINT,16:36,19:04,148,143,3,0,84,107,100.0,PARTIAL,True
BLK01270,2026-01-20,SEC_TAL_CHI,Engineering,08:46,12:16,210,234,5,1,92,6,89.7,COMPLETED,True
BLK01271,2026-01-22,SEC_KAL_KAR,TRD,12:41,16:01,200,219,5,4,73,15,91.3,CANCELLED,True
BLK01272,2026-03-22,SEC_TAL_CHI,S&T,13:50,16:28,158,190,6,7,16,96,83.2,CANCELLED,True
BLK01273,2026-03-30,SEC_LON_TAL,Engineering,16:35,19:46,191,193,4,1,94,76,99.0,CANCELLED,True
BLK01274,2026-03-02,SEC_CHI_SHI,JOINT,15:13,16:58,105,128,1,5,31,33,82.0,COMPLETED,True
BLK01275,2026-03-20,SEC_MUM_DAD,S&T,06:14,07:17,63,123,3,8,63,67,51.2,CANCELLED,True
BLK01276,2026-03-23,SEC_KAL_KAR,JOINT,12:13,14:35,142,144,3,6,57,108,98.6,COMPLETED,True
BLK01277,2026-01-25,SEC_MUM_DAD,S&T,06:26,08:52,146,193,4,7,56,141,75.6,PARTIAL,True
BLK01278,2026-01-25,SEC_THA_KAL,TRD,06:16,07:55,99,120,5,6,54,115,82.5,PARTIAL,True
BLK01279,2026-03-03,SEC_TAL_CHI,Engineering,07:58,11:08,190,241,2,8,75,10,78.8,CANCELLED,True
BLK01280,2026-01-20,SEC_KAR_KHA,S&T,16:08,17:31,83,124,5,0,64,32,66.9,COMPLETED,True
BLK01281,2026-02-12,SEC_MUM_DAD,JOINT,17:57,20:47,170,226,4,2,25,88,75.2,PARTIAL,True
BLK01282,2026-01-21,SEC_DAD_THA,S&T,15:21,16:59,98,89,4,6,112,61,100.0,CANCELLED,True
BLK01283,2026-01-17,SEC_DAD_THA,S&T,12:20,15:15,175,191,1,1,9,125,91.6,COMPLETED,True
BLK01284,2026-02-27,SEC_KAR_KHA,TRD,06:15,07:43,88,111,1,0,100,132,79.3,PARTIAL,True
BLK01285,2026-03-05,SEC_MUM_DAD,S&T,09:15,11:04,109,156,3,5,12,132,69.9,CANCELLED,True
BLK01286,2026-03-26,SEC_SHI_PUN,S&T,09:03,12:04,181,191,2,0,118,83,94.8,COMPLETED,True
BLK01287,2026-01-16,SEC_THA_KAL,Engineering,17:11,18:28,77,81,6,8,26,84,95.1,PARTIAL,True
BLK01288,2026-02-13,SEC_MUM_DAD,TRD,08:22,11:37,195,192,3,5,109,97,100.0,CANCELLED,True
BLK01289,2026-01-29,SEC_SHI_PUN,JOINT,16:31,17:56,85,96,1,6,27,116,88.5,PARTIAL,True
BLK01290,2026-03-19,SEC_THA_KAL,Engineering,08:43,10:54,131,152,5,0,113,22,86.2,PARTIAL,True
BLK01291,2026-01-29,SEC_LON_TAL,S&T,06:43,08:57,134,163,1,6,2,12,82.2,COMPLETED,True
BLK01292,2026-03-08,SEC_TAL_CHI,TRD,09:51,12:59,188,178,2,5,48,58,100.0,CANCELLED,True
BLK01293,2026-01-26,SEC_KAR_KHA,S&T,09:48,10:58,70,64,6,5,109,44,100.0,PARTIAL,True
BLK01294,2026-02-04,SEC_CHI_SHI,Engineering,07:51,08:43,52,58,1,4,53,141,89.7,PARTIAL,True
BLK01295,2026-01-13,SEC_KAL_KAR,TRD,06:47,08:21,94,110,1,1,89,58,85.5,CANCELLED,True
BLK01296,2026-02-06,SEC_SHI_PUN,S&T,18:02,19:52,110,165,4,1,85,18,66.7,PARTIAL,True
BLK01297,2026-02-10,SEC_KAR_KHA,Engineering,12:55,15:53,178,197,5,2,19,61,90.4,COMPLETED,True
BLK01298,2026-03-10,SEC_TAL_CHI,S&T,11:51,15:11,200,249,2,2,62,70,80.3,COMPLETED,True
BLK01299,2026-03-20,SEC_CHI_SHI,JOINT,18:21,19:06,45,59,4,4,87,125,76.3,COMPLETED,True
BLK01300,2026-01-25,SEC_DAD_THA,TRD,18:03,21:15,192,225,1,1,70,103,85.3,CANCELLED,True
BLK01301,2026-03-30,SEC_MUM_DAD,S&T,14:35,17:47,192,235,3,6,104,76,81.7,PARTIAL,True
BLK01302,2026-03-07,SEC_DAD_THA,Engineering,10:29,12:38,129,185,1,0,69,72,69.7,COMPLETED,True
BLK01303,2026-01-05,SEC_LON_TAL,Engineering,06:24,09:17,173,228,2,1,103,115,75.9,COMPLETED,True
BLK01304,2026-02-07,SEC_TAL_CHI,S&T,06:36,07:38,62,109,3,7,53,124,56.9,CANCELLED,True
BLK01305,2026-03-30,SEC_THA_KAL,S&T,15:33,17:07,94,133,6,0,69,17,70.7,COMPLETED,True
BLK01306,2026-02-11,SEC_KHA_LON,Engineering,06:34,08:50,136,129,1,5,120,98,100.0,PARTIAL,True
BLK01307,2026-01-22,SEC_CHI_SHI,S&T,08:19,10:47,148,200,5,7,39,114,74.0,COMPLETED,True
BLK01308,2026-02-26,SEC_CHI_SHI,JOINT,08:41,10:37,116,117,4,0,39,73,99.1,PARTIAL,True
BLK01309,2026-02-08,SEC_THA_KAL,TRD,14:34,16:19,105,130,5,0,87,119,80.8,CANCELLED,True
BLK01310,2026-01-09,SEC_KAL_KAR,JOINT,11:50,13:49,119,150,1,6,97,91,79.3,COMPLETED,True
BLK01311,2026-03-06,SEC_CHI_SHI,S&T,07:55,09:54,119,112,3,4,80,85,100.0,COMPLETED,True
BLK01312,2026-03-07,SEC_SHI_PUN,Engineering,10:49,13:21,152,168,4,5,87,57,90.5,COMPLETED,True
BLK01313,2026-02-08,SEC_LON_TAL,JOINT,16:02,16:47,45,96,5,6,118,62,46.9,PARTIAL,True
BLK01314,2026-03-23,SEC_KHA_LON,JOINT,11:48,14:46,178,225,3,5,110,107,79.1,PARTIAL,True
BLK01315,2026-01-26,SEC_SHI_PUN,S&T,10:49,12:28,99,142,6,0,90,46,69.7,CANCELLED,True
BLK01316,2026-03-18,SEC_CHI_SHI,Engineering,13:54,15:26,92,135,3,7,43,112,68.1,PARTIAL,True
BLK01317,2026-01-09,SEC_MUM_DAD,Engineering,15:53,18:00,127,124,6,0,96,80,100.0,PARTIAL,True
BLK01318,2026-02-15,SEC_KAL_KAR,Engineering,16:05,18:11,126,134,5,8,106,94,94.0,CANCELLED,True
BLK01319,2026-01-01,SEC_KHA_LON,JOINT,09:38,11:37,119,129,2,0,38,112,92.2,CANCELLED,True
BLK01320,2026-01-15,SEC_KAR_KHA,Engineering,06:07,08:54,167,214,4,2,73,143,78.0,CANCELLED,True
BLK01321,2026-02-20,SEC_KAL_KAR,JOINT,06:27,08:22,115,173,4,5,38,14,66.5,COMPLETED,True
BLK01322,2026-01-05,SEC_CHI_SHI,S&T,08:25,10:30,125,145,6,0,73,40,86.2,CANCELLED,True
BLK01323,2026-03-21,SEC_DAD_THA,S&T,08:21,10:40,139,195,4,8,110,129,71.3,PARTIAL,True
BLK01324,2026-01-12,SEC_DAD_THA,S&T,19:12,21:04,112,158,2,4,94,70,70.9,PARTIAL,True
BLK01325,2026-03-08,SEC_KHA_LON,TRD,15:54,17:35,101,157,4,8,49,65,64.3,CANCELLED,True
BLK01326,2026-03-25,SEC_CHI_SHI,TRD,12:31,14:11,100,149,2,5,65,145,67.1,CANCELLED,True
BLK01327,2026-01-30,SEC_KAL_KAR,S&T,19:07,20:26,79,135,5,0,1,119,58.5,CANCELLED,True
BLK01328,2026-03-09,SEC_KAL_KAR,TRD,07:11,08:59,108,148,6,3,88,89,73.0,COMPLETED,True
BLK01329,2026-02-25,SEC_SHI_PUN,Engineering,17:25,20:21,176,213,6,5,47,37,82.6,CANCELLED,True
BLK01330,2026-03-02,SEC_SHI_PUN,JOINT,09:49,12:43,174,190,6,5,56,6,91.6,COMPLETED,True
BLK01331,2026-01-27,SEC_TAL_CHI,Engineering,15:24,17:15,111,108,4,7,46,109,100.0,COMPLETED,True
BLK01332,2026-03-31,SEC_KAL_KAR,S&T,14:16,16:22,126,126,3,1,110,33,100.0,COMPLETED,True
BLK01333,2026-03-13,SEC_THA_KAL,TRD,16:29,19:00,151,202,4,5,111,90,74.8,CANCELLED,True
BLK01334,2026-02-15,SEC_DAD_THA,S&T,11:50,13:24,94,90,4,8,60,31,100.0,COMPLETED,True
BLK01335,2026-01-19,SEC_KHA_LON,S&T,13:53,14:53,60,54,5,3,111,141,100.0,CANCELLED,True
BLK01336,2026-02-03,SEC_MUM_DAD,Engineering,15:08,16:22,74,117,4,4,45,26,63.2,CANCELLED,True
BLK01337,2026-02-04,SEC_KAL_KAR,JOINT,17:10,19:11,121,179,6,5,73,150,67.6,CANCELLED,True
BLK01338,2026-03-09,SEC_MUM_DAD,JOINT,16:41,19:38,177,202,2,6,19,104,87.6,PARTIAL,True
BLK01339,2026-02-12,SEC_TAL_CHI,S&T,11:40,14:07,147,160,6,4,25,32,91.9,PARTIAL,True
BLK01340,2026-02-11,SEC_KAR_KHA,JOINT,16:50,19:27,157,206,1,7,43,75,76.2,COMPLETED,True
BLK01341,2026-03-23,SEC_TAL_CHI,S&T,14:47,16:24,97,142,3,1,39,62,68.3,CANCELLED,True
BLK01342,2026-01-15,SEC_SHI_PUN,JOINT,10:37,12:35,118,161,6,5,103,29,73.3,PARTIAL,True
BLK01343,2026-01-09,SEC_CHI_SHI,Engineering,11:49,15:11,202,212,1,3,117,111,95.3,PARTIAL,True
BLK01344,2026-03-12,SEC_KAR_KHA,JOINT,08:37,11:22,165,199,6,2,26,47,82.9,CANCELLED,True
BLK01345,2026-02-07,SEC_TAL_CHI,S&T,16:53,18:24,91,143,6,8,12,94,63.6,CANCELLED,True
BLK01346,2026-01-23,SEC_TAL_CHI,S&T,07:27,10:09,162,183,1,6,15,30,88.5,CANCELLED,True
BLK01347,2026-01-17,SEC_CHI_SHI,S&T,06:52,09:08,136,138,2,0,107,107,98.6,PARTIAL,True
BLK01348,2026-02-11,SEC_MUM_DAD,Engineering,18:49,20:53,124,127,1,2,92,147,97.6,PARTIAL,True
BLK01349,2026-01-28,SEC_SHI_PUN,Engineering,09:08,11:59,171,174,2,1,98,21,98.3,PARTIAL,True
BLK01350,2026-01-28,SEC_MUM_DAD,S&T,09:10,12:00,170,188,2,0,104,91,90.4,COMPLETED,True
BLK01351,2026-02-21,SEC_MUM_DAD,Engineering,18:20,19:14,54,104,4,6,107,118,51.9,PARTIAL,True
BLK01352,2026-02-19,SEC_LON_TAL,TRD,19:43,21:29,106,123,4,7,56,124,86.2,PARTIAL,True
BLK01353,2026-03-24,SEC_LON_TAL,Engineering,18:23,21:16,173,197,3,1,20,42,87.8,COMPLETED,True
BLK01354,2026-03-22,SEC_KHA_LON,Engineering,18:29,19:35,66,71,6,4,5,120,93.0,CANCELLED,True
BLK01355,2026-02-19,SEC_KAR_KHA,Engineering,12:30,14:47,137,163,1,4,96,68,84.0,COMPLETED,True
BLK01356,2026-01-24,SEC_MUM_DAD,S&T,11:37,13:30,113,157,4,3,110,77,72.0,CANCELLED,True
BLK01357,2026-02-02,SEC_CHI_SHI,Engineering,17:33,20:43,190,199,4,1,75,24,95.5,PARTIAL,True
BLK01358,2026-02-09,SEC_KHA_LON,S&T,08:48,11:17,149,204,5,5,62,12,73.0,COMPLETED,True
BLK01359,2026-02-01,SEC_CHI_SHI,Engineering,08:57,10:57,120,145,4,1,74,87,82.8,COMPLETED,True
BLK01360,2026-03-18,SEC_KAR_KHA,JOINT,08:25,11:35,190,188,5,2,79,48,100.0,COMPLETED,True
BLK01361,2026-01-03,SEC_TAL_CHI,TRD,16:31,17:41,70,69,2,1,9,0,100.0,COMPLETED,True
BLK01362,2026-02-17,SEC_KAR_KHA,S&T,14:48,15:37,49,107,5,7,117,8,45.8,CANCELLED,True
BLK01363,2026-03-05,SEC_KAL_KAR,S&T,06:00,07:02,62,73,6,8,74,20,84.9,PARTIAL,True
BLK01364,2026-03-15,SEC_SHI_PUN,Engineering,14:56,17:30,154,188,2,6,42,2,81.9,COMPLETED,True
BLK01365,2026-01-21,SEC_KHA_LON,Engineering,14:30,17:33,183,230,4,8,43,50,79.6,PARTIAL,True
BLK01366,2026-03-09,SEC_MUM_DAD,JOINT,18:48,20:30,102,92,5,0,45,68,100.0,CANCELLED,True
BLK01367,2026-03-02,SEC_KAL_KAR,Engineering,16:56,20:00,184,232,5,1,40,140,79.3,COMPLETED,True
BLK01368,2026-01-20,SEC_MUM_DAD,S&T,15:35,18:07,152,186,4,7,25,61,81.7,COMPLETED,True
BLK01369,2026-02-07,SEC_KHA_LON,JOINT,15:35,17:32,117,128,2,7,104,82,91.4,PARTIAL,True
BLK01370,2026-02-15,SEC_MUM_DAD,TRD,09:29,12:33,184,240,1,3,40,94,76.7,CANCELLED,True
BLK01371,2026-02-27,SEC_LON_TAL,S&T,13:03,14:44,101,161,5,3,11,72,62.7,CANCELLED,True
BLK01372,2026-01-19,SEC_THA_KAL,S&T,14:29,17:38,189,198,1,2,84,35,95.5,PARTIAL,True
BLK01373,2026-01-21,SEC_CHI_SHI,TRD,12:15,13:29,74,86,6,0,107,104,86.0,COMPLETED,True
BLK01374,2026-01-25,SEC_MUM_DAD,Engineering,07:36,08:49,73,74,6,2,37,26,98.6,PARTIAL,True
BLK01375,2026-02-20,SEC_TAL_CHI,JOINT,15:46,17:30,104,161,5,8,102,133,64.6,CANCELLED,True
BLK01376,2026-03-11,SEC_KAL_KAR,JOINT,10:48,13:31,163,214,1,8,37,94,76.2,PARTIAL,True
BLK01377,2026-01-11,SEC_MUM_DAD,S&T,18:44,20:10,86,89,6,0,39,69,96.6,CANCELLED,True
BLK01378,2026-02-24,SEC_DAD_THA,JOINT,08:22,11:24,182,179,2,5,88,61,100.0,CANCELLED,True
BLK01379,2026-02-10,SEC_KHA_LON,Engineering,17:52,20:01,129,186,4,8,20,103,69.4,CANCELLED,True
BLK01380,2026-01-25,SEC_MUM_DAD,S&T,18:43,20:32,109,139,5,3,115,126,78.4,PARTIAL,True
BLK01381,2026-02-12,SEC_KHA_LON,JOINT,18:03,20:17,134,130,5,5,39,9,100.0,COMPLETED,True
BLK01382,2026-03-12,SEC_CHI_SHI,S&T,16:56,19:05,129,162,3,5,72,10,79.6,COMPLETED,True
BLK01383,2026-03-26,SEC_SHI_PUN,S&T,12:54,14:21,87,83,5,1,46,8,100.0,PARTIAL,True
BLK01384,2026-01-12,SEC_TAL_CHI,S&T,10:58,12:04,66,71,3,0,111,50,93.0,PARTIAL,True
BLK01385,2026-02-21,SEC_KAL_KAR,S&T,10:22,13:15,173,197,2,7,57,121,87.8,COMPLETED,True
BLK01386,2026-02-05,SEC_DAD_THA,TRD,10:51,12:48,117,171,1,3,45,136,68.4,PARTIAL,True
BLK01387,2026-01-30,SEC_KAR_KHA,JOINT,17:35,18:49,74,95,1,5,70,8,77.9,PARTIAL,True
BLK01388,2026-01-31,SEC_LON_TAL,JOINT,12:10,14:27,137,194,6,2,57,1,70.6,COMPLETED,True
BLK01389,2026-02-15,SEC_KAL_KAR,JOINT,19:27,20:41,74,100,6,2,99,94,74.0,CANCELLED,True
BLK01390,2026-01-26,SEC_THA_KAL,S&T,11:53,12:57,64,91,2,5,48,61,70.3,PARTIAL,True
BLK01391,2026-02-05,SEC_MUM_DAD,Engineering,06:30,08:28,118,178,6,6,104,11,66.3,PARTIAL,True
BLK01392,2026-01-30,SEC_KHA_LON,Engineering,09:48,11:10,82,126,1,3,33,116,65.1,CANCELLED,True
BLK01393,2026-03-30,SEC_KHA_LON,TRD,10:14,12:05,111,157,2,5,22,21,70.7,CANCELLED,True
BLK01394,2026-03-07,SEC_KHA_LON,Engineering,12:20,14:17,117,117,4,6,66,30,100.0,CANCELLED,True
BLK01395,2026-03-05,SEC_DAD_THA,S&T,18:09,20:50,161,161,2,3,29,7,100.0,CANCELLED,True
BLK01396,2026-01-01,SEC_SHI_PUN,TRD,06:50,09:06,136,177,3,8,0,112,76.8,PARTIAL,True
BLK01397,2026-01-30,SEC_TAL_CHI,TRD,10:03,11:36,93,105,1,1,17,53,88.6,PARTIAL,True
BLK01398,2026-02-11,SEC_MUM_DAD,S&T,06:11,07:49,98,153,5,8,1,86,64.1,CANCELLED,True
BLK01399,2026-01-10,SEC_KAR_KHA,JOINT,16:03,18:34,151,159,6,5,30,3,95.0,COMPLETED,True
BLK01400,2026-03-02,SEC_KHA_LON,JOINT,16:38,18:36,118,169,4,3,16,9,69.8,COMPLETED,True
BLK01401,2026-02-21,SEC_THA_KAL,S&T,16:50,18:16,86,100,3,1,108,114,86.0,COMPLETED,True
BLK01402,2026-02-12,SEC_CHI_SHI,Engineering,07:16,08:18,62,84,2,5,111,2,73.8,PARTIAL,True
BLK01403,2026-01-13,SEC_DAD_THA,Engineering,14:05,16:05,120,136,1,5,106,123,88.2,CANCELLED,True
BLK01404,2026-02-05,SEC_THA_KAL,S&T,12:43,14:56,133,153,3,5,112,35,86.9,CANCELLED,True
BLK01405,2026-01-24,SEC_KAL_KAR,JOINT,09:50,10:39,49,97,5,8,95,85,50.5,COMPLETED,True
BLK01406,2026-01-21,SEC_KAR_KHA,JOINT,14:25,16:28,123,172,2,3,29,7,71.5,CANCELLED,True
BLK01407,2026-03-03,SEC_DAD_THA,TRD,11:34,13:05,91,149,2,8,85,126,61.1,COMPLETED,True
BLK01408,2026-03-07,SEC_KHA_LON,JOINT,14:20,15:24,64,88,5,8,40,48,72.7,COMPLETED,True
BLK01409,2026-03-24,SEC_SHI_PUN,TRD,13:32,15:26,114,161,2,8,40,93,70.8,COMPLETED,True
BLK01410,2026-01-30,SEC_THA_KAL,Engineering,09:57,11:13,76,82,3,7,77,23,92.7,PARTIAL,True
BLK01411,2026-03-12,SEC_LON_TAL,TRD,09:45,11:30,105,119,4,4,21,55,88.2,CANCELLED,True
BLK01412,2026-03-22,SEC_TAL_CHI,S&T,08:50,10:46,116,118,6,4,34,25,98.3,PARTIAL,True
BLK01413,2026-03-25,SEC_KAL_KAR,S&T,13:56,15:34,98,155,3,1,112,71,63.2,CANCELLED,True
BLK01414,2026-02-02,SEC_SHI_PUN,TRD,18:43,19:59,76,85,3,3,66,77,89.4,COMPLETED,True
BLK01415,2026-01-09,SEC_KAL_KAR,JOINT,12:48,15:12,144,170,2,7,41,40,84.7,PARTIAL,True
BLK01416,2026-03-19,SEC_LON_TAL,S&T,06:34,08:16,102,136,6,3,18,48,75.0,COMPLETED,True
BLK01417,2026-01-16,SEC_TAL_CHI,Engineering,09:26,11:01,95,105,4,5,75,79,90.5,PARTIAL,True
BLK01418,2026-02-06,SEC_CHI_SHI,S&T,06:23,08:55,152,168,4,5,77,99,90.5,PARTIAL,True
BLK01419,2026-01-30,SEC_CHI_SHI,JOINT,12:56,13:57,61,58,6,6,33,97,100.0,COMPLETED,True
BLK01420,2026-01-23,SEC_KAL_KAR,TRD,19:03,20:48,105,118,5,8,69,61,89.0,CANCELLED,True
BLK01421,2026-02-20,SEC_TAL_CHI,JOINT,07:24,08:31,67,104,3,6,70,7,64.4,CANCELLED,True
BLK01422,2026-03-06,SEC_KAR_KHA,Engineering,17:36,18:52,76,128,6,6,91,133,59.4,CANCELLED,True
BLK01423,2026-02-20,SEC_SHI_PUN,Engineering,06:06,08:38,152,160,1,3,66,95,95.0,CANCELLED,True
BLK01424,2026-02-03,SEC_THA_KAL,S&T,17:35,20:08,153,200,4,4,26,12,76.5,COMPLETED,True
BLK01425,2026-01-29,SEC_DAD_THA,Engineering,11:18,12:31,73,85,3,8,78,71,85.9,CANCELLED,True
BLK01426,2026-02-04,SEC_MUM_DAD,TRD,09:29,11:42,133,137,5,5,13,83,97.1,CANCELLED,True
BLK01427,2026-01-29,SEC_KHA_LON,JOINT,11:07,12:02,55,105,3,1,3,2,52.4,COMPLETED,True
BLK01428,2026-02-23,SEC_SHI_PUN,TRD,09:10,10:52,102,127,2,2,2,124,80.3,PARTIAL,True
BLK01429,2026-03-01,SEC_KAL_KAR,Engineering,09:31,11:18,107,164,6,6,30,51,65.2,CANCELLED,True
BLK01430,2026-01-10,SEC_MUM_DAD,Engineering,16:41,19:34,173,192,2,7,17,79,90.1,CANCELLED,True
BLK01431,2026-03-02,SEC_KHA_LON,TRD,12:00,14:18,138,176,4,5,92,122,78.4,COMPLETED,True
BLK01432,2026-01-29,SEC_LON_TAL,S&T,13:56,16:49,173,205,5,6,13,142,84.4,COMPLETED,True
BLK01433,2026-01-31,SEC_THA_KAL,TRD,15:27,16:52,85,115,6,0,93,106,73.9,CANCELLED,True
BLK01434,2026-03-23,SEC_TAL_CHI,JOINT,16:06,18:47,161,208,6,1,14,11,77.4,COMPLETED,True
BLK01435,2026-01-28,SEC_TAL_CHI,TRD,10:46,11:39,53,103,6,3,44,27,51.5,CANCELLED,True
BLK01436,2026-01-24,SEC_MUM_DAD,S&T,09:39,12:38,179,217,5,4,18,39,82.5,COMPLETED,True
BLK01437,2026-01-21,SEC_LON_TAL,TRD,07:01,10:06,185,178,5,3,74,117,100.0,COMPLETED,True
BLK01438,2026-02-27,SEC_KAR_KHA,JOINT,08:45,10:30,105,159,3,8,66,119,66.0,CANCELLED,True
BLK01439,2026-03-21,SEC_TAL_CHI,S&T,11:32,13:29,117,172,5,1,3,64,68.0,PARTIAL,True
BLK01440,2026-02-06,SEC_CHI_SHI,S&T,12:19,13:42,83,100,1,8,33,79,83.0,PARTIAL,True
BLK01441,2026-01-17,SEC_KAL_KAR,S&T,14:27,15:44,77,133,4,4,11,130,57.9,CANCELLED,True
BLK01442,2026-02-07,SEC_KAL_KAR,JOINT,07:13,10:08,175,217,2,0,75,95,80.6,PARTIAL,True
BLK01443,2026-02-06,SEC_KAR_KHA,S&T,18:40,20:14,94,154,3,4,50,97,61.0,COMPLETED,True
BLK01444,2026-01-03,SEC_KAL_KAR,Engineering,12:52,14:45,113,112,3,7,45,95,100.0,PARTIAL,True
BLK01445,2026-02-15,SEC_SHI_PUN,S&T,15:06,17:35,149,172,3,8,117,99,86.6,CANCELLED,True
BLK01446,2026-01-09,SEC_THA_KAL,JOINT,14:00,14:45,45,80,6,6,84,46,56.2,COMPLETED,True
BLK01447,2026-02-06,SEC_CHI_SHI,Engineering,16:20,17:23,63,58,3,0,28,148,100.0,PARTIAL,True
BLK01448,2026-03-19,SEC_THA_KAL,S&T,08:13,10:57,164,160,3,1,113,76,100.0,COMPLETED,True
BLK01449,2026-02-24,SEC_KAR_KHA,JOINT,08:32,10:55,143,139,6,6,48,89,100.0,CANCELLED,True
BLK01450,2026-01-14,SEC_TAL_CHI,S&T,09:16,11:23,127,156,5,6,92,58,81.4,PARTIAL,True
BLK01451,2026-01-07,SEC_DAD_THA,TRD,13:47,16:54,187,193,3,7,18,132,96.9,COMPLETED,True
BLK01452,2026-03-05,SEC_KAL_KAR,S&T,08:39,10:48,129,169,6,1,96,82,76.3,CANCELLED,True
BLK01453,2026-02-20,SEC_LON_TAL,JOINT,12:01,13:58,117,116,2,0,65,129,100.0,CANCELLED,True
BLK01454,2026-01-18,SEC_SHI_PUN,S&T,11:27,12:29,62,95,5,5,111,109,65.3,COMPLETED,True
BLK01455,2026-01-10,SEC_KAL_KAR,S&T,15:00,17:30,150,168,2,8,104,83,89.3,CANCELLED,True
BLK01456,2026-01-12,SEC_DAD_THA,S&T,13:16,14:41,85,104,4,5,58,90,81.7,COMPLETED,True
BLK01457,2026-01-15,SEC_MUM_DAD,Engineering,06:15,08:50,155,157,1,5,119,122,98.7,CANCELLED,True
BLK01458,2026-03-25,SEC_KAR_KHA,JOINT,16:21,18:01,100,130,6,6,95,4,76.9,COMPLETED,True
BLK01459,2026-01-23,SEC_THA_KAL,S&T,11:58,14:56,178,182,2,4,25,93,97.8,PARTIAL,True
BLK01460,2026-01-22,SEC_KAL_KAR,S&T,18:11,21:02,171,199,5,6,44,72,85.9,PARTIAL,True
BLK01461,2026-02-05,SEC_LON_TAL,TRD,16:10,18:35,145,141,6,5,63,127,100.0,COMPLETED,True
BLK01462,2026-03-14,SEC_SHI_PUN,Engineering,09:55,11:10,75,135,6,6,99,41,55.6,COMPLETED,True
BLK01463,2026-03-12,SEC_KAR_KHA,Engineering,10:14,11:37,83,110,2,7,107,2,75.5,CANCELLED,True
BLK01464,2026-02-09,SEC_MUM_DAD,S&T,16:54,18:31,97,122,5,1,91,25,79.5,CANCELLED,True
BLK01465,2026-02-17,SEC_THA_KAL,Engineering,09:41,11:32,111,112,6,2,19,29,99.1,CANCELLED,True
BLK01466,2026-02-15,SEC_MUM_DAD,Engineering,12:22,13:37,75,124,1,8,37,7,60.5,COMPLETED,True
BLK01467,2026-03-13,SEC_DAD_THA,JOINT,18:59,20:34,95,119,1,4,20,45,79.8,PARTIAL,True
BLK01468,2026-03-22,SEC_SHI_PUN,TRD,14:31,17:00,149,170,5,1,43,98,87.6,PARTIAL,True
BLK01469,2026-02-17,SEC_MUM_DAD,Engineering,15:04,16:36,92,141,4,6,23,9,65.2,CANCELLED,True
BLK01470,2026-01-05,SEC_KAR_KHA,TRD,06:35,08:34,119,125,6,6,24,39,95.2,CANCELLED,True
BLK01471,2026-03-29,SEC_KAL_KAR,S&T,06:07,08:38,151,144,3,2,47,101,100.0,CANCELLED,True
BLK01472,2026-02-01,SEC_KAL_KAR,Engineering,10:45,12:00,75,121,1,4,41,37,62.0,COMPLETED,True
BLK01473,2026-03-02,SEC_THA_KAL,JOINT,16:02,18:30,148,147,1,6,120,2,100.0,PARTIAL,True
BLK01474,2026-03-01,SEC_KAL_KAR,S&T,07:53,11:00,187,222,4,1,91,49,84.2,PARTIAL,True
BLK01475,2026-03-29,SEC_CHI_SHI,Engineering,09:56,12:06,130,184,6,5,59,24,70.7,PARTIAL,True
BLK01476,2026-03-02,SEC_THA_KAL,Engineering,18:17,20:04,107,116,4,4,116,35,92.2,COMPLETED,True
BLK01477,2026-02-24,SEC_KAR_KHA,S&T,12:19,15:15,176,190,4,7,66,99,92.6,CANCELLED,True
BLK01478,2026-01-22,SEC_KAL_KAR,Engineering,14:03,16:10,127,122,6,0,100,71,100.0,COMPLETED,True
BLK01479,2026-02-10,SEC_KAL_KAR,TRD,07:15,10:03,168,202,6,3,90,26,83.2,PARTIAL,True
BLK01480,2026-02-13,SEC_KAL_KAR,Engineering,09:05,10:03,58,115,3,0,80,45,50.4,CANCELLED,True
BLK01481,2026-03-12,SEC_KHA_LON,JOINT,19:09,20:11,62,75,2,7,9,1,82.7,COMPLETED,True
BLK01482,2026-01-06,SEC_THA_KAL,JOINT,17:09,20:36,207,202,2,3,20,124,100.0,PARTIAL,True
BLK01483,2026-02-03,SEC_CHI_SHI,JOINT,10:26,11:28,62,68,2,0,67,46,91.2,PARTIAL,True
BLK01484,2026-02-09,SEC_MUM_DAD,TRD,07:03,08:46,103,113,1,8,10,38,91.2,COMPLETED,True
BLK01485,2026-02-11,SEC_KAL_KAR,TRD,17:28,19:14,106,114,4,4,91,138,93.0,COMPLETED,True
BLK01486,2026-01-02,SEC_DAD_THA,TRD,07:59,09:50,111,119,2,1,58,36,93.3,CANCELLED,True
BLK01487,2026-03-06,SEC_DAD_THA,JOINT,13:48,14:38,50,73,4,0,105,21,68.5,PARTIAL,True
BLK01488,2026-03-29,SEC_TAL_CHI,TRD,08:26,09:36,70,67,6,2,95,136,100.0,COMPLETED,True
BLK01489,2026-01-26,SEC_TAL_CHI,JOINT,10:06,11:24,78,94,5,5,33,23,83.0,CANCELLED,True
BLK01490,2026-03-19,SEC_LON_TAL,Engineering,18:30,19:43,73,70,5,1,20,92,100.0,CANCELLED,True
BLK01491,2026-03-21,SEC_TAL_CHI,Engineering,14:41,15:41,60,52,4,3,118,16,100.0,CANCELLED,True
BLK01492,2026-01-26,SEC_TAL_CHI,S&T,19:35,21:05,90,114,6,5,24,36,78.9,CANCELLED,True
BLK01493,2026-02-16,SEC_TAL_CHI,Engineering,19:08,20:34,86,81,1,3,117,91,100.0,CANCELLED,True
BLK01494,2026-01-10,SEC_KAL_KAR,Engineering,10:28,12:38,130,186,2,4,15,117,69.9,PARTIAL,True
BLK01495,2026-03-25,SEC_LON_TAL,JOINT,12:23,13:44,81,84,1,5,70,98,96.4,COMPLETED,True
BLK01496,2026-03-03,SEC_KAL_KAR,JOINT,11:02,13:24,142,133,5,2,84,9,100.0,CANCELLED,True
BLK01497,2026-01-01,SEC_MUM_DAD,JOINT,13:58,16:57,179,234,5,1,31,99,76.5,PARTIAL,True
BLK01498,2026-01-23,SEC_CHI_SHI,JOINT,13:38,15:38,120,135,5,7,105,146,88.9,PARTIAL,True
BLK01499,2026-02-19,SEC_CHI_SHI,S&T,11:44,13:43,119,143,6,4,108,80,83.2,COMPLETED,True
BLK01500,2026-03-20,SEC_LON_TAL,JOINT,08:50,11:02,132,146,1,2,12,8,90.4,PARTIAL,True
BLK01501,2026-01-12,SEC_KAL_KAR,TRD,09:04,12:03,179,232,1,6,114,58,77.2,PARTIAL,True
BLK01502,2026-03-31,SEC_SHI_PUN,TRD,08:23,10:18,115,165,5,6,69,50,69.7,PARTIAL,True
BLK01503,2026-01-10,SEC_DAD_THA,JOINT,08:38,10:40,122,146,3,8,33,130,83.6,COMPLETED,True
BLK01504,2026-02-14,SEC_SHI_PUN,Engineering,11:19,14:48,209,238,2,8,70,87,87.8,PARTIAL,True
BLK01505,2026-03-18,SEC_KAL_KAR,S&T,08:38,10:44,126,175,2,4,58,148,72.0,PARTIAL,True
BLK01506,2026-03-07,SEC_DAD_THA,Engineering,14:02,17:23,201,245,1,1,87,42,82.0,PARTIAL,True
BLK01507,2026-03-09,SEC_KHA_LON,Engineering,17:09,18:11,62,82,3,0,60,32,75.6,COMPLETED,True
BLK01508,2026-03-01,SEC_THA_KAL,JOINT,12:27,14:19,112,137,1,7,71,45,81.8,COMPLETED,True
BLK01509,2026-03-13,SEC_KAR_KHA,Engineering,12:17,14:30,133,138,2,2,22,58,96.4,CANCELLED,True
BLK01510,2026-03-21,SEC_KAL_KAR,TRD,17:42,18:47,65,103,6,4,80,72,63.1,CANCELLED,True
BLK01511,2026-03-30,SEC_CHI_SHI,JOINT,13:05,14:20,75,126,1,8,117,82,59.5,PARTIAL,True
BLK01512,2026-02-27,SEC_SHI_PUN,JOINT,17:43,19:51,128,176,4,5,12,83,72.7,PARTIAL,True
BLK01513,2026-01-27,SEC_SHI_PUN,TRD,11:14,12:51,97,137,4,0,87,67,70.8,PARTIAL,True
BLK01514,2026-01-24,SEC_THA_KAL,JOINT,14:07,17:22,195,251,6,6,110,27,77.7,CANCELLED,True
BLK01515,2026-01-19,SEC_TAL_CHI,JOINT,08:17,09:19,62,69,3,8,96,31,89.9,PARTIAL,True
BLK01516,2026-01-21,SEC_KAR_KHA,TRD,15:03,17:15,132,140,4,7,2,83,94.3,COMPLETED,True
BLK01517,2026-02-26,SEC_TAL_CHI,S&T,13:17,16:04,167,171,2,8,103,4,97.7,PARTIAL,True
BLK01518,2026-03-23,SEC_TAL_CHI,S&T,17:37,18:48,71,86,6,5,88,148,82.6,PARTIAL,True
BLK01519,2026-01-19,SEC_TAL_CHI,JOINT,06:43,08:00,77,110,5,4,94,10,70.0,COMPLETED,True
BLK01520,2026-01-21,SEC_MUM_DAD,S&T,12:32,15:06,154,154,4,2,79,32,100.0,CANCELLED,True
BLK01521,2026-02-12,SEC_THA_KAL,S&T,11:51,14:51,180,189,6,3,97,132,95.2,COMPLETED,True
BLK01522,2026-01-03,SEC_KHA_LON,JOINT,13:16,15:57,161,201,6,5,89,28,80.1,PARTIAL,True
BLK01523,2026-01-12,SEC_KAR_KHA,S&T,15:40,17:33,113,149,4,8,27,142,75.8,CANCELLED,True
BLK01524,2026-02-04,SEC_MUM_DAD,S&T,08:06,10:35,149,189,6,3,98,3,78.8,COMPLETED,True
BLK01525,2026-03-19,SEC_SHI_PUN,S&T,08:14,10:57,163,172,6,0,102,65,94.8,COMPLETED,True
BLK01526,2026-03-22,SEC_TAL_CHI,TRD,17:24,18:29,65,87,6,6,2,54,74.7,CANCELLED,True
BLK01527,2026-01-24,SEC_SHI_PUN,Engineering,09:45,11:59,134,155,5,5,102,60,86.5,COMPLETED,True
BLK01528,2026-01-13,SEC_KAR_KHA,JOINT,11:54,12:52,58,52,2,0,36,111,100.0,PARTIAL,True
BLK01529,2026-01-13,SEC_KHA_LON,Engineering,13:18,14:52,94,146,6,2,52,89,64.4,COMPLETED,True
BLK01530,2026-03-04,SEC_THA_KAL,S&T,07:59,10:30,151,192,1,5,51,14,78.6,COMPLETED,True
BLK01531,2026-01-30,SEC_KHA_LON,Engineering,12:34,13:54,80,134,3,7,21,10,59.7,CANCELLED,True
BLK01532,2026-03-07,SEC_SHI_PUN,S&T,14:23,15:27,64,99,5,6,9,78,64.6,PARTIAL,True
BLK01533,2026-01-16,SEC_KAL_KAR,Engineering,12:04,14:33,149,151,6,1,34,48,98.7,COMPLETED,True
BLK01534,2026-03-10,SEC_SHI_PUN,S&T,16:33,17:50,77,98,6,7,50,139,78.6,CANCELLED,True
BLK01535,2026-02-04,SEC_KHA_LON,TRD,06:57,08:56,119,141,1,0,54,29,84.4,CANCELLED,True
BLK01536,2026-01-19,SEC_KAR_KHA,JOINT,18:27,19:37,70,107,4,1,13,45,65.4,CANCELLED,True
BLK01537,2026-02-28,SEC_KAR_KHA,S&T,15:31,17:56,145,182,1,5,1,114,79.7,COMPLETED,True
BLK01538,2026-01-26,SEC_MUM_DAD,Engineering,06:38,08:13,95,128,4,2,32,4,74.2,COMPLETED,True
BLK01539,2026-01-04,SEC_KHA_LON,S&T,11:40,12:53,73,65,6,2,33,131,100.0,CANCELLED,True
BLK01540,2026-01-17,SEC_KAL_KAR,S&T,08:41,10:30,109,130,2,7,52,114,83.8,PARTIAL,True
BLK01541,2026-03-03,SEC_KAL_KAR,S&T,08:21,10:47,146,159,3,5,74,137,91.8,COMPLETED,True
BLK01542,2026-01-07,SEC_THA_KAL,Engineering,16:51,19:24,153,145,4,1,40,11,100.0,PARTIAL,True
BLK01543,2026-02-04,SEC_KHA_LON,JOINT,16:34,17:51,77,134,1,2,21,87,57.5,PARTIAL,True
BLK01544,2026-03-27,SEC_SHI_PUN,TRD,10:47,13:29,162,152,1,1,115,30,100.0,COMPLETED,True
BLK01545,2026-02-28,SEC_KAR_KHA,Engineering,12:41,14:54,133,189,3,4,73,91,70.4,CANCELLED,True
BLK01546,2026-01-26,SEC_LON_TAL,S&T,09:08,12:30,202,232,1,0,61,82,87.1,COMPLETED,True
BLK01547,2026-02-19,SEC_THA_KAL,TRD,14:16,16:48,152,178,4,7,45,133,85.4,CANCELLED,True
BLK01548,2026-02-26,SEC_KAR_KHA,Engineering,16:25,17:40,75,118,1,2,53,42,63.6,PARTIAL,True
BLK01549,2026-01-29,SEC_KAL_KAR,Engineering,10:05,11:46,101,114,6,0,65,117,88.6,COMPLETED,True
BLK01550,2026-01-18,SEC_KAL_KAR,Engineering,09:45,12:30,165,216,6,1,52,16,76.4,COMPLETED,True
BLK01551,2026-03-23,SEC_DAD_THA,S&T,16:38,19:00,142,184,2,3,104,38,77.2,CANCELLED,True
BLK01552,2026-01-03,SEC_KHA_LON,TRD,07:15,09:30,135,181,1,7,45,4,74.6,COMPLETED,True
BLK01553,2026-01-05,SEC_KAR_KHA,S&T,18:13,19:55,102,136,6,3,86,82,75.0,CANCELLED,True
BLK01554,2026-03-17,SEC_KHA_LON,Engineering,13:42,16:55,193,186,1,3,51,129,100.0,CANCELLED,True
BLK01555,2026-01-02,SEC_SHI_PUN,TRD,17:59,20:31,152,210,1,0,90,25,72.4,CANCELLED,True
BLK01556,2026-01-31,SEC_LON_TAL,TRD,12:33,14:40,127,120,2,8,57,14,100.0,COMPLETED,True
BLK01557,2026-02-07,SEC_SHI_PUN,TRD,09:44,12:27,163,153,3,1,119,63,100.0,COMPLETED,True
BLK01558,2026-01-28,SEC_TAL_CHI,S&T,13:30,15:57,147,177,3,8,16,20,83.1,COMPLETED,True
BLK01559,2026-03-05,SEC_DAD_THA,JOINT,13:56,16:08,132,147,3,1,18,146,89.8,CANCELLED,True
BLK01560,2026-02-14,SEC_THA_KAL,Engineering,07:30,09:06,96,102,6,2,79,28,94.1,CANCELLED,True
BLK01561,2026-01-24,SEC_SHI_PUN,S&T,12:47,15:03,136,190,3,2,114,68,71.6,PARTIAL,True
BLK01562,2026-01-07,SEC_DAD_THA,S&T,14:53,16:51,118,119,1,5,50,87,99.2,PARTIAL,True
BLK01563,2026-02-21,SEC_KAL_KAR,JOINT,09:19,10:16,57,62,6,5,106,129,91.9,CANCELLED,True
BLK01564,2026-01-14,SEC_SHI_PUN,S&T,10:49,13:17,148,172,5,3,113,61,86.0,COMPLETED,True
BLK01565,2026-03-01,SEC_DAD_THA,TRD,13:50,17:16,206,224,6,8,9,47,92.0,PARTIAL,True
BLK01566,2026-02-11,SEC_MUM_DAD,JOINT,14:07,15:33,86,119,4,2,36,75,72.3,CANCELLED,True
BLK01567,2026-01-16,SEC_CHI_SHI,JOINT,16:40,17:58,78,94,4,3,26,27,83.0,COMPLETED,True
BLK01568,2026-03-23,SEC_LON_TAL,JOINT,10:49,12:13,84,98,2,0,45,119,85.7,PARTIAL,True
BLK01569,2026-02-21,SEC_KAL_KAR,JOINT,16:08,16:54,46,61,5,4,42,67,75.4,PARTIAL,True
BLK01570,2026-03-31,SEC_KAR_KHA,JOINT,16:51,19:07,136,180,1,7,104,47,75.6,PARTIAL,True
BLK01571,2026-01-11,SEC_KAR_KHA,TRD,11:40,12:58,78,138,6,7,40,53,56.5,CANCELLED,True
BLK01572,2026-02-12,SEC_CHI_SHI,Engineering,15:02,15:49,47,55,4,8,12,55,85.5,PARTIAL,True
BLK01573,2026-03-13,SEC_CHI_SHI,JOINT,08:17,09:32,75,77,5,0,55,129,97.4,PARTIAL,True
BLK01574,2026-03-24,SEC_LON_TAL,Engineering,11:19,12:22,63,73,4,2,45,146,86.3,COMPLETED,True
BLK01575,2026-03-20,SEC_THA_KAL,TRD,09:31,11:00,89,94,1,7,77,48,94.7,COMPLETED,True
BLK01576,2026-02-18,SEC_SHI_PUN,S&T,13:03,14:43,100,134,6,4,73,56,74.6,CANCELLED,True
BLK01577,2026-02-28,SEC_DAD_THA,Engineering,12:22,14:09,107,97,6,5,17,72,100.0,CANCELLED,True
BLK01578,2026-02-19,SEC_KAL_KAR,JOINT,08:14,10:40,146,167,5,2,49,54,87.4,COMPLETED,True
BLK01579,2026-03-23,SEC_KAL_KAR,JOINT,07:28,10:28,180,192,1,3,77,83,93.8,CANCELLED,True
BLK01580,2026-02-04,SEC_CHI_SHI,JOINT,16:21,19:14,173,170,3,5,92,117,100.0,PARTIAL,True
BLK01581,2026-01-18,SEC_KAR_KHA,JOINT,09:43,10:46,63,101,2,1,55,102,62.4,COMPLETED,True
BLK01582,2026-02-08,SEC_THA_KAL,Engineering,12:16,13:50,94,138,4,4,13,32,68.1,CANCELLED,True
BLK01583,2026-02-10,SEC_CHI_SHI,S&T,14:25,16:03,98,89,4,5,10,128,100.0,PARTIAL,True
BLK01584,2026-03-03,SEC_KAL_KAR,S&T,18:11,19:29,78,105,1,6,3,13,74.3,CANCELLED,True
BLK01585,2026-03-24,SEC_KAR_KHA,JOINT,10:36,11:54,78,76,2,1,111,6,100.0,CANCELLED,True
BLK01586,2026-03-27,SEC_LON_TAL,JOINT,11:11,13:14,123,133,3,8,119,137,92.5,COMPLETED,True
BLK01587,2026-03-07,SEC_SHI_PUN,TRD,06:57,09:17,140,158,5,0,19,108,88.6,CANCELLED,True
BLK01588,2026-02-05,SEC_KAL_KAR,S&T,07:18,09:47,149,207,1,1,84,82,72.0,COMPLETED,True
BLK01589,2026-02-08,SEC_KAR_KHA,Engineering,06:05,07:49,104,114,1,0,95,51,91.2,PARTIAL,True
BLK01590,2026-01-15,SEC_TAL_CHI,JOINT,16:41,18:39,118,137,1,8,85,95,86.1,PARTIAL,True
BLK01591,2026-01-31,SEC_LON_TAL,S&T,08:41,10:42,121,144,3,8,31,54,84.0,PARTIAL,True
BLK01592,2026-02-14,SEC_KAR_KHA,Engineering,12:19,14:34,135,182,2,0,103,107,74.2,CANCELLED,True
BLK01593,2026-01-23,SEC_DAD_THA,S&T,08:37,10:38,121,139,4,0,61,10,87.1,CANCELLED,True
BLK01594,2026-03-29,SEC_DAD_THA,S&T,06:51,08:31,100,127,1,6,75,12,78.7,PARTIAL,True
BLK01595,2026-03-04,SEC_MUM_DAD,Engineering,11:23,14:02,159,161,6,6,74,109,98.8,COMPLETED,True
BLK01596,2026-02-13,SEC_KAL_KAR,Engineering,06:32,07:56,84,111,3,6,31,129,75.7,PARTIAL,True
BLK01597,2026-02-02,SEC_THA_KAL,Engineering,13:58,16:40,162,177,4,1,44,26,91.5,PARTIAL,True
BLK01598,2026-03-29,SEC_SHI_PUN,S&T,09:50,12:41,171,218,4,0,33,9,78.4,CANCELLED,True
BLK01599,2026-01-09,SEC_MUM_DAD,TRD,11:09,12:59,110,110,6,2,90,7,100.0,COMPLETED,True
BLK01600,2026-03-23,SEC_DAD_THA,JOINT,11:02,13:53,171,217,1,5,97,110,78.8,CANCELLED,True
BLK01601,2026-01-30,SEC_LON_TAL,S&T,14:28,16:55,147,151,1,3,111,88,97.4,PARTIAL,True
BLK01602,2026-02-17,SEC_KHA_LON,S&T,17:22,18:22,60,51,4,7,73,128,100.0,PARTIAL,True
BLK01603,2026-01-02,SEC_KAL_KAR,Engineering,08:36,10:27,111,101,5,7,43,76,100.0,COMPLETED,True
BLK01604,2026-03-17,SEC_DAD_THA,Engineering,12:31,15:16,165,183,3,5,118,96,90.2,PARTIAL,True
BLK01605,2026-03-21,SEC_KAR_KHA,S&T,18:06,19:53,107,129,3,4,93,28,82.9,PARTIAL,True
BLK01606,2026-03-14,SEC_THA_KAL,TRD,18:47,20:45,118,128,5,8,73,116,92.2,PARTIAL,True
BLK01607,2026-01-13,SEC_THA_KAL,S&T,15:07,17:26,139,198,6,7,21,144,70.2,COMPLETED,True
BLK01608,2026-01-24,SEC_TAL_CHI,JOINT,13:44,16:42,178,179,5,2,52,112,99.4,CANCELLED,True
BLK01609,2026-01-30,SEC_THA_KAL,S&T,09:14,11:54,160,219,6,8,60,45,73.1,COMPLETED,True
BLK01610,2026-02-02,SEC_DAD_THA,Engineering,06:20,07:20,60,82,6,0,18,125,73.2,CANCELLED,True
BLK01611,2026-03-31,SEC_KHA_LON,TRD,07:58,08:58,60,78,4,2,9,132,76.9,COMPLETED,True
BLK01612,2026-01-25,SEC_KHA_LON,S&T,06:33,08:37,124,162,3,1,36,65,76.5,CANCELLED,True
BLK01613,2026-01-21,SEC_TAL_CHI,S&T,13:24,16:04,160,169,6,4,71,71,94.7,COMPLETED,True
BLK01614,2026-03-19,SEC_KAR_KHA,JOINT,13:40,16:41,181,233,1,8,87,66,77.7,PARTIAL,True
BLK01615,2026-01-24,SEC_KAR_KHA,S&T,13:06,13:57,51,95,5,7,113,101,53.7,CANCELLED,True
BLK01616,2026-03-09,SEC_KAL_KAR,JOINT,15:55,18:53,178,225,1,8,98,130,79.1,COMPLETED,True
BLK01617,2026-02-20,SEC_KHA_LON,TRD,08:44,09:35,51,72,1,2,36,145,70.8,CANCELLED,True
BLK01618,2026-03-07,SEC_SHI_PUN,JOINT,16:15,19:11,176,191,5,0,5,47,92.1,PARTIAL,True
BLK01619,2026-02-27,SEC_THA_KAL,TRD,10:31,11:58,87,90,6,6,54,107,96.7,CANCELLED,True
BLK01620,2026-02-11,SEC_DAD_THA,Engineering,13:48,15:25,97,151,3,7,14,116,64.2,PARTIAL,True
BLK01621,2026-02-03,SEC_SHI_PUN,S&T,06:52,08:37,105,156,2,8,98,68,67.3,CANCELLED,True
BLK01622,2026-03-19,SEC_THA_KAL,S&T,10:38,13:45,187,179,2,4,68,66,100.0,PARTIAL,True
BLK01623,2026-01-28,SEC_KAR_KHA,JOINT,15:13,16:32,79,104,5,8,26,58,76.0,CANCELLED,True
BLK01624,2026-02-09,SEC_TAL_CHI,TRD,06:59,09:40,161,220,5,7,86,10,73.2,PARTIAL,True
BLK01625,2026-03-12,SEC_KAR_KHA,S&T,08:42,09:40,58,104,2,5,87,127,55.8,CANCELLED,True
BLK01626,2026-02-20,SEC_LON_TAL,S&T,08:51,10:28,97,108,4,7,61,79,89.8,PARTIAL,True
BLK01627,2026-02-19,SEC_CHI_SHI,Engineering,07:23,08:54,91,142,2,4,20,112,64.1,PARTIAL,True
BLK01628,2026-02-13,SEC_THA_KAL,Engineering,19:40,20:39,59,117,6,5,81,80,50.4,CANCELLED,True
BLK01629,2026-01-12,SEC_KHA_LON,S&T,07:43,10:29,166,202,6,4,111,2,82.2,CANCELLED,True
BLK01630,2026-01-18,SEC_MUM_DAD,Engineering,15:24,17:43,139,136,4,0,48,126,100.0,CANCELLED,True
BLK01631,2026-01-03,SEC_TAL_CHI,S&T,15:32,17:21,109,122,2,1,72,17,89.3,COMPLETED,True
BLK01632,2026-03-13,SEC_MUM_DAD,JOINT,17:11,19:02,111,156,4,2,104,16,71.2,PARTIAL,True
BLK01633,2026-02-18,SEC_TAL_CHI,S&T,18:19,20:47,148,199,3,2,23,119,74.4,COMPLETED,True
BLK01634,2026-03-20,SEC_LON_TAL,JOINT,15:13,18:34,201,191,6,0,75,47,100.0,PARTIAL,True
BLK01635,2026-02-07,SEC_TAL_CHI,JOINT,12:03,14:24,141,171,1,7,63,29,82.5,PARTIAL,True
BLK01636,2026-03-05,SEC_KAR_KHA,S&T,07:13,08:22,69,108,3,0,24,60,63.9,COMPLETED,True
BLK01637,2026-03-30,SEC_SHI_PUN,JOINT,09:47,11:43,116,161,5,8,91,150,72.0,PARTIAL,True
BLK01638,2026-02-16,SEC_KAL_KAR,S&T,12:07,15:02,175,184,4,1,108,34,95.1,PARTIAL,True
BLK01639,2026-01-02,SEC_KAL_KAR,Engineering,06:58,08:20,82,138,3,5,51,49,59.4,PARTIAL,True
BLK01640,2026-01-26,SEC_LON_TAL,TRD,15:58,17:59,121,140,1,8,17,17,86.4,CANCELLED,True
BLK01641,2026-02-20,SEC_DAD_THA,Engineering,17:21,19:12,111,112,2,8,26,43,99.1,COMPLETED,True
BLK01642,2026-02-25,SEC_SHI_PUN,JOINT,16:55,18:26,91,130,6,2,78,127,70.0,COMPLETED,True
BLK01643,2026-02-11,SEC_DAD_THA,S&T,08:02,10:20,138,139,1,2,116,145,99.3,COMPLETED,True
BLK01644,2026-03-25,SEC_KAL_KAR,S&T,17:49,20:16,147,157,3,3,64,56,93.6,CANCELLED,True
BLK01645,2026-01-16,SEC_LON_TAL,S&T,07:20,08:06,46,104,3,5,14,85,44.2,COMPLETED,True
BLK01646,2026-02-09,SEC_THA_KAL,S&T,10:46,13:24,158,212,1,7,108,44,74.5,COMPLETED,True
BLK01647,2026-03-21,SEC_KHA_LON,TRD,19:36,21:28,112,111,4,3,28,148,100.0,COMPLETED,True
BLK01648,2026-03-04,SEC_LON_TAL,Engineering,09:10,11:53,163,167,4,8,61,15,97.6,CANCELLED,True
BLK01649,2026-01-28,SEC_TAL_CHI,Engineering,14:52,15:51,59,94,5,2,61,68,62.8,COMPLETED,True
BLK01650,2026-02-08,SEC_KHA_LON,Engineering,16:40,19:35,175,165,4,6,99,30,100.0,PARTIAL,True
BLK01651,2026-01-05,SEC_CHI_SHI,JOINT,12:07,14:30,143,191,5,0,106,94,74.9,COMPLETED,True
BLK01652,2026-03-13,SEC_LON_TAL,JOINT,09:16,10:21,65,100,5,4,86,30,65.0,PARTIAL,True
BLK01653,2026-03-10,SEC_DAD_THA,TRD,09:05,12:09,184,197,2,7,101,50,93.4,PARTIAL,True
BLK01654,2026-03-16,SEC_KHA_LON,Engineering,11:21,12:42,81,96,6,5,69,65,84.4,PARTIAL,True
BLK01655,2026-02-28,SEC_CHI_SHI,JOINT,15:17,18:29,192,215,5,4,48,136,89.3,COMPLETED,True
BLK01656,2026-03-23,SEC_THA_KAL,S&T,07:02,09:49,167,213,3,2,90,45,78.4,PARTIAL,True
BLK01657,2026-02-07,SEC_THA_KAL,Engineering,12:19,14:11,112,138,2,3,104,9,81.2,COMPLETED,True
BLK01658,2026-02-01,SEC_THA_KAL,TRD,06:58,08:51,113,129,2,4,92,115,87.6,PARTIAL,True
BLK01659,2026-01-03,SEC_SHI_PUN,TRD,12:17,13:49,92,122,1,5,50,61,75.4,CANCELLED,True
BLK01660,2026-03-26,SEC_LON_TAL,JOINT,13:24,14:29,65,114,3,8,99,6,57.0,COMPLETED,True
BLK01661,2026-01-03,SEC_KAL_KAR,JOINT,16:46,18:44,118,146,1,5,24,37,80.8,PARTIAL,True
BLK01662,2026-01-31,SEC_TAL_CHI,JOINT,13:56,15:44,108,117,2,5,68,42,92.3,COMPLETED,True
BLK01663,2026-02-06,SEC_KHA_LON,TRD,11:14,14:12,178,228,3,4,21,135,78.1,PARTIAL,True
BLK01664,2026-03-04,SEC_KAL_KAR,TRD,13:13,15:53,160,184,4,3,25,137,87.0,PARTIAL,True
BLK01665,2026-02-06,SEC_THA_KAL,JOINT,11:13,12:36,83,113,6,1,38,53,73.5,PARTIAL,True
BLK01666,2026-01-21,SEC_KAL_KAR,S&T,13:37,17:02,205,224,3,3,65,75,91.5,CANCELLED,True
BLK01667,2026-02-22,SEC_KAR_KHA,JOINT,16:56,18:14,78,73,3,8,31,148,100.0,PARTIAL,True
BLK01668,2026-01-13,SEC_SHI_PUN,TRD,13:43,16:01,138,161,3,7,52,89,85.7,CANCELLED,True
BLK01669,2026-03-31,SEC_DAD_THA,Engineering,08:49,10:28,99,138,5,2,94,38,71.7,COMPLETED,True
BLK01670,2026-03-21,SEC_KHA_LON,S&T,10:21,11:39,78,94,3,2,11,140,83.0,COMPLETED,True
BLK01671,2026-03-12,SEC_DAD_THA,JOINT,09:00,11:56,176,233,6,4,69,53,75.5,COMPLETED,True
BLK01672,2026-01-05,SEC_THA_KAL,S&T,06:38,08:37,119,122,1,5,55,0,97.5,COMPLETED,True
BLK01673,2026-02-20,SEC_SHI_PUN,JOINT,16:56,18:50,114,122,5,0,38,146,93.4,PARTIAL,True
BLK01674,2026-01-31,SEC_SHI_PUN,JOINT,18:36,20:01,85,119,1,3,114,85,71.4,PARTIAL,True
BLK01675,2026-03-01,SEC_TAL_CHI,S&T,07:44,09:08,84,113,3,1,49,150,74.3,CANCELLED,True
BLK01676,2026-02-14,SEC_KAL_KAR,JOINT,12:38,15:44,186,237,2,8,87,33,78.5,COMPLETED,True
BLK01677,2026-01-17,SEC_KAR_KHA,S&T,13:10,14:56,106,145,4,5,77,76,73.1,CANCELLED,True
BLK01678,2026-03-31,SEC_SHI_PUN,Engineering,07:22,09:03,101,119,5,1,69,70,84.9,PARTIAL,True
BLK01679,2026-03-22,SEC_KAL_KAR,Engineering,08:40,11:25,165,225,6,3,78,51,73.3,CANCELLED,True
BLK01680,2026-01-23,SEC_KAL_KAR,JOINT,10:45,13:06,141,136,5,6,79,4,100.0,CANCELLED,True
BLK01681,2026-03-23,SEC_KHA_LON,JOINT,13:31,15:42,131,186,4,3,117,69,70.4,CANCELLED,True
BLK01682,2026-03-21,SEC_SHI_PUN,Engineering,11:25,13:43,138,139,6,7,22,103,99.3,COMPLETED,True
BLK01683,2026-03-17,SEC_MUM_DAD,Engineering,06:02,09:13,191,229,6,6,50,123,83.4,PARTIAL,True
BLK01684,2026-02-10,SEC_KAR_KHA,JOINT,08:03,10:48,165,203,4,7,43,15,81.3,COMPLETED,True
BLK01685,2026-03-09,SEC_THA_KAL,Engineering,07:24,09:44,140,172,1,0,19,56,81.4,COMPLETED,True
BLK01686,2026-01-29,SEC_KAL_KAR,TRD,10:15,12:01,106,125,5,2,55,107,84.8,PARTIAL,True
BLK01687,2026-01-06,SEC_KAR_KHA,S&T,13:46,15:55,129,138,3,2,56,50,93.5,COMPLETED,True
BLK01688,2026-01-18,SEC_KAR_KHA,TRD,06:01,07:27,86,120,2,6,12,8,71.7,COMPLETED,True
BLK01689,2026-03-20,SEC_KAR_KHA,TRD,14:44,16:28,104,150,5,8,76,17,69.3,COMPLETED,True
BLK01690,2026-02-25,SEC_SHI_PUN,TRD,06:19,08:54,155,180,3,6,3,84,86.1,CANCELLED,True
BLK01691,2026-01-22,SEC_TAL_CHI,TRD,09:27,11:19,112,123,5,3,26,18,91.1,COMPLETED,True
BLK01692,2026-01-04,SEC_KAL_KAR,JOINT,15:10,17:39,149,196,1,4,94,73,76.0,COMPLETED,True
BLK01693,2026-03-27,SEC_TAL_CHI,Engineering,15:03,18:01,178,185,6,7,52,108,96.2,COMPLETED,True
BLK01694,2026-01-05,SEC_MUM_DAD,TRD,11:50,13:36,106,119,5,2,102,101,89.1,COMPLETED,True
BLK01695,2026-02-07,SEC_CHI_SHI,JOINT,11:40,13:49,129,148,4,5,6,98,87.2,COMPLETED,True
BLK01696,2026-03-24,SEC_MUM_DAD,TRD,15:49,18:27,158,194,3,4,33,63,81.4,CANCELLED,True
BLK01697,2026-01-20,SEC_SHI_PUN,JOINT,09:03,10:24,81,102,2,5,2,142,79.4,CANCELLED,True
BLK01698,2026-02-10,SEC_THA_KAL,TRD,14:14,15:19,65,68,3,8,113,93,95.6,CANCELLED,True
BLK01699,2026-02-02,SEC_CHI_SHI,TRD,19:39,21:17,98,155,1,8,81,93,63.2,PARTIAL,True
BLK01700,2026-03-22,SEC_KAR_KHA,Engineering,16:25,18:11,106,123,5,0,68,54,86.2,COMPLETED,True
BLK01701,2026-02-14,SEC_DAD_THA,S&T,10:07,11:57,110,102,1,5,65,17,100.0,CANCELLED,True
BLK01702,2026-03-08,SEC_MUM_DAD,TRD,09:29,10:36,67,119,1,5,93,63,56.3,CANCELLED,True
BLK01703,2026-03-19,SEC_SHI_PUN,JOINT,17:46,19:49,123,127,4,8,16,20,96.9,PARTIAL,True
BLK01704,2026-02-04,SEC_THA_KAL,TRD,09:47,12:05,138,185,3,0,63,108,74.6,PARTIAL,True
BLK01705,2026-01-24,SEC_DAD_THA,TRD,12:18,15:02,164,219,1,8,63,86,74.9,PARTIAL,True
BLK01706,2026-01-28,SEC_TAL_CHI,S&T,08:24,11:02,158,156,6,0,49,143,100.0,PARTIAL,True
BLK01707,2026-01-10,SEC_TAL_CHI,Engineering,14:33,17:22,169,163,5,6,106,14,100.0,CANCELLED,True
BLK01708,2026-01-10,SEC_TAL_CHI,Engineering,11:52,14:28,156,214,1,1,68,61,72.9,CANCELLED,True
BLK01709,2026-02-28,SEC_KAL_KAR,JOINT,12:53,14:13,80,119,5,6,115,19,67.2,COMPLETED,True
BLK01710,2026-01-28,SEC_KAL_KAR,JOINT,14:45,15:53,68,82,3,2,46,121,82.9,CANCELLED,True
BLK01711,2026-02-26,SEC_DAD_THA,S&T,13:09,14:14,65,74,5,4,108,4,87.8,COMPLETED,True
BLK01712,2026-02-20,SEC_DAD_THA,Engineering,07:49,10:46,177,168,6,1,25,66,100.0,CANCELLED,True
BLK01713,2026-02-02,SEC_SHI_PUN,JOINT,12:10,13:31,81,83,3,1,83,18,97.6,COMPLETED,True
BLK01714,2026-02-18,SEC_THA_KAL,JOINT,12:19,13:21,62,81,1,3,40,49,76.5,CANCELLED,True
BLK01715,2026-01-11,SEC_DAD_THA,Engineering,06:30,07:58,88,102,3,2,7,133,86.3,CANCELLED,True
BLK01716,2026-03-20,SEC_KHA_LON,Engineering,11:47,14:16,149,194,4,1,91,95,76.8,COMPLETED,True
BLK01717,2026-03-06,SEC_KAR_KHA,S&T,07:22,10:43,201,259,2,1,37,8,77.6,COMPLETED,True
BLK01718,2026-03-20,SEC_CHI_SHI,JOINT,10:41,12:48,127,172,4,7,98,13,73.8,PARTIAL,True
BLK01719,2026-01-12,SEC_TAL_CHI,S&T,16:36,19:25,169,180,4,8,91,93,93.9,COMPLETED,True
BLK01720,2026-03-17,SEC_KHA_LON,TRD,10:19,12:58,159,190,5,1,16,27,83.7,PARTIAL,True
BLK01721,2026-02-21,SEC_KAR_KHA,TRD,16:26,17:59,93,92,6,4,52,116,100.0,PARTIAL,True
BLK01722,2026-03-13,SEC_MUM_DAD,Engineering,15:22,17:16,114,171,1,7,46,104,66.7,CANCELLED,True
BLK01723,2026-03-15,SEC_TAL_CHI,TRD,09:00,10:10,70,111,1,7,74,128,63.1,PARTIAL,True
BLK01724,2026-03-23,SEC_THA_KAL,TRD,08:54,10:26,92,145,2,8,37,128,63.4,CANCELLED,True
BLK01725,2026-03-24,SEC_KAR_KHA,JOINT,09:00,10:35,95,128,4,3,28,86,74.2,COMPLETED,True
BLK01726,2026-02-18,SEC_SHI_PUN,Engineering,15:32,18:10,158,170,1,8,50,150,92.9,PARTIAL,True
BLK01727,2026-03-03,SEC_LON_TAL,S&T,08:50,10:59,129,142,6,0,8,120,90.8,CANCELLED,True
BLK01728,2026-03-22,SEC_TAL_CHI,Engineering,16:40,17:59,79,111,5,1,62,93,71.2,COMPLETED,True
BLK01729,2026-03-03,SEC_TAL_CHI,JOINT,16:13,18:00,107,115,6,6,6,0,93.0,CANCELLED,True
BLK01730,2026-03-31,SEC_KAR_KHA,TRD,06:53,08:32,99,106,2,0,112,106,93.4,PARTIAL,True
BLK01731,2026-03-18,SEC_TAL_CHI,S&T,12:26,14:06,100,108,4,6,66,62,92.6,PARTIAL,True
BLK01732,2026-03-28,SEC_KAR_KHA,S&T,08:01,09:54,113,161,4,4,88,68,70.2,CANCELLED,True
BLK01733,2026-02-20,SEC_KHA_LON,S&T,17:42,19:16,94,137,6,6,85,140,68.6,CANCELLED,True
BLK01734,2026-02-01,SEC_KAR_KHA,TRD,06:54,09:38,164,174,2,7,0,93,94.3,CANCELLED,True
BLK01735,2026-02-27,SEC_KAR_KHA,Engineering,11:11,14:15,184,242,6,3,35,131,76.0,CANCELLED,True
BLK01736,2026-02-24,SEC_KAR_KHA,TRD,07:21,09:37,136,127,6,1,93,122,100.0,COMPLETED,True
BLK01737,2026-01-11,SEC_LON_TAL,JOINT,14:20,16:11,111,131,3,8,57,54,84.7,CANCELLED,True
BLK01738,2026-01-23,SEC_SHI_PUN,TRD,15:37,18:14,157,153,6,4,92,142,100.0,PARTIAL,True
BLK01739,2026-02-24,SEC_KHA_LON,Engineering,10:34,12:42,128,155,6,7,5,19,82.6,COMPLETED,True
BLK01740,2026-02-05,SEC_DAD_THA,TRD,14:30,17:20,170,191,6,3,71,31,89.0,PARTIAL,True
BLK01741,2026-02-19,SEC_KAL_KAR,Engineering,06:43,09:42,179,183,4,4,44,71,97.8,PARTIAL,True
BLK01742,2026-03-27,SEC_THA_KAL,TRD,12:01,13:48,107,114,3,0,89,97,93.9,COMPLETED,True
BLK01743,2026-03-21,SEC_KHA_LON,JOINT,19:24,20:16,52,50,1,2,88,92,100.0,PARTIAL,True
BLK01744,2026-03-08,SEC_LON_TAL,TRD,07:10,09:20,130,176,1,8,29,34,73.9,COMPLETED,True
BLK01745,2026-02-19,SEC_LON_TAL,TRD,09:57,13:07,190,242,4,7,29,109,78.5,CANCELLED,True
BLK01746,2026-01-31,SEC_MUM_DAD,Engineering,13:38,16:14,156,154,4,7,109,27,100.0,CANCELLED,True
BLK01747,2026-02-03,SEC_KAR_KHA,TRD,15:24,17:40,136,131,2,6,120,108,100.0,COMPLETED,True
BLK01748,2026-02-03,SEC_CHI_SHI,Engineering,12:04,14:15,131,163,5,6,79,11,80.4,PARTIAL,True
BLK01749,2026-01-25,SEC_KAL_KAR,JOINT,09:38,11:56,138,178,5,3,65,125,77.5,PARTIAL,True
BLK01750,2026-02-11,SEC_LON_TAL,S&T,10:19,12:08,109,109,3,6,117,36,100.0,COMPLETED,True
BLK01751,2026-01-06,SEC_TAL_CHI,JOINT,11:34,14:00,146,188,6,0,2,133,77.7,PARTIAL,True
BLK01752,2026-02-14,SEC_KAR_KHA,Engineering,14:51,16:15,84,75,2,4,75,101,100.0,PARTIAL,True
BLK01753,2026-01-02,SEC_MUM_DAD,S&T,08:31,09:52,81,76,4,2,119,133,100.0,COMPLETED,True
BLK01754,2026-01-10,SEC_THA_KAL,TRD,15:10,17:03,113,161,6,4,40,116,70.2,CANCELLED,True
BLK01755,2026-02-15,SEC_KAL_KAR,JOINT,18:41,20:28,107,149,4,0,6,29,71.8,COMPLETED,True
BLK01756,2026-01-09,SEC_CHI_SHI,S&T,09:08,11:40,152,161,6,7,30,59,94.4,COMPLETED,True
BLK01757,2026-01-29,SEC_DAD_THA,TRD,14:13,15:55,102,113,3,7,35,26,90.3,COMPLETED,True
BLK01758,2026-01-04,SEC_LON_TAL,TRD,13:15,16:43,208,208,5,3,34,9,100.0,CANCELLED,True
BLK01759,2026-01-03,SEC_LON_TAL,JOINT,06:14,07:10,56,88,2,6,25,68,63.6,CANCELLED,True
BLK01760,2026-03-12,SEC_KAR_KHA,JOINT,13:52,16:39,167,168,1,0,105,128,99.4,PARTIAL,True
BLK01761,2026-03-25,SEC_SHI_PUN,TRD,17:16,18:51,95,146,6,1,107,111,65.1,PARTIAL,True
BLK01762,2026-01-31,SEC_THA_KAL,JOINT,07:14,09:45,151,196,4,6,66,140,77.0,CANCELLED,True
BLK01763,2026-01-20,SEC_KAL_KAR,TRD,12:40,14:11,91,88,5,8,115,25,100.0,PARTIAL,True
BLK01764,2026-03-23,SEC_LON_TAL,TRD,14:56,16:15,79,135,4,4,1,113,58.5,PARTIAL,True
BLK01765,2026-02-22,SEC_SHI_PUN,Engineering,17:36,19:02,86,115,4,0,3,62,74.8,PARTIAL,True
BLK01766,2026-01-02,SEC_THA_KAL,TRD,15:49,17:32,103,147,6,3,15,67,70.1,PARTIAL,True
BLK01767,2026-02-06,SEC_KHA_LON,TRD,11:25,14:16,171,191,3,4,98,117,89.5,COMPLETED,True
BLK01768,2026-02-11,SEC_MUM_DAD,Engineering,13:14,15:52,158,180,5,2,61,116,87.8,COMPLETED,True
BLK01769,2026-01-14,SEC_CHI_SHI,Engineering,18:16,20:15,119,155,2,7,1,150,76.8,PARTIAL,True
BLK01770,2026-03-08,SEC_THA_KAL,JOINT,08:01,10:21,140,157,3,1,95,37,89.2,PARTIAL,True
BLK01771,2026-01-20,SEC_LON_TAL,TRD,13:04,15:39,155,205,4,3,101,118,75.6,CANCELLED,True
BLK01772,2026-01-12,SEC_KHA_LON,TRD,06:58,09:24,146,163,4,3,27,131,89.6,COMPLETED,True
BLK01773,2026-03-12,SEC_DAD_THA,S&T,08:12,11:02,170,217,6,4,43,92,78.3,PARTIAL,True
BLK01774,2026-01-12,SEC_DAD_THA,JOINT,14:57,16:34,97,98,2,8,75,109,99.0,COMPLETED,True
BLK01775,2026-02-28,SEC_THA_KAL,S&T,12:41,14:34,113,151,2,8,100,114,74.8,PARTIAL,True
BLK01776,2026-03-30,SEC_KHA_LON,S&T,06:59,09:15,136,147,3,8,60,32,92.5,CANCELLED,True
BLK01777,2026-01-12,SEC_KHA_LON,Engineering,18:55,20:48,113,145,3,6,17,26,77.9,PARTIAL,True
BLK01778,2026-02-09,SEC_SHI_PUN,TRD,11:54,15:04,190,223,3,3,61,18,85.2,CANCELLED,True
BLK01779,2026-01-06,SEC_SHI_PUN,Engineering,11:26,12:13,47,54,5,5,95,107,87.0,PARTIAL,True
BLK01780,2026-01-22,SEC_KHA_LON,S&T,06:50,08:43,113,149,6,3,63,103,75.8,COMPLETED,True
BLK01781,2026-01-19,SEC_TAL_CHI,Engineering,10:56,14:21,205,262,1,2,65,12,78.2,PARTIAL,True
BLK01782,2026-02-09,SEC_KHA_LON,JOINT,12:35,14:17,102,121,3,0,102,76,84.3,CANCELLED,True
BLK01783,2026-01-28,SEC_MUM_DAD,S&T,12:15,14:32,137,147,5,7,9,105,93.2,COMPLETED,True
BLK01784,2026-03-27,SEC_DAD_THA,JOINT,11:32,13:27,115,148,1,6,69,43,77.7,COMPLETED,True
BLK01785,2026-01-20,SEC_KAL_KAR,TRD,13:48,14:37,49,82,6,1,40,143,59.8,PARTIAL,True
BLK01786,2026-03-23,SEC_SHI_PUN,Engineering,11:50,15:15,205,234,5,6,85,141,87.6,PARTIAL,True
BLK01787,2026-01-06,SEC_DAD_THA,JOINT,10:03,11:10,67,102,2,5,29,53,65.7,CANCELLED,True
BLK01788,2026-02-16,SEC_DAD_THA,Engineering,09:01,10:29,88,102,5,7,113,85,86.3,PARTIAL,True
BLK01789,2026-03-09,SEC_KAR_KHA,TRD,07:57,10:21,144,139,3,3,51,28,100.0,CANCELLED,True
BLK01790,2026-01-25,SEC_MUM_DAD,Engineering,17:49,20:13,144,174,3,6,71,26,82.8,PARTIAL,True
BLK01791,2026-03-21,SEC_THA_KAL,Engineering,08:36,10:29,113,151,6,4,58,100,74.8,COMPLETED,True
BLK01792,2026-01-02,SEC_TAL_CHI,TRD,06:56,08:27,91,91,6,3,7,75,100.0,CANCELLED,True
BLK01793,2026-02-12,SEC_THA_KAL,TRD,16:51,19:50,179,189,4,7,87,60,94.7,PARTIAL,True
BLK01794,2026-02-02,SEC_KAR_KHA,Engineering,15:26,17:46,140,137,4,2,105,109,100.0,PARTIAL,True
BLK01795,2026-03-11,SEC_MUM_DAD,JOINT,08:06,10:31,145,170,2,0,53,110,85.3,COMPLETED,True
BLK01796,2026-01-18,SEC_CHI_SHI,JOINT,07:07,07:57,50,79,5,1,58,84,63.3,COMPLETED,True
BLK01797,2026-03-24,SEC_CHI_SHI,S&T,10:32,13:35,183,200,6,1,46,101,91.5,CANCELLED,True
BLK01798,2026-03-04,SEC_DAD_THA,S&T,08:27,09:27,60,79,2,7,42,49,75.9,PARTIAL,True
BLK01799,2026-02-15,SEC_CHI_SHI,JOINT,07:16,09:06,110,133,6,7,87,123,82.7,COMPLETED,True
BLK01800,2026-02-11,SEC_TAL_CHI,TRD,17:03,18:55,112,166,6,4,119,136,67.5,CANCELLED,True
BLK01801,2026-03-24,SEC_SHI_PUN,JOINT,09:53,11:00,67,90,6,1,54,24,74.4,CANCELLED,True
BLK01802,2026-02-19,SEC_TAL_CHI,TRD,06:49,08:26,97,146,6,7,6,82,66.4,PARTIAL,True
BLK01803,2026-01-09,SEC_CHI_SHI,S&T,13:36,14:34,58,75,6,6,11,55,77.3,CANCELLED,True
BLK01804,2026-03-05,SEC_CHI_SHI,Engineering,15:58,18:31,153,149,1,1,77,109,100.0,COMPLETED,True
BLK01805,2026-01-05,SEC_KAL_KAR,TRD,10:15,12:36,141,131,2,6,35,100,100.0,CANCELLED,True
BLK01806,2026-03-30,SEC_MUM_DAD,TRD,08:13,10:08,115,151,3,8,15,40,76.2,PARTIAL,True
BLK01807,2026-03-27,SEC_KAL_KAR,S&T,10:29,11:59,90,100,5,2,13,143,90.0,PARTIAL,True
BLK01808,2026-02-28,SEC_TAL_CHI,JOINT,10:23,11:36,73,81,2,1,114,41,90.1,CANCELLED,True
BLK01809,2026-03-15,SEC_KHA_LON,JOINT,15:13,17:18,125,167,6,3,69,107,74.9,COMPLETED,True
BLK01810,2026-03-18,SEC_SHI_PUN,Engineering,14:33,16:35,122,128,2,2,6,103,95.3,PARTIAL,True
BLK01811,2026-02-03,SEC_KHA_LON,JOINT,07:25,10:40,195,238,6,3,92,145,81.9,COMPLETED,True
BLK01812,2026-02-10,SEC_THA_KAL,S&T,06:51,09:12,141,181,4,4,97,63,77.9,PARTIAL,True
BLK01813,2026-03-27,SEC_DAD_THA,TRD,13:35,16:35,180,187,1,3,100,107,96.3,PARTIAL,True
BLK01814,2026-02-01,SEC_KHA_LON,TRD,11:29,14:29,180,216,4,6,37,69,83.3,COMPLETED,True
BLK01815,2026-02-20,SEC_DAD_THA,S&T,14:26,15:59,93,148,3,0,45,136,62.8,COMPLETED,True
BLK01816,2026-03-17,SEC_KAL_KAR,TRD,11:05,14:11,186,196,5,3,10,42,94.9,CANCELLED,True
BLK01817,2026-03-18,SEC_KAL_KAR,TRD,15:10,16:15,65,84,1,3,96,83,77.4,PARTIAL,True
BLK01818,2026-02-06,SEC_SHI_PUN,TRD,11:33,13:33,120,124,4,6,73,143,96.8,CANCELLED,True
BLK01819,2026-02-04,SEC_DAD_THA,Engineering,18:29,20:42,133,189,4,1,66,10,70.4,PARTIAL,True
BLK01820,2026-02-27,SEC_TAL_CHI,JOINT,11:35,14:33,178,177,5,8,87,122,100.0,PARTIAL,True
BLK01821,2026-03-19,SEC_DAD_THA,Engineering,18:04,18:50,46,96,1,3,89,67,47.9,PARTIAL,True
BLK01822,2026-02-06,SEC_CHI_SHI,Engineering,08:52,11:35,163,165,6,5,46,111,98.8,PARTIAL,True
BLK01823,2026-01-11,SEC_THA_KAL,TRD,18:24,19:45,81,107,3,0,46,29,75.7,CANCELLED,True
BLK01824,2026-02-04,SEC_CHI_SHI,TRD,13:47,16:12,145,170,2,1,69,97,85.3,COMPLETED,True
BLK01825,2026-02-15,SEC_DAD_THA,S&T,10:43,13:56,193,224,1,3,91,4,86.2,PARTIAL,True
BLK01826,2026-01-06,SEC_THA_KAL,S&T,10:20,12:45,145,135,6,5,74,134,100.0,COMPLETED,True
BLK01827,2026-02-14,SEC_TAL_CHI,JOINT,14:59,16:53,114,111,4,8,57,12,100.0,PARTIAL,True
BLK01828,2026-01-29,SEC_KAL_KAR,TRD,16:23,17:12,49,73,5,1,12,142,67.1,PARTIAL,True
BLK01829,2026-01-30,SEC_TAL_CHI,Engineering,06:18,08:22,124,163,4,8,116,37,76.1,CANCELLED,True
BLK01830,2026-03-09,SEC_THA_KAL,Engineering,15:10,17:03,113,115,2,2,113,135,98.3,PARTIAL,True
BLK01831,2026-03-29,SEC_TAL_CHI,JOINT,11:11,12:43,92,106,4,1,6,147,86.8,PARTIAL,True
BLK01832,2026-03-28,SEC_KHA_LON,S&T,08:30,09:57,87,129,6,0,83,65,67.4,PARTIAL,True
BLK01833,2026-02-16,SEC_TAL_CHI,S&T,09:43,11:11,88,115,5,5,91,14,76.5,CANCELLED,True
BLK01834,2026-01-29,SEC_MUM_DAD,JOINT,09:51,12:12,141,185,4,5,10,33,76.2,CANCELLED,True
BLK01835,2026-03-20,SEC_MUM_DAD,TRD,12:27,14:38,131,148,2,5,13,87,88.5,CANCELLED,True
BLK01836,2026-01-04,SEC_LON_TAL,JOINT,09:30,11:08,98,142,1,2,62,27,69.0,PARTIAL,True
BLK01837,2026-03-08,SEC_CHI_SHI,JOINT,09:38,11:52,134,151,2,4,63,15,88.7,CANCELLED,True
BLK01838,2026-01-05,SEC_DAD_THA,Engineering,14:12,16:52,160,169,2,4,31,105,94.7,CANCELLED,True
BLK01839,2026-03-31,SEC_LON_TAL,Engineering,13:49,14:35,46,69,5,8,51,20,66.7,COMPLETED,True
BLK01840,2026-03-24,SEC_CHI_SHI,Engineering,06:42,08:26,104,151,1,1,60,35,68.9,PARTIAL,True
BLK01841,2026-02-17,SEC_DAD_THA,JOINT,11:28,13:56,148,208,6,6,53,104,71.2,CANCELLED,True
BLK01842,2026-01-20,SEC_KHA_LON,S&T,10:59,13:34,155,171,3,5,46,105,90.6,COMPLETED,True
BLK01843,2026-03-21,SEC_KAR_KHA,S&T,08:27,10:30,123,142,3,6,61,130,86.6,CANCELLED,True
BLK01844,2026-03-26,SEC_THA_KAL,JOINT,10:56,12:09,73,90,6,4,62,149,81.1,PARTIAL,True
BLK01845,2026-03-17,SEC_CHI_SHI,TRD,16:11,17:22,71,129,4,0,36,5,55.0,PARTIAL,True
BLK01846,2026-01-19,SEC_CHI_SHI,JOINT,10:05,12:06,121,117,2,6,26,47,100.0,PARTIAL,True
BLK01847,2026-02-05,SEC_THA_KAL,S&T,09:39,12:47,188,245,1,7,24,41,76.7,COMPLETED,True
BLK01848,2026-02-17,SEC_THA_KAL,JOINT,15:47,17:20,93,103,1,8,55,40,90.3,CANCELLED,True
BLK01849,2026-02-01,SEC_LON_TAL,Engineering,14:18,16:51,153,170,3,8,44,76,90.0,COMPLETED,True
BLK01850,2026-03-05,SEC_SHI_PUN,S&T,14:43,16:13,90,131,1,7,89,146,68.7,COMPLETED,True
BLK01851,2026-03-06,SEC_SHI_PUN,TRD,10:00,11:53,113,137,1,5,100,82,82.5,COMPLETED,True
BLK01852,2026-01-19,SEC_DAD_THA,JOINT,13:25,14:48,83,73,3,2,77,69,100.0,COMPLETED,True
BLK01853,2026-02-18,SEC_CHI_SHI,TRD,17:45,19:47,122,121,5,2,66,63,100.0,CANCELLED,True
BLK01854,2026-03-21,SEC_SHI_PUN,S&T,13:43,16:15,152,163,6,3,96,112,93.3,PARTIAL,True
BLK01855,2026-02-01,SEC_DAD_THA,S&T,11:18,14:17,179,219,3,0,20,123,81.7,PARTIAL,True
BLK01856,2026-02-07,SEC_KAR_KHA,JOINT,17:31,19:09,98,93,3,6,5,36,100.0,PARTIAL,True
BLK01857,2026-01-02,SEC_MUM_DAD,JOINT,07:58,09:30,92,111,3,1,107,57,82.9,PARTIAL,True
BLK01858,2026-02-21,SEC_SHI_PUN,S&T,16:33,19:22,169,226,3,7,51,66,74.8,PARTIAL,True
BLK01859,2026-03-26,SEC_KAL_KAR,Engineering,09:07,11:29,142,177,1,5,46,104,80.2,COMPLETED,True
BLK01860,2026-01-10,SEC_KAL_KAR,Engineering,07:37,10:20,163,201,5,8,28,28,81.1,CANCELLED,True
BLK01861,2026-03-15,SEC_CHI_SHI,S&T,08:48,11:38,170,173,6,8,120,66,98.3,COMPLETED,True
BLK01862,2026-03-30,SEC_DAD_THA,Engineering,09:49,11:15,86,120,2,6,25,82,71.7,PARTIAL,True
BLK01863,2026-01-24,SEC_CHI_SHI,S&T,10:32,12:32,120,118,4,8,105,63,100.0,PARTIAL,True
BLK01864,2026-01-04,SEC_TAL_CHI,TRD,07:26,09:49,143,184,6,8,102,111,77.7,COMPLETED,True
BLK01865,2026-02-25,SEC_LON_TAL,S&T,09:42,12:36,174,175,1,1,83,50,99.4,PARTIAL,True
BLK01866,2026-03-20,SEC_SHI_PUN,S&T,10:11,11:50,99,158,1,1,89,119,62.7,PARTIAL,True
BLK01867,2026-02-08,SEC_MUM_DAD,Engineering,19:49,21:27,98,92,6,4,30,9,100.0,PARTIAL,True
BLK01868,2026-02-13,SEC_CHI_SHI,JOINT,16:46,19:03,137,174,4,6,96,129,78.7,PARTIAL,True
BLK01869,2026-03-28,SEC_LON_TAL,S&T,08:34,10:02,88,141,5,2,100,100,62.4,CANCELLED,True
BLK01870,2026-03-13,SEC_LON_TAL,Engineering,14:45,15:57,72,131,4,6,66,70,55.0,CANCELLED,True
BLK01871,2026-01-19,SEC_CHI_SHI,TRD,18:59,20:40,101,122,2,0,20,135,82.8,COMPLETED,True
BLK01872,2026-02-03,SEC_KAR_KHA,S&T,12:34,15:00,146,204,3,2,80,137,71.6,CANCELLED,True
BLK01873,2026-03-27,SEC_THA_KAL,TRD,16:45,18:47,122,146,6,1,0,19,83.6,COMPLETED,True
BLK01874,2026-03-25,SEC_KHA_LON,JOINT,10:49,12:00,71,111,3,8,98,40,64.0,PARTIAL,True
BLK01875,2026-02-26,SEC_MUM_DAD,Engineering,06:18,07:52,94,130,6,1,102,10,72.3,PARTIAL,True
BLK01876,2026-03-26,SEC_CHI_SHI,TRD,10:32,12:56,144,146,4,7,35,132,98.6,PARTIAL,True
BLK01877,2026-01-11,SEC_THA_KAL,TRD,17:54,18:53,59,118,5,4,48,5,50.0,COMPLETED,True
BLK01878,2026-03-08,SEC_CHI_SHI,Engineering,14:55,17:43,168,196,3,8,105,110,85.7,COMPLETED,True
BLK01879,2026-01-19,SEC_SHI_PUN,S&T,12:49,14:15,86,100,2,0,105,23,86.0,COMPLETED,True
BLK01880,2026-01-07,SEC_KAL_KAR,Engineering,10:40,12:55,135,182,2,2,74,109,74.2,PARTIAL,True
BLK01881,2026-01-02,SEC_SHI_PUN,S&T,07:10,08:05,55,67,6,8,59,101,82.1,CANCELLED,True
BLK01882,2026-03-24,SEC_MUM_DAD,JOINT,17:12,19:34,142,147,3,7,94,107,96.6,PARTIAL,True
BLK01883,2026-03-24,SEC_KAR_KHA,JOINT,08:37,11:36,179,178,2,8,42,74,100.0,COMPLETED,True
BLK01884,2026-03-14,SEC_KHA_LON,Engineering,18:18,20:09,111,138,1,5,43,40,80.4,COMPLETED,True
BLK01885,2026-02-09,SEC_KHA_LON,Engineering,18:59,20:31,92,135,4,4,35,2,68.1,COMPLETED,True
BLK01886,2026-03-25,SEC_MUM_DAD,Engineering,12:04,13:54,110,105,4,7,88,17,100.0,PARTIAL,True
BLK01887,2026-03-24,SEC_SHI_PUN,JOINT,16:47,18:19,92,144,2,1,48,32,63.9,COMPLETED,True
BLK01888,2026-02-07,SEC_MUM_DAD,S&T,14:08,16:59,171,198,5,7,11,111,86.4,PARTIAL,True
BLK01889,2026-01-08,SEC_LON_TAL,S&T,18:19,20:58,159,217,3,8,28,82,73.3,COMPLETED,True
BLK01890,2026-01-10,SEC_KHA_LON,JOINT,09:28,11:37,129,156,2,8,2,109,82.7,COMPLETED,True
BLK01891,2026-03-12,SEC_DAD_THA,JOINT,11:18,12:23,65,103,2,2,37,37,63.1,CANCELLED,True
BLK01892,2026-02-22,SEC_TAL_CHI,S&T,18:10,20:25,135,182,3,7,53,150,74.2,PARTIAL,True
BLK01893,2026-02-01,SEC_MUM_DAD,Engineering,08:29,10:39,130,161,5,2,79,134,80.7,PARTIAL,True
BLK01894,2026-02-07,SEC_DAD_THA,Engineering,15:12,17:14,122,169,5,1,111,82,72.2,CANCELLED,True
BLK01895,2026-02-11,SEC_KAR_KHA,Engineering,12:14,13:14,60,65,1,5,47,9,92.3,COMPLETED,True
BLK01896,2026-02-17,SEC_LON_TAL,S&T,06:49,09:00,131,134,5,4,73,91,97.8,PARTIAL,True
BLK01897,2026-03-03,SEC_KAR_KHA,TRD,12:22,15:37,195,246,4,4,3,27,79.3,CANCELLED,True
BLK01898,2026-02-02,SEC_TAL_CHI,S&T,11:14,14:08,174,204,3,0,2,116,85.3,COMPLETED,True
BLK01899,2026-01-26,SEC_DAD_THA,TRD,10:27,12:04,97,140,2,4,111,77,69.3,COMPLETED,True
BLK01900,2026-01-17,SEC_KAR_KHA,TRD,12:19,13:21,62,109,6,1,28,35,56.9,CANCELLED,True
BLK01901,2026-02-04,SEC_KHA_LON,S&T,13:14,15:08,114,172,3,4,16,99,66.3,PARTIAL,True
BLK01902,2026-01-05,SEC_KAL_KAR,Engineering,11:05,14:03,178,228,2,5,118,82,78.1,CANCELLED,True
BLK01903,2026-01-07,SEC_KAL_KAR,S&T,13:21,15:08,107,131,6,8,9,71,81.7,COMPLETED,True
BLK01904,2026-03-13,SEC_TAL_CHI,Engineering,13:02,14:26,84,102,5,2,9,141,82.4,COMPLETED,True
BLK01905,2026-01-18,SEC_KHA_LON,TRD,06:26,09:47,201,246,4,3,106,129,81.7,PARTIAL,True
BLK01906,2026-03-13,SEC_THA_KAL,S&T,19:13,20:25,72,73,2,0,78,36,98.6,CANCELLED,True
BLK01907,2026-03-20,SEC_DAD_THA,JOINT,11:35,13:28,113,141,2,0,10,110,80.1,COMPLETED,True
BLK01908,2026-02-05,SEC_LON_TAL,TRD,18:09,20:00,111,135,3,7,80,29,82.2,PARTIAL,True
BLK01909,2026-03-31,SEC_TAL_CHI,S&T,09:33,12:21,168,206,3,0,62,27,81.6,COMPLETED,True
BLK01910,2026-01-10,SEC_MUM_DAD,S&T,10:56,12:58,122,147,5,0,109,147,83.0,PARTIAL,True
BLK01911,2026-03-13,SEC_KAL_KAR,TRD,06:07,07:33,86,93,6,1,84,139,92.5,PARTIAL,True
BLK01912,2026-03-14,SEC_MUM_DAD,Engineering,07:16,08:05,49,107,4,1,72,129,45.8,PARTIAL,True
BLK01913,2026-02-12,SEC_LON_TAL,TRD,15:14,18:14,180,209,4,6,112,96,86.1,PARTIAL,True
BLK01914,2026-02-14,SEC_CHI_SHI,Engineering,10:49,13:08,139,135,4,8,86,66,100.0,CANCELLED,True
BLK01915,2026-01-31,SEC_LON_TAL,JOINT,13:31,16:25,174,185,3,2,110,13,94.1,CANCELLED,True
BLK01916,2026-01-17,SEC_LON_TAL,JOINT,13:01,15:55,174,201,4,8,78,108,86.6,COMPLETED,True
BLK01917,2026-02-26,SEC_TAL_CHI,TRD,07:57,10:26,149,199,3,6,55,77,74.9,CANCELLED,True
BLK01918,2026-01-03,SEC_SHI_PUN,S&T,17:25,19:55,150,160,6,6,102,137,93.8,PARTIAL,True
BLK01919,2026-01-05,SEC_CHI_SHI,Engineering,17:16,20:44,208,244,3,2,5,33,85.2,PARTIAL,True
BLK01920,2026-02-03,SEC_SHI_PUN,Engineering,12:00,14:36,156,209,6,4,63,25,74.6,PARTIAL,True
BLK01921,2026-02-24,SEC_KAL_KAR,S&T,12:52,14:28,96,153,1,7,34,19,62.7,CANCELLED,True
BLK01922,2026-02-13,SEC_SHI_PUN,S&T,07:10,09:19,129,160,4,7,54,127,80.6,COMPLETED,True
BLK01923,2026-03-18,SEC_SHI_PUN,S&T,13:36,16:24,168,190,1,0,39,35,88.4,PARTIAL,True
BLK01924,2026-01-23,SEC_CHI_SHI,TRD,07:19,09:26,127,152,3,4,52,34,83.6,COMPLETED,True
BLK01925,2026-01-04,SEC_KAL_KAR,TRD,06:24,07:43,79,76,3,1,53,9,100.0,CANCELLED,True
BLK01926,2026-01-19,SEC_KAL_KAR,TRD,11:59,12:57,58,62,5,5,25,4,93.5,COMPLETED,True
BLK01927,2026-03-06,SEC_MUM_DAD,JOINT,19:06,20:45,99,127,2,5,117,21,78.0,PARTIAL,True
BLK01928,2026-03-19,SEC_SHI_PUN,JOINT,07:02,08:40,98,123,1,6,79,142,79.7,PARTIAL,True
BLK01929,2026-01-07,SEC_DAD_THA,S&T,17:56,21:11,195,236,5,4,93,126,82.6,COMPLETED,True
BLK01930,2026-01-17,SEC_SHI_PUN,Engineering,15:42,16:38,56,91,4,8,74,12,61.5,COMPLETED,True
BLK01931,2026-02-09,SEC_DAD_THA,TRD,06:51,08:32,101,154,6,1,102,9,65.6,CANCELLED,True
BLK01932,2026-02-26,SEC_DAD_THA,JOINT,19:06,20:15,69,115,2,4,76,92,60.0,COMPLETED,True
BLK01933,2026-02-08,SEC_MUM_DAD,S&T,13:31,15:16,105,150,5,3,74,65,70.0,COMPLETED,True
BLK01934,2026-01-21,SEC_CHI_SHI,TRD,19:23,20:29,66,102,1,6,98,76,64.7,CANCELLED,True
BLK01935,2026-01-15,SEC_MUM_DAD,Engineering,12:57,14:53,116,134,1,7,105,52,86.6,COMPLETED,True
BLK01936,2026-01-05,SEC_CHI_SHI,JOINT,10:02,13:31,209,245,5,6,8,38,85.3,PARTIAL,True
BLK01937,2026-03-05,SEC_MUM_DAD,S&T,13:56,16:53,177,191,2,5,34,78,92.7,COMPLETED,True
BLK01938,2026-03-10,SEC_KHA_LON,Engineering,17:15,18:59,104,104,3,7,31,115,100.0,PARTIAL,True
BLK01939,2026-02-19,SEC_THA_KAL,TRD,17:34,21:00,206,242,5,1,19,40,85.1,COMPLETED,True
BLK01940,2026-01-24,SEC_TAL_CHI,JOINT,18:59,20:26,87,124,4,7,84,139,70.2,COMPLETED,True
BLK01941,2026-02-17,SEC_LON_TAL,JOINT,08:16,09:54,98,95,1,0,42,130,100.0,CANCELLED,True
BLK01942,2026-03-16,SEC_MUM_DAD,JOINT,14:06,15:32,86,122,5,6,51,86,70.5,PARTIAL,True
BLK01943,2026-02-02,SEC_LON_TAL,Engineering,12:55,14:05,70,87,3,6,90,3,80.5,CANCELLED,True
BLK01944,2026-02-15,SEC_CHI_SHI,JOINT,06:54,08:02,68,58,5,6,109,54,100.0,COMPLETED,True
BLK01945,2026-02-11,SEC_MUM_DAD,TRD,11:50,13:18,88,137,3,8,32,110,64.2,COMPLETED,True
BLK01946,2026-03-31,SEC_KAR_KHA,Engineering,11:08,12:00,52,49,2,7,52,77,100.0,CANCELLED,True
BLK01947,2026-02-26,SEC_MUM_DAD,Engineering,13:42,16:30,168,216,2,8,54,95,77.8,CANCELLED,True
BLK01948,2026-01-08,SEC_CHI_SHI,S&T,15:17,17:33,136,131,1,3,91,98,100.0,PARTIAL,True
BLK01949,2026-01-08,SEC_DAD_THA,S&T,19:26,20:47,81,104,2,3,23,25,77.9,COMPLETED,True
BLK01950,2026-03-18,SEC_CHI_SHI,JOINT,17:58,19:59,121,137,5,0,47,144,88.3,CANCELLED,True
BLK01951,2026-01-03,SEC_KHA_LON,TRD,17:26,18:33,67,57,3,8,46,100,100.0,PARTIAL,True
BLK01952,2026-02-20,SEC_TAL_CHI,S&T,15:44,18:16,152,185,1,3,110,27,82.2,PARTIAL,True
BLK01953,2026-02-15,SEC_CHI_SHI,S&T,18:44,20:50,126,131,6,3,72,111,96.2,COMPLETED,True
BLK01954,2026-03-28,SEC_CHI_SHI,TRD,15:50,18:38,168,158,1,1,99,7,100.0,CANCELLED,True
BLK01955,2026-03-04,SEC_MUM_DAD,JOINT,14:53,16:12,79,104,1,5,96,107,76.0,COMPLETED,True
BLK01956,2026-01-06,SEC_KAL_KAR,TRD,10:30,13:48,198,219,2,7,119,52,90.4,CANCELLED,True
BLK01957,2026-03-10,SEC_SHI_PUN,TRD,14:37,15:42,65,101,4,4,82,30,64.4,CANCELLED,True
BLK01958,2026-02-09,SEC_KAL_KAR,Engineering,17:59,19:42,103,107,5,4,4,95,96.3,COMPLETED,True
BLK01959,2026-03-14,SEC_SHI_PUN,Engineering,06:42,07:43,61,85,4,1,111,119,71.8,COMPLETED,True
BLK01960,2026-01-31,SEC_TAL_CHI,S&T,06:23,09:38,195,188,3,5,1,39,100.0,COMPLETED,True
BLK01961,2026-01-17,SEC_LON_TAL,TRD,06:07,07:50,103,120,6,1,59,5,85.8,COMPLETED,True
BLK01962,2026-03-06,SEC_DAD_THA,TRD,06:15,07:31,76,120,6,3,19,115,63.3,COMPLETED,True
BLK01963,2026-02-28,SEC_LON_TAL,Engineering,07:39,09:27,108,100,3,3,10,78,100.0,PARTIAL,True
BLK01964,2026-02-25,SEC_DAD_THA,TRD,12:56,15:59,183,180,3,7,97,47,100.0,COMPLETED,True
BLK01965,2026-02-05,SEC_DAD_THA,S&T,14:25,16:20,115,117,4,7,18,0,98.3,PARTIAL,True
BLK01966,2026-03-05,SEC_LON_TAL,TRD,12:36,14:16,100,90,3,5,54,77,100.0,PARTIAL,True
BLK01967,2026-02-10,SEC_MUM_DAD,S&T,16:15,18:59,164,209,6,8,102,80,78.5,COMPLETED,True
BLK01968,2026-03-15,SEC_KAL_KAR,JOINT,14:30,16:34,124,164,6,1,23,143,75.6,CANCELLED,True
BLK01969,2026-02-13,SEC_CHI_SHI,S&T,15:31,16:57,86,85,2,5,92,52,100.0,COMPLETED,True
BLK01970,2026-01-10,SEC_KAR_KHA,TRD,17:59,20:17,138,175,6,4,116,56,78.9,PARTIAL,True
BLK01971,2026-01-15,SEC_SHI_PUN,S&T,14:04,15:34,90,132,1,4,78,7,68.2,PARTIAL,True
BLK01972,2026-03-07,SEC_CHI_SHI,Engineering,06:01,09:12,191,186,5,3,51,60,100.0,CANCELLED,True
BLK01973,2026-02-25,SEC_THA_KAL,JOINT,15:03,17:31,148,190,1,3,87,11,77.9,COMPLETED,True
BLK01974,2026-02-18,SEC_THA_KAL,TRD,16:25,18:35,130,174,6,7,56,8,74.7,COMPLETED,True
BLK01975,2026-01-24,SEC_CHI_SHI,JOINT,11:16,13:36,140,148,2,4,81,0,94.6,PARTIAL,True
BLK01976,2026-01-22,SEC_TAL_CHI,Engineering,10:07,11:41,94,93,6,7,63,105,100.0,COMPLETED,True
BLK01977,2026-03-23,SEC_CHI_SHI,Engineering,07:00,08:19,79,138,2,0,9,90,57.2,PARTIAL,True
BLK01978,2026-03-12,SEC_SHI_PUN,Engineering,10:32,12:32,120,143,6,4,83,34,83.9,CANCELLED,True
BLK01979,2026-03-31,SEC_MUM_DAD,S&T,08:07,11:11,184,236,2,6,22,25,78.0,COMPLETED,True
BLK01980,2026-01-04,SEC_TAL_CHI,JOINT,16:51,18:57,126,164,6,2,24,71,76.8,COMPLETED,True
BLK01981,2026-01-13,SEC_THA_KAL,S&T,16:22,19:26,184,198,1,6,15,90,92.9,COMPLETED,True
BLK01982,2026-01-09,SEC_KHA_LON,TRD,13:08,15:13,125,123,1,1,113,43,100.0,COMPLETED,True
BLK01983,2026-02-21,SEC_CHI_SHI,TRD,12:22,13:10,48,96,2,5,21,87,50.0,CANCELLED,True
BLK01984,2026-01-20,SEC_KHA_LON,JOINT,17:35,19:34,119,123,6,3,5,136,96.7,CANCELLED,True
BLK01985,2026-01-09,SEC_TAL_CHI,TRD,06:52,08:59,127,135,5,5,111,79,94.1,COMPLETED,True
BLK01986,2026-03-15,SEC_SHI_PUN,TRD,09:50,11:29,99,140,4,4,79,61,70.7,CANCELLED,True
BLK01987,2026-03-29,SEC_DAD_THA,JOINT,15:58,16:47,49,100,5,8,77,18,49.0,PARTIAL,True
BLK01988,2026-02-06,SEC_MUM_DAD,TRD,14:13,15:48,95,102,5,3,1,115,93.1,PARTIAL,True
BLK01989,2026-01-13,SEC_KAR_KHA,TRD,09:08,11:28,140,141,2,8,102,49,99.3,COMPLETED,True
BLK01990,2026-01-03,SEC_SHI_PUN,Engineering,06:06,09:03,177,194,1,6,96,95,91.2,PARTIAL,True
BLK01991,2026-03-24,SEC_KAR_KHA,Engineering,08:00,09:27,87,97,6,2,118,4,89.7,COMPLETED,True
BLK01992,2026-03-05,SEC_KAL_KAR,Engineering,06:58,09:24,146,141,4,8,7,37,100.0,CANCELLED,True
BLK01993,2026-02-18,SEC_TAL_CHI,JOINT,18:07,21:01,174,197,2,0,11,71,88.3,PARTIAL,True
BLK01994,2026-03-27,SEC_CHI_SHI,TRD,14:41,17:01,140,198,2,1,6,50,70.7,CANCELLED,True
BLK01995,2026-02-06,SEC_DAD_THA,JOINT,15:17,18:17,180,231,6,1,49,17,77.9,CANCELLED,True
BLK01996,2026-02-11,SEC_THA_KAL,S&T,09:09,11:18,129,176,4,1,20,70,73.3,COMPLETED,True
BLK01997,2026-02-11,SEC_LON_TAL,TRD,17:55,21:03,188,230,5,6,77,90,81.7,PARTIAL,True
BLK01998,2026-02-12,SEC_CHI_SHI,JOINT,11:35,13:39,124,158,4,8,74,91,78.5,CANCELLED,True
BLK01999,2026-03-12,SEC_MUM_DAD,TRD,15:52,19:07,195,208,3,1,25,16,93.8,CANCELLED,True
BLK02000,2026-01-02,SEC_CHI_SHI,S&T,13:38,15:22,104,97,3,7,55,55,100.0,PARTIAL,True
BLK02001,2026-03-17,SEC_KAL_KAR,TRD,14:00,15:27,87,94,4,5,29,105,92.6,CANCELLED,True
BLK02002,2026-01-19,SEC_SHI_PUN,JOINT,11:24,13:42,138,190,4,1,61,81,72.6,CANCELLED,True
BLK02003,2026-01-23,SEC_SHI_PUN,Engineering,06:14,07:34,80,132,5,8,99,6,60.6,CANCELLED,True
BLK02004,2026-01-13,SEC_SHI_PUN,TRD,16:05,18:33,148,168,5,3,33,13,88.1,PARTIAL,True
BLK02005,2026-01-04,SEC_KAL_KAR,JOINT,06:26,08:06,100,115,6,7,69,16,87.0,COMPLETED,True
BLK02006,2026-03-03,SEC_CHI_SHI,JOINT,15:43,18:13,150,162,2,6,28,95,92.6,COMPLETED,True
BLK02007,2026-03-11,SEC_SHI_PUN,Engineering,15:32,16:23,51,96,4,3,80,17,53.1,COMPLETED,True
BLK02008,2026-03-06,SEC_TAL_CHI,TRD,08:59,11:56,177,175,2,0,61,44,100.0,CANCELLED,True
BLK02009,2026-03-05,SEC_CHI_SHI,TRD,17:00,17:48,48,48,3,4,99,37,100.0,PARTIAL,True
BLK02010,2026-03-08,SEC_LON_TAL,TRD,18:29,19:27,58,76,3,3,57,51,76.3,PARTIAL,True
BLK02011,2026-03-15,SEC_KHA_LON,S&T,15:19,18:09,170,182,5,8,43,143,93.4,PARTIAL,True
BLK02012,2026-03-13,SEC_MUM_DAD,Engineering,08:29,11:30,181,171,5,4,8,136,100.0,CANCELLED,True
BLK02013,2026-03-23,SEC_MUM_DAD,Engineering,10:11,13:05,174,232,4,0,86,131,75.0,CANCELLED,True
BLK02014,2026-02-09,SEC_SHI_PUN,S&T,12:13,15:20,187,245,6,2,56,54,76.3,CANCELLED,True
BLK02015,2026-03-20,SEC_LON_TAL,Engineering,12:31,15:37,186,222,4,3,57,148,83.8,PARTIAL,True
BLK02016,2026-02-20,SEC_DAD_THA,JOINT,06:19,07:28,69,66,1,0,20,33,100.0,COMPLETED,True
BLK02017,2026-02-07,SEC_TAL_CHI,TRD,11:43,14:02,139,172,3,0,75,93,80.8,COMPLETED,True
BLK02018,2026-03-26,SEC_KAR_KHA,S&T,15:09,16:20,71,78,5,6,62,42,91.0,PARTIAL,True
BLK02019,2026-03-17,SEC_MUM_DAD,Engineering,17:14,18:44,90,144,4,4,5,81,62.5,PARTIAL,True
BLK02020,2026-03-12,SEC_KAL_KAR,JOINT,06:04,08:07,123,156,3,0,6,17,78.8,CANCELLED,True
BLK02021,2026-01-16,SEC_THA_KAL,S&T,10:15,11:30,75,103,6,0,89,91,72.8,COMPLETED,True
BLK02022,2026-01-21,SEC_SHI_PUN,TRD,09:08,11:52,164,175,3,1,58,116,93.7,COMPLETED,True
BLK02023,2026-03-05,SEC_MUM_DAD,JOINT,17:14,20:39,205,255,1,1,69,32,80.4,COMPLETED,True
BLK02024,2026-03-21,SEC_MUM_DAD,JOINT,11:37,14:16,159,160,1,8,104,75,99.4,CANCELLED,True
BLK02025,2026-02-04,SEC_DAD_THA,TRD,14:34,16:05,91,143,2,4,85,122,63.6,PARTIAL,True
BLK02026,2026-01-10,SEC_KAR_KHA,TRD,13:41,15:16,95,120,4,4,43,72,79.2,COMPLETED,True
BLK02027,2026-02-18,SEC_LON_TAL,Engineering,12:59,14:55,116,148,6,2,19,60,78.4,COMPLETED,True
BLK02028,2026-02-11,SEC_DAD_THA,S&T,14:25,16:08,103,142,6,2,25,26,72.5,COMPLETED,True
BLK02029,2026-02-18,SEC_SHI_PUN,S&T,07:02,09:51,169,198,6,4,10,24,85.4,CANCELLED,True
BLK02030,2026-02-07,SEC_KHA_LON,S&T,13:27,15:16,109,155,1,2,58,85,70.3,COMPLETED,True
BLK02031,2026-02-05,SEC_MUM_DAD,S&T,15:23,17:23,120,132,4,0,62,44,90.9,PARTIAL,True
BLK02032,2026-02-02,SEC_SHI_PUN,TRD,14:28,15:28,60,65,1,5,64,1,92.3,COMPLETED,True
BLK02033,2026-02-12,SEC_LON_TAL,S&T,16:18,17:48,90,135,2,1,34,147,66.7,CANCELLED,True
BLK02034,2026-03-05,SEC_LON_TAL,S&T,12:03,13:07,64,79,3,7,22,86,81.0,PARTIAL,True
BLK02035,2026-01-01,SEC_KHA_LON,S&T,15:02,16:43,101,158,1,7,84,76,63.9,CANCELLED,True
BLK02036,2026-03-26,SEC_DAD_THA,JOINT,13:44,15:41,117,139,1,3,2,74,84.2,PARTIAL,True
BLK02037,2026-03-09,SEC_THA_KAL,S&T,14:12,16:12,120,169,2,3,5,89,71.0,PARTIAL,True
BLK02038,2026-03-19,SEC_TAL_CHI,S&T,14:47,16:54,127,140,1,6,23,128,90.7,COMPLETED,True
BLK02039,2026-01-07,SEC_DAD_THA,JOINT,06:06,08:39,153,196,3,2,30,29,78.1,PARTIAL,True
BLK02040,2026-02-05,SEC_CHI_SHI,Engineering,09:15,12:26,191,241,5,0,73,30,79.3,PARTIAL,True
BLK02041,2026-01-31,SEC_THA_KAL,JOINT,13:48,15:32,104,134,3,3,69,82,77.6,CANCELLED,True
BLK02042,2026-03-04,SEC_KAL_KAR,TRD,14:02,17:25,203,195,5,6,20,77,100.0,COMPLETED,True
BLK02043,2026-03-21,SEC_TAL_CHI,JOINT,16:52,19:29,157,199,5,4,106,2,78.9,CANCELLED,True
BLK02044,2026-02-28,SEC_KAR_KHA,S&T,12:57,15:16,139,192,5,3,62,125,72.4,PARTIAL,True
BLK02045,2026-03-20,SEC_KHA_LON,S&T,17:59,19:26,87,131,4,7,16,150,66.4,PARTIAL,True
BLK02046,2026-02-10,SEC_THA_KAL,S&T,16:54,18:12,78,81,3,4,71,74,96.3,CANCELLED,True
BLK02047,2026-01-16,SEC_KAR_KHA,TRD,17:41,18:47,66,89,2,5,81,68,74.2,COMPLETED,True
BLK02048,2026-01-20,SEC_LON_TAL,JOINT,12:17,14:28,131,126,4,6,64,137,100.0,CANCELLED,True
BLK02049,2026-01-07,SEC_DAD_THA,S&T,10:33,11:55,82,74,2,2,44,9,100.0,COMPLETED,True
BLK02050,2026-02-27,SEC_DAD_THA,S&T,15:50,18:28,158,209,4,2,15,83,75.6,COMPLETED,True
BLK02051,2026-02-21,SEC_LON_TAL,S&T,18:36,20:15,99,145,4,1,114,66,68.3,CANCELLED,True
BLK02052,2026-03-25,SEC_LON_TAL,S&T,10:14,11:37,83,107,6,5,80,44,77.6,CANCELLED,True
BLK02053,2026-02-12,SEC_THA_KAL,TRD,17:31,19:01,90,129,6,7,47,117,69.8,CANCELLED,True
BLK02054,2026-01-29,SEC_KHA_LON,Engineering,12:47,15:36,169,192,1,7,100,111,88.0,COMPLETED,True
BLK02055,2026-03-29,SEC_TAL_CHI,JOINT,13:37,14:24,47,72,2,4,53,85,65.3,CANCELLED,True
BLK02056,2026-03-26,SEC_SHI_PUN,Engineering,08:12,10:25,133,144,6,5,116,25,92.4,CANCELLED,True
BLK02057,2026-02-12,SEC_SHI_PUN,TRD,14:02,15:36,94,131,5,7,118,83,71.8,CANCELLED,True
BLK02058,2026-03-11,SEC_LON_TAL,TRD,08:28,09:47,79,127,5,6,97,74,62.2,CANCELLED,True
BLK02059,2026-01-11,SEC_LON_TAL,TRD,19:27,20:27,60,50,2,1,25,63,100.0,COMPLETED,True
BLK02060,2026-01-11,SEC_LON_TAL,TRD,07:34,09:49,135,154,2,8,98,113,87.7,PARTIAL,True
BLK02061,2026-03-01,SEC_CHI_SHI,Engineering,08:11,10:30,139,195,1,4,92,62,71.3,CANCELLED,True
BLK02062,2026-03-10,SEC_LON_TAL,TRD,06:29,08:44,135,127,3,2,95,144,100.0,CANCELLED,True
BLK02063,2026-02-16,SEC_KAR_KHA,TRD,19:48,20:56,68,60,5,8,62,4,100.0,CANCELLED,True
BLK02064,2026-02-23,SEC_TAL_CHI,TRD,13:25,16:19,174,200,4,7,106,96,87.0,CANCELLED,True
BLK02065,2026-03-18,SEC_KAL_KAR,Engineering,12:30,15:13,163,168,5,6,44,128,97.0,CANCELLED,True
BLK02066,2026-01-26,SEC_THA_KAL,TRD,17:03,19:18,135,140,6,2,3,37,96.4,CANCELLED,True
BLK02067,2026-02-18,SEC_THA_KAL,TRD,19:07,20:45,98,118,3,6,42,71,83.1,PARTIAL,True
BLK02068,2026-03-18,SEC_DAD_THA,JOINT,13:29,15:38,129,163,2,8,78,0,79.1,PARTIAL,True
BLK02069,2026-01-16,SEC_MUM_DAD,S&T,17:37,20:20,163,164,4,4,96,50,99.4,CANCELLED,True
BLK02070,2026-02-05,SEC_LON_TAL,JOINT,17:01,19:21,140,133,5,3,35,23,100.0,CANCELLED,True
BLK02071,2026-02-24,SEC_LON_TAL,TRD,07:11,08:17,66,122,3,2,52,74,54.1,COMPLETED,True
BLK02072,2026-03-12,SEC_KAL_KAR,Engineering,12:37,14:44,127,146,3,2,84,103,87.0,PARTIAL,True
BLK02073,2026-03-15,SEC_CHI_SHI,Engineering,17:57,20:45,168,166,3,5,36,3,100.0,CANCELLED,True
BLK02074,2026-01-28,SEC_THA_KAL,Engineering,09:03,11:50,167,200,4,3,113,64,83.5,PARTIAL,True
BLK02075,2026-02-02,SEC_KAL_KAR,S&T,14:28,17:21,173,200,1,3,55,91,86.5,CANCELLED,True
BLK02076,2026-01-15,SEC_KAR_KHA,JOINT,18:04,20:04,120,139,1,7,99,114,86.3,CANCELLED,True
BLK02077,2026-01-24,SEC_KAR_KHA,JOINT,18:08,21:12,184,244,1,2,13,44,75.4,PARTIAL,True
BLK02078,2026-01-28,SEC_SHI_PUN,TRD,07:48,10:36,168,200,3,2,94,104,84.0,COMPLETED,True
BLK02079,2026-01-18,SEC_MUM_DAD,S&T,19:02,19:47,45,37,5,8,65,38,100.0,CANCELLED,True
BLK02080,2026-03-10,SEC_CHI_SHI,S&T,15:04,16:34,90,99,1,4,96,122,90.9,CANCELLED,True
BLK02081,2026-03-22,SEC_MUM_DAD,S&T,13:27,16:55,208,240,2,6,95,131,86.7,COMPLETED,True
BLK02082,2026-02-21,SEC_CHI_SHI,TRD,10:31,11:24,53,112,5,3,80,88,47.3,CANCELLED,True
BLK02083,2026-02-07,SEC_LON_TAL,Engineering,06:26,07:16,50,63,5,8,63,99,79.4,CANCELLED,True
BLK02084,2026-02-12,SEC_KHA_LON,JOINT,18:28,19:44,76,76,3,7,115,19,100.0,CANCELLED,True
BLK02085,2026-03-07,SEC_LON_TAL,TRD,18:05,20:31,146,171,3,5,7,73,85.4,CANCELLED,True
BLK02086,2026-03-26,SEC_KAL_KAR,JOINT,07:10,09:35,145,171,5,8,75,119,84.8,COMPLETED,True
BLK02087,2026-01-17,SEC_SHI_PUN,JOINT,09:28,12:07,159,208,3,8,5,135,76.4,CANCELLED,True
BLK02088,2026-01-04,SEC_DAD_THA,TRD,18:28,21:00,152,171,3,1,55,119,88.9,PARTIAL,True
BLK02089,2026-03-11,SEC_CHI_SHI,TRD,15:40,16:38,58,102,6,2,89,15,56.9,PARTIAL,True
BLK02090,2026-03-22,SEC_KHA_LON,Engineering,14:00,16:10,130,148,5,0,60,77,87.8,CANCELLED,True
BLK02091,2026-01-15,SEC_DAD_THA,JOINT,10:47,12:15,88,141,2,5,55,108,62.4,COMPLETED,True
BLK02092,2026-02-07,SEC_KHA_LON,Engineering,12:52,15:32,160,177,5,2,10,29,90.4,PARTIAL,True
BLK02093,2026-03-13,SEC_MUM_DAD,Engineering,09:32,11:07,95,140,3,4,63,84,67.9,PARTIAL,True
BLK02094,2026-03-28,SEC_KAR_KHA,S&T,07:09,08:00,51,79,5,6,13,61,64.6,COMPLETED,True
BLK02095,2026-03-23,SEC_KHA_LON,S&T,15:33,18:25,172,201,5,8,29,41,85.6,PARTIAL,True
BLK02096,2026-01-14,SEC_SHI_PUN,S&T,13:13,16:39,206,196,6,4,54,70,100.0,COMPLETED,True
BLK02097,2026-01-11,SEC_LON_TAL,S&T,07:19,09:22,123,154,1,1,111,10,79.9,PARTIAL,True
BLK02098,2026-01-03,SEC_KHA_LON,Engineering,08:07,09:33,86,110,4,8,37,51,78.2,CANCELLED,True
BLK02099,2026-02-10,SEC_MUM_DAD,JOINT,11:09,13:27,138,194,2,2,6,20,71.1,COMPLETED,True
BLK02100,2026-03-18,SEC_TAL_CHI,TRD,09:57,11:11,74,129,5,6,77,38,57.4,PARTIAL,True
BLK02101,2026-02-22,SEC_MUM_DAD,TRD,07:38,10:26,168,191,4,5,18,122,88.0,COMPLETED,True
BLK02102,2026-01-27,SEC_KAL_KAR,Engineering,15:54,17:00,66,122,1,6,18,104,54.1,PARTIAL,True
BLK02103,2026-03-19,SEC_CHI_SHI,TRD,13:45,15:19,94,109,2,4,46,11,86.2,COMPLETED,True
BLK02104,2026-02-02,SEC_DAD_THA,S&T,17:40,20:08,148,167,2,6,86,57,88.6,CANCELLED,True
BLK02105,2026-02-19,SEC_KAR_KHA,JOINT,14:09,15:15,66,78,6,0,116,115,84.6,COMPLETED,True
BLK02106,2026-01-30,SEC_SHI_PUN,S&T,07:03,09:53,170,187,1,6,116,114,90.9,CANCELLED,True
BLK02107,2026-03-26,SEC_TAL_CHI,Engineering,15:56,16:58,62,115,1,1,28,142,53.9,PARTIAL,True
BLK02108,2026-01-10,SEC_THA_KAL,JOINT,18:34,19:49,75,117,6,6,86,93,64.1,PARTIAL,True
BLK02109,2026-03-24,SEC_TAL_CHI,S&T,13:42,14:44,62,53,3,0,97,125,100.0,COMPLETED,True
BLK02110,2026-01-24,SEC_KHA_LON,S&T,07:25,09:59,154,185,5,2,90,140,83.2,PARTIAL,True
BLK02111,2026-03-05,SEC_KAL_KAR,TRD,17:09,18:11,62,118,2,1,50,122,52.5,CANCELLED,True
BLK02112,2026-02-03,SEC_SHI_PUN,Engineering,06:51,10:00,189,244,5,7,93,78,77.5,PARTIAL,True
BLK02113,2026-03-31,SEC_LON_TAL,Engineering,14:01,16:31,150,140,2,4,111,144,100.0,PARTIAL,True
BLK02114,2026-01-18,SEC_LON_TAL,JOINT,06:10,07:46,96,86,6,6,51,66,100.0,CANCELLED,True
BLK02115,2026-01-22,SEC_CHI_SHI,S&T,17:09,19:06,117,142,6,6,40,88,82.4,PARTIAL,True
BLK02116,2026-01-06,SEC_KAR_KHA,TRD,12:02,13:25,83,89,2,4,44,60,93.3,COMPLETED,True
BLK02117,2026-02-23,SEC_THA_KAL,Engineering,14:05,15:35,90,126,6,3,64,15,71.4,PARTIAL,True
BLK02118,2026-03-01,SEC_CHI_SHI,S&T,08:30,09:22,52,97,3,7,80,138,53.6,PARTIAL,True
BLK02119,2026-02-06,SEC_KAL_KAR,S&T,10:48,12:04,76,69,6,7,92,30,100.0,PARTIAL,True
BLK02120,2026-02-07,SEC_TAL_CHI,TRD,12:16,13:15,59,118,5,4,99,36,50.0,COMPLETED,True
BLK02121,2026-03-25,SEC_DAD_THA,JOINT,13:46,16:01,135,191,3,4,66,36,70.7,PARTIAL,True
BLK02122,2026-01-18,SEC_THA_KAL,JOINT,06:08,08:18,130,158,3,8,55,72,82.3,CANCELLED,True
BLK02123,2026-03-20,SEC_SHI_PUN,JOINT,11:48,13:46,118,144,5,0,23,120,81.9,COMPLETED,True
BLK02124,2026-02-02,SEC_SHI_PUN,S&T,09:25,12:00,155,196,4,8,56,98,79.1,COMPLETED,True
BLK02125,2026-01-07,SEC_KAL_KAR,S&T,19:28,20:30,62,58,2,5,48,4,100.0,CANCELLED,True
BLK02126,2026-01-03,SEC_TAL_CHI,JOINT,12:35,13:30,55,76,6,5,46,104,72.4,PARTIAL,True
BLK02127,2026-02-16,SEC_LON_TAL,Engineering,13:29,16:40,191,191,1,5,1,33,100.0,CANCELLED,True
BLK02128,2026-02-11,SEC_DAD_THA,JOINT,10:39,12:03,84,105,4,6,1,51,80.0,COMPLETED,True
BLK02129,2026-02-18,SEC_LON_TAL,S&T,06:26,07:46,80,103,4,1,18,119,77.7,CANCELLED,True
BLK02130,2026-01-07,SEC_SHI_PUN,JOINT,08:00,10:03,123,144,2,2,64,69,85.4,COMPLETED,True
BLK02131,2026-02-14,SEC_TAL_CHI,S&T,17:05,19:24,139,143,3,0,33,30,97.2,PARTIAL,True
BLK02132,2026-01-05,SEC_KHA_LON,Engineering,17:16,19:34,138,186,5,8,12,128,74.2,COMPLETED,True
BLK02133,2026-03-24,SEC_DAD_THA,Engineering,09:07,10:40,93,90,3,7,32,116,100.0,COMPLETED,True
BLK02134,2026-03-29,SEC_CHI_SHI,JOINT,10:04,12:02,118,140,4,8,111,45,84.3,PARTIAL,True
BLK02135,2026-02-26,SEC_KHA_LON,Engineering,17:47,19:41,114,124,4,3,1,119,91.9,CANCELLED,True
BLK02136,2026-03-31,SEC_DAD_THA,TRD,08:26,11:56,210,241,6,1,105,79,87.1,PARTIAL,True
BLK02137,2026-02-12,SEC_KAL_KAR,Engineering,08:48,11:51,183,184,5,6,74,129,99.5,CANCELLED,True
BLK02138,2026-01-17,SEC_LON_TAL,TRD,11:33,14:26,173,215,3,2,117,117,80.5,PARTIAL,True
BLK02139,2026-02-28,SEC_THA_KAL,JOINT,17:34,20:29,175,203,6,3,114,145,86.2,CANCELLED,True
BLK02140,2026-03-08,SEC_KAR_KHA,Engineering,12:17,15:07,170,229,3,4,85,14,74.2,COMPLETED,True
BLK02141,2026-01-09,SEC_KAR_KHA,TRD,11:56,14:49,173,202,5,4,110,59,85.6,CANCELLED,True
BLK02142,2026-01-06,SEC_LON_TAL,JOINT,06:08,07:42,94,86,4,4,35,131,100.0,PARTIAL,True
BLK02143,2026-01-29,SEC_TAL_CHI,JOINT,12:00,15:22,202,246,4,1,76,127,82.1,COMPLETED,True
BLK02144,2026-01-10,SEC_KAR_KHA,JOINT,10:05,12:50,165,203,2,7,47,59,81.3,COMPLETED,True
BLK02145,2026-01-29,SEC_SHI_PUN,Engineering,16:20,17:51,91,147,6,2,40,144,61.9,COMPLETED,True
BLK02146,2026-02-10,SEC_DAD_THA,TRD,11:50,13:06,76,121,6,2,76,116,62.8,COMPLETED,True
BLK02147,2026-03-20,SEC_CHI_SHI,Engineering,15:14,17:22,128,186,3,6,48,20,68.8,PARTIAL,True
BLK02148,2026-03-19,SEC_KHA_LON,Engineering,17:32,18:54,82,114,4,0,81,29,71.9,PARTIAL,True
BLK02149,2026-02-19,SEC_DAD_THA,S&T,09:50,12:16,146,180,2,6,57,121,81.1,PARTIAL,True
BLK02150,2026-03-30,SEC_MUM_DAD,TRD,18:02,20:15,133,171,6,5,33,61,77.8,PARTIAL,True
BLK02151,2026-03-03,SEC_MUM_DAD,JOINT,11:17,13:16,119,172,5,6,97,144,69.2,COMPLETED,True
BLK02152,2026-01-06,SEC_DAD_THA,JOINT,14:05,15:46,101,107,3,3,20,76,94.4,PARTIAL,True
BLK02153,2026-01-19,SEC_TAL_CHI,Engineering,06:38,07:56,78,78,1,4,51,19,100.0,CANCELLED,True
BLK02154,2026-01-05,SEC_KAL_KAR,TRD,19:18,20:32,74,132,3,3,95,130,56.1,COMPLETED,True
BLK02155,2026-01-22,SEC_KHA_LON,TRD,16:23,18:03,100,121,6,6,63,12,82.6,COMPLETED,True
BLK02156,2026-03-23,SEC_KAL_KAR,JOINT,19:00,20:44,104,116,4,5,49,130,89.7,PARTIAL,True
BLK02157,2026-01-31,SEC_DAD_THA,Engineering,06:59,08:56,117,125,3,0,70,140,93.6,CANCELLED,True
BLK02158,2026-02-26,SEC_KHA_LON,JOINT,06:55,09:12,137,151,1,5,100,82,90.7,PARTIAL,True
BLK02159,2026-02-08,SEC_KAR_KHA,TRD,10:38,13:30,172,210,4,3,57,74,81.9,CANCELLED,True
BLK02160,2026-01-11,SEC_TAL_CHI,S&T,14:16,16:25,129,129,1,1,11,83,100.0,CANCELLED,True
BLK02161,2026-01-15,SEC_TAL_CHI,JOINT,16:32,19:08,156,159,1,6,10,29,98.1,PARTIAL,True
BLK02162,2026-02-06,SEC_CHI_SHI,JOINT,10:27,12:00,93,143,4,6,90,21,65.0,PARTIAL,True
BLK02163,2026-03-12,SEC_KAL_KAR,JOINT,09:01,11:09,128,183,6,0,102,139,69.9,COMPLETED,True
BLK02164,2026-02-23,SEC_KHA_LON,S&T,10:26,13:23,177,183,1,3,6,140,96.7,COMPLETED,True
BLK02165,2026-02-06,SEC_MUM_DAD,Engineering,18:14,20:59,165,191,1,4,60,16,86.4,PARTIAL,True
BLK02166,2026-03-31,SEC_TAL_CHI,JOINT,12:06,13:50,104,106,6,6,80,31,98.1,PARTIAL,True
BLK02167,2026-02-21,SEC_KHA_LON,Engineering,15:27,16:46,79,71,6,4,45,5,100.0,CANCELLED,True
BLK02168,2026-03-10,SEC_KHA_LON,TRD,13:26,15:30,124,154,5,7,105,74,80.5,CANCELLED,True
BLK02169,2026-01-03,SEC_SHI_PUN,S&T,16:13,17:35,82,135,3,4,45,0,60.7,CANCELLED,True
BLK02170,2026-01-28,SEC_CHI_SHI,TRD,12:18,14:52,154,205,5,1,24,114,75.1,PARTIAL,True
BLK02171,2026-02-04,SEC_DAD_THA,Engineering,17:27,19:45,138,134,2,0,48,96,100.0,CANCELLED,True
BLK02172,2026-03-22,SEC_LON_TAL,JOINT,17:25,19:48,143,147,5,0,114,70,97.3,COMPLETED,True
BLK02173,2026-01-10,SEC_THA_KAL,S&T,11:45,13:21,96,108,6,2,79,72,88.9,CANCELLED,True
BLK02174,2026-03-15,SEC_KAR_KHA,JOINT,14:56,17:43,167,177,6,2,118,29,94.4,PARTIAL,True
BLK02175,2026-01-14,SEC_KAL_KAR,JOINT,15:19,17:24,125,115,1,7,42,10,100.0,PARTIAL,True
BLK02176,2026-02-18,SEC_MUM_DAD,S&T,11:46,14:15,149,209,1,0,3,71,71.3,PARTIAL,True
BLK02177,2026-03-24,SEC_THA_KAL,JOINT,10:41,11:45,64,79,2,1,76,115,81.0,COMPLETED,True
BLK02178,2026-01-02,SEC_DAD_THA,S&T,12:25,13:26,61,81,5,3,58,26,75.3,COMPLETED,True
BLK02179,2026-02-07,SEC_KAR_KHA,Engineering,19:34,20:47,73,101,3,3,52,116,72.3,COMPLETED,True
BLK02180,2026-01-04,SEC_TAL_CHI,S&T,06:11,07:53,102,103,4,0,30,5,99.0,PARTIAL,True
BLK02181,2026-02-12,SEC_TAL_CHI,S&T,16:46,18:49,123,167,3,5,115,43,73.7,COMPLETED,True
BLK02182,2026-01-18,SEC_DAD_THA,TRD,08:03,09:38,95,101,2,5,12,81,94.1,CANCELLED,True
BLK02183,2026-01-24,SEC_KAR_KHA,TRD,10:28,13:28,180,232,5,0,105,96,77.6,COMPLETED,True
BLK02184,2026-03-22,SEC_MUM_DAD,Engineering,11:45,13:13,88,132,3,4,99,122,66.7,CANCELLED,True
BLK02185,2026-01-06,SEC_LON_TAL,TRD,10:41,12:32,111,113,3,1,95,149,98.2,PARTIAL,True
BLK02186,2026-01-06,SEC_TAL_CHI,S&T,07:29,09:54,145,147,5,4,94,55,98.6,PARTIAL,True
BLK02187,2026-02-05,SEC_SHI_PUN,Engineering,06:39,09:56,197,235,4,5,37,58,83.8,PARTIAL,True
BLK02188,2026-01-11,SEC_LON_TAL,JOINT,10:32,12:07,95,139,4,2,117,89,68.3,COMPLETED,True
BLK02189,2026-02-22,SEC_KAL_KAR,Engineering,15:34,16:42,68,123,4,3,118,12,55.3,CANCELLED,True
BLK02190,2026-03-24,SEC_SHI_PUN,S&T,15:02,17:09,127,127,1,1,83,72,100.0,PARTIAL,True
BLK02191,2026-01-08,SEC_DAD_THA,TRD,17:48,20:26,158,173,2,2,9,117,91.3,PARTIAL,True
BLK02192,2026-02-19,SEC_DAD_THA,Engineering,16:36,17:29,53,112,1,5,68,18,47.3,COMPLETED,True
BLK02193,2026-03-22,SEC_MUM_DAD,Engineering,17:55,19:00,65,93,1,5,61,56,69.9,CANCELLED,True
BLK02194,2026-01-16,SEC_KAL_KAR,JOINT,18:03,19:03,60,95,6,4,22,81,63.2,COMPLETED,True
BLK02195,2026-02-27,SEC_LON_TAL,Engineering,16:46,19:27,161,210,2,3,7,121,76.7,CANCELLED,True
BLK02196,2026-03-08,SEC_DAD_THA,S&T,12:10,14:03,113,137,4,0,90,76,82.5,PARTIAL,True
BLK02197,2026-02-27,SEC_DAD_THA,JOINT,13:29,15:47,138,184,6,6,91,28,75.0,PARTIAL,True
BLK02198,2026-01-21,SEC_KAL_KAR,S&T,17:14,18:16,62,102,5,5,106,149,60.8,PARTIAL,True
BLK02199,2026-03-02,SEC_CHI_SHI,S&T,09:09,12:17,188,224,1,8,101,86,83.9,COMPLETED,True
BLK02200,2026-01-16,SEC_THA_KAL,Engineering,15:31,17:14,103,155,5,7,34,70,66.5,CANCELLED,True
BLK02201,2026-03-13,SEC_KHA_LON,Engineering,18:31,19:54,83,94,5,4,54,101,88.3,PARTIAL,True
BLK02202,2026-02-14,SEC_CHI_SHI,JOINT,18:57,20:26,89,134,6,7,108,67,66.4,CANCELLED,True
BLK02203,2026-02-23,SEC_CHI_SHI,TRD,14:09,17:15,186,240,1,8,117,11,77.5,PARTIAL,True
BLK02204,2026-03-20,SEC_SHI_PUN,JOINT,18:19,19:41,82,133,4,3,34,72,61.7,COMPLETED,True
BLK02205,2026-01-03,SEC_SHI_PUN,TRD,17:16,19:33,137,158,6,5,117,33,86.7,CANCELLED,True
BLK02206,2026-01-26,SEC_CHI_SHI,Engineering,17:24,20:31,187,240,2,4,12,19,77.9,CANCELLED,True
BLK02207,2026-02-26,SEC_LON_TAL,TRD,06:51,09:43,172,185,5,7,55,51,93.0,COMPLETED,True
BLK02208,2026-02-17,SEC_KAL_KAR,S&T,13:23,15:09,106,138,2,0,48,18,76.8,COMPLETED,True
BLK02209,2026-03-21,SEC_THA_KAL,TRD,13:32,15:51,139,142,3,2,42,95,97.9,COMPLETED,True
BLK02210,2026-02-03,SEC_KHA_LON,TRD,09:49,12:15,146,173,4,3,111,87,84.4,COMPLETED,True
BLK02211,2026-03-24,SEC_KAL_KAR,JOINT,06:34,09:16,162,157,6,5,119,99,100.0,PARTIAL,True
BLK02212,2026-01-05,SEC_TAL_CHI,JOINT,17:49,19:07,78,91,5,4,97,120,85.7,CANCELLED,True
BLK02213,2026-01-10,SEC_KAR_KHA,Engineering,17:23,20:35,192,222,1,6,79,9,86.5,COMPLETED,True
BLK02214,2026-01-24,SEC_KHA_LON,TRD,10:19,12:44,145,205,3,5,41,142,70.7,CANCELLED,True
BLK02215,2026-02-01,SEC_SHI_PUN,S&T,08:20,10:17,117,165,3,0,85,94,70.9,PARTIAL,True
BLK02216,2026-01-30,SEC_KHA_LON,Engineering,09:16,11:15,119,155,3,6,29,11,76.8,COMPLETED,True
BLK02217,2026-03-09,SEC_KHA_LON,TRD,14:00,15:48,108,159,3,2,98,12,67.9,COMPLETED,True
BLK02218,2026-03-15,SEC_DAD_THA,TRD,12:14,15:05,171,209,4,7,87,131,81.8,COMPLETED,True
BLK02219,2026-01-13,SEC_SHI_PUN,S&T,08:51,10:35,104,117,6,3,13,2,88.9,COMPLETED,True
BLK02220,2026-03-12,SEC_KHA_LON,JOINT,10:58,13:59,181,175,3,0,112,42,100.0,PARTIAL,True
BLK02221,2026-03-18,SEC_DAD_THA,JOINT,07:45,08:59,74,94,2,8,13,56,78.7,CANCELLED,True
BLK02222,2026-02-25,SEC_MUM_DAD,S&T,15:17,18:26,189,214,5,3,107,101,88.3,COMPLETED,True
BLK02223,2026-02-04,SEC_CHI_SHI,JOINT,18:56,19:50,54,99,4,7,78,9,54.5,COMPLETED,True
BLK02224,2026-03-29,SEC_KAR_KHA,S&T,06:49,09:04,135,193,3,6,85,31,69.9,COMPLETED,True
BLK02225,2026-02-10,SEC_KHA_LON,Engineering,16:23,19:04,161,183,5,5,87,66,88.0,PARTIAL,True
BLK02226,2026-01-25,SEC_MUM_DAD,TRD,06:09,08:47,158,166,3,0,6,13,95.2,CANCELLED,True
BLK02227,2026-02-19,SEC_DAD_THA,S&T,13:53,14:38,45,75,4,2,33,30,60.0,CANCELLED,True
BLK02228,2026-02-06,SEC_KAL_KAR,Engineering,06:42,08:51,129,153,2,7,25,66,84.3,PARTIAL,True
BLK02229,2026-03-16,SEC_CHI_SHI,Engineering,09:24,11:34,130,124,4,0,70,129,100.0,COMPLETED,True
BLK02230,2026-01-22,SEC_LON_TAL,S&T,18:27,20:01,94,115,1,0,70,85,81.7,CANCELLED,True
BLK02231,2026-01-17,SEC_LON_TAL,TRD,07:31,09:54,143,157,6,0,109,110,91.1,PARTIAL,True
BLK02232,2026-03-22,SEC_MUM_DAD,TRD,08:18,11:03,165,163,1,8,32,127,100.0,CANCELLED,True
BLK02233,2026-01-26,SEC_MUM_DAD,S&T,09:50,12:04,134,136,3,4,34,69,98.5,COMPLETED,True
BLK02234,2026-01-22,SEC_DAD_THA,Engineering,13:56,16:16,140,144,6,4,43,53,97.2,CANCELLED,True
BLK02235,2026-01-30,SEC_CHI_SHI,S&T,07:10,10:25,195,202,4,1,11,8,96.5,PARTIAL,True
BLK02236,2026-01-05,SEC_DAD_THA,Engineering,12:51,14:11,80,109,6,5,35,103,73.4,PARTIAL,True
BLK02237,2026-01-31,SEC_SHI_PUN,S&T,13:26,15:00,94,101,1,2,2,72,93.1,COMPLETED,True
BLK02238,2026-02-28,SEC_THA_KAL,JOINT,11:39,12:36,57,77,2,1,106,49,74.0,COMPLETED,True
BLK02239,2026-02-10,SEC_MUM_DAD,JOINT,10:45,13:57,192,217,3,4,46,18,88.5,PARTIAL,True
BLK02240,2026-02-23,SEC_KAR_KHA,Engineering,18:41,20:21,100,101,6,5,116,56,99.0,PARTIAL,True
BLK02241,2026-02-25,SEC_DAD_THA,JOINT,09:19,11:36,137,158,1,6,69,96,86.7,COMPLETED,True
BLK02242,2026-01-26,SEC_DAD_THA,JOINT,17:28,19:01,93,115,2,2,1,74,80.9,PARTIAL,True
BLK02243,2026-01-21,SEC_KAR_KHA,S&T,08:52,09:56,64,96,4,2,49,27,66.7,PARTIAL,True
BLK02244,2026-01-16,SEC_MUM_DAD,Engineering,10:48,12:03,75,97,3,7,22,31,77.3,PARTIAL,True
BLK02245,2026-03-19,SEC_LON_TAL,JOINT,17:12,18:59,107,110,5,0,44,108,97.3,COMPLETED,True
BLK02246,2026-03-31,SEC_CHI_SHI,S&T,17:48,20:54,186,240,6,4,92,48,77.5,CANCELLED,True
BLK02247,2026-02-03,SEC_KAR_KHA,Engineering,18:20,20:35,135,174,5,5,92,65,77.6,PARTIAL,True
BLK02248,2026-02-03,SEC_KAR_KHA,TRD,17:39,20:25,166,192,3,3,13,52,86.5,COMPLETED,True
BLK02249,2026-02-06,SEC_TAL_CHI,S&T,09:30,12:55,205,214,1,5,88,10,95.8,PARTIAL,True
BLK02250,2026-03-12,SEC_DAD_THA,TRD,14:25,15:36,71,122,3,5,17,62,58.2,CANCELLED,True
BLK02251,2026-02-08,SEC_MUM_DAD,Engineering,08:36,11:29,173,170,6,3,6,9,100.0,COMPLETED,True
BLK02252,2026-01-16,SEC_KHA_LON,Engineering,10:14,11:42,88,116,4,5,117,51,75.9,COMPLETED,True
BLK02253,2026-02-05,SEC_KHA_LON,S&T,08:59,10:10,71,117,4,7,116,110,60.7,COMPLETED,True
BLK02254,2026-02-28,SEC_THA_KAL,TRD,18:22,20:03,101,98,2,1,78,39,100.0,COMPLETED,True
BLK02255,2026-01-06,SEC_KHA_LON,JOINT,13:02,14:34,92,87,4,3,39,144,100.0,COMPLETED,True
BLK02256,2026-03-05,SEC_DAD_THA,TRD,09:37,11:25,108,145,5,2,54,124,74.5,PARTIAL,True
BLK02257,2026-01-29,SEC_TAL_CHI,TRD,16:55,18:50,115,116,2,2,27,35,99.1,COMPLETED,True
BLK02258,2026-03-04,SEC_DAD_THA,Engineering,06:40,09:46,186,221,4,5,118,135,84.2,COMPLETED,True
BLK02259,2026-02-25,SEC_KAR_KHA,JOINT,08:32,10:39,127,174,1,7,79,17,73.0,COMPLETED,True
BLK02260,2026-01-01,SEC_MUM_DAD,TRD,18:24,19:51,87,140,3,8,4,129,62.1,PARTIAL,True
BLK02261,2026-02-22,SEC_DAD_THA,TRD,09:23,11:06,103,105,4,4,93,147,98.1,CANCELLED,True
BLK02262,2026-03-06,SEC_KAL_KAR,Engineering,17:33,20:38,185,184,3,2,84,85,100.0,PARTIAL,True
BLK02263,2026-03-03,SEC_DAD_THA,Engineering,16:10,17:10,60,89,4,4,80,137,67.4,CANCELLED,True
BLK02264,2026-03-05,SEC_KHA_LON,S&T,19:33,20:47,74,125,3,8,93,8,59.2,CANCELLED,True
BLK02265,2026-02-16,SEC_SHI_PUN,Engineering,18:37,19:56,79,79,2,7,98,106,100.0,PARTIAL,True
BLK02266,2026-03-05,SEC_SHI_PUN,JOINT,10:22,12:08,106,155,5,1,25,106,68.4,PARTIAL,True
BLK02267,2026-03-13,SEC_CHI_SHI,S&T,08:30,10:26,116,137,1,5,103,36,84.7,COMPLETED,True
BLK02268,2026-01-30,SEC_KAL_KAR,Engineering,09:40,11:02,82,117,2,1,31,50,70.1,CANCELLED,True
BLK02269,2026-01-29,SEC_KHA_LON,S&T,14:35,16:47,132,165,1,4,70,95,80.0,COMPLETED,True
BLK02270,2026-01-23,SEC_DAD_THA,Engineering,13:35,15:55,140,192,5,1,59,124,72.9,COMPLETED,True
BLK02271,2026-02-07,SEC_LON_TAL,JOINT,13:30,15:14,104,123,3,4,37,102,84.6,PARTIAL,True
BLK02272,2026-02-21,SEC_LON_TAL,TRD,10:14,11:55,101,108,1,0,36,77,93.5,COMPLETED,True
BLK02273,2026-03-22,SEC_TAL_CHI,TRD,07:34,10:03,149,190,5,4,97,141,78.4,COMPLETED,True
BLK02274,2026-01-28,SEC_KAR_KHA,Engineering,10:36,11:37,61,93,4,8,36,37,65.6,PARTIAL,True
BLK02275,2026-01-23,SEC_CHI_SHI,S&T,06:51,08:32,101,118,6,6,47,26,85.6,PARTIAL,True
BLK02276,2026-02-14,SEC_KHA_LON,Engineering,13:29,14:50,81,127,3,3,88,49,63.8,CANCELLED,True
BLK02277,2026-02-21,SEC_DAD_THA,S&T,15:57,18:11,134,168,4,8,75,128,79.8,PARTIAL,True
BLK02278,2026-01-23,SEC_KAL_KAR,TRD,10:09,11:53,104,98,2,7,47,142,100.0,PARTIAL,True
BLK02279,2026-01-17,SEC_KAL_KAR,S&T,09:00,11:28,148,169,2,3,86,48,87.6,PARTIAL,True
BLK02280,2026-02-05,SEC_KAL_KAR,Engineering,09:54,12:36,162,213,1,0,79,149,76.1,PARTIAL,True
BLK02281,2026-02-13,SEC_KHA_LON,TRD,17:24,19:57,153,210,2,2,107,93,72.9,PARTIAL,True
BLK02282,2026-02-13,SEC_THA_KAL,Engineering,09:56,11:20,84,133,2,5,58,110,63.2,COMPLETED,True
BLK02283,2026-03-16,SEC_MUM_DAD,Engineering,11:07,12:37,90,143,2,4,69,44,62.9,CANCELLED,True
BLK02284,2026-01-29,SEC_THA_KAL,JOINT,14:30,15:54,84,102,5,4,89,83,82.4,PARTIAL,True
BLK02285,2026-02-02,SEC_MUM_DAD,JOINT,09:28,11:02,94,120,6,6,79,51,78.3,COMPLETED,True
BLK02286,2026-01-18,SEC_KAL_KAR,S&T,18:25,21:02,157,203,6,7,62,59,77.3,PARTIAL,True
BLK02287,2026-03-09,SEC_KAR_KHA,TRD,16:08,17:48,100,109,6,0,59,67,91.7,CANCELLED,True
BLK02288,2026-01-29,SEC_TAL_CHI,Engineering,15:40,18:10,150,206,6,3,18,62,72.8,COMPLETED,True
BLK02289,2026-02-08,SEC_THA_KAL,Engineering,10:34,13:42,188,185,4,2,92,86,100.0,PARTIAL,True
BLK02290,2026-03-20,SEC_MUM_DAD,JOINT,19:22,20:54,92,99,4,8,115,127,92.9,CANCELLED,True
BLK02291,2026-03-04,SEC_KHA_LON,JOINT,15:39,16:54,75,130,6,8,27,129,57.7,PARTIAL,True
BLK02292,2026-01-28,SEC_DAD_THA,S&T,06:01,07:19,78,117,4,5,16,3,66.7,CANCELLED,True
BLK02293,2026-01-13,SEC_TAL_CHI,TRD,16:40,17:26,46,79,2,0,77,147,58.2,CANCELLED,True
BLK02294,2026-03-15,SEC_SHI_PUN,JOINT,09:32,11:27,115,106,3,0,100,5,100.0,COMPLETED,True
BLK02295,2026-01-28,SEC_KAL_KAR,TRD,19:01,20:57,116,114,5,3,91,8,100.0,CANCELLED,True
BLK02296,2026-03-18,SEC_TAL_CHI,TRD,11:00,13:29,149,175,5,6,76,0,85.1,COMPLETED,True
BLK02297,2026-03-25,SEC_KAR_KHA,S&T,10:18,13:44,206,251,1,7,66,2,82.1,PARTIAL,True
BLK02298,2026-02-28,SEC_KAR_KHA,TRD,15:56,18:14,138,136,6,5,34,89,100.0,COMPLETED,True
BLK02299,2026-03-15,SEC_KAR_KHA,TRD,08:50,11:35,165,195,1,1,92,1,84.6,CANCELLED,True
BLK02300,2026-02-22,SEC_DAD_THA,JOINT,06:07,07:47,100,152,1,5,117,106,65.8,PARTIAL,True
BLK02301,2026-01-10,SEC_KHA_LON,Engineering,13:59,15:45,106,154,5,4,16,37,68.8,CANCELLED,True
BLK02302,2026-02-23,SEC_LON_TAL,JOINT,14:26,17:37,191,187,6,6,118,129,100.0,PARTIAL,True
BLK02303,2026-03-01,SEC_LON_TAL,TRD,11:52,13:26,94,147,2,1,46,132,63.9,COMPLETED,True
BLK02304,2026-01-10,SEC_THA_KAL,Engineering,17:29,18:41,72,84,5,3,6,2,85.7,COMPLETED,True
BLK02305,2026-02-05,SEC_DAD_THA,S&T,08:02,08:59,57,48,1,2,33,91,100.0,CANCELLED,True
BLK02306,2026-01-04,SEC_LON_TAL,TRD,12:15,13:39,84,85,5,5,32,98,98.8,COMPLETED,True
BLK02307,2026-02-18,SEC_DAD_THA,TRD,08:10,11:03,173,168,5,3,72,92,100.0,CANCELLED,True
BLK02308,2026-01-09,SEC_KHA_LON,TRD,16:43,17:31,48,90,2,7,62,83,53.3,PARTIAL,True
BLK02309,2026-03-26,SEC_CHI_SHI,TRD,06:18,08:39,141,145,5,7,20,56,97.2,COMPLETED,True
BLK02310,2026-01-30,SEC_CHI_SHI,JOINT,10:28,12:30,122,140,3,2,109,70,87.1,COMPLETED,True
BLK02311,2026-01-16,SEC_MUM_DAD,JOINT,09:03,11:21,138,135,4,5,19,24,100.0,COMPLETED,True
BLK02312,2026-03-18,SEC_SHI_PUN,S&T,17:17,19:06,109,163,4,6,4,3,66.9,CANCELLED,True
BLK02313,2026-03-02,SEC_SHI_PUN,S&T,12:55,14:29,94,98,2,4,50,104,95.9,CANCELLED,True
BLK02314,2026-01-30,SEC_DAD_THA,JOINT,06:40,09:50,190,228,1,1,118,111,83.3,COMPLETED,True
BLK02315,2026-02-10,SEC_TAL_CHI,Engineering,12:53,15:47,174,200,2,7,93,137,87.0,CANCELLED,True
BLK02316,2026-03-09,SEC_THA_KAL,TRD,06:56,07:47,51,66,6,1,74,68,77.3,PARTIAL,True
BLK02317,2026-02-09,SEC_KAR_KHA,JOINT,16:24,17:49,85,117,3,2,59,150,72.6,CANCELLED,True
BLK02318,2026-01-06,SEC_KAR_KHA,JOINT,12:01,14:36,155,172,1,8,9,119,90.1,PARTIAL,True
BLK02319,2026-01-22,SEC_KHA_LON,JOINT,17:35,20:09,154,201,2,3,26,115,76.6,CANCELLED,True
BLK02320,2026-01-18,SEC_KAR_KHA,JOINT,13:36,15:30,114,114,6,2,105,114,100.0,COMPLETED,True
BLK02321,2026-03-06,SEC_KAL_KAR,JOINT,15:47,17:01,74,124,3,0,67,125,59.7,CANCELLED,True
BLK02322,2026-02-21,SEC_SHI_PUN,Engineering,12:40,14:23,103,94,4,1,110,12,100.0,COMPLETED,True
BLK02323,2026-02-07,SEC_KAL_KAR,JOINT,16:52,18:03,71,100,4,8,109,69,71.0,COMPLETED,True
BLK02324,2026-02-11,SEC_THA_KAL,JOINT,06:57,09:33,156,146,1,4,11,21,100.0,CANCELLED,True
BLK02325,2026-03-16,SEC_KAR_KHA,JOINT,07:32,09:16,104,96,4,8,113,125,100.0,CANCELLED,True
BLK02326,2026-03-12,SEC_CHI_SHI,JOINT,17:46,19:59,133,132,5,1,49,109,100.0,CANCELLED,True
BLK02327,2026-01-29,SEC_CHI_SHI,TRD,11:21,13:49,148,164,2,1,80,39,90.2,COMPLETED,True
BLK02328,2026-01-01,SEC_CHI_SHI,Engineering,10:56,11:43,47,73,2,2,118,148,64.4,COMPLETED,True
BLK02329,2026-02-07,SEC_KHA_LON,S&T,06:33,08:32,119,161,2,2,47,110,73.9,CANCELLED,True
BLK02330,2026-02-16,SEC_THA_KAL,JOINT,08:59,10:16,77,111,3,6,13,79,69.4,COMPLETED,True
BLK02331,2026-03-07,SEC_KAR_KHA,S&T,09:10,10:23,73,76,2,0,108,109,96.1,CANCELLED,True
BLK02332,2026-03-02,SEC_SHI_PUN,S&T,07:29,08:45,76,68,6,2,74,11,100.0,COMPLETED,True
BLK02333,2026-03-17,SEC_CHI_SHI,TRD,11:45,14:45,180,205,6,8,97,68,87.8,PARTIAL,True
BLK02334,2026-01-20,SEC_KHA_LON,Engineering,18:28,20:40,132,141,3,7,91,110,93.6,CANCELLED,True
BLK02335,2026-03-04,SEC_SHI_PUN,Engineering,13:50,16:51,181,239,2,4,19,5,75.7,COMPLETED,True
BLK02336,2026-02-20,SEC_KAL_KAR,Engineering,11:23,13:46,143,146,4,8,35,81,97.9,COMPLETED,True
BLK02337,2026-02-08,SEC_KAL_KAR,Engineering,06:16,07:40,84,85,3,2,38,124,98.8,COMPLETED,True
BLK02338,2026-03-03,SEC_DAD_THA,Engineering,09:33,11:09,96,86,6,5,47,139,100.0,CANCELLED,True
BLK02339,2026-03-27,SEC_SHI_PUN,JOINT,11:55,13:24,89,149,5,5,117,132,59.7,CANCELLED,True
BLK02340,2026-01-21,SEC_MUM_DAD,TRD,18:12,20:13,121,167,4,7,8,8,72.5,CANCELLED,True
BLK02341,2026-01-13,SEC_KAR_KHA,Engineering,06:57,07:48,51,71,2,8,53,124,71.8,CANCELLED,True
BLK02342,2026-03-01,SEC_KHA_LON,Engineering,07:13,08:31,78,97,6,1,55,58,80.4,PARTIAL,True
BLK02343,2026-03-12,SEC_TAL_CHI,JOINT,09:17,12:24,187,246,3,8,59,101,76.0,PARTIAL,True
BLK02344,2026-02-16,SEC_KAL_KAR,Engineering,09:20,11:34,134,193,1,4,23,17,69.4,COMPLETED,True
BLK02345,2026-01-02,SEC_KAR_KHA,TRD,11:57,13:01,64,88,5,8,58,81,72.7,PARTIAL,True
BLK02346,2026-02-25,SEC_THA_KAL,S&T,14:59,17:27,148,170,2,0,1,51,87.1,COMPLETED,True
BLK02347,2026-02-16,SEC_DAD_THA,JOINT,17:05,19:59,174,172,6,2,14,23,100.0,PARTIAL,True
BLK02348,2026-01-23,SEC_MUM_DAD,TRD,07:58,10:28,150,178,4,5,34,100,84.3,CANCELLED,True
BLK02349,2026-01-18,SEC_KHA_LON,TRD,07:17,08:17,60,100,6,3,68,41,60.0,PARTIAL,True
BLK02350,2026-01-10,SEC_KHA_LON,TRD,13:39,14:48,69,113,5,5,71,108,61.1,COMPLETED,True
BLK02351,2026-02-26,SEC_KAL_KAR,Engineering,13:47,14:46,59,99,4,1,8,143,59.6,COMPLETED,True
BLK02352,2026-01-25,SEC_CHI_SHI,JOINT,07:45,08:33,48,47,6,2,36,13,100.0,CANCELLED,True
BLK02353,2026-02-07,SEC_DAD_THA,Engineering,18:45,20:19,94,143,5,0,52,32,65.7,PARTIAL,True
BLK02354,2026-01-20,SEC_KAL_KAR,S&T,13:28,15:27,119,119,1,0,98,55,100.0,PARTIAL,True
BLK02355,2026-03-31,SEC_SHI_PUN,JOINT,08:00,09:11,71,114,2,6,51,52,62.3,COMPLETED,True
BLK02356,2026-02-08,SEC_THA_KAL,JOINT,12:57,14:00,63,56,5,3,97,22,100.0,PARTIAL,True
BLK02357,2026-03-16,SEC_KAL_KAR,Engineering,16:30,18:41,131,157,1,5,26,61,83.4,COMPLETED,True
BLK02358,2026-01-26,SEC_THA_KAL,JOINT,09:47,11:14,87,107,2,5,109,123,81.3,PARTIAL,True
BLK02359,2026-02-05,SEC_CHI_SHI,S&T,10:18,12:50,152,199,6,3,113,33,76.4,PARTIAL,True
BLK02360,2026-03-08,SEC_SHI_PUN,TRD,06:35,07:55,80,117,4,8,93,140,68.4,CANCELLED,True
BLK02361,2026-02-12,SEC_SHI_PUN,TRD,10:37,13:29,172,194,5,6,4,9,88.7,COMPLETED,True
BLK02362,2026-03-20,SEC_MUM_DAD,TRD,07:39,08:24,45,50,4,3,73,109,90.0,CANCELLED,True
BLK02363,2026-02-18,SEC_DAD_THA,TRD,11:20,12:07,47,100,3,7,48,24,47.0,COMPLETED,True
BLK02364,2026-01-26,SEC_THA_KAL,JOINT,18:00,20:14,134,159,5,1,62,103,84.3,PARTIAL,True
BLK02365,2026-02-24,SEC_KAL_KAR,JOINT,18:40,20:59,139,168,3,8,78,19,82.7,COMPLETED,True
BLK02366,2026-01-05,SEC_DAD_THA,Engineering,07:18,09:29,131,178,4,5,58,49,73.6,COMPLETED,True
BLK02367,2026-01-23,SEC_DAD_THA,S&T,11:55,13:30,95,144,3,7,10,133,66.0,PARTIAL,True
BLK02368,2026-01-10,SEC_DAD_THA,JOINT,06:13,07:55,102,160,2,4,23,0,63.8,CANCELLED,True
BLK02369,2026-02-01,SEC_KHA_LON,Engineering,17:18,18:53,95,102,5,3,31,37,93.1,COMPLETED,True
BLK02370,2026-01-30,SEC_TAL_CHI,Engineering,10:51,13:02,131,147,3,0,44,6,89.1,COMPLETED,True
BLK02371,2026-01-11,SEC_KAL_KAR,JOINT,18:06,19:59,113,106,4,1,41,91,100.0,PARTIAL,True
BLK02372,2026-02-03,SEC_SHI_PUN,S&T,08:21,11:04,163,164,2,5,28,101,99.4,CANCELLED,True
BLK02373,2026-02-26,SEC_LON_TAL,Engineering,15:12,17:34,142,199,6,4,29,75,71.4,COMPLETED,True
BLK02374,2026-01-18,SEC_DAD_THA,JOINT,13:19,15:03,104,150,4,1,15,108,69.3,CANCELLED,True
BLK02375,2026-02-12,SEC_CHI_SHI,TRD,17:51,19:11,80,94,2,2,103,133,85.1,PARTIAL,True
BLK02376,2026-03-07,SEC_SHI_PUN,JOINT,17:07,19:31,144,136,3,5,26,144,100.0,CANCELLED,True
BLK02377,2026-01-10,SEC_MUM_DAD,Engineering,12:37,13:43,66,66,4,2,69,1,100.0,CANCELLED,True
BLK02378,2026-03-11,SEC_DAD_THA,TRD,11:20,12:21,61,83,3,0,97,29,73.5,PARTIAL,True
BLK02379,2026-01-23,SEC_THA_KAL,Engineering,13:45,15:22,97,110,5,0,1,70,88.2,COMPLETED,True
BLK02380,2026-01-04,SEC_KAL_KAR,TRD,12:08,13:58,110,114,5,8,18,127,96.5,PARTIAL,True
BLK02381,2026-02-05,SEC_TAL_CHI,S&T,19:15,20:28,73,111,2,1,3,43,65.8,PARTIAL,True
BLK02382,2026-03-16,SEC_MUM_DAD,JOINT,15:58,18:11,133,156,2,3,2,130,85.3,PARTIAL,True
BLK02383,2026-02-05,SEC_KHA_LON,S&T,06:40,08:47,127,130,2,1,21,140,97.7,PARTIAL,True
BLK02384,2026-03-04,SEC_KHA_LON,TRD,13:38,15:18,100,139,4,4,93,5,71.9,COMPLETED,True
BLK02385,2026-02-17,SEC_SHI_PUN,TRD,08:03,10:20,137,149,2,2,102,115,91.9,CANCELLED,True
BLK02386,2026-03-04,SEC_CHI_SHI,S&T,07:57,10:39,162,208,6,0,9,106,77.9,COMPLETED,True
BLK02387,2026-01-01,SEC_KAR_KHA,JOINT,10:15,11:34,79,96,1,6,52,4,82.3,COMPLETED,True
BLK02388,2026-03-07,SEC_LON_TAL,S&T,08:32,10:02,90,119,4,1,104,77,75.6,COMPLETED,True
BLK02389,2026-02-06,SEC_KAL_KAR,TRD,08:56,10:25,89,80,6,8,118,19,100.0,PARTIAL,True
BLK02390,2026-01-04,SEC_CHI_SHI,TRD,10:26,12:43,137,127,4,8,2,26,100.0,CANCELLED,True
BLK02391,2026-01-01,SEC_KAL_KAR,Engineering,18:25,21:11,166,196,4,7,38,91,84.7,PARTIAL,True
BLK02392,2026-02-14,SEC_KAL_KAR,S&T,19:12,20:59,107,116,2,7,80,145,92.2,PARTIAL,True
BLK02393,2026-01-28,SEC_SHI_PUN,Engineering,15:54,18:31,157,171,1,7,59,36,91.8,CANCELLED,True
BLK02394,2026-01-01,SEC_KAL_KAR,TRD,10:43,12:59,136,177,5,4,83,136,76.8,PARTIAL,True
BLK02395,2026-01-01,SEC_LON_TAL,S&T,09:07,11:55,168,223,3,5,113,119,75.3,COMPLETED,True
BLK02396,2026-01-03,SEC_MUM_DAD,S&T,16:09,17:26,77,73,1,8,6,30,100.0,CANCELLED,True
BLK02397,2026-01-24,SEC_MUM_DAD,TRD,17:17,19:57,160,170,5,7,109,146,94.1,PARTIAL,True
BLK02398,2026-01-03,SEC_THA_KAL,TRD,14:13,16:55,162,159,4,6,85,62,100.0,CANCELLED,True
BLK02399,2026-01-26,SEC_LON_TAL,S&T,15:29,16:43,74,76,2,4,87,107,97.4,COMPLETED,True
BLK02400,2026-01-14,SEC_TAL_CHI,TRD,09:58,13:00,182,232,3,6,74,40,78.4,PARTIAL,True
BLK02401,2026-01-02,SEC_CHI_SHI,S&T,15:34,17:54,140,148,5,7,58,36,94.6,COMPLETED,True
BLK02402,2026-01-15,SEC_THA_KAL,S&T,09:29,10:45,76,90,1,2,76,74,84.4,COMPLETED,True
BLK02403,2026-03-28,SEC_KAR_KHA,S&T,10:42,13:00,138,138,2,0,88,39,100.0,COMPLETED,True
BLK02404,2026-02-20,SEC_LON_TAL,JOINT,12:12,13:00,48,55,4,6,71,20,87.3,PARTIAL,True
BLK02405,2026-02-25,SEC_MUM_DAD,S&T,13:56,15:27,91,102,4,2,90,27,89.2,COMPLETED,True
BLK02406,2026-02-04,SEC_THA_KAL,TRD,19:51,21:14,83,96,3,4,50,39,86.5,PARTIAL,True
BLK02407,2026-02-04,SEC_SHI_PUN,JOINT,07:37,08:41,64,55,3,2,2,49,100.0,COMPLETED,True
BLK02408,2026-01-26,SEC_LON_TAL,S&T,07:25,08:25,60,55,3,8,86,67,100.0,CANCELLED,True
BLK02409,2026-02-28,SEC_CHI_SHI,Engineering,18:09,20:42,153,202,3,7,12,57,75.7,COMPLETED,True
BLK02410,2026-02-12,SEC_KAL_KAR,Engineering,16:22,19:23,181,182,3,7,34,132,99.5,COMPLETED,True
BLK02411,2026-02-13,SEC_LON_TAL,TRD,11:08,13:37,149,197,5,5,26,110,75.6,PARTIAL,True
BLK02412,2026-03-29,SEC_TAL_CHI,Engineering,14:12,16:43,151,171,2,2,4,148,88.3,CANCELLED,True
BLK02413,2026-01-31,SEC_KAR_KHA,S&T,16:43,19:00,137,195,2,8,115,121,70.3,PARTIAL,True
BLK02414,2026-03-21,SEC_KHA_LON,Engineering,10:38,12:39,121,137,4,5,96,58,88.3,PARTIAL,True
BLK02415,2026-03-19,SEC_CHI_SHI,Engineering,14:07,15:57,110,162,5,5,89,81,67.9,CANCELLED,True
BLK02416,2026-02-12,SEC_KAL_KAR,Engineering,15:27,17:52,145,161,6,2,62,4,90.1,PARTIAL,True
BLK02417,2026-01-31,SEC_MUM_DAD,TRD,13:30,14:36,66,75,6,3,117,57,88.0,COMPLETED,True
BLK02418,2026-01-19,SEC_MUM_DAD,TRD,10:57,14:07,190,243,2,7,56,51,78.2,PARTIAL,True
BLK02419,2026-02-07,SEC_MUM_DAD,JOINT,12:05,14:35,150,166,4,1,23,73,90.4,COMPLETED,True
BLK02420,2026-02-27,SEC_KAR_KHA,Engineering,15:01,16:39,98,105,5,5,103,8,93.3,PARTIAL,True
BLK02421,2026-03-04,SEC_LON_TAL,TRD,18:27,20:12,105,105,4,1,6,15,100.0,PARTIAL,True
BLK02422,2026-01-18,SEC_TAL_CHI,S&T,17:07,19:20,133,129,2,5,111,139,100.0,COMPLETED,True
BLK02423,2026-02-02,SEC_SHI_PUN,TRD,14:45,16:39,114,165,3,3,111,52,69.1,CANCELLED,True
BLK02424,2026-01-30,SEC_KHA_LON,TRD,11:20,12:49,89,79,5,4,110,24,100.0,CANCELLED,True
BLK02425,2026-02-25,SEC_CHI_SHI,TRD,16:22,18:23,121,117,5,3,52,117,100.0,PARTIAL,True
BLK02426,2026-02-23,SEC_MUM_DAD,TRD,15:10,17:53,163,203,5,5,100,146,80.3,PARTIAL,True
BLK02427,2026-02-21,SEC_KAR_KHA,Engineering,06:37,07:52,75,111,5,7,32,138,67.6,COMPLETED,True
BLK02428,2026-01-26,SEC_CHI_SHI,TRD,13:06,15:21,135,155,2,0,72,33,87.1,PARTIAL,True
BLK02429,2026-02-13,SEC_LON_TAL,JOINT,11:55,15:06,191,196,2,8,49,145,97.4,COMPLETED,True
BLK02430,2026-03-31,SEC_DAD_THA,S&T,16:39,19:36,177,213,4,2,69,4,83.1,PARTIAL,True
BLK02431,2026-03-05,SEC_TAL_CHI,Engineering,11:13,13:54,161,205,2,7,7,100,78.5,PARTIAL,True
BLK02432,2026-03-02,SEC_KAL_KAR,S&T,16:09,17:14,65,60,4,7,26,44,100.0,PARTIAL,True
BLK02433,2026-01-31,SEC_THA_KAL,Engineering,07:06,08:00,54,101,6,0,110,83,53.5,PARTIAL,True
BLK02434,2026-01-04,SEC_TAL_CHI,TRD,07:25,08:31,66,78,2,8,113,114,84.6,CANCELLED,True
BLK02435,2026-01-16,SEC_SHI_PUN,JOINT,07:56,09:51,115,153,3,4,19,78,75.2,CANCELLED,True
BLK02436,2026-03-22,SEC_TAL_CHI,S&T,12:01,13:45,104,139,4,3,62,11,74.8,CANCELLED,True
BLK02437,2026-02-23,SEC_TAL_CHI,TRD,10:05,11:18,73,92,4,2,74,72,79.3,PARTIAL,True
BLK02438,2026-03-05,SEC_SHI_PUN,TRD,19:03,21:03,120,133,6,4,36,35,90.2,PARTIAL,True
BLK02439,2026-02-28,SEC_DAD_THA,Engineering,06:08,08:15,127,133,1,1,38,11,95.5,PARTIAL,True
BLK02440,2026-02-01,SEC_MUM_DAD,Engineering,12:51,15:45,174,182,3,5,100,37,95.6,COMPLETED,True
BLK02441,2026-02-21,SEC_KAL_KAR,JOINT,17:24,19:47,143,178,4,4,43,109,80.3,CANCELLED,True
BLK02442,2026-01-28,SEC_KAL_KAR,TRD,08:44,11:36,172,228,4,0,108,61,75.4,CANCELLED,True
BLK02443,2026-03-14,SEC_CHI_SHI,JOINT,06:48,09:44,176,185,6,3,34,93,95.1,COMPLETED,True
BLK02444,2026-01-23,SEC_SHI_PUN,JOINT,13:54,15:39,105,154,6,5,118,123,68.2,COMPLETED,True
BLK02445,2026-01-27,SEC_DAD_THA,S&T,12:12,14:52,160,167,2,4,76,66,95.8,PARTIAL,True
BLK02446,2026-03-05,SEC_MUM_DAD,TRD,18:05,19:05,60,52,6,0,104,143,100.0,PARTIAL,True
BLK02447,2026-03-01,SEC_THA_KAL,Engineering,17:33,19:34,121,147,4,2,43,17,82.3,PARTIAL,True
BLK02448,2026-02-03,SEC_MUM_DAD,JOINT,13:03,16:01,178,171,1,8,16,145,100.0,PARTIAL,True
BLK02449,2026-01-09,SEC_TAL_CHI,S&T,10:00,11:42,102,156,6,2,19,17,65.4,PARTIAL,True
BLK02450,2026-03-22,SEC_CHI_SHI,TRD,08:48,10:44,116,106,6,7,54,94,100.0,CANCELLED,True
BLK02451,2026-02-23,SEC_KHA_LON,S&T,13:52,15:40,108,155,6,6,103,13,69.7,CANCELLED,True
BLK02452,2026-02-25,SEC_KHA_LON,S&T,16:31,18:06,95,153,6,8,5,140,62.1,PARTIAL,True
BLK02453,2026-01-30,SEC_DAD_THA,S&T,07:03,08:56,113,108,4,4,102,26,100.0,PARTIAL,True
BLK02454,2026-01-19,SEC_THA_KAL,S&T,18:43,21:27,164,169,3,3,93,23,97.0,PARTIAL,True
BLK02455,2026-03-26,SEC_KAL_KAR,JOINT,07:53,09:27,94,133,2,7,44,66,70.7,COMPLETED,True
BLK02456,2026-03-07,SEC_LON_TAL,Engineering,17:15,18:55,100,95,4,0,94,79,100.0,CANCELLED,True
BLK02457,2026-01-05,SEC_TAL_CHI,TRD,13:32,15:15,103,101,4,8,48,104,100.0,COMPLETED,True
BLK02458,2026-01-10,SEC_SHI_PUN,TRD,18:53,20:54,121,139,4,3,38,118,87.1,PARTIAL,True
BLK02459,2026-03-07,SEC_CHI_SHI,JOINT,19:16,20:30,74,126,6,5,95,79,58.7,PARTIAL,True
BLK02460,2026-01-11,SEC_CHI_SHI,JOINT,13:55,16:43,168,223,5,1,6,130,75.3,CANCELLED,True
BLK02461,2026-01-25,SEC_MUM_DAD,Engineering,12:04,13:48,104,125,6,6,66,142,83.2,CANCELLED,True
BLK02462,2026-01-06,SEC_SHI_PUN,Engineering,15:25,17:10,105,95,2,2,61,146,100.0,COMPLETED,True
BLK02463,2026-01-02,SEC_CHI_SHI,Engineering,14:30,16:57,147,193,5,2,74,51,76.2,PARTIAL,True
BLK02464,2026-03-05,SEC_CHI_SHI,S&T,14:30,16:53,143,164,6,8,94,97,87.2,COMPLETED,True
BLK02465,2026-01-28,SEC_KAR_KHA,Engineering,10:53,12:47,114,136,4,2,46,89,83.8,COMPLETED,True
BLK02466,2026-03-03,SEC_KAR_KHA,JOINT,08:34,11:27,173,183,4,6,41,134,94.5,PARTIAL,True
BLK02467,2026-01-02,SEC_KAL_KAR,TRD,08:38,11:19,161,153,4,4,13,30,100.0,COMPLETED,True
BLK02468,2026-02-09,SEC_SHI_PUN,JOINT,09:19,10:12,53,94,6,5,87,145,56.4,PARTIAL,True
BLK02469,2026-03-06,SEC_CHI_SHI,JOINT,10:03,13:24,201,256,5,5,59,111,78.5,PARTIAL,True
BLK02470,2026-03-31,SEC_KAL_KAR,TRD,09:33,10:54,81,111,1,2,90,94,73.0,PARTIAL,True
BLK02471,2026-01-07,SEC_TAL_CHI,JOINT,10:28,13:32,184,201,3,2,116,23,91.5,CANCELLED,True
BLK02472,2026-03-24,SEC_DAD_THA,TRD,07:10,09:57,167,223,3,1,18,88,74.9,PARTIAL,True
BLK02473,2026-02-18,SEC_MUM_DAD,TRD,06:59,08:21,82,112,1,3,7,100,73.2,CANCELLED,True
BLK02474,2026-01-27,SEC_THA_KAL,S&T,14:09,15:45,96,114,2,4,60,128,84.2,CANCELLED,True
BLK02475,2026-02-14,SEC_LON_TAL,TRD,16:05,18:07,122,175,1,7,34,46,69.7,COMPLETED,True
BLK02476,2026-03-07,SEC_THA_KAL,TRD,18:11,20:26,135,178,2,1,20,122,75.8,COMPLETED,True
BLK02477,2026-01-31,SEC_MUM_DAD,S&T,07:27,08:50,83,78,2,3,33,85,100.0,PARTIAL,True
BLK02478,2026-02-23,SEC_MUM_DAD,Engineering,09:07,10:32,85,106,1,1,77,88,80.2,PARTIAL,True
BLK02479,2026-03-28,SEC_SHI_PUN,S&T,10:39,13:16,157,215,2,7,75,38,73.0,CANCELLED,True
BLK02480,2026-03-22,SEC_THA_KAL,TRD,08:49,10:18,89,145,6,5,10,8,61.4,PARTIAL,True
BLK02481,2026-01-23,SEC_SHI_PUN,JOINT,12:55,15:16,141,157,4,0,5,112,89.8,COMPLETED,True
BLK02482,2026-03-02,SEC_KHA_LON,TRD,13:25,15:16,111,126,5,2,6,2,88.1,PARTIAL,True
BLK02483,2026-01-02,SEC_KAR_KHA,TRD,18:27,20:42,135,173,2,0,4,77,78.0,PARTIAL,True
BLK02484,2026-01-21,SEC_TAL_CHI,S&T,13:35,14:40,65,57,6,8,111,92,100.0,CANCELLED,True
BLK02485,2026-01-08,SEC_TAL_CHI,JOINT,07:06,08:51,105,128,5,6,66,124,82.0,CANCELLED,True
BLK02486,2026-03-03,SEC_MUM_DAD,Engineering,19:20,20:37,77,67,5,5,45,107,100.0,PARTIAL,True
BLK02487,2026-01-20,SEC_SHI_PUN,JOINT,18:47,19:35,48,59,2,8,57,51,81.4,COMPLETED,True
BLK02488,2026-01-22,SEC_KHA_LON,TRD,11:57,13:15,78,133,6,6,75,72,58.6,COMPLETED,True
BLK02489,2026-01-25,SEC_MUM_DAD,JOINT,12:13,13:46,93,123,3,2,1,38,75.6,COMPLETED,True
BLK02490,2026-02-06,SEC_KAL_KAR,Engineering,07:22,08:49,87,92,3,0,85,88,94.6,COMPLETED,True
BLK02491,2026-02-05,SEC_KHA_LON,Engineering,16:00,16:53,53,101,5,6,8,3,52.5,PARTIAL,True
BLK02492,2026-02-05,SEC_THA_KAL,TRD,14:57,18:10,193,189,5,5,4,10,100.0,COMPLETED,True
BLK02493,2026-03-23,SEC_THA_KAL,JOINT,16:58,19:27,149,153,1,3,120,126,97.4,COMPLETED,True
BLK02494,2026-03-22,SEC_MUM_DAD,JOINT,12:34,15:32,178,173,4,7,36,75,100.0,PARTIAL,True
BLK02495,2026-03-11,SEC_DAD_THA,Engineering,13:48,15:35,107,157,6,2,43,85,68.2,COMPLETED,True
BLK02496,2026-02-19,SEC_SHI_PUN,Engineering,14:11,17:02,171,189,6,0,91,96,90.5,CANCELLED,True
BLK02497,2026-03-30,SEC_LON_TAL,TRD,11:06,13:03,117,120,5,0,12,142,97.5,PARTIAL,True
BLK02498,2026-02-19,SEC_THA_KAL,JOINT,15:18,16:43,85,136,2,7,94,106,62.5,PARTIAL,True
BLK02499,2026-03-23,SEC_MUM_DAD,S&T,16:56,19:22,146,183,2,7,69,39,79.8,COMPLETED,True
BLK02500,2026-03-15,SEC_LON_TAL,TRD,12:35,15:04,149,157,3,4,75,122,94.9,COMPLETED,True
BLK02501,2026-01-03,SEC_THA_KAL,Engineering,06:52,09:20,148,169,5,4,63,46,87.6,PARTIAL,True
BLK02502,2026-01-07,SEC_KHA_LON,JOINT,08:02,10:09,127,170,1,8,118,42,74.7,COMPLETED,True
BLK02503,2026-03-04,SEC_MUM_DAD,S&T,12:18,15:11,173,196,5,7,16,9,88.3,COMPLETED,True
BLK02504,2026-01-06,SEC_KAL_KAR,S&T,16:17,17:39,82,85,5,6,75,90,96.5,PARTIAL,True
BLK02505,2026-03-16,SEC_DAD_THA,JOINT,07:11,10:10,179,233,4,6,55,65,76.8,PARTIAL,True
BLK02506,2026-02-15,SEC_SHI_PUN,S&T,17:51,19:14,83,75,6,7,39,32,100.0,COMPLETED,True
BLK02507,2026-03-20,SEC_CHI_SHI,TRD,11:47,14:25,158,185,6,3,17,7,85.4,CANCELLED,True
BLK02508,2026-01-31,SEC_MUM_DAD,JOINT,16:03,17:41,98,88,2,4,60,115,100.0,CANCELLED,True
BLK02509,2026-02-21,SEC_KHA_LON,TRD,07:42,09:36,114,110,6,7,120,137,100.0,COMPLETED,True
BLK02510,2026-01-26,SEC_KAL_KAR,S&T,08:26,11:06,160,173,2,7,84,23,92.5,COMPLETED,True
BLK02511,2026-03-25,SEC_SHI_PUN,JOINT,15:48,17:41,113,122,2,1,77,146,92.6,CANCELLED,True
BLK02512,2026-03-09,SEC_MUM_DAD,Engineering,18:22,19:11,49,68,6,7,90,67,72.1,PARTIAL,True
BLK02513,2026-03-02,SEC_TAL_CHI,Engineering,17:02,19:46,164,190,5,6,88,7,86.3,PARTIAL,True
BLK02514,2026-03-26,SEC_KAR_KHA,S&T,11:41,14:37,176,203,1,1,95,106,86.7,COMPLETED,True
BLK02515,2026-01-17,SEC_CHI_SHI,TRD,17:22,19:41,139,148,1,0,34,119,93.9,CANCELLED,True
BLK02516,2026-02-19,SEC_THA_KAL,S&T,08:11,11:02,171,225,5,5,34,91,76.0,CANCELLED,True
BLK02517,2026-03-16,SEC_MUM_DAD,S&T,15:33,16:27,54,72,2,0,24,138,75.0,CANCELLED,True
BLK02518,2026-03-08,SEC_DAD_THA,S&T,17:14,18:44,90,122,2,8,70,51,73.8,COMPLETED,True
BLK02519,2026-03-21,SEC_LON_TAL,S&T,10:58,12:12,74,124,1,3,99,12,59.7,PARTIAL,True
BLK02520,2026-01-02,SEC_THA_KAL,TRD,06:05,07:58,113,127,4,0,56,69,89.0,PARTIAL,True
BLK02521,2026-01-12,SEC_TAL_CHI,JOINT,15:21,18:41,200,223,3,7,120,57,89.7,PARTIAL,True
BLK02522,2026-01-26,SEC_THA_KAL,Engineering,18:40,20:19,99,130,3,6,20,122,76.2,PARTIAL,True
BLK02523,2026-02-09,SEC_KAL_KAR,TRD,13:43,16:40,177,226,3,6,95,139,78.3,PARTIAL,True
BLK02524,2026-02-17,SEC_CHI_SHI,Engineering,10:29,11:33,64,119,3,3,91,13,53.8,CANCELLED,True
BLK02525,2026-02-12,SEC_KHA_LON,Engineering,14:33,16:04,91,97,3,1,50,127,93.8,PARTIAL,True
BLK02526,2026-01-10,SEC_KAL_KAR,TRD,07:10,08:19,69,77,3,4,25,48,89.6,PARTIAL,True
BLK02527,2026-02-27,SEC_TAL_CHI,JOINT,07:42,10:38,176,202,4,6,103,98,87.1,CANCELLED,True
BLK02528,2026-03-09,SEC_SHI_PUN,S&T,17:19,20:01,162,156,6,7,95,41,100.0,CANCELLED,True
BLK02529,2026-03-18,SEC_DAD_THA,TRD,17:23,19:22,119,136,2,5,83,68,87.5,CANCELLED,True
BLK02530,2026-03-19,SEC_THA_KAL,Engineering,06:16,07:08,52,99,1,4,19,107,52.5,PARTIAL,True
BLK02531,2026-01-30,SEC_THA_KAL,JOINT,06:26,07:41,75,118,5,5,8,59,63.6,CANCELLED,True
BLK02532,2026-01-13,SEC_TAL_CHI,Engineering,06:46,09:34,168,220,6,1,33,2,76.4,CANCELLED,True
BLK02533,2026-03-08,SEC_CHI_SHI,Engineering,06:46,07:41,55,80,3,5,29,39,68.8,COMPLETED,True
BLK02534,2026-02-03,SEC_KAR_KHA,Engineering,16:53,20:06,193,216,1,5,108,145,89.4,COMPLETED,True
BLK02535,2026-02-28,SEC_KHA_LON,TRD,11:36,13:58,142,162,1,8,91,108,87.7,PARTIAL,True
BLK02536,2026-03-20,SEC_DAD_THA,TRD,11:39,12:58,79,123,3,7,23,128,64.2,COMPLETED,True
BLK02537,2026-01-31,SEC_MUM_DAD,TRD,13:48,16:40,172,182,5,6,4,89,94.5,COMPLETED,True
BLK02538,2026-02-10,SEC_KAL_KAR,JOINT,12:14,15:01,167,222,6,6,110,24,75.2,CANCELLED,True
BLK02539,2026-03-17,SEC_KAR_KHA,JOINT,08:40,11:15,155,212,2,2,6,43,73.1,COMPLETED,True
BLK02540,2026-01-29,SEC_KHA_LON,S&T,18:30,21:16,166,203,1,3,83,104,81.8,PARTIAL,True
BLK02541,2026-02-06,SEC_KAL_KAR,JOINT,12:19,14:21,122,163,4,0,53,128,74.8,CANCELLED,True
BLK02542,2026-01-12,SEC_MUM_DAD,S&T,09:38,12:07,149,177,3,5,99,134,84.2,COMPLETED,True
BLK02543,2026-03-03,SEC_DAD_THA,Engineering,14:58,17:32,154,166,4,2,22,119,92.8,COMPLETED,True
BLK02544,2026-01-02,SEC_LON_TAL,Engineering,16:08,18:16,128,118,4,3,23,116,100.0,PARTIAL,True
BLK02545,2026-01-24,SEC_TAL_CHI,JOINT,07:02,09:41,159,206,3,3,1,23,77.2,CANCELLED,True
BLK02546,2026-01-08,SEC_TAL_CHI,TRD,09:48,12:14,146,172,5,3,12,13,84.9,CANCELLED,True
BLK02547,2026-01-11,SEC_KAL_KAR,Engineering,08:46,10:27,101,110,1,6,110,141,91.8,PARTIAL,True
BLK02548,2026-03-14,SEC_LON_TAL,Engineering,17:47,20:38,171,220,4,3,115,78,77.7,COMPLETED,True
BLK02549,2026-03-17,SEC_THA_KAL,TRD,13:01,14:45,104,163,2,1,60,28,63.8,COMPLETED,True
BLK02550,2026-02-05,SEC_KHA_LON,S&T,09:26,10:43,77,67,5,2,17,21,100.0,COMPLETED,True
BLK02551,2026-02-09,SEC_KAL_KAR,JOINT,17:50,20:53,183,180,4,4,55,134,100.0,PARTIAL,True
BLK02552,2026-02-14,SEC_MUM_DAD,S&T,09:02,10:10,68,126,6,8,99,90,54.0,PARTIAL,True
BLK02553,2026-01-11,SEC_MUM_DAD,JOINT,07:06,10:36,210,263,3,2,91,84,79.8,CANCELLED,True
BLK02554,2026-01-20,SEC_KAR_KHA,S&T,11:03,12:46,103,162,5,0,55,99,63.6,PARTIAL,True
BLK02555,2026-02-23,SEC_MUM_DAD,JOINT,09:05,12:13,188,230,5,7,3,20,81.7,CANCELLED,True
BLK02556,2026-01-14,SEC_DAD_THA,JOINT,18:16,19:14,58,96,3,7,35,0,60.4,COMPLETED,True
BLK02557,2026-02-10,SEC_KHA_LON,S&T,17:22,18:56,94,121,2,4,120,63,77.7,PARTIAL,True
BLK02558,2026-03-25,SEC_LON_TAL,TRD,14:39,16:47,128,170,1,5,57,100,75.3,PARTIAL,True
BLK02559,2026-01-27,SEC_KHA_LON,S&T,11:04,13:37,153,174,6,1,117,67,87.9,COMPLETED,True
BLK02560,2026-03-11,SEC_MUM_DAD,JOINT,07:44,10:02,138,195,4,5,0,148,70.8,COMPLETED,True
BLK02561,2026-02-28,SEC_TAL_CHI,S&T,16:49,18:12,83,100,6,2,56,13,83.0,COMPLETED,True
BLK02562,2026-03-14,SEC_TAL_CHI,S&T,11:41,14:07,146,184,3,4,23,44,79.3,PARTIAL,True
BLK02563,2026-02-24,SEC_CHI_SHI,S&T,15:57,19:09,192,223,5,1,26,120,86.1,PARTIAL,True
BLK02564,2026-03-03,SEC_MUM_DAD,Engineering,09:45,12:35,170,174,1,6,62,97,97.7,CANCELLED,True
BLK02565,2026-02-22,SEC_LON_TAL,TRD,15:03,18:00,177,231,4,4,25,24,76.6,PARTIAL,True
BLK02566,2026-02-07,SEC_TAL_CHI,S&T,17:21,18:10,49,107,3,0,83,51,45.8,COMPLETED,True
BLK02567,2026-03-24,SEC_KAR_KHA,S&T,12:38,14:12,94,105,3,7,114,41,89.5,COMPLETED,True
BLK02568,2026-01-16,SEC_KAL_KAR,Engineering,15:34,16:27,53,61,4,1,83,136,86.9,CANCELLED,True
BLK02569,2026-03-04,SEC_MUM_DAD,JOINT,06:19,08:23,124,171,1,3,30,41,72.5,COMPLETED,True
BLK02570,2026-03-02,SEC_SHI_PUN,JOINT,16:59,18:26,87,133,5,5,14,22,65.4,COMPLETED,True
BLK02571,2026-02-07,SEC_KHA_LON,S&T,17:46,20:11,145,153,4,4,65,34,94.8,CANCELLED,True
BLK02572,2026-02-13,SEC_KAL_KAR,JOINT,13:52,15:31,99,111,3,3,21,58,89.2,COMPLETED,True
BLK02573,2026-03-10,SEC_LON_TAL,TRD,07:40,10:36,176,192,2,4,14,147,91.7,PARTIAL,True
BLK02574,2026-01-21,SEC_LON_TAL,S&T,06:03,08:09,126,145,1,2,64,36,86.9,PARTIAL,True
BLK02575,2026-02-16,SEC_MUM_DAD,JOINT,18:36,20:25,109,151,3,2,63,71,72.2,PARTIAL,True
BLK02576,2026-02-23,SEC_MUM_DAD,Engineering,10:34,12:22,108,126,3,8,37,121,85.7,COMPLETED,True
BLK02577,2026-03-09,SEC_KHA_LON,S&T,15:38,18:33,175,188,1,8,29,54,93.1,COMPLETED,True
BLK02578,2026-03-23,SEC_CHI_SHI,TRD,17:32,18:31,59,56,5,6,118,73,100.0,CANCELLED,True
BLK02579,2026-02-06,SEC_KHA_LON,S&T,07:21,10:00,159,153,4,6,109,95,100.0,CANCELLED,True
BLK02580,2026-03-20,SEC_THA_KAL,TRD,08:46,11:05,139,135,6,7,83,6,100.0,PARTIAL,True
BLK02581,2026-03-11,SEC_KAR_KHA,Engineering,14:41,16:55,134,124,2,2,40,110,100.0,CANCELLED,True
BLK02582,2026-03-03,SEC_KAR_KHA,S&T,11:32,13:36,124,132,6,3,31,28,93.9,COMPLETED,True
BLK02583,2026-01-28,SEC_KHA_LON,Engineering,13:58,16:17,139,142,1,1,72,55,97.9,CANCELLED,True
BLK02584,2026-02-15,SEC_LON_TAL,JOINT,09:12,11:17,125,164,1,0,2,77,76.2,COMPLETED,True
BLK02585,2026-01-27,SEC_MUM_DAD,TRD,06:23,07:21,58,69,6,0,116,77,84.1,COMPLETED,True
BLK02586,2026-03-07,SEC_KHA_LON,Engineering,17:24,18:14,50,104,3,1,23,102,48.1,CANCELLED,True
BLK02587,2026-01-13,SEC_THA_KAL,Engineering,13:22,15:48,146,194,3,0,9,140,75.3,PARTIAL,True
BLK02588,2026-02-10,SEC_KAL_KAR,S&T,10:33,12:54,141,171,5,4,111,122,82.5,CANCELLED,True
BLK02589,2026-02-14,SEC_KHA_LON,TRD,09:50,12:04,134,154,5,3,98,13,87.0,CANCELLED,True
BLK02590,2026-03-08,SEC_MUM_DAD,JOINT,08:24,09:55,91,93,5,8,75,33,97.8,CANCELLED,True
BLK02591,2026-02-01,SEC_KAL_KAR,TRD,18:15,20:34,139,158,4,1,106,45,88.0,PARTIAL,True
BLK02592,2026-01-08,SEC_THA_KAL,JOINT,08:34,10:23,109,129,5,3,120,20,84.5,CANCELLED,True
BLK02593,2026-01-07,SEC_THA_KAL,S&T,09:19,11:08,109,148,5,4,50,49,73.6,CANCELLED,True
BLK02594,2026-02-20,SEC_KAL_KAR,Engineering,10:46,14:16,210,241,5,4,85,93,87.1,COMPLETED,True
BLK02595,2026-01-23,SEC_LON_TAL,Engineering,09:22,12:02,160,184,1,1,92,16,87.0,PARTIAL,True
BLK02596,2026-01-16,SEC_DAD_THA,JOINT,17:11,19:04,113,140,1,0,72,35,80.7,CANCELLED,True
BLK02597,2026-03-13,SEC_LON_TAL,JOINT,08:01,09:52,111,146,4,3,82,110,76.0,PARTIAL,True
BLK02598,2026-03-15,SEC_LON_TAL,S&T,11:11,13:01,110,125,3,2,7,25,88.0,CANCELLED,True
BLK02599,2026-01-31,SEC_KAL_KAR,TRD,13:00,15:42,162,201,4,4,9,124,80.6,CANCELLED,True
BLK02600,2026-03-29,SEC_KAR_KHA,JOINT,08:44,10:12,88,144,4,5,80,85,61.1,PARTIAL,True
BLK02601,2026-03-12,SEC_CHI_SHI,TRD,11:23,12:35,72,83,4,7,42,51,86.7,CANCELLED,True
BLK02602,2026-03-24,SEC_KAL_KAR,S&T,12:11,13:24,73,107,2,5,41,24,68.2,CANCELLED,True
BLK02603,2026-03-07,SEC_TAL_CHI,Engineering,12:18,13:43,85,132,1,8,43,94,64.4,PARTIAL,True
BLK02604,2026-03-05,SEC_TAL_CHI,TRD,08:06,10:53,167,200,2,0,3,142,83.5,CANCELLED,True
BLK02605,2026-03-21,SEC_KAR_KHA,S&T,11:48,14:43,175,217,4,4,81,82,80.6,COMPLETED,True
BLK02606,2026-03-05,SEC_KAR_KHA,S&T,08:31,11:05,154,194,1,3,111,5,79.4,CANCELLED,True
BLK02607,2026-01-08,SEC_KAR_KHA,S&T,13:06,15:16,130,164,2,0,27,86,79.3,COMPLETED,True
BLK02608,2026-01-07,SEC_TAL_CHI,Engineering,13:33,16:00,147,194,5,4,19,121,75.8,PARTIAL,True
BLK02609,2026-03-08,SEC_KAL_KAR,JOINT,09:18,12:18,180,174,6,4,120,8,100.0,COMPLETED,True
BLK02610,2026-03-07,SEC_CHI_SHI,TRD,12:46,15:51,185,178,3,1,12,41,100.0,CANCELLED,True
BLK02611,2026-03-13,SEC_THA_KAL,Engineering,09:26,11:19,113,120,2,3,37,79,94.2,PARTIAL,True
BLK02612,2026-03-18,SEC_KHA_LON,Engineering,16:50,19:07,137,135,6,8,43,129,100.0,PARTIAL,True
BLK02613,2026-02-25,SEC_THA_KAL,TRD,09:25,12:07,162,205,5,7,56,6,79.0,COMPLETED,True
BLK02614,2026-01-13,SEC_MUM_DAD,TRD,12:41,15:32,171,212,5,6,73,103,80.7,CANCELLED,True
BLK02615,2026-03-11,SEC_DAD_THA,Engineering,15:11,18:34,203,228,2,4,21,131,89.0,COMPLETED,True
BLK02616,2026-03-02,SEC_LON_TAL,S&T,11:40,14:17,157,186,5,0,64,1,84.4,PARTIAL,True
BLK02617,2026-03-23,SEC_CHI_SHI,TRD,09:56,11:42,106,150,4,5,10,50,70.7,COMPLETED,True
BLK02618,2026-02-13,SEC_CHI_SHI,JOINT,10:33,13:09,156,179,4,3,73,101,87.2,COMPLETED,True
BLK02619,2026-02-10,SEC_CHI_SHI,JOINT,10:42,12:45,123,138,6,6,43,37,89.1,PARTIAL,True
BLK02620,2026-01-17,SEC_LON_TAL,Engineering,12:00,14:41,161,180,1,0,57,138,89.4,PARTIAL,True
BLK02621,2026-02-12,SEC_KAR_KHA,S&T,08:37,11:57,200,197,2,3,83,52,100.0,CANCELLED,True
BLK02622,2026-03-19,SEC_DAD_THA,S&T,12:47,15:28,161,170,5,5,55,121,94.7,CANCELLED,True
BLK02623,2026-03-21,SEC_MUM_DAD,Engineering,07:36,10:13,157,155,4,5,80,135,100.0,PARTIAL,True
BLK02624,2026-01-26,SEC_KAR_KHA,Engineering,18:35,20:40,125,181,3,4,51,25,69.1,PARTIAL,True
BLK02625,2026-01-16,SEC_TAL_CHI,S&T,08:18,10:23,125,163,3,1,27,38,76.7,CANCELLED,True
BLK02626,2026-02-06,SEC_KHA_LON,S&T,08:01,10:23,142,155,2,1,104,86,91.6,PARTIAL,True
BLK02627,2026-02-22,SEC_CHI_SHI,JOINT,12:53,15:47,174,202,6,6,63,58,86.1,PARTIAL,True
BLK02628,2026-02-01,SEC_TAL_CHI,JOINT,09:55,10:53,58,103,5,7,41,8,56.3,PARTIAL,True
BLK02629,2026-02-09,SEC_DAD_THA,TRD,12:54,15:01,127,151,4,2,74,70,84.1,CANCELLED,True
BLK02630,2026-03-29,SEC_KHA_LON,JOINT,09:36,12:47,191,228,6,4,94,36,83.8,PARTIAL,True
BLK02631,2026-02-21,SEC_KHA_LON,S&T,07:00,08:14,74,131,5,7,73,3,56.5,PARTIAL,True
BLK02632,2026-03-18,SEC_TAL_CHI,Engineering,17:04,19:58,174,211,4,4,20,64,82.5,COMPLETED,True
BLK02633,2026-03-30,SEC_KAR_KHA,TRD,08:04,09:28,84,115,4,4,37,60,73.0,PARTIAL,True
BLK02634,2026-03-13,SEC_THA_KAL,TRD,14:31,16:36,125,159,6,2,93,132,78.6,COMPLETED,True
BLK02635,2026-01-12,SEC_DAD_THA,Engineering,13:38,16:03,145,183,3,8,70,149,79.2,PARTIAL,True
BLK02636,2026-03-10,SEC_KHA_LON,TRD,08:32,10:04,92,116,4,1,29,50,79.3,PARTIAL,True
BLK02637,2026-02-19,SEC_DAD_THA,JOINT,11:56,13:17,81,117,4,6,104,89,69.2,CANCELLED,True
BLK02638,2026-03-29,SEC_MUM_DAD,TRD,15:03,17:20,137,157,1,5,92,44,87.3,CANCELLED,True
BLK02639,2026-03-31,SEC_LON_TAL,JOINT,11:59,14:49,170,171,5,5,46,145,99.4,PARTIAL,True
BLK02640,2026-01-28,SEC_DAD_THA,S&T,16:42,18:31,109,132,6,4,23,17,82.6,CANCELLED,True
BLK02641,2026-03-18,SEC_THA_KAL,Engineering,11:32,13:43,131,160,6,8,46,130,81.9,PARTIAL,True
BLK02642,2026-02-26,SEC_KAL_KAR,TRD,16:19,18:13,114,162,2,4,69,102,70.4,COMPLETED,True
BLK02643,2026-02-21,SEC_LON_TAL,TRD,14:52,17:43,171,207,4,5,79,113,82.6,COMPLETED,True
BLK02644,2026-01-19,SEC_THA_KAL,JOINT,06:35,08:02,87,123,5,1,32,93,70.7,COMPLETED,True
BLK02645,2026-02-11,SEC_KHA_LON,TRD,13:47,15:02,75,87,4,7,31,68,86.2,COMPLETED,True
BLK02646,2026-03-18,SEC_KHA_LON,Engineering,11:58,13:32,94,101,6,7,14,117,93.1,PARTIAL,True
BLK02647,2026-01-17,SEC_TAL_CHI,Engineering,15:40,17:42,122,162,6,7,14,125,75.3,PARTIAL,True
BLK02648,2026-01-08,SEC_KAL_KAR,JOINT,18:26,19:14,48,63,6,8,61,27,76.2,PARTIAL,True
BLK02649,2026-01-22,SEC_KHA_LON,Engineering,10:43,12:24,101,98,6,0,25,5,100.0,COMPLETED,True
BLK02650,2026-03-25,SEC_LON_TAL,S&T,07:48,09:10,82,112,1,2,115,55,73.2,PARTIAL,True
BLK02651,2026-01-14,SEC_DAD_THA,TRD,11:08,13:43,155,188,3,3,77,72,82.4,PARTIAL,True
BLK02652,2026-01-13,SEC_LON_TAL,Engineering,12:41,15:14,153,182,1,8,66,72,84.1,COMPLETED,True
BLK02653,2026-03-27,SEC_MUM_DAD,JOINT,08:18,09:07,49,99,2,6,104,9,49.5,PARTIAL,True
BLK02654,2026-03-12,SEC_THA_KAL,Engineering,14:12,16:37,145,169,2,5,88,61,85.8,COMPLETED,True
BLK02655,2026-03-06,SEC_KAR_KHA,Engineering,08:34,09:54,80,138,1,8,9,20,58.0,PARTIAL,True
BLK02656,2026-01-18,SEC_TAL_CHI,JOINT,08:08,10:34,146,204,2,7,120,51,71.6,PARTIAL,True
BLK02657,2026-01-19,SEC_TAL_CHI,S&T,06:53,08:51,118,117,6,4,91,69,100.0,COMPLETED,True
BLK02658,2026-02-23,SEC_KHA_LON,S&T,17:57,19:55,118,175,1,6,59,70,67.4,COMPLETED,True
BLK02659,2026-02-06,SEC_KHA_LON,S&T,14:10,16:30,140,175,6,3,4,104,80.0,COMPLETED,True
BLK02660,2026-01-23,SEC_SHI_PUN,Engineering,19:47,20:58,71,110,6,3,55,81,64.5,CANCELLED,True
BLK02661,2026-01-03,SEC_KAR_KHA,JOINT,15:35,16:43,68,88,1,7,10,44,77.3,CANCELLED,True
BLK02662,2026-02-24,SEC_DAD_THA,Engineering,17:19,19:20,121,152,3,0,13,58,79.6,PARTIAL,True
BLK02663,2026-03-05,SEC_SHI_PUN,TRD,09:56,12:38,162,216,5,6,29,134,75.0,PARTIAL,True
BLK02664,2026-02-11,SEC_KAR_KHA,Engineering,17:36,20:07,151,142,2,4,85,65,100.0,COMPLETED,True
BLK02665,2026-01-10,SEC_LON_TAL,S&T,12:14,15:10,176,179,3,0,44,71,98.3,COMPLETED,True
BLK02666,2026-01-29,SEC_SHI_PUN,Engineering,06:46,08:27,101,105,2,2,106,31,96.2,CANCELLED,True
BLK02667,2026-03-16,SEC_KHA_LON,S&T,12:07,13:52,105,102,3,5,63,54,100.0,CANCELLED,True
BLK02668,2026-03-25,SEC_MUM_DAD,Engineering,16:02,16:47,45,44,4,5,20,85,100.0,CANCELLED,True
BLK02669,2026-01-22,SEC_SHI_PUN,JOINT,14:05,15:46,101,99,3,0,35,150,100.0,PARTIAL,True
BLK02670,2026-03-03,SEC_DAD_THA,JOINT,06:58,09:18,140,145,3,5,97,61,96.6,COMPLETED,True
BLK02671,2026-03-20,SEC_SHI_PUN,JOINT,08:09,10:26,137,139,3,6,49,115,98.6,PARTIAL,True
BLK02672,2026-01-10,SEC_MUM_DAD,TRD,11:10,14:20,190,247,6,6,56,116,76.9,PARTIAL,True
BLK02673,2026-01-01,SEC_TAL_CHI,TRD,10:55,13:45,170,167,4,0,53,103,100.0,PARTIAL,True
BLK02674,2026-02-25,SEC_TAL_CHI,JOINT,07:04,08:57,113,132,3,0,101,51,85.6,CANCELLED,True
BLK02675,2026-02-08,SEC_MUM_DAD,Engineering,07:14,09:10,116,154,2,3,37,34,75.3,CANCELLED,True
BLK02676,2026-02-28,SEC_SHI_PUN,Engineering,12:16,13:47,91,81,4,2,30,127,100.0,COMPLETED,True
BLK02677,2026-03-14,SEC_MUM_DAD,Engineering,13:28,16:57,209,238,5,8,39,57,87.8,CANCELLED,True
BLK02678,2026-03-21,SEC_KHA_LON,Engineering,13:55,16:36,161,221,6,2,40,69,72.9,COMPLETED,True
BLK02679,2026-03-31,SEC_TAL_CHI,S&T,17:49,20:06,137,172,2,3,75,106,79.7,PARTIAL,True
BLK02680,2026-03-16,SEC_KHA_LON,JOINT,17:18,18:32,74,127,5,3,104,79,58.3,CANCELLED,True
BLK02681,2026-01-10,SEC_DAD_THA,Engineering,10:00,11:44,104,136,6,6,47,90,76.5,CANCELLED,True
BLK02682,2026-02-09,SEC_DAD_THA,S&T,18:51,19:51,60,118,1,4,32,6,50.8,CANCELLED,True
BLK02683,2026-02-06,SEC_KHA_LON,S&T,09:18,11:40,142,189,6,1,21,67,75.1,CANCELLED,True
BLK02684,2026-03-13,SEC_THA_KAL,TRD,13:00,14:25,85,136,2,6,38,20,62.5,PARTIAL,True
BLK02685,2026-02-12,SEC_KAL_KAR,S&T,13:25,14:20,55,72,2,4,92,110,76.4,PARTIAL,True
BLK02686,2026-01-02,SEC_KAL_KAR,TRD,08:17,11:36,199,237,5,8,46,11,84.0,COMPLETED,True
BLK02687,2026-03-18,SEC_SHI_PUN,JOINT,08:21,10:37,136,152,4,5,55,61,89.5,PARTIAL,True
BLK02688,2026-01-29,SEC_KAR_KHA,TRD,12:25,15:07,162,198,1,3,66,11,81.8,CANCELLED,True
BLK02689,2026-01-03,SEC_CHI_SHI,JOINT,09:04,11:24,140,146,2,4,17,30,95.9,COMPLETED,True
BLK02690,2026-01-30,SEC_CHI_SHI,TRD,09:43,12:37,174,197,5,8,34,93,88.3,PARTIAL,True
BLK02691,2026-03-23,SEC_MUM_DAD,TRD,06:45,09:18,153,152,5,5,113,141,100.0,CANCELLED,True
BLK02692,2026-02-21,SEC_KHA_LON,Engineering,16:24,18:36,132,136,1,4,100,54,97.1,CANCELLED,True
BLK02693,2026-03-31,SEC_MUM_DAD,JOINT,17:57,21:01,184,224,2,7,7,102,82.1,COMPLETED,True
BLK02694,2026-01-29,SEC_TAL_CHI,TRD,18:08,20:03,115,164,2,7,87,67,70.1,PARTIAL,True
BLK02695,2026-03-03,SEC_THA_KAL,JOINT,07:31,09:21,110,154,5,4,111,65,71.4,COMPLETED,True
BLK02696,2026-02-26,SEC_CHI_SHI,S&T,19:12,20:16,64,78,1,2,108,78,82.1,COMPLETED,True
BLK02697,2026-02-10,SEC_SHI_PUN,TRD,08:19,09:41,82,87,1,4,7,76,94.3,CANCELLED,True
BLK02698,2026-02-21,SEC_SHI_PUN,JOINT,08:36,11:21,165,166,4,3,18,8,99.4,COMPLETED,True
BLK02699,2026-03-25,SEC_SHI_PUN,S&T,17:00,18:31,91,149,2,5,59,45,61.1,COMPLETED,True
BLK02700,2026-02-14,SEC_KHA_LON,Engineering,08:45,09:53,68,88,6,5,65,68,77.3,CANCELLED,True
BLK02701,2026-02-23,SEC_MUM_DAD,TRD,06:05,08:42,157,210,1,8,38,139,74.8,PARTIAL,True
BLK02702,2026-01-31,SEC_MUM_DAD,Engineering,13:22,16:20,178,196,6,1,108,27,90.8,PARTIAL,True
BLK02703,2026-03-02,SEC_KHA_LON,Engineering,09:36,11:50,134,126,4,6,22,79,100.0,CANCELLED,True
BLK02704,2026-02-22,SEC_CHI_SHI,Engineering,16:18,19:41,203,227,1,2,12,103,89.4,PARTIAL,True
BLK02705,2026-02-08,SEC_KAR_KHA,Engineering,17:40,19:25,105,98,6,6,96,99,100.0,COMPLETED,True
BLK02706,2026-01-18,SEC_CHI_SHI,S&T,14:38,17:53,195,190,2,7,62,40,100.0,PARTIAL,True
BLK02707,2026-02-23,SEC_LON_TAL,S&T,09:26,12:29,183,181,5,5,98,71,100.0,PARTIAL,True
BLK02708,2026-03-21,SEC_KHA_LON,JOINT,16:56,18:56,120,125,1,0,47,102,96.0,COMPLETED,True
BLK02709,2026-02-03,SEC_THA_KAL,S&T,17:29,20:28,179,229,3,5,70,53,78.2,CANCELLED,True
BLK02710,2026-03-23,SEC_DAD_THA,S&T,16:44,18:55,131,140,5,7,8,11,93.6,PARTIAL,True
BLK02711,2026-03-10,SEC_TAL_CHI,TRD,14:46,16:10,84,122,4,5,58,53,68.9,PARTIAL,True
BLK02712,2026-02-05,SEC_CHI_SHI,JOINT,07:01,09:33,152,209,5,6,16,113,72.7,COMPLETED,True
BLK02713,2026-02-06,SEC_SHI_PUN,TRD,15:11,17:23,132,173,2,6,60,115,76.3,CANCELLED,True
BLK02714,2026-01-20,SEC_MUM_DAD,S&T,14:18,16:25,127,165,5,1,86,57,77.0,PARTIAL,True
BLK02715,2026-01-09,SEC_KHA_LON,TRD,14:12,15:28,76,130,6,5,102,96,58.5,CANCELLED,True
BLK02716,2026-03-29,SEC_TAL_CHI,S&T,17:13,18:20,67,72,3,1,114,4,93.1,PARTIAL,True
BLK02717,2026-01-31,SEC_KAL_KAR,S&T,20:02,21:06,64,124,2,5,72,89,51.6,CANCELLED,True
BLK02718,2026-02-04,SEC_MUM_DAD,TRD,16:22,17:38,76,91,4,3,0,61,83.5,CANCELLED,True
BLK02719,2026-03-17,SEC_KAR_KHA,S&T,16:28,18:58,150,147,3,6,55,101,100.0,COMPLETED,True
BLK02720,2026-01-03,SEC_CHI_SHI,S&T,06:43,07:43,60,112,3,5,72,49,53.6,PARTIAL,True
BLK02721,2026-01-02,SEC_KAL_KAR,TRD,15:29,16:16,47,99,5,8,54,124,47.5,CANCELLED,True
BLK02722,2026-02-06,SEC_KAR_KHA,JOINT,14:20,16:35,135,173,5,0,102,116,78.0,COMPLETED,True
BLK02723,2026-01-20,SEC_THA_KAL,JOINT,11:07,14:37,210,245,3,2,50,117,85.7,CANCELLED,True
BLK02724,2026-03-04,SEC_KAR_KHA,TRD,14:23,16:38,135,137,4,6,25,95,98.5,PARTIAL,True
BLK02725,2026-03-31,SEC_KHA_LON,S&T,11:22,13:53,151,210,4,4,63,130,71.9,PARTIAL,True
BLK02726,2026-02-13,SEC_THA_KAL,S&T,10:51,13:27,156,209,3,8,11,148,74.6,CANCELLED,True
BLK02727,2026-01-17,SEC_CHI_SHI,Engineering,15:19,16:20,61,77,6,2,49,78,79.2,PARTIAL,True
BLK02728,2026-03-15,SEC_CHI_SHI,S&T,13:21,15:27,126,134,6,7,15,121,94.0,PARTIAL,True
BLK02729,2026-03-11,SEC_KAR_KHA,Engineering,13:10,14:50,100,131,1,6,81,117,76.3,COMPLETED,True
BLK02730,2026-02-18,SEC_TAL_CHI,Engineering,06:55,09:15,140,159,5,6,41,29,88.1,PARTIAL,True
BLK02731,2026-02-28,SEC_MUM_DAD,TRD,16:27,18:15,108,118,2,6,93,118,91.5,PARTIAL,True
BLK02732,2026-03-20,SEC_LON_TAL,Engineering,11:38,12:58,80,131,3,0,84,87,61.1,PARTIAL,True
BLK02733,2026-01-19,SEC_TAL_CHI,JOINT,17:18,19:38,140,169,5,5,105,45,82.8,PARTIAL,True
BLK02734,2026-02-25,SEC_KAR_KHA,JOINT,17:01,18:33,92,111,6,1,63,33,82.9,PARTIAL,True
BLK02735,2026-02-27,SEC_KAL_KAR,TRD,16:20,18:33,133,163,3,6,67,87,81.6,COMPLETED,True
BLK02736,2026-03-09,SEC_MUM_DAD,JOINT,10:47,12:35,108,154,6,1,98,54,70.1,PARTIAL,True
BLK02737,2026-01-26,SEC_TAL_CHI,JOINT,11:12,13:56,164,203,5,8,102,8,80.8,PARTIAL,True
BLK02738,2026-02-12,SEC_KHA_LON,TRD,17:34,20:25,171,200,3,6,105,95,85.5,CANCELLED,True
BLK02739,2026-01-12,SEC_KAR_KHA,S&T,12:49,15:56,187,180,5,1,4,92,100.0,COMPLETED,True
BLK02740,2026-03-12,SEC_DAD_THA,S&T,18:29,19:57,88,95,4,1,102,96,92.6,PARTIAL,True
BLK02741,2026-01-28,SEC_KAL_KAR,Engineering,11:55,14:04,129,163,2,0,1,46,79.1,PARTIAL,True
BLK02742,2026-01-15,SEC_KAR_KHA,JOINT,15:56,17:56,120,130,6,6,68,143,92.3,PARTIAL,True
BLK02743,2026-02-25,SEC_TAL_CHI,TRD,06:14,07:10,56,63,2,7,16,75,88.9,COMPLETED,True
BLK02744,2026-03-20,SEC_KAR_KHA,TRD,13:31,14:46,75,97,5,8,56,54,77.3,COMPLETED,True
BLK02745,2026-03-05,SEC_LON_TAL,S&T,12:29,14:13,104,117,2,7,36,9,88.9,PARTIAL,True
BLK02746,2026-01-22,SEC_KAR_KHA,TRD,08:55,11:56,181,205,1,4,25,138,88.3,PARTIAL,True
BLK02747,2026-02-26,SEC_LON_TAL,S&T,12:01,14:30,149,169,5,4,104,29,88.2,PARTIAL,True
BLK02748,2026-02-26,SEC_KAR_KHA,JOINT,12:03,13:46,103,163,5,2,44,37,63.2,CANCELLED,True
BLK02749,2026-02-08,SEC_SHI_PUN,S&T,17:05,19:26,141,187,5,2,104,25,75.4,PARTIAL,True
BLK02750,2026-03-27,SEC_CHI_SHI,JOINT,07:59,10:27,148,152,5,0,63,40,97.4,PARTIAL,True
BLK02751,2026-03-11,SEC_LON_TAL,TRD,16:27,18:28,121,145,2,7,18,88,83.4,PARTIAL,True
BLK02752,2026-03-08,SEC_KAR_KHA,Engineering,08:00,09:16,76,68,4,3,74,67,100.0,PARTIAL,True
BLK02753,2026-01-21,SEC_THA_KAL,S&T,13:29,14:43,74,106,2,5,1,28,69.8,COMPLETED,True
BLK02754,2026-03-04,SEC_KAR_KHA,S&T,12:04,14:41,157,215,2,6,75,104,73.0,CANCELLED,True
BLK02755,2026-01-11,SEC_DAD_THA,JOINT,06:46,08:17,91,103,1,8,8,143,88.3,PARTIAL,True
BLK02756,2026-01-06,SEC_CHI_SHI,TRD,15:15,17:19,124,177,5,2,5,79,70.1,CANCELLED,True
BLK02757,2026-01-15,SEC_MUM_DAD,Engineering,06:33,09:39,186,221,4,6,2,148,84.2,COMPLETED,True
BLK02758,2026-03-02,SEC_KAR_KHA,Engineering,15:45,18:20,155,176,6,3,62,116,88.1,PARTIAL,True
BLK02759,2026-03-29,SEC_KAL_KAR,Engineering,15:55,18:34,159,212,3,2,51,2,75.0,PARTIAL,True
BLK02760,2026-01-10,SEC_KAL_KAR,TRD,15:25,18:02,157,195,1,3,82,61,80.5,PARTIAL,True
BLK02761,2026-03-12,SEC_TAL_CHI,TRD,11:11,13:24,133,180,2,3,88,116,73.9,COMPLETED,True
BLK02762,2026-01-05,SEC_DAD_THA,JOINT,09:20,11:33,133,151,4,2,116,140,88.1,COMPLETED,True
BLK02763,2026-02-22,SEC_KAR_KHA,S&T,08:14,09:11,57,56,4,7,81,142,100.0,COMPLETED,True
BLK02764,2026-01-03,SEC_LON_TAL,JOINT,06:35,08:32,117,166,4,2,49,131,70.5,CANCELLED,True
BLK02765,2026-01-31,SEC_LON_TAL,JOINT,15:49,17:26,97,135,3,1,31,75,71.9,PARTIAL,True
BLK02766,2026-03-14,SEC_DAD_THA,Engineering,11:04,12:39,95,118,2,8,94,99,80.5,PARTIAL,True
BLK02767,2026-01-08,SEC_THA_KAL,JOINT,06:06,08:56,170,194,4,6,31,126,87.6,PARTIAL,True
BLK02768,2026-03-27,SEC_TAL_CHI,Engineering,17:01,20:05,184,240,4,8,74,14,76.7,CANCELLED,True
BLK02769,2026-02-03,SEC_CHI_SHI,TRD,09:57,11:05,68,119,6,4,3,140,57.1,CANCELLED,True
BLK02770,2026-03-11,SEC_DAD_THA,TRD,16:09,17:35,86,94,4,5,104,40,91.5,COMPLETED,True
BLK02771,2026-03-02,SEC_KHA_LON,TRD,08:10,10:28,138,168,6,8,100,101,82.1,COMPLETED,True
BLK02772,2026-03-27,SEC_MUM_DAD,TRD,14:38,17:30,172,186,2,8,6,148,92.5,PARTIAL,True
BLK02773,2026-03-17,SEC_LON_TAL,Engineering,11:53,14:23,150,201,4,3,109,109,74.6,PARTIAL,True
BLK02774,2026-01-24,SEC_KHA_LON,JOINT,08:39,11:24,165,203,5,7,82,126,81.3,CANCELLED,True
BLK02775,2026-03-28,SEC_TAL_CHI,S&T,15:52,17:09,77,129,4,8,15,68,59.7,PARTIAL,True
BLK02776,2026-02-05,SEC_KAL_KAR,TRD,19:04,20:22,78,137,3,3,94,40,56.9,PARTIAL,True
BLK02777,2026-02-25,SEC_KHA_LON,JOINT,13:40,16:30,170,194,3,6,43,62,87.6,PARTIAL,True
BLK02778,2026-03-28,SEC_KAR_KHA,TRD,13:48,15:54,126,160,1,5,94,12,78.8,COMPLETED,True
BLK02779,2026-01-20,SEC_SHI_PUN,Engineering,13:12,14:16,64,75,2,7,73,7,85.3,PARTIAL,True
BLK02780,2026-01-23,SEC_MUM_DAD,S&T,07:09,09:28,139,174,2,7,72,116,79.9,PARTIAL,True
BLK02781,2026-01-28,SEC_SHI_PUN,JOINT,13:08,15:05,117,125,5,8,60,99,93.6,CANCELLED,True
BLK02782,2026-01-08,SEC_LON_TAL,S&T,14:56,16:50,114,147,1,6,105,12,77.6,PARTIAL,True
BLK02783,2026-02-22,SEC_KAL_KAR,S&T,17:50,20:37,167,220,1,2,4,94,75.9,CANCELLED,True
BLK02784,2026-03-01,SEC_KHA_LON,TRD,12:08,13:12,64,104,3,1,93,79,61.5,CANCELLED,True
BLK02785,2026-02-05,SEC_SHI_PUN,S&T,07:44,09:55,131,148,2,6,101,33,88.5,COMPLETED,True
BLK02786,2026-02-18,SEC_DAD_THA,TRD,09:52,11:49,117,154,4,1,112,8,76.0,PARTIAL,True
BLK02787,2026-01-23,SEC_KAL_KAR,JOINT,15:11,18:05,174,188,6,7,14,38,92.6,PARTIAL,True
BLK02788,2026-01-03,SEC_TAL_CHI,TRD,14:14,15:34,80,111,2,4,42,52,72.1,PARTIAL,True
BLK02789,2026-03-16,SEC_CHI_SHI,S&T,09:10,11:00,110,108,1,0,118,99,100.0,PARTIAL,True
BLK02790,2026-03-17,SEC_MUM_DAD,TRD,08:28,10:28,120,137,3,8,16,91,87.6,CANCELLED,True
BLK02791,2026-02-18,SEC_SHI_PUN,JOINT,12:17,15:40,203,225,2,1,37,115,90.2,PARTIAL,True
BLK02792,2026-03-14,SEC_SHI_PUN,TRD,17:01,19:25,144,169,1,2,21,128,85.2,COMPLETED,True
BLK02793,2026-02-25,SEC_MUM_DAD,JOINT,14:34,18:03,209,228,4,6,40,75,91.7,COMPLETED,True
BLK02794,2026-01-03,SEC_MUM_DAD,Engineering,13:01,15:33,152,158,2,2,31,114,96.2,COMPLETED,True
BLK02795,2026-02-01,SEC_CHI_SHI,S&T,06:07,07:45,98,92,5,5,56,59,100.0,CANCELLED,True
BLK02796,2026-02-25,SEC_LON_TAL,TRD,08:57,11:07,130,167,4,6,8,63,77.8,COMPLETED,True
BLK02797,2026-02-11,SEC_TAL_CHI,JOINT,10:53,12:55,122,176,3,6,82,64,69.3,CANCELLED,True
BLK02798,2026-02-12,SEC_TAL_CHI,S&T,16:24,18:13,109,106,5,1,13,24,100.0,COMPLETED,True
BLK02799,2026-02-05,SEC_DAD_THA,S&T,20:03,21:21,78,114,2,2,119,23,68.4,CANCELLED,True
BLK02800,2026-02-17,SEC_MUM_DAD,TRD,08:14,10:15,121,176,3,1,88,96,68.8,PARTIAL,True
BLK02801,2026-03-04,SEC_TAL_CHI,JOINT,11:48,13:31,103,161,3,6,31,149,64.0,COMPLETED,True
BLK02802,2026-01-14,SEC_DAD_THA,S&T,09:58,11:35,97,97,6,2,74,29,100.0,CANCELLED,True
BLK02803,2026-02-15,SEC_SHI_PUN,S&T,14:14,15:54,100,122,1,1,117,77,82.0,PARTIAL,True
BLK02804,2026-01-01,SEC_KAL_KAR,TRD,06:52,08:49,117,155,6,5,38,77,75.5,PARTIAL,True
BLK02805,2026-02-27,SEC_SHI_PUN,JOINT,08:09,11:16,187,183,4,2,115,26,100.0,CANCELLED,True
BLK02806,2026-01-24,SEC_KHA_LON,TRD,14:38,16:23,105,107,6,0,15,62,98.1,PARTIAL,True
BLK02807,2026-02-28,SEC_KAR_KHA,Engineering,06:08,08:53,165,177,5,8,76,58,93.2,CANCELLED,True
BLK02808,2026-02-03,SEC_MUM_DAD,JOINT,12:33,14:28,115,105,6,0,62,129,100.0,PARTIAL,True
BLK02809,2026-01-19,SEC_KAR_KHA,TRD,12:57,15:01,124,176,2,1,42,13,70.5,PARTIAL,True
BLK02810,2026-01-09,SEC_KAL_KAR,Engineering,19:30,21:14,104,151,2,7,57,81,68.9,PARTIAL,True
BLK02811,2026-02-05,SEC_LON_TAL,TRD,12:37,15:10,153,148,3,2,56,105,100.0,PARTIAL,True
BLK02812,2026-02-24,SEC_DAD_THA,TRD,13:05,15:07,122,143,3,3,108,66,85.3,PARTIAL,True
BLK02813,2026-02-10,SEC_KHA_LON,Engineering,10:59,12:40,101,131,1,7,81,31,77.1,COMPLETED,True
BLK02814,2026-02-02,SEC_DAD_THA,TRD,08:57,11:34,157,198,4,8,99,112,79.3,CANCELLED,True
BLK02815,2026-01-07,SEC_CHI_SHI,JOINT,07:34,10:17,163,188,4,8,93,7,86.7,PARTIAL,True
BLK02816,2026-02-22,SEC_SHI_PUN,TRD,09:09,11:50,161,192,2,8,114,105,83.9,CANCELLED,True
BLK02817,2026-02-25,SEC_LON_TAL,JOINT,10:44,11:43,59,52,3,6,50,80,100.0,CANCELLED,True
BLK02818,2026-03-24,SEC_KAR_KHA,TRD,13:11,13:59,48,94,1,8,120,48,51.1,PARTIAL,True
BLK02819,2026-01-27,SEC_TAL_CHI,S&T,11:02,13:45,163,207,3,1,61,91,78.7,COMPLETED,True
BLK02820,2026-02-05,SEC_TAL_CHI,TRD,15:48,17:03,75,89,1,1,7,9,84.3,COMPLETED,True
BLK02821,2026-01-16,SEC_DAD_THA,JOINT,13:04,15:59,175,193,1,7,22,93,90.7,PARTIAL,True
BLK02822,2026-03-05,SEC_KHA_LON,S&T,10:09,11:23,74,100,6,8,2,56,74.0,CANCELLED,True
BLK02823,2026-01-20,SEC_KAR_KHA,JOINT,17:45,19:13,88,138,1,6,71,33,63.8,COMPLETED,True
BLK02824,2026-01-18,SEC_CHI_SHI,JOINT,15:07,16:34,87,88,5,1,23,88,98.9,CANCELLED,True
BLK02825,2026-01-16,SEC_DAD_THA,JOINT,12:17,13:29,72,128,5,2,39,22,56.2,COMPLETED,True
BLK02826,2026-01-22,SEC_KAR_KHA,JOINT,09:58,12:49,171,183,6,6,6,45,93.4,CANCELLED,True
BLK02827,2026-02-05,SEC_TAL_CHI,Engineering,10:16,11:39,83,129,2,2,46,91,64.3,PARTIAL,True
BLK02828,2026-02-23,SEC_CHI_SHI,TRD,18:05,20:33,148,168,4,1,20,51,88.1,COMPLETED,True
BLK02829,2026-01-25,SEC_THA_KAL,JOINT,13:14,14:59,105,100,3,8,3,26,100.0,CANCELLED,True
BLK02830,2026-02-03,SEC_CHI_SHI,S&T,09:14,10:40,86,116,1,0,46,65,74.1,CANCELLED,True
BLK02831,2026-02-14,SEC_THA_KAL,Engineering,11:01,13:30,149,165,1,4,28,73,90.3,PARTIAL,True
BLK02832,2026-02-13,SEC_KAR_KHA,TRD,16:15,17:02,47,53,1,6,98,2,88.7,PARTIAL,True
BLK02833,2026-01-02,SEC_MUM_DAD,S&T,06:28,08:33,125,139,2,4,6,99,89.9,PARTIAL,True
BLK02834,2026-02-23,SEC_KHA_LON,Engineering,14:03,15:18,75,92,2,2,4,75,81.5,PARTIAL,True
BLK02835,2026-02-12,SEC_LON_TAL,TRD,14:44,16:00,76,88,1,0,36,111,86.4,PARTIAL,True
BLK02836,2026-02-26,SEC_SHI_PUN,JOINT,09:54,12:37,163,184,3,0,6,21,88.6,COMPLETED,True
BLK02837,2026-01-29,SEC_KAL_KAR,TRD,17:48,19:59,131,168,3,5,16,41,78.0,COMPLETED,True
BLK02838,2026-01-28,SEC_KAL_KAR,S&T,13:49,15:41,112,128,3,4,19,17,87.5,CANCELLED,True
BLK02839,2026-01-18,SEC_CHI_SHI,S&T,06:26,07:17,51,103,1,3,111,118,49.5,COMPLETED,True
BLK02840,2026-01-06,SEC_KHA_LON,S&T,17:36,20:25,169,216,1,7,14,145,78.2,COMPLETED,True
BLK02841,2026-02-10,SEC_KHA_LON,TRD,10:56,13:44,168,209,1,3,80,26,80.4,COMPLETED,True
BLK02842,2026-03-26,SEC_SHI_PUN,TRD,19:28,20:41,73,124,6,4,79,129,58.9,PARTIAL,True
BLK02843,2026-03-25,SEC_DAD_THA,JOINT,06:17,07:50,93,151,1,2,42,36,61.6,COMPLETED,True
BLK02844,2026-03-18,SEC_MUM_DAD,S&T,12:23,14:23,120,110,4,3,89,125,100.0,PARTIAL,True
BLK02845,2026-03-29,SEC_CHI_SHI,S&T,09:39,10:35,56,46,4,4,64,0,100.0,CANCELLED,True
BLK02846,2026-02-21,SEC_KHA_LON,JOINT,16:16,17:49,93,93,2,5,45,121,100.0,COMPLETED,True
BLK02847,2026-01-31,SEC_LON_TAL,Engineering,07:47,09:14,87,131,1,6,38,21,66.4,CANCELLED,True
BLK02848,2026-02-01,SEC_MUM_DAD,Engineering,11:43,13:40,117,130,1,2,31,58,90.0,COMPLETED,True
BLK02849,2026-02-07,SEC_CHI_SHI,JOINT,09:01,11:08,127,123,6,1,48,1,100.0,PARTIAL,True
BLK02850,2026-01-11,SEC_KHA_LON,Engineering,17:56,19:34,98,142,5,4,114,15,69.0,CANCELLED,True
BLK02851,2026-02-12,SEC_CHI_SHI,S&T,09:06,11:23,137,151,2,5,34,99,90.7,PARTIAL,True
BLK02852,2026-02-09,SEC_LON_TAL,S&T,13:29,16:27,178,214,6,4,116,118,83.2,PARTIAL,True
BLK02853,2026-01-06,SEC_KAL_KAR,Engineering,09:33,12:13,160,196,3,8,33,4,81.6,COMPLETED,True
BLK02854,2026-01-18,SEC_KAR_KHA,Engineering,14:40,17:04,144,143,4,8,47,149,100.0,PARTIAL,True
BLK02855,2026-03-07,SEC_SHI_PUN,S&T,18:17,20:02,105,106,5,3,53,3,99.1,PARTIAL,True
BLK02856,2026-03-21,SEC_SHI_PUN,Engineering,09:29,10:27,58,57,3,8,63,109,100.0,COMPLETED,True
BLK02857,2026-02-10,SEC_KHA_LON,TRD,12:52,13:40,48,100,6,5,111,54,48.0,PARTIAL,True
BLK02858,2026-02-08,SEC_SHI_PUN,Engineering,17:02,17:50,48,72,6,7,35,124,66.7,COMPLETED,True
BLK02859,2026-03-26,SEC_DAD_THA,S&T,08:00,09:38,98,127,5,1,102,34,77.2,COMPLETED,True
BLK02860,2026-03-23,SEC_KHA_LON,S&T,13:22,14:50,88,107,6,7,76,20,82.2,CANCELLED,True
BLK02861,2026-01-30,SEC_KHA_LON,S&T,06:58,07:50,52,108,1,0,112,121,48.1,PARTIAL,True
BLK02862,2026-02-24,SEC_THA_KAL,Engineering,19:04,21:20,136,171,4,6,96,108,79.5,CANCELLED,True
BLK02863,2026-03-30,SEC_LON_TAL,Engineering,09:36,10:57,81,127,1,3,59,82,63.8,PARTIAL,True
BLK02864,2026-01-26,SEC_LON_TAL,Engineering,11:37,12:55,78,84,3,3,84,21,92.9,COMPLETED,True
BLK02865,2026-02-12,SEC_THA_KAL,TRD,16:42,19:35,173,185,5,6,72,101,93.5,PARTIAL,True
BLK02866,2026-01-30,SEC_MUM_DAD,JOINT,15:58,18:23,145,177,2,2,52,6,81.9,CANCELLED,True
BLK02867,2026-03-05,SEC_CHI_SHI,Engineering,15:54,17:43,109,100,4,3,50,19,100.0,CANCELLED,True
BLK02868,2026-02-01,SEC_MUM_DAD,JOINT,17:36,20:34,178,182,6,0,51,133,97.8,CANCELLED,True
BLK02869,2026-03-26,SEC_MUM_DAD,TRD,10:34,13:31,177,214,4,8,77,86,82.7,COMPLETED,True
BLK02870,2026-03-26,SEC_THA_KAL,TRD,19:12,20:36,84,106,2,3,48,69,79.2,PARTIAL,True
BLK02871,2026-03-07,SEC_MUM_DAD,TRD,10:24,13:37,193,224,1,6,23,80,86.2,PARTIAL,True
BLK02872,2026-01-01,SEC_DAD_THA,Engineering,12:31,14:31,120,139,6,4,112,140,86.3,PARTIAL,True
BLK02873,2026-02-28,SEC_MUM_DAD,Engineering,16:38,18:15,97,103,6,6,74,127,94.2,CANCELLED,True
BLK02874,2026-01-20,SEC_THA_KAL,Engineering,10:39,13:25,166,199,6,8,77,59,83.4,COMPLETED,True
BLK02875,2026-01-21,SEC_MUM_DAD,S&T,11:33,12:50,77,121,3,7,60,137,63.6,PARTIAL,True
BLK02876,2026-01-18,SEC_THA_KAL,S&T,09:49,10:52,63,64,5,3,8,91,98.4,PARTIAL,True
BLK02877,2026-01-20,SEC_TAL_CHI,Engineering,13:19,16:26,187,203,3,5,71,124,92.1,COMPLETED,True
BLK02878,2026-03-14,SEC_LON_TAL,JOINT,16:51,19:10,139,174,2,5,52,60,79.9,COMPLETED,True
BLK02879,2026-02-07,SEC_THA_KAL,JOINT,12:38,14:43,125,154,3,7,69,57,81.2,COMPLETED,True
BLK02880,2026-03-21,SEC_DAD_THA,TRD,17:56,20:34,158,203,1,3,108,149,77.8,COMPLETED,True
BLK02881,2026-01-01,SEC_SHI_PUN,Engineering,08:07,10:31,144,136,6,2,82,65,100.0,COMPLETED,True
BLK02882,2026-01-14,SEC_SHI_PUN,Engineering,08:43,10:30,107,161,2,2,55,61,66.5,COMPLETED,True
BLK02883,2026-02-28,SEC_MUM_DAD,S&T,18:16,19:54,98,98,3,1,52,39,100.0,CANCELLED,True
BLK02884,2026-02-12,SEC_KAR_KHA,TRD,11:15,13:56,161,155,2,5,79,124,100.0,PARTIAL,True
BLK02885,2026-02-26,SEC_LON_TAL,TRD,17:16,20:28,192,233,6,5,102,65,82.4,PARTIAL,True
BLK02886,2026-01-14,SEC_KAR_KHA,S&T,12:48,14:27,99,134,4,1,56,23,73.9,COMPLETED,True
BLK02887,2026-01-22,SEC_TAL_CHI,JOINT,14:16,17:01,165,164,3,1,11,1,100.0,PARTIAL,True
BLK02888,2026-03-22,SEC_TAL_CHI,TRD,17:47,19:42,115,131,4,7,78,29,87.8,COMPLETED,True
BLK02889,2026-01-16,SEC_KHA_LON,TRD,17:22,18:44,82,95,5,2,54,129,86.3,PARTIAL,True
BLK02890,2026-02-24,SEC_KAL_KAR,S&T,14:10,17:01,171,204,5,2,35,59,83.8,CANCELLED,True
BLK02891,2026-02-07,SEC_KAL_KAR,Engineering,09:34,12:06,152,146,5,7,14,136,100.0,COMPLETED,True
BLK02892,2026-01-25,SEC_DAD_THA,TRD,15:55,17:19,84,123,2,1,80,83,68.3,COMPLETED,True
BLK02893,2026-03-06,SEC_DAD_THA,Engineering,09:13,11:34,141,190,4,4,25,148,74.2,COMPLETED,True
BLK02894,2026-01-27,SEC_LON_TAL,S&T,16:35,19:20,165,166,5,6,89,48,99.4,PARTIAL,True
BLK02895,2026-02-08,SEC_LON_TAL,S&T,17:12,18:41,89,140,2,2,61,84,63.6,COMPLETED,True
BLK02896,2026-01-14,SEC_THA_KAL,JOINT,08:56,10:42,106,98,5,3,87,125,100.0,CANCELLED,True
BLK02897,2026-01-07,SEC_LON_TAL,S&T,14:42,17:32,170,192,3,6,1,121,88.5,CANCELLED,True
BLK02898,2026-03-14,SEC_THA_KAL,TRD,18:39,20:04,85,125,2,2,54,73,68.0,CANCELLED,True
BLK02899,2026-01-04,SEC_TAL_CHI,JOINT,10:10,11:29,79,74,6,8,97,145,100.0,PARTIAL,True
BLK02900,2026-01-01,SEC_CHI_SHI,JOINT,07:55,09:07,72,100,1,1,98,96,72.0,COMPLETED,True
BLK02901,2026-03-14,SEC_KAL_KAR,Engineering,12:22,14:21,119,172,2,5,45,89,69.2,CANCELLED,True
BLK02902,2026-02-02,SEC_KAL_KAR,Engineering,11:34,13:17,103,99,3,5,46,62,100.0,COMPLETED,True
BLK02903,2026-02-16,SEC_THA_KAL,Engineering,06:29,09:42,193,194,3,5,22,119,99.5,COMPLETED,True
BLK02904,2026-02-23,SEC_DAD_THA,JOINT,10:49,13:42,173,217,3,4,72,123,79.7,COMPLETED,True
BLK02905,2026-01-04,SEC_TAL_CHI,S&T,11:15,12:43,88,132,3,4,91,89,66.7,PARTIAL,True
BLK02906,2026-03-26,SEC_DAD_THA,JOINT,18:23,19:25,62,83,6,6,6,15,74.7,PARTIAL,True
BLK02907,2026-02-22,SEC_MUM_DAD,S&T,17:12,20:03,171,161,1,4,119,82,100.0,COMPLETED,True
BLK02908,2026-03-10,SEC_THA_KAL,Engineering,06:25,08:12,107,131,3,8,107,78,81.7,CANCELLED,True
BLK02909,2026-02-11,SEC_KHA_LON,S&T,16:23,18:30,127,123,1,8,90,109,100.0,PARTIAL,True
BLK02910,2026-01-25,SEC_SHI_PUN,TRD,07:09,07:57,48,105,6,1,74,84,45.7,PARTIAL,True
BLK02911,2026-01-25,SEC_KHA_LON,Engineering,11:48,14:50,182,227,1,7,29,116,80.2,PARTIAL,True
BLK02912,2026-01-05,SEC_THA_KAL,TRD,12:35,14:36,121,111,2,8,2,103,100.0,CANCELLED,True
BLK02913,2026-02-07,SEC_MUM_DAD,JOINT,16:54,18:03,69,81,5,2,44,130,85.2,COMPLETED,True
BLK02914,2026-02-27,SEC_DAD_THA,JOINT,17:13,18:32,79,121,3,8,44,88,65.3,PARTIAL,True
BLK02915,2026-03-20,SEC_CHI_SHI,TRD,10:00,12:15,135,169,4,3,46,53,79.9,CANCELLED,True
BLK02916,2026-02-01,SEC_DAD_THA,TRD,06:21,09:50,209,238,3,4,109,82,87.8,PARTIAL,True
BLK02917,2026-03-21,SEC_SHI_PUN,Engineering,17:13,19:17,124,132,1,6,40,135,93.9,PARTIAL,True
BLK02918,2026-02-25,SEC_DAD_THA,S&T,11:01,13:51,170,201,5,8,92,86,84.6,COMPLETED,True
BLK02919,2026-03-27,SEC_KAL_KAR,Engineering,10:37,11:45,68,73,6,4,118,118,93.2,COMPLETED,True
BLK02920,2026-03-04,SEC_KAR_KHA,Engineering,09:17,10:06,49,77,5,4,22,75,63.6,CANCELLED,True
BLK02921,2026-03-01,SEC_MUM_DAD,Engineering,09:10,10:09,59,60,6,2,54,138,98.3,PARTIAL,True
BLK02922,2026-02-05,SEC_DAD_THA,TRD,16:21,18:51,150,177,6,7,51,126,84.7,PARTIAL,True
BLK02923,2026-01-24,SEC_KAL_KAR,JOINT,14:35,17:06,151,195,2,4,87,35,77.4,CANCELLED,True
BLK02924,2026-01-13,SEC_KAL_KAR,S&T,08:36,10:37,121,111,1,3,30,136,100.0,COMPLETED,True
BLK02925,2026-03-24,SEC_CHI_SHI,TRD,09:05,10:22,77,79,4,7,95,149,97.5,COMPLETED,True
BLK02926,2026-01-19,SEC_TAL_CHI,JOINT,16:46,18:59,133,171,3,1,36,116,77.8,COMPLETED,True
BLK02927,2026-02-03,SEC_LON_TAL,JOINT,14:31,16:48,137,172,1,3,98,46,79.7,CANCELLED,True
BLK02928,2026-03-11,SEC_KAR_KHA,S&T,13:29,15:44,135,133,1,0,69,22,100.0,COMPLETED,True
BLK02929,2026-01-31,SEC_LON_TAL,TRD,06:20,09:12,172,217,1,8,2,17,79.3,PARTIAL,True
BLK02930,2026-03-30,SEC_KAL_KAR,S&T,14:49,17:05,136,133,6,2,23,115,100.0,CANCELLED,True
BLK02931,2026-03-13,SEC_LON_TAL,Engineering,08:17,09:33,76,72,4,6,86,4,100.0,CANCELLED,True
BLK02932,2026-02-13,SEC_LON_TAL,JOINT,10:37,11:54,77,107,1,1,112,138,72.0,COMPLETED,True
BLK02933,2026-03-01,SEC_SHI_PUN,S&T,12:35,13:47,72,82,5,4,101,65,87.8,PARTIAL,True
BLK02934,2026-02-22,SEC_THA_KAL,TRD,17:58,19:54,116,119,5,8,51,5,97.5,COMPLETED,True
BLK02935,2026-03-20,SEC_SHI_PUN,Engineering,10:13,11:49,96,91,2,3,103,35,100.0,PARTIAL,True
BLK02936,2026-02-04,SEC_THA_KAL,TRD,11:55,13:13,78,132,2,1,98,27,59.1,CANCELLED,True
BLK02937,2026-02-07,SEC_KHA_LON,TRD,09:55,11:33,98,94,5,2,53,10,100.0,CANCELLED,True
BLK02938,2026-03-22,SEC_KHA_LON,JOINT,14:37,16:29,112,144,4,3,3,97,77.8,PARTIAL,True
BLK02939,2026-01-16,SEC_KHA_LON,Engineering,16:54,18:02,68,81,1,7,19,95,84.0,PARTIAL,True
BLK02940,2026-02-20,SEC_KHA_LON,TRD,17:48,18:33,45,59,6,7,18,52,76.3,COMPLETED,True
BLK02941,2026-03-02,SEC_TAL_CHI,TRD,08:13,11:35,202,222,1,5,11,5,91.0,COMPLETED,True
BLK02942,2026-03-27,SEC_SHI_PUN,JOINT,15:15,16:11,56,84,6,5,106,66,66.7,COMPLETED,True
BLK02943,2026-03-25,SEC_KAR_KHA,JOINT,18:38,20:54,136,149,5,8,23,34,91.3,COMPLETED,True
BLK02944,2026-01-09,SEC_KAR_KHA,Engineering,14:13,16:31,138,157,1,2,21,26,87.9,PARTIAL,True
BLK02945,2026-02-09,SEC_MUM_DAD,S&T,18:24,20:13,109,101,5,3,22,12,100.0,PARTIAL,True
BLK02946,2026-01-04,SEC_KAL_KAR,JOINT,13:37,16:41,184,196,4,7,38,109,93.9,COMPLETED,True
BLK02947,2026-02-22,SEC_KAL_KAR,JOINT,17:44,18:40,56,62,1,6,100,45,90.3,CANCELLED,True
BLK02948,2026-03-17,SEC_MUM_DAD,TRD,10:26,13:35,189,187,6,3,2,65,100.0,CANCELLED,True
BLK02949,2026-01-16,SEC_KAR_KHA,S&T,06:56,08:23,87,134,2,4,27,80,64.9,PARTIAL,True
BLK02950,2026-02-01,SEC_MUM_DAD,S&T,09:43,12:13,150,189,4,2,52,48,79.4,COMPLETED,True
BLK02951,2026-01-11,SEC_CHI_SHI,S&T,16:38,18:08,90,145,2,2,38,98,62.1,COMPLETED,True
BLK02952,2026-01-16,SEC_CHI_SHI,Engineering,11:49,14:19,150,163,1,6,18,97,92.0,CANCELLED,True
BLK02953,2026-03-21,SEC_KAR_KHA,TRD,12:05,14:18,133,142,3,0,115,101,93.7,CANCELLED,True
BLK02954,2026-03-15,SEC_THA_KAL,TRD,08:40,09:30,50,89,5,3,113,80,56.2,CANCELLED,True
BLK02955,2026-02-28,SEC_THA_KAL,TRD,14:48,16:51,123,174,6,5,115,87,70.7,PARTIAL,True
BLK02956,2026-01-04,SEC_SHI_PUN,S&T,16:54,18:54,120,143,5,6,65,26,83.9,CANCELLED,True
BLK02957,2026-02-04,SEC_SHI_PUN,JOINT,16:33,19:27,174,164,3,3,86,143,100.0,CANCELLED,True
BLK02958,2026-02-09,SEC_SHI_PUN,S&T,12:33,14:41,128,162,6,1,41,40,79.0,COMPLETED,True
BLK02959,2026-03-27,SEC_SHI_PUN,JOINT,12:36,15:18,162,181,3,1,92,15,89.5,PARTIAL,True
BLK02960,2026-02-20,SEC_KAL_KAR,Engineering,10:53,14:21,208,241,5,4,62,108,86.3,CANCELLED,True
BLK02961,2026-02-11,SEC_TAL_CHI,S&T,19:33,21:21,108,134,6,7,86,100,80.6,COMPLETED,True
BLK02962,2026-03-14,SEC_KHA_LON,TRD,15:46,16:54,68,60,3,6,73,145,100.0,CANCELLED,True
BLK02963,2026-02-27,SEC_TAL_CHI,TRD,11:45,12:59,74,107,4,6,56,126,69.2,CANCELLED,True
BLK02964,2026-02-27,SEC_SHI_PUN,S&T,07:09,08:55,106,128,4,1,78,67,82.8,CANCELLED,True
BLK02965,2026-01-17,SEC_THA_KAL,JOINT,10:06,11:43,97,92,6,2,44,95,100.0,PARTIAL,True
BLK02966,2026-01-11,SEC_KHA_LON,Engineering,07:27,10:06,159,151,4,0,77,51,100.0,CANCELLED,True
BLK02967,2026-03-26,SEC_KAR_KHA,TRD,06:39,08:50,131,168,2,0,102,134,78.0,CANCELLED,True
BLK02968,2026-01-08,SEC_KHA_LON,Engineering,17:26,20:15,169,216,3,1,62,58,78.2,PARTIAL,True
BLK02969,2026-01-21,SEC_CHI_SHI,Engineering,07:36,08:39,63,99,6,8,34,76,63.6,PARTIAL,True
BLK02970,2026-02-20,SEC_CHI_SHI,Engineering,11:25,13:51,146,198,3,3,93,150,73.7,CANCELLED,True
BLK02971,2026-01-05,SEC_DAD_THA,S&T,12:22,13:52,90,142,2,7,37,121,63.4,COMPLETED,True
BLK02972,2026-01-30,SEC_THA_KAL,JOINT,14:04,16:23,139,144,4,4,45,27,96.5,COMPLETED,True
BLK02973,2026-03-16,SEC_TAL_CHI,TRD,17:49,19:18,89,94,3,5,108,47,94.7,PARTIAL,True
BLK02974,2026-03-31,SEC_KAR_KHA,TRD,14:02,15:32,90,128,1,0,81,114,70.3,CANCELLED,True
BLK02975,2026-03-10,SEC_KHA_LON,S&T,09:33,12:29,176,225,1,5,75,72,78.2,PARTIAL,True
BLK02976,2026-01-27,SEC_SHI_PUN,Engineering,11:52,13:45,113,167,4,1,120,13,67.7,PARTIAL,True
BLK02977,2026-01-29,SEC_LON_TAL,Engineering,15:58,19:16,198,203,3,6,103,45,97.5,CANCELLED,True
BLK02978,2026-02-03,SEC_CHI_SHI,JOINT,07:35,09:56,141,181,1,6,116,40,77.9,PARTIAL,True
BLK02979,2026-02-20,SEC_MUM_DAD,JOINT,06:02,08:57,175,165,6,6,27,100,100.0,PARTIAL,True
BLK02980,2026-01-10,SEC_KAL_KAR,Engineering,12:38,14:17,99,96,1,8,49,141,100.0,CANCELLED,True
BLK02981,2026-03-14,SEC_MUM_DAD,Engineering,15:38,18:01,143,162,4,1,80,118,88.3,COMPLETED,True
BLK02982,2026-01-19,SEC_KHA_LON,TRD,06:13,08:39,146,178,2,6,12,104,82.0,CANCELLED,True
BLK02983,2026-02-20,SEC_TAL_CHI,Engineering,09:13,10:02,49,59,3,8,38,38,83.1,COMPLETED,True
BLK02984,2026-02-06,SEC_DAD_THA,Engineering,11:26,14:13,167,198,2,3,10,73,84.3,CANCELLED,True
BLK02985,2026-01-26,SEC_LON_TAL,S&T,12:06,14:21,135,135,2,8,90,68,100.0,COMPLETED,True
BLK02986,2026-02-16,SEC_CHI_SHI,TRD,14:29,16:42,133,136,3,8,75,108,97.8,COMPLETED,True
BLK02987,2026-03-13,SEC_KAL_KAR,TRD,17:30,19:07,97,116,3,5,113,130,83.6,CANCELLED,True
BLK02988,2026-01-19,SEC_DAD_THA,JOINT,14:44,17:08,144,168,2,1,84,34,85.7,COMPLETED,True
BLK02989,2026-01-29,SEC_DAD_THA,S&T,16:39,19:33,174,209,4,5,49,63,83.3,PARTIAL,True
BLK02990,2026-02-18,SEC_THA_KAL,JOINT,09:08,11:21,133,137,4,2,37,121,97.1,PARTIAL,True
BLK02991,2026-03-04,SEC_SHI_PUN,TRD,14:08,15:52,104,105,1,2,112,30,99.0,CANCELLED,True
BLK02992,2026-01-10,SEC_TAL_CHI,S&T,06:53,09:41,168,163,3,5,12,149,100.0,PARTIAL,True
BLK02993,2026-01-31,SEC_SHI_PUN,JOINT,13:38,14:32,54,63,5,4,98,64,85.7,COMPLETED,True
BLK02994,2026-01-20,SEC_SHI_PUN,JOINT,11:24,12:17,53,100,3,5,58,140,53.0,CANCELLED,True
BLK02995,2026-02-01,SEC_KAL_KAR,JOINT,11:41,13:48,127,149,6,6,85,4,85.2,COMPLETED,True
BLK02996,2026-02-09,SEC_LON_TAL,JOINT,12:04,12:56,52,71,3,3,75,68,73.2,COMPLETED,True
BLK02997,2026-02-09,SEC_KAR_KHA,S&T,19:46,20:55,69,78,1,5,76,77,88.5,COMPLETED,True
BLK02998,2026-03-05,SEC_LON_TAL,S&T,08:22,10:57,155,208,5,1,116,137,74.5,PARTIAL,True
BLK02999,2026-03-25,SEC_LON_TAL,JOINT,17:33,20:22,169,180,4,3,105,53,93.9,COMPLETED,True
BLK03000,2026-02-09,SEC_KAL_KAR,TRD,12:45,15:42,177,230,5,5,55,142,77.0,CANCELLED,True
